{"accuracy": 0.09699999541044235, "val_loss": 4.58192777633667, "test_loss": 4.624050140380859, "shapley_value_0": -0.10229508649735226, "selection_0": 0, "shapley_value_1": -0.25817296902338677, "selection_1": 0, "shapley_value_2": 4.112463735184582, "selection_2": 0, "shapley_value_3": 0.6825444272586279, "selection_3": 0, "shapley_value_4": -7.387851397196451, "selection_4": 0, "shapley_value_5": 4.10965221060647, "selection_5": 1, "shapley_value_6": -2.583150986830394, "selection_6": 0, "shapley_value_7": 4.477195006829721, "selection_7": 0, "shapley_value_8": 0, "selection_8": 0, "shapley_value_9": -3.400160067611271, "selection_9": 0, "shapley_value_10": -3.5013795296351127, "selection_10": 0, "shapley_value_11": 1.1187715265485967, "selection_11": 0, "shapley_value_12": -2.580106051762898, "selection_12": 0, "shapley_value_13": -6.2145290573438, "selection_13": 0, "shapley_value_14": -9.23538315296173, "selection_14": 0, "shapley_value_15": 2.304122116830614, "selection_15": 0, "shapley_value_16": 1.914492534266578, "selection_16": 0, "shapley_value_17": -3.178859571615855, "selection_17": 0, "shapley_value_18": 2.2038507302602133, "selection_18": 0, "shapley_value_19": -6.896481523911159, "selection_19": 0, "shapley_value_20": 4.394497275352478, "selection_20": 0, "shapley_value_21": 2.6115321483876976, "selection_21": 1, "shapley_value_22": 0, "selection_22": 0, "shapley_value_23": -2.6810818016529097, "selection_23": 0, "shapley_value_24": -7.960004369417827, "selection_24": 0, "shapley_value_25": -2.571764379739761, "selection_25": 0, "shapley_value_26": -5.774182279904683, "selection_26": 0, "shapley_value_27": 1.9290213584899902, "selection_27": 0, "shapley_value_28": 1.5708425139126025, "selection_28": 0, "shapley_value_29": -2.877376387516657, "selection_29": 0, "shapley_value_30": 1.1603381319178476, "selection_30": 0, "shapley_value_31": 1.3159534811973572, "selection_31": 0, "shapley_value_32": 0.8175296584765113, "selection_32": 0, "shapley_value_33": 3.4118327617645265, "selection_33": 0, "shapley_value_34": -3.728677550951641, "selection_34": 0, "shapley_value_35": -2.167612777815924, "selection_35": 0, "shapley_value_36": 5.684931431044925, "selection_36": 1, "shapley_value_37": 2.387853420916058, "selection_37": 0, "shapley_value_38": 0.8132092853387197, "selection_38": 0, "shapley_value_39": 3.8190094629923506, "selection_39": 0, "shapley_value_40": -3.0676257212956735, "selection_40": 0, "shapley_value_41": 0.028082013130188432, "selection_41": 0, "shapley_value_42": 2.2138354778289795, "selection_42": 1, "shapley_value_43": -2.5708479434251776, "selection_43": 0, "shapley_value_44": 4.733130736876345, "selection_44": 1, "shapley_value_45": -7.134948129455248, "selection_45": 0, "shapley_value_46": 2.268867249999728, "selection_46": 0, "shapley_value_47": -0.06961582501729317, "selection_47": 0, "shapley_value_48": -0.7854483048121133, "selection_48": 0, "shapley_value_49": -0.24761557579040527, "selection_49": 0, "_timestamp": 1688396570.4031625, "_runtime": 104.89414358139038, "_step": 99, "_wandb": {"runtime": 103}}