{"accuracy": 0.18140000104904175, "val_loss": 2.5442564487457275, "test_loss": 2.588691473007202, "_timestamp": 1688401557.1881826, "_runtime": 98.67444062232971, "_step": 99, "_wandb": {"runtime": 97}}