{"accuracy": 0.21909907460212708, "val_loss": 2.7143146991729736, "test_loss": 2.7020843029022217, "_timestamp": 1687975944.8409495, "_runtime": 91.00060749053955, "_step": 99, "_wandb": {"runtime": 89}}