{"loss": 0.38773593306541443, "accuracy": 0.8840000033378601, "average_active_clients": 2.0, "_timestamp": 1686743307.2699869, "_runtime": 21.477749824523926, "_step": 399, "_wandb": {"runtime": 17}}