{"accuracy": 0.8358174562454224, "val_loss": 0.5428862571716309, "test_loss": 0.5476354360580444, "shapley_value_0": -1.3378479462681396, "selection_0": 0, "shapley_value_1": -1.33453578324545, "selection_1": 0, "shapley_value_2": -1.3237248129314845, "selection_2": 0, "shapley_value_3": -1.316453074652051, "selection_3": 0, "shapley_value_4": -1.3481570464192016, "selection_4": 0, "shapley_value_5": -1.3222994489802258, "selection_5": 0, "shapley_value_6": -1.3395492951075236, "selection_6": 0, "shapley_value_7": -1.3293332937690947, "selection_7": 0, "shapley_value_8": -1.3431647831485392, "selection_8": 0, "shapley_value_9": -1.3466851451458075, "selection_9": 0, "shapley_value_10": -1.3792720326670895, "selection_10": 0, "shapley_value_11": -1.340814334374887, "selection_11": 0, "shapley_value_12": -1.342351427445045, "selection_12": 0, "shapley_value_13": -1.3616049598764493, "selection_13": 0, "shapley_value_14": -1.3511888252364264, "selection_14": 0, "shapley_value_15": -1.376079184037668, "selection_15": 0, "shapley_value_16": -1.3784914314746857, "selection_16": 0, "shapley_value_17": -1.3324461499849956, "selection_17": 0, "shapley_value_18": -1.4015655716260274, "selection_18": 0, "shapley_value_19": -1.3331378362117665, "selection_19": 0, "shapley_value_20": -1.3766657290635285, "selection_20": 0, "shapley_value_21": -1.3451706742246943, "selection_21": 0, "shapley_value_22": -1.3808245857556662, "selection_22": 0, "shapley_value_23": -1.341799795627594, "selection_23": 1, "shapley_value_24": -1.38313889503479, "selection_24": 0, "shapley_value_25": -1.4027258555094402, "selection_25": 1, "shapley_value_26": -1.4069197859082898, "selection_26": 1, "shapley_value_27": -1.324674498343813, "selection_27": 1, "shapley_value_28": -1.3412692472338676, "selection_28": 0, "shapley_value_29": -1.3904366865754125, "selection_29": 0, "shapley_value_30": -1.4276221513748166, "selection_30": 0, "shapley_value_31": -1.3806326654222276, "selection_31": 0, "shapley_value_32": -1.348859690957599, "selection_32": 0, "shapley_value_33": -1.3870233496030169, "selection_33": 0, "shapley_value_34": -1.3796157320340474, "selection_34": 0, "shapley_value_35": -1.430442301432292, "selection_35": 0, "shapley_value_36": -1.3491212867555167, "selection_36": 0, "shapley_value_37": -1.3990839223066962, "selection_37": 0, "shapley_value_38": -1.4224641005198162, "selection_38": 0, "shapley_value_39": -1.357107055187225, "selection_39": 0, "_timestamp": 1687970476.6273305, "_runtime": 79.75754261016846, "_step": 99, "_wandb": {"runtime": 78}}