{"accuracy": 0.9267999529838562, "val_loss": 0.27040717005729675, "test_loss": 0.25711768865585327, "shapley_value_0": 0.002702856063842773, "selection_0": 0, "shapley_value_1": 0.0016614484786987302, "selection_1": 0, "shapley_value_2": 0.0029052114486694336, "selection_2": 0, "shapley_value_3": 0.0051231193542480465, "selection_3": 0, "shapley_value_4": 0.0005973291397094727, "selection_4": 0, "shapley_value_5": 0.22102090466601637, "selection_5": 1, "shapley_value_6": 0.002075996398925781, "selection_6": 0, "shapley_value_7": 0.0031729745864868164, "selection_7": 0, "shapley_value_8": 0.0024739694595336905, "selection_8": 0, "shapley_value_9": 0.0023466682434082034, "selection_9": 0, "shapley_value_10": 0.009193429946899413, "selection_10": 0, "shapley_value_11": 0.009216623306274414, "selection_11": 0, "shapley_value_12": 0.0091283655166626, "selection_12": 0, "shapley_value_13": 0.00829315185546875, "selection_13": 0, "shapley_value_14": 0.015396246910095213, "selection_14": 0, "shapley_value_15": 0.010635128021240234, "selection_15": 0, "shapley_value_16": 0.004517517089843751, "selection_16": 0, "shapley_value_17": 0.007110872268676758, "selection_17": 0, "shapley_value_18": 0.010556120872497559, "selection_18": 0, "shapley_value_19": 0.00516425609588623, "selection_19": 0, "shapley_value_20": 0.010896134376525878, "selection_20": 0, "shapley_value_21": 0.12714341282844543, "selection_21": 0, "shapley_value_22": 0.014185972213745117, "selection_22": 0, "shapley_value_23": 0.019023561477661127, "selection_23": 0, "shapley_value_24": 0.013527688980102542, "selection_24": 0, "shapley_value_25": 0.012846050262451171, "selection_25": 0, "shapley_value_26": 0.1081386774778366, "selection_26": 0, "shapley_value_27": 0.018127951622009274, "selection_27": 0, "shapley_value_28": 0.08986753582954406, "selection_28": 0, "shapley_value_29": 0.021438159942626954, "selection_29": 0, "shapley_value_30": 0.0201142930984497, "selection_30": 0, "shapley_value_31": 0.03987834930419922, "selection_31": 0, "shapley_value_32": 0.02771977424621582, "selection_32": 0, "shapley_value_33": 0.01379751205444336, "selection_33": 0, "shapley_value_34": 0.017877402305603026, "selection_34": 0, "shapley_value_35": 0.08544813871383666, "selection_35": 0, "shapley_value_36": 0.10302255988121033, "selection_36": 0, "shapley_value_37": 0.037564096450805655, "selection_37": 0, "shapley_value_38": 0.0573237466812134, "selection_38": 0, "shapley_value_39": 0.036990480422973634, "selection_39": 0, "shapley_value_40": 0.04644192695617676, "selection_40": 0, "shapley_value_41": 0.06182519435882569, "selection_41": 0, "shapley_value_42": 0.03940207719802855, "selection_42": 0, "shapley_value_43": 0.0159227728843689, "selection_43": 0, "shapley_value_44": 0.02917059898376465, "selection_44": 0, "shapley_value_45": 0.023396062850952148, "selection_45": 0, "shapley_value_46": 0.052964105606079094, "selection_46": 0, "shapley_value_47": 0.055621931552886965, "selection_47": 0, "shapley_value_48": 0.0405410122871399, "selection_48": 0, "shapley_value_49": 0.07690139532089234, "selection_49": 0, "shapley_value_50": 0.08423094272613525, "selection_50": 0, "shapley_value_51": 0.08324416875839233, "selection_51": 0, "shapley_value_52": 0.03585196256637573, "selection_52": 0, "shapley_value_53": 0.07312696456909179, "selection_53": 0, "shapley_value_54": 0.09640201568603515, "selection_54": 0, "shapley_value_55": -0.0006591834520038805, "selection_55": 0, "shapley_value_56": 0.07232091426849366, "selection_56": 0, "shapley_value_57": 0.061304490566253665, "selection_57": 0, "shapley_value_58": 0.07189345359802247, "selection_58": 0, "shapley_value_59": 0.048146069049835205, "selection_59": 0, "shapley_value_60": 0.1194284963607788, "selection_60": 0, "shapley_value_61": 0.06808499097824097, "selection_61": 0, "shapley_value_62": 0.13592986583709715, "selection_62": 0, "shapley_value_63": 0.07053275108337405, "selection_63": 0, "shapley_value_64": 0.12158700227737426, "selection_64": 0, "shapley_value_65": 0.11801828861236573, "selection_65": 0, "shapley_value_66": 0.10211603164672853, "selection_66": 0, "shapley_value_67": 0.08724884748458861, "selection_67": 0, "shapley_value_68": 0.1063201642036438, "selection_68": 0, "shapley_value_69": 0.1036963438987732, "selection_69": 0, "shapley_value_70": 0.21385489453162465, "selection_70": 1, "shapley_value_71": 0.12616595556861473, "selection_71": 0, "shapley_value_72": 0.09011494398117065, "selection_72": 0, "shapley_value_73": 0.08888684034347534, "selection_73": 0, "shapley_value_74": 0.046265664100646975, "selection_74": 0, "shapley_value_75": 0.1969450006380336, "selection_75": 1, "shapley_value_76": 0.1095471739768982, "selection_76": 0, "shapley_value_77": 0.09053951263427733, "selection_77": 0, "shapley_value_78": 0.15677404335716313, "selection_78": 0, "shapley_value_79": 0.07697467841600117, "selection_79": 0, "shapley_value_80": 0.09706398844718932, "selection_80": 0, "shapley_value_81": 0.000759152173995972, "selection_81": 0, "shapley_value_82": 0.10703757643699646, "selection_82": 0, "shapley_value_83": 0.203615826999932, "selection_83": 1, "shapley_value_84": 0.1316893410682678, "selection_84": 0, "shapley_value_85": 0.10638340115547183, "selection_85": 0, "shapley_value_86": 0.2309224334534477, "selection_86": 1, "shapley_value_87": -0.0008113321505094829, "selection_87": 0, "shapley_value_88": 0.2217434625790038, "selection_88": 1, "shapley_value_89": 0.05204999685287476, "selection_89": 0, "shapley_value_90": 0.20279833547670667, "selection_90": 1, "shapley_value_91": 0.13943829198678334, "selection_91": 0, "shapley_value_92": 0.1516380377763357, "selection_92": 0, "shapley_value_93": 0.22218781720267408, "selection_93": 1, "shapley_value_94": 0.11756646752357483, "selection_94": 0, "shapley_value_95": 0.2104821124597518, "selection_95": 1, "shapley_value_96": 0.13918634951114656, "selection_96": 0, "shapley_value_97": 0.10794509090875325, "selection_97": 0, "shapley_value_98": 0.15699455603957177, "selection_98": 0, "shapley_value_99": 0.22564183968305598, "selection_99": 1, "_timestamp": 1687947306.866726, "_runtime": 316.0370030403137, "_step": 99, "_wandb": {"runtime": 314}}