{"accuracy": 0.5062000155448914, "val_loss": 1.3566434383392334, "test_loss": 1.3802696466445923, "shapley_value_0": -0.5291303992271424, "selection_0": 0, "shapley_value_1": -0.4839269717534383, "selection_1": 0, "shapley_value_2": -0.7587019006411235, "selection_2": 0, "shapley_value_3": -0.6918004949887595, "selection_3": 0, "shapley_value_4": -0.6123639384905497, "selection_4": 0, "shapley_value_5": -0.6350388447443643, "selection_5": 0, "shapley_value_6": -0.5691534996032714, "selection_6": 0, "shapley_value_7": -0.7448009769121804, "selection_7": 0, "shapley_value_8": -0.6699068506558735, "selection_8": 0, "shapley_value_9": -0.7058664759000142, "selection_9": 0, "shapley_value_10": -0.7264798005421957, "selection_10": 0, "shapley_value_11": -0.6892334302266437, "selection_11": 0, "shapley_value_12": -0.6059023022651672, "selection_12": 0, "shapley_value_13": -0.4576172709465027, "selection_13": 0, "shapley_value_14": -0.5292243401209513, "selection_14": 0, "shapley_value_15": -0.8322455803553265, "selection_15": 1, "shapley_value_16": -0.5373730500539144, "selection_16": 0, "shapley_value_17": -0.7379909078280134, "selection_17": 0, "shapley_value_18": -0.7448173801104229, "selection_18": 1, "shapley_value_19": -0.5906065503756205, "selection_19": 0, "shapley_value_20": -0.5473177631696066, "selection_20": 0, "shapley_value_21": -0.31599289178848255, "selection_21": 0, "shapley_value_22": -0.4223575671513876, "selection_22": 0, "shapley_value_23": -0.6093862454096477, "selection_23": 0, "shapley_value_24": -0.5401160915692648, "selection_24": 0, "shapley_value_25": -0.5356936375300089, "selection_25": 0, "shapley_value_26": -0.8308342456817626, "selection_26": 1, "shapley_value_27": -0.45601008335749305, "selection_27": 0, "shapley_value_28": -0.34158143599828084, "selection_28": 0, "shapley_value_29": -0.67513777812322, "selection_29": 0, "shapley_value_30": -0.47393784920374554, "selection_30": 0, "shapley_value_31": -0.8547128200531008, "selection_31": 1, "shapley_value_32": 0.034368602434794185, "selection_32": 0, "shapley_value_33": -0.6222391406695045, "selection_33": 0, "shapley_value_34": -0.5133862654368084, "selection_34": 0, "shapley_value_35": -0.619442053635915, "selection_35": 0, "shapley_value_36": -0.5852982401847842, "selection_36": 0, "shapley_value_37": -0.4705122232437134, "selection_37": 0, "shapley_value_38": -0.46198367675145446, "selection_38": 0, "shapley_value_39": -0.6724212288856506, "selection_39": 0, "_timestamp": 1687961237.7861166, "_runtime": 91.22976160049438, "_step": 99, "_wandb": {"runtime": 89}}