{"accuracy": 0.9371999502182007, "val_loss": 0.22943894565105438, "test_loss": 0.21488620340824127, "shapley_value_0": -1.804039199437414, "selection_0": 0, "shapley_value_1": -1.7953706013086512, "selection_1": 0, "shapley_value_2": -1.8113917165568894, "selection_2": 1, "shapley_value_3": -1.8008086517071114, "selection_3": 0, "shapley_value_4": -1.807887850663601, "selection_4": 0, "shapley_value_5": -1.814323755411001, "selection_5": 1, "shapley_value_6": -1.8150070630587065, "selection_6": 1, "shapley_value_7": -1.8048506042896173, "selection_7": 0, "shapley_value_8": -1.804365735914972, "selection_8": 0, "shapley_value_9": -1.812065047936307, "selection_9": 0, "shapley_value_10": -1.8058105686472523, "selection_10": 0, "shapley_value_11": -1.7995420611566966, "selection_11": 0, "shapley_value_12": -1.8200051461656888, "selection_12": 1, "shapley_value_13": -1.8084893840731995, "selection_13": 0, "shapley_value_14": -1.8151748503247898, "selection_14": 0, "shapley_value_15": -1.8149737177623644, "selection_15": 0, "shapley_value_16": -1.810356801206415, "selection_16": 0, "shapley_value_17": -1.817747005459034, "selection_17": 0, "shapley_value_18": -1.803686857720216, "selection_18": 0, "shapley_value_19": -1.819531363068205, "selection_19": 0, "shapley_value_20": -1.8280844320853553, "selection_20": 0, "shapley_value_21": -1.8211193854610126, "selection_21": 0, "shapley_value_22": -1.8142179816961288, "selection_22": 0, "shapley_value_23": -1.8193670243024826, "selection_23": 0, "shapley_value_24": -1.8193730601557978, "selection_24": 0, "shapley_value_25": -1.8325292705385772, "selection_25": 0, "shapley_value_26": -1.8290600522800728, "selection_26": 0, "shapley_value_27": -1.8351897558680288, "selection_27": 0, "shapley_value_28": -1.8148058929613662, "selection_28": 0, "shapley_value_29": -1.8223878265846345, "selection_29": 0, "shapley_value_30": -1.809034969519686, "selection_30": 0, "shapley_value_31": -1.8407805344710748, "selection_31": 0, "shapley_value_32": -1.8485596958133914, "selection_32": 0, "shapley_value_33": -1.8425086148911056, "selection_33": 0, "shapley_value_34": -1.8191424962133171, "selection_34": 0, "shapley_value_35": -1.8408817624052363, "selection_35": 0, "shapley_value_36": -1.8414904090265436, "selection_36": 0, "shapley_value_37": -1.8497302293777467, "selection_37": 0, "shapley_value_38": -1.8547365695238114, "selection_38": 0, "shapley_value_39": -1.8628752648830413, "selection_39": 0, "_timestamp": 1688021342.612149, "_runtime": 92.88330101966858, "_step": 99, "_wandb": {"runtime": 91}}