{"accuracy": 0.12939999997615814, "val_loss": 2.296339750289917, "test_loss": 2.295806407928467, "_timestamp": 1687995834.6614532, "_runtime": 124.18150520324707, "_step": 99, "_wandb": {"runtime": 122}}