{"loss": 0.2599653899669647, "accuracy": 0.9258000254631042, "average_active_clients": 12.0, "_timestamp": 1686748469.872073, "_runtime": 121.8590259552002, "_step": 399, "_wandb": {"runtime": 120}}