{"accuracy": 0.09699999541044235, "val_loss": 12.953109741210938, "test_loss": 13.105341911315918, "shapley_value_0": -2.111868302027384, "selection_0": 0, "shapley_value_1": -1.6910019119580593, "selection_1": 0, "shapley_value_2": 9.677498490406723, "selection_2": 1, "shapley_value_3": -0.4050428271293658, "selection_3": 0, "shapley_value_4": -1.912942886352539, "selection_4": 0, "shapley_value_5": 9.45341034156305, "selection_5": 1, "shapley_value_6": -5.305477837721508, "selection_6": 0, "shapley_value_7": 9.144252254786315, "selection_7": 1, "shapley_value_8": -2.4681046704451255, "selection_8": 0, "shapley_value_9": -0.5132759610811863, "selection_9": 0, "shapley_value_10": -3.1265718142191563, "selection_10": 0, "shapley_value_11": -1.2948949933052063, "selection_11": 0, "shapley_value_12": -7.159624854723613, "selection_12": 0, "shapley_value_13": -4.8779836396376295, "selection_13": 0, "shapley_value_14": -4.801224807898205, "selection_14": 0, "shapley_value_15": 0.19271520773569684, "selection_15": 0, "shapley_value_16": 0.44824889633390647, "selection_16": 0, "shapley_value_17": -0.9818555514017735, "selection_17": 0, "shapley_value_18": 0.8182621041933693, "selection_18": 0, "shapley_value_19": -3.177597840627037, "selection_19": 0, "shapley_value_20": 0.4436771273612976, "selection_20": 0, "shapley_value_21": 0.06304287910461381, "selection_21": 0, "shapley_value_22": -2.974159121513367, "selection_22": 0, "shapley_value_23": -0.5943611860275269, "selection_23": 0, "shapley_value_24": -3.2276959816614763, "selection_24": 0, "shapley_value_25": -2.3029652635256443, "selection_25": 0, "shapley_value_26": 0.07248665889104178, "selection_26": 0, "shapley_value_27": -4.244878739118576, "selection_27": 0, "shapley_value_28": -0.2436342537403111, "selection_28": 0, "shapley_value_29": -3.2210731108983355, "selection_29": 0, "shapley_value_30": -1.2676403621832526, "selection_30": 0, "shapley_value_31": -0.03718050320943256, "selection_31": 0, "shapley_value_32": 0.21845114231109686, "selection_32": 0, "shapley_value_33": 0.0762169361114502, "selection_33": 0, "shapley_value_34": -2.9473843673864994, "selection_34": 0, "shapley_value_35": -4.986565709114075, "selection_35": 0, "shapley_value_36": 3.9279687256166786, "selection_36": 1, "shapley_value_37": -0.044339994589488896, "selection_37": 0, "shapley_value_38": -3.343014657497407, "selection_38": 0, "shapley_value_39": -1.6830570598443337, "selection_39": 0, "shapley_value_40": -0.5135617454846697, "selection_40": 0, "shapley_value_41": -2.132501780986786, "selection_41": 0, "shapley_value_42": -1.369274695714315, "selection_42": 0, "shapley_value_43": -0.09615419308344553, "selection_43": 0, "shapley_value_44": 8.592942576729854, "selection_44": 1, "shapley_value_45": -1.8245183428128566, "selection_45": 0, "shapley_value_46": -2.2317927976449323, "selection_46": 0, "shapley_value_47": -0.469155430793762, "selection_47": 0, "shapley_value_48": -2.1738241116205845, "selection_48": 0, "shapley_value_49": -0.32821031411488844, "selection_49": 0, "_timestamp": 1688382076.7334101, "_runtime": 102.20715618133545, "_step": 99, "_wandb": {"runtime": 100}}