{"accuracy": 0.46639999747276306, "val_loss": 1.472109317779541, "test_loss": 1.496706247329712, "shapley_value_0": -0.40203805433379286, "selection_0": 1, "shapley_value_1": -0.12369956076145167, "selection_1": 0, "shapley_value_2": -1.028058632214864, "selection_2": 0, "shapley_value_3": -0.8218358821339079, "selection_3": 0, "shapley_value_4": -0.8654611666997274, "selection_4": 0, "shapley_value_5": -0.546247748533885, "selection_5": 0, "shapley_value_6": -0.661019774278005, "selection_6": 0, "shapley_value_7": -0.9152366263525826, "selection_7": 0, "shapley_value_8": -0.8085256461743956, "selection_8": 0, "shapley_value_9": -0.7952641822673656, "selection_9": 0, "shapley_value_10": -0.8802638084460526, "selection_10": 0, "shapley_value_11": -0.7334439886940848, "selection_11": 0, "shapley_value_12": -0.7349181175231932, "selection_12": 0, "shapley_value_13": -0.32055998643239325, "selection_13": 0, "shapley_value_14": -0.6248110930124919, "selection_14": 0, "shapley_value_15": -1.0882432006654281, "selection_15": 0, "shapley_value_16": -0.4361240986065986, "selection_16": 0, "shapley_value_17": -1.0186440229415896, "selection_17": 0, "shapley_value_18": -1.2440320889155072, "selection_18": 0, "shapley_value_19": -0.6449742408899161, "selection_19": 0, "shapley_value_20": -0.4315909487860542, "selection_20": 0, "shapley_value_21": -0.20453103022141897, "selection_21": 0, "shapley_value_22": -0.1648575342618502, "selection_22": 0, "shapley_value_23": -0.5912507308853997, "selection_23": 0, "shapley_value_24": -0.5229687917800178, "selection_24": 0, "shapley_value_25": -0.7800417741139732, "selection_25": 0, "shapley_value_26": -1.046951542297999, "selection_26": 0, "shapley_value_27": -0.2868605057398481, "selection_27": 1, "shapley_value_28": -0.314642548561096, "selection_28": 1, "shapley_value_29": -0.736587022741636, "selection_29": 0, "shapley_value_30": -0.2591077420446608, "selection_30": 1, "shapley_value_31": -1.208718781669935, "selection_31": 0, "shapley_value_32": 0.12158373364231044, "selection_32": 0, "shapley_value_33": -0.6814363896846776, "selection_33": 0, "shapley_value_34": -0.44683860407935283, "selection_34": 0, "shapley_value_35": -0.7190873861312868, "selection_35": 0, "shapley_value_36": -0.6988664241064162, "selection_36": 0, "shapley_value_37": -0.38848843673864997, "selection_37": 0, "shapley_value_38": -0.2342022385513574, "selection_38": 0, "shapley_value_39": -0.8302833166989413, "selection_39": 0, "_timestamp": 1687962730.7594514, "_runtime": 96.44681334495544, "_step": 99, "_wandb": {"runtime": 94}}