{"accuracy": 0.4991999864578247, "val_loss": 1.3715964555740356, "test_loss": 1.3879250288009644, "_timestamp": 1688033215.063487, "_runtime": 97.83802604675293, "_step": 99, "_wandb": {"runtime": 96}}