{"loss": 0.24708007276058197, "accuracy": 0.9289999604225159, "average_active_clients": 10.0, "client_values_0": -0.03195987641811371, "client_values_1": -0.0415937602519989, "client_values_2": -0.0400281585752964, "client_values_3": -0.02936117723584175, "client_values_4": -0.03137053921818733, "client_values_5": -0.03415285423398018, "client_values_6": -0.03688213974237442, "client_values_7": -0.032398175448179245, "client_values_8": -0.03992965817451477, "client_values_9": -0.029533103108406067, "client_values_10": 0.03287949413061142, "client_values_11": 0.029422789812088013, "client_values_12": 0.04089073836803436, "client_values_13": 0.04297560080885887, "client_values_14": 0.04478460177779198, "client_values_15": 0.03765077888965607, "client_values_16": 0.036206550896167755, "client_values_17": 0.05076785758137703, "client_values_18": 0.043015558272600174, "client_values_19": 0.03941497206687927, "_timestamp": 1687258953.3668172, "_runtime": 488.2094991207123, "_step": 99, "_wandb": {"runtime": 486}}