{"accuracy": 0.13239999115467072, "val_loss": 2.417630910873413, "test_loss": 2.4317774772644043, "shapley_value_0": 1.3233150720596312, "selection_0": 0, "shapley_value_1": 1.6172651310761768, "selection_1": 0, "shapley_value_2": 2.021939696868261, "selection_2": 0, "shapley_value_3": 2.943127336104711, "selection_3": 0, "shapley_value_4": -1.1265816004187976, "selection_4": 0, "shapley_value_5": 4.79429698712898, "selection_5": 0, "shapley_value_6": -0.020108733574549655, "selection_6": 0, "shapley_value_7": 4.663202726479732, "selection_7": 0, "shapley_value_8": 1.3493447383244832, "selection_8": 0, "shapley_value_9": 0.0481236716111499, "selection_9": 1, "shapley_value_10": 0.5730088492234546, "selection_10": 0, "shapley_value_11": 1.3781300505002334, "selection_11": 0, "shapley_value_12": -1.0556974521389717, "selection_12": 0, "shapley_value_13": -1.8913900565218045, "selection_13": 0, "shapley_value_14": -0.3567654351393382, "selection_14": 1, "shapley_value_15": 0.7831172386805217, "selection_15": 0, "shapley_value_16": 2.3436910172303516, "selection_16": 0, "shapley_value_17": 4.256127231048815, "selection_17": 0, "shapley_value_18": 0.4067127227783202, "selection_18": 0, "shapley_value_19": 0.2351477861404423, "selection_19": 0, "shapley_value_20": 1.5137418329715728, "selection_20": 0, "shapley_value_21": 2.0565755824248, "selection_21": 0, "shapley_value_22": 2.3905772010485333, "selection_22": 0, "shapley_value_23": -0.8353256053394742, "selection_23": 0, "shapley_value_24": -2.934617848307998, "selection_24": 0, "shapley_value_25": 0.03007284800211587, "selection_25": 1, "shapley_value_26": -0.7862575517760381, "selection_26": 0, "shapley_value_27": 2.084578104813894, "selection_27": 0, "shapley_value_28": 0.926324693361918, "selection_28": 0, "shapley_value_29": -0.2074197808901473, "selection_29": 1, "shapley_value_30": 4.374697705109913, "selection_30": 0, "shapley_value_31": 1.183590028683344, "selection_31": 0, "shapley_value_32": 1.9136487980683647, "selection_32": 0, "shapley_value_33": 0.9713737467924755, "selection_33": 0, "shapley_value_34": 1.2189593732357025, "selection_34": 0, "shapley_value_35": 0.2799060066541039, "selection_35": 0, "shapley_value_36": 4.852451053532686, "selection_36": 0, "shapley_value_37": 2.334017684062322, "selection_37": 0, "shapley_value_38": 0.6333606759707132, "selection_38": 0, "shapley_value_39": 2.298317845662435, "selection_39": 0, "shapley_value_40": -0.4752484043439226, "selection_40": 1, "shapley_value_41": -0.004794625441233524, "selection_41": 0, "shapley_value_42": 1.4861048758029938, "selection_42": 0, "shapley_value_43": 2.13841117421786, "selection_43": 0, "shapley_value_44": 4.223644099452279, "selection_44": 0, "shapley_value_45": -3.6672900716463723, "selection_45": 0, "shapley_value_46": 2.722780172030131, "selection_46": 0, "shapley_value_47": 1.4721996923287708, "selection_47": 0, "shapley_value_48": 1.2642280459403992, "selection_48": 0, "shapley_value_49": 4.209696673985683, "selection_49": 0, "_timestamp": 1688384815.5281372, "_runtime": 105.69455313682556, "_step": 99, "_wandb": {"runtime": 104}}