{"accuracy": 0.19039998948574066, "val_loss": 2.447551965713501, "test_loss": 2.496093273162842, "_timestamp": 1688402368.844879, "_runtime": 93.21442580223083, "_step": 99, "_wandb": {"runtime": 91}}