{"accuracy": 0.9239999651908875, "val_loss": 0.2753993272781372, "test_loss": 0.25920921564102173, "shapley_value_0": -1.8483629414328826, "selection_0": 0, "shapley_value_1": -1.6107844284602575, "selection_1": 0, "shapley_value_2": -2.0785030793576014, "selection_2": 0, "shapley_value_3": -1.7906890168334504, "selection_3": 0, "shapley_value_4": -2.0112441976865134, "selection_4": 0, "shapley_value_5": -2.0077894032001495, "selection_5": 0, "shapley_value_6": -1.9500583580562048, "selection_6": 0, "shapley_value_7": -1.8501100361347198, "selection_7": 0, "shapley_value_8": -1.7962447461627777, "selection_8": 0, "shapley_value_9": -1.756462803908757, "selection_9": 0, "shapley_value_10": -1.8855856219927467, "selection_10": 0, "shapley_value_11": -1.9388605121410256, "selection_11": 0, "shapley_value_12": -1.8126927598928795, "selection_12": 0, "shapley_value_13": -1.8318970787028472, "selection_13": 0, "shapley_value_14": -1.9638170748949053, "selection_14": 1, "shapley_value_15": -1.8202008731437458, "selection_15": 0, "shapley_value_16": -1.541088471810023, "selection_16": 0, "shapley_value_17": -2.031523449553384, "selection_17": 0, "shapley_value_18": -1.7313175588846206, "selection_18": 0, "shapley_value_19": -1.94479658915883, "selection_19": 0, "shapley_value_20": -1.604067549109459, "selection_20": 0, "shapley_value_21": -1.672337832826155, "selection_21": 0, "shapley_value_22": -1.609053714407815, "selection_22": 0, "shapley_value_23": -1.779140836153275, "selection_23": 0, "shapley_value_24": -1.6999129032095273, "selection_24": 0, "shapley_value_25": -2.0218253518853873, "selection_25": 0, "shapley_value_26": -1.9390862919390202, "selection_26": 0, "shapley_value_27": -1.7925807055499818, "selection_27": 0, "shapley_value_28": -1.5944229101433474, "selection_28": 0, "shapley_value_29": -1.9486847778161365, "selection_29": 0, "shapley_value_30": -1.7077464958031976, "selection_30": 0, "shapley_value_31": -1.8626060547928014, "selection_31": 0, "shapley_value_32": -1.6459955317633495, "selection_32": 0, "shapley_value_33": -1.5969972213109331, "selection_33": 0, "shapley_value_34": -1.803915215390069, "selection_34": 1, "shapley_value_35": -1.9349720180034637, "selection_35": 0, "shapley_value_36": -1.895107166965802, "selection_36": 0, "shapley_value_37": -1.6731467338708734, "selection_37": 1, "shapley_value_38": -1.587200802233484, "selection_38": 0, "shapley_value_39": -2.090395913237617, "selection_39": 1, "_timestamp": 1687991444.2143767, "_runtime": 81.17513465881348, "_step": 99, "_wandb": {"runtime": 79}}