{"accuracy": 0.8320496678352356, "val_loss": 0.5136285424232483, "test_loss": 0.5135549306869507, "_timestamp": 1687973599.5266695, "_runtime": 78.15049338340759, "_step": 99, "_wandb": {"runtime": 76}}