{"accuracy": 0.9271999597549438, "val_loss": 0.265884667634964, "test_loss": 0.24838723242282867, "_timestamp": 1687992736.973994, "_runtime": 76.53761100769043, "_step": 99, "_wandb": {"runtime": 75}}