{"accuracy": 0.8215131759643555, "val_loss": 0.5367948412895203, "test_loss": 0.5413419008255005, "_timestamp": 1687974206.122914, "_runtime": 75.28461503982544, "_step": 99, "_wandb": {"runtime": 73}}