{"accuracy": 0.49939998984336853, "val_loss": 1.3754092454910278, "test_loss": 1.3932892084121704, "_timestamp": 1688032697.6820438, "_runtime": 103.29278683662415, "_step": 99, "_wandb": {"runtime": 101}}