{"accuracy": 0.901199996471405, "val_loss": 0.3555392920970917, "test_loss": 0.3196384310722351, "shapley_value_0": -1.799507545100318, "selection_0": 0, "shapley_value_1": -1.7534185230731965, "selection_1": 1, "shapley_value_2": -1.8000911899975367, "selection_2": 0, "shapley_value_3": -1.7982055733601254, "selection_3": 0, "shapley_value_4": -1.8001742425064247, "selection_4": 0, "shapley_value_5": -1.7942643364270527, "selection_5": 0, "shapley_value_6": -1.7796997050444285, "selection_6": 0, "shapley_value_7": -1.792300196709456, "selection_7": 0, "shapley_value_8": -1.7922768750124505, "selection_8": 0, "shapley_value_9": -1.796088998064851, "selection_9": 0, "shapley_value_10": -1.810062049715607, "selection_10": 0, "shapley_value_11": -1.8135644705207257, "selection_11": 0, "shapley_value_12": -1.7684167410646163, "selection_12": 0, "shapley_value_13": -1.7868443578481674, "selection_13": 0, "shapley_value_14": -1.7999543411036332, "selection_14": 0, "shapley_value_15": -1.8223041770634825, "selection_15": 0, "shapley_value_16": -1.792479146520297, "selection_16": 0, "shapley_value_17": -1.794505387544632, "selection_17": 0, "shapley_value_18": -1.8410648743311566, "selection_18": 0, "shapley_value_19": -1.800347529351711, "selection_19": 0, "shapley_value_20": -1.7882010482606432, "selection_20": 0, "shapley_value_21": -1.785266681086449, "selection_21": 1, "shapley_value_22": -1.7957585652669275, "selection_22": 1, "shapley_value_23": -1.8117214957873027, "selection_23": 0, "shapley_value_24": -1.7852336899800734, "selection_24": 0, "shapley_value_25": -1.891299392779668, "selection_25": 0, "shapley_value_26": -1.9042091841499014, "selection_26": 0, "shapley_value_27": -1.8405881086985267, "selection_27": 0, "shapley_value_28": -1.777777436452034, "selection_28": 0, "shapley_value_29": -1.8830268209179244, "selection_29": 0, "shapley_value_30": -1.8033734593126505, "selection_30": 0, "shapley_value_31": -1.968408183919059, "selection_31": 0, "shapley_value_32": -1.6034712863026883, "selection_32": 1, "shapley_value_33": -1.801990533316577, "selection_33": 0, "shapley_value_34": -1.939745381474495, "selection_34": 0, "shapley_value_35": -1.8333941201368968, "selection_35": 0, "shapley_value_36": -1.9054534269703762, "selection_36": 0, "shapley_value_37": -1.7860086113214497, "selection_37": 0, "shapley_value_38": -1.7794083524972968, "selection_38": 0, "shapley_value_39": -2.0727192958196, "selection_39": 0, "_timestamp": 1687990597.7154977, "_runtime": 87.23857975006104, "_step": 99, "_wandb": {"runtime": 85}}