{"accuracy": 0.0997999981045723, "val_loss": 5.309978008270264, "test_loss": 5.370079517364502, "shapley_value_0": 1.2737258275349932, "selection_0": 1, "shapley_value_1": 1.2711762618600282, "selection_1": 0, "shapley_value_2": 0, "selection_2": 0, "shapley_value_3": 0, "selection_3": 0, "shapley_value_4": 0, "selection_4": 0, "shapley_value_5": 3.2593757277115802, "selection_5": 0, "shapley_value_6": -11.70176694790522, "selection_6": 0, "shapley_value_7": -3.994094431400299, "selection_7": 0, "shapley_value_8": 0, "selection_8": 0, "shapley_value_9": 0.7071964161263574, "selection_9": 0, "shapley_value_10": -0.042348114152749416, "selection_10": 0, "shapley_value_11": -1.166127959887187, "selection_11": 0, "shapley_value_12": -7.37240908543269, "selection_12": 0, "shapley_value_13": -3.170688470204672, "selection_13": 0, "shapley_value_14": 0, "selection_14": 0, "shapley_value_15": 1.2690445637261425, "selection_15": 0, "shapley_value_16": 1.2390300205775673, "selection_16": 0, "shapley_value_17": 3.371006702184678, "selection_17": 1, "shapley_value_18": 0.10359704494476318, "selection_18": 0, "shapley_value_19": -13.302323321501412, "selection_19": 0, "shapley_value_20": 1.8025711359399734, "selection_20": 0, "shapley_value_21": -0.5283748209476471, "selection_21": 0, "shapley_value_22": -3.2978797356287624, "selection_22": 0, "shapley_value_23": 0, "selection_23": 0, "shapley_value_24": -7.418880263964336, "selection_24": 0, "shapley_value_25": -5.181359807650249, "selection_25": 0, "shapley_value_26": 0, "selection_26": 0, "shapley_value_27": 1.1127269930309718, "selection_27": 1, "shapley_value_28": 1.159580759207408, "selection_28": 0, "shapley_value_29": 0.4003574073314674, "selection_29": 0, "shapley_value_30": 5.049919001130393, "selection_30": 1, "shapley_value_31": 1.8869016435411246, "selection_31": 0, "shapley_value_32": 1.7294165223252544, "selection_32": 0, "shapley_value_33": -6.084282040596008, "selection_33": 0, "shapley_value_34": -0.002760891119638842, "selection_34": 0, "shapley_value_35": -2.6136240760485325, "selection_35": 0, "shapley_value_36": 0, "selection_36": 0, "shapley_value_37": 1.6757699393090755, "selection_37": 0, "shapley_value_38": 0.9129048635562262, "selection_38": 0, "shapley_value_39": 1.8583393875095577, "selection_39": 0, "shapley_value_40": -3.9996823072433507, "selection_40": 0, "shapley_value_41": 0.44246725241342943, "selection_41": 0, "shapley_value_42": 0.582481767450061, "selection_42": 0, "shapley_value_43": 3.8710076341262254, "selection_43": 1, "shapley_value_44": 0.2334446112314872, "selection_44": 0, "shapley_value_45": -2.9279592037200928, "selection_45": 0, "shapley_value_46": -1.3927443822224932, "selection_46": 0, "shapley_value_47": -3.6174555619557687, "selection_47": 0, "shapley_value_48": -3.733739376068117, "selection_48": 0, "shapley_value_49": 2.74043760476289, "selection_49": 0, "_timestamp": 1688387616.288454, "_runtime": 111.34002614021301, "_step": 99, "_wandb": {"runtime": 109}}