{"accuracy": 0.11759999394416809, "val_loss": 3.276304244995117, "test_loss": 3.3132708072662354, "_timestamp": 1688409301.3514159, "_runtime": 145.31871390342712, "_step": 99, "_wandb": {"runtime": 143}}