{"loss": 0.2575126886367798, "accuracy": 0.9271999597549438, "average_active_clients": 2.0, "client_values_0": -0.19168254733085632, "client_values_1": -0.18865066766738892, "client_values_2": -0.15423770248889923, "client_values_3": -0.09731954336166382, "client_values_4": -0.10994137823581696, "client_values_5": -0.20673437416553497, "client_values_6": -0.16407230496406555, "client_values_7": -0.1678381711244583, "client_values_8": -0.14514344930648804, "client_values_9": -0.08119264990091324, "client_values_10": 0.17875851690769196, "client_values_11": 0.16284029185771942, "client_values_12": 0.20855650305747986, "client_values_13": 0.13837584853172302, "client_values_14": 0.10270655155181885, "client_values_15": 0.08018259704113007, "client_values_16": 0.08469640463590622, "client_values_17": 0.19247639179229736, "client_values_18": 0.0772613137960434, "client_values_19": 0.14448031783103943, "_timestamp": 1687262707.4217117, "_runtime": 86.00139164924622, "_step": 99, "_wandb": {"runtime": 80}}