{"accuracy": 0.8399520516395569, "val_loss": 0.5322703123092651, "test_loss": 0.5363536477088928, "_timestamp": 1687974680.0033534, "_runtime": 101.70851945877075, "_step": 99, "_wandb": {"runtime": 100}}