{"loss": 0.4605531394481659, "accuracy": 0.8840000033378601, "average_active_clients": 4.0, "_timestamp": 1686667903.7757967, "_runtime": 13.69291377067566, "_step": 399, "_wandb": {"runtime": 11}}