{"accuracy": 0.09719999879598618, "val_loss": 13.942206382751465, "test_loss": 14.134197235107422, "shapley_value_0": 1.1464808384577438, "selection_0": 0, "shapley_value_1": 11.09802471333918, "selection_1": 1, "shapley_value_2": 0.34814409414927106, "selection_2": 0, "shapley_value_3": -0.2812783718109131, "selection_3": 0, "shapley_value_4": -2.2444432775179557, "selection_4": 0, "shapley_value_5": 1.8079607917202845, "selection_5": 0, "shapley_value_6": -4.528799613316854, "selection_6": 0, "shapley_value_7": 1.3870343963305152, "selection_7": 0, "shapley_value_8": -5.287192324797311, "selection_8": 0, "shapley_value_9": 0.1741538743178057, "selection_9": 0, "shapley_value_10": -1.4457175532976783, "selection_10": 0, "shapley_value_11": 0.1595720648765564, "selection_11": 0, "shapley_value_12": -2.048947483301163, "selection_12": 0, "shapley_value_13": -5.711243331432344, "selection_13": 0, "shapley_value_14": -4.479141453901928, "selection_14": 0, "shapley_value_15": 1.3096437321768866, "selection_15": 0, "shapley_value_16": 10.158239446236536, "selection_16": 1, "shapley_value_17": 0.6850566565990439, "selection_17": 0, "shapley_value_18": 11.016658693806733, "selection_18": 1, "shapley_value_19": -3.1853864192962664, "selection_19": 0, "shapley_value_20": -1.2561031728982919, "selection_20": 0, "shapley_value_21": -0.0480844775835676, "selection_21": 0, "shapley_value_22": 0.2752054333686826, "selection_22": 0, "shapley_value_23": -0.6149877309799185, "selection_23": 0, "shapley_value_24": -3.0954015453656503, "selection_24": 0, "shapley_value_25": -0.7758459647496538, "selection_25": 0, "shapley_value_26": -1.143769244352976, "selection_26": 0, "shapley_value_27": 6.712804900096343, "selection_27": 1, "shapley_value_28": 0.08454181750615453, "selection_28": 0, "shapley_value_29": -4.388932675123216, "selection_29": 0, "shapley_value_30": 1.2167830467224117, "selection_30": 0, "shapley_value_31": 0.03021474679311087, "selection_31": 0, "shapley_value_32": 0.6947019828690424, "selection_32": 0, "shapley_value_33": -0.10891908407211304, "selection_33": 0, "shapley_value_34": -1.030078172683715, "selection_34": 0, "shapley_value_35": -5.2418934504191075, "selection_35": 0, "shapley_value_36": 2.411425819431527, "selection_36": 0, "shapley_value_37": 0.09874222675959299, "selection_37": 0, "shapley_value_38": 1.4912217656771347, "selection_38": 0, "shapley_value_39": 10.943341095769211, "selection_39": 1, "shapley_value_40": -0.5092140833536787, "selection_40": 0, "shapley_value_41": -1.9539486169815072, "selection_41": 0, "shapley_value_42": 0.10509085655212402, "selection_42": 0, "shapley_value_43": -0.17872271935145, "selection_43": 0, "shapley_value_44": 2.291362589225174, "selection_44": 0, "shapley_value_45": -2.454107145468395, "selection_45": 0, "shapley_value_46": 0.5912835101286569, "selection_46": 0, "shapley_value_47": -2.7127392358250098, "selection_47": 0, "shapley_value_48": -1.649266918500265, "selection_48": 0, "shapley_value_49": -4.898116184605492, "selection_49": 0, "_timestamp": 1688381845.2066526, "_runtime": 107.630934715271, "_step": 99, "_wandb": {"runtime": 106}}