{"accuracy": 0.9164000153541565, "val_loss": 0.25075381994247437, "test_loss": 0.276998370885849, "shapley_value_0": 0.02606820117879256, "selection_0": 0, "shapley_value_1": 0.05702824745688834, "selection_1": 0, "shapley_value_2": 0.027517391944322872, "selection_2": 0, "shapley_value_3": 0.04819570934859872, "selection_3": 0, "shapley_value_4": 0.04574738666482489, "selection_4": 0, "shapley_value_5": 0.04714971241066863, "selection_5": 0, "shapley_value_6": 0.04994663934917101, "selection_6": 0, "shapley_value_7": 0.04763277356761798, "selection_7": 0, "shapley_value_8": 0.051026645886410864, "selection_8": 0, "shapley_value_9": 0.046119966266021904, "selection_9": 0, "shapley_value_10": 0.05110231372701584, "selection_10": 0, "shapley_value_11": 0.0524067928630052, "selection_11": 0, "shapley_value_12": 0.035620367565256446, "selection_12": 1, "shapley_value_13": 0.043984632290346826, "selection_13": 0, "shapley_value_14": 0.047341059451029927, "selection_14": 0, "shapley_value_15": 0.0542453956448699, "selection_15": 0, "shapley_value_16": 0.04779187587129727, "selection_16": 0, "shapley_value_17": 0.037147786253467666, "selection_17": 1, "shapley_value_18": 0.05179305082833131, "selection_18": 0, "shapley_value_19": 0.04948730158145464, "selection_19": 0, "shapley_value_20": 0.05554137638414203, "selection_20": 0, "shapley_value_21": 0.0504870327850173, "selection_21": 0, "shapley_value_22": 0.04966034823260725, "selection_22": 0, "shapley_value_23": 0.028651331267261076, "selection_23": 0, "shapley_value_24": 0.03147623560239291, "selection_24": 0, "shapley_value_25": 0.026480473574853863, "selection_25": 0, "shapley_value_26": 0.0616856211756578, "selection_26": 0, "shapley_value_27": 0.05588768201453505, "selection_27": 0, "shapley_value_28": 0.03630634362697398, "selection_28": 1, "shapley_value_29": 0.05639901560555159, "selection_29": 0, "shapley_value_30": 0.043275906128664, "selection_30": 0, "shapley_value_31": 0.045097266230534026, "selection_31": 0, "shapley_value_32": 0.03659098634766599, "selection_32": 1, "shapley_value_33": 0.050740874885670216, "selection_33": 0, "shapley_value_34": 0.04441840713858821, "selection_34": 0, "shapley_value_35": 0.06042061317881342, "selection_35": 0, "shapley_value_36": 0.04425298487090404, "selection_36": 0, "shapley_value_37": 0.02384254077202904, "selection_37": 0, "shapley_value_38": 0.06344147948618609, "selection_38": 0, "shapley_value_39": 0.03535015181862282, "selection_39": 1, "shapley_value_40": 0.04152403089668591, "selection_40": 0, "shapley_value_41": 0.05800093104288689, "selection_41": 0, "shapley_value_42": 0.052823732385693815, "selection_42": 0, "shapley_value_43": 0.04999826068602705, "selection_43": 0, "shapley_value_44": 0.06282465579795626, "selection_44": 0, "shapley_value_45": 0.05316875168043746, "selection_45": 0, "shapley_value_46": 0.03721452835230717, "selection_46": 1, "shapley_value_47": 0.06411353253535754, "selection_47": 0, "shapley_value_48": 0.054146016333385734, "selection_48": 0, "shapley_value_49": 0.05199451201050251, "selection_49": 0, "shapley_value_50": 0.042605832573284035, "selection_50": 0, "shapley_value_51": 0.06132283186827448, "selection_51": 0, "shapley_value_52": 0.06762949090308971, "selection_52": 0, "shapley_value_53": 0.040657182125696766, "selection_53": 0, "shapley_value_54": 0.05247175397930368, "selection_54": 0, "shapley_value_55": 0.06816818354145449, "selection_55": 0, "shapley_value_56": 0.055077091510630075, "selection_56": 0, "shapley_value_57": 0.04820172267039408, "selection_57": 0, "shapley_value_58": 0.04812388919868308, "selection_58": 0, "shapley_value_59": 0.052787953121431086, "selection_59": 0, "shapley_value_60": 0.04781325138832246, "selection_60": 0, "shapley_value_61": 0.061390668178833596, "selection_61": 0, "shapley_value_62": 0.033483101081964325, "selection_62": 1, "shapley_value_63": 0.05874560145594443, "selection_63": 0, "shapley_value_64": 0.07094571723947388, "selection_64": 1, "shapley_value_65": 0.04379832102612137, "selection_65": 0, "shapley_value_66": 0.06034707182137775, "selection_66": 0, "shapley_value_67": 0.05525025803814037, "selection_67": 0, "shapley_value_68": 0.061269248722874016, "selection_68": 0, "shapley_value_69": 0.08217099905656582, "selection_69": 0, "shapley_value_70": 0.05215051792811239, "selection_70": 0, "shapley_value_71": 0.049125379637562416, "selection_71": 0, "shapley_value_72": 0.06113268523946069, "selection_72": 0, "shapley_value_73": 0.05899800133560864, "selection_73": 0, "shapley_value_74": 0.04479262610683242, "selection_74": 0, "shapley_value_75": 0.04809656346215208, "selection_75": 0, "shapley_value_76": 0.044334857417312176, "selection_76": 0, "shapley_value_77": 0.05711992710597559, "selection_77": 0, "shapley_value_78": 0.07095285066521811, "selection_78": 1, "shapley_value_79": 0.06674373535563945, "selection_79": 0, "shapley_value_80": 0.059908519860556425, "selection_80": 0, "shapley_value_81": 0.05827031894131054, "selection_81": 0, "shapley_value_82": 0.058210934778271474, "selection_82": 0, "shapley_value_83": 0.047650702129831024, "selection_83": 0, "shapley_value_84": 0.043430599945699644, "selection_84": 0, "shapley_value_85": 0.07622433414011191, "selection_85": 0, "shapley_value_86": 0.04590177352948833, "selection_86": 0, "shapley_value_87": 0.04166318216476858, "selection_87": 0, "shapley_value_88": 0.05635941373184003, "selection_88": 0, "shapley_value_89": 0.059143246719905875, "selection_89": 0, "shapley_value_90": 0.05675081385420514, "selection_90": 0, "shapley_value_91": 0.0670286559382652, "selection_91": 0, "shapley_value_92": 0.0385773633125876, "selection_92": 0, "shapley_value_93": 0.04842931092739191, "selection_93": 0, "shapley_value_94": 0.06050883024647781, "selection_94": 0, "shapley_value_95": 0.08240143501243229, "selection_95": 0, "shapley_value_96": 0.07284590796867216, "selection_96": 1, "shapley_value_97": 0.04203222926793254, "selection_97": 0, "shapley_value_98": 0.05443977873100899, "selection_98": 0, "shapley_value_99": 0.03832814519503437, "selection_99": 0, "_timestamp": 1687860002.577974, "_runtime": 1142.1208181381226, "_step": 99, "_wandb": {"runtime": 1141}}