{"accuracy": 0.9261999726295471, "val_loss": 0.27520838379859924, "test_loss": 0.2547513246536255, "shapley_value_0": -1.7438848537427407, "selection_0": 0, "shapley_value_1": -1.7910170257091522, "selection_1": 0, "shapley_value_2": -1.8879152452334378, "selection_2": 1, "shapley_value_3": -1.7768916755914688, "selection_3": 0, "shapley_value_4": -2.022757982923871, "selection_4": 0, "shapley_value_5": -1.9196376502513885, "selection_5": 0, "shapley_value_6": -1.9800160404963367, "selection_6": 0, "shapley_value_7": -1.8807072162628178, "selection_7": 0, "shapley_value_8": -1.8292601505915325, "selection_8": 1, "shapley_value_9": -1.7823020326239725, "selection_9": 0, "shapley_value_10": -1.9232138638143184, "selection_10": 0, "shapley_value_11": -1.9243842616225735, "selection_11": 0, "shapley_value_12": -1.6680184774928626, "selection_12": 0, "shapley_value_13": -1.7495484756098851, "selection_13": 0, "shapley_value_14": -1.8137380472487876, "selection_14": 0, "shapley_value_15": -1.9872546928624315, "selection_15": 0, "shapley_value_16": -1.5607369634840222, "selection_16": 0, "shapley_value_17": -1.955900444587072, "selection_17": 0, "shapley_value_18": -1.9054996901088292, "selection_18": 0, "shapley_value_19": -1.7458818543840335, "selection_19": 0, "shapley_value_20": -1.7218502521514893, "selection_20": 0, "shapley_value_21": -1.6985691900436697, "selection_21": 0, "shapley_value_22": -1.5582335650920869, "selection_22": 0, "shapley_value_23": -1.9630462129910788, "selection_23": 0, "shapley_value_24": -1.6697349491573514, "selection_24": 0, "shapley_value_25": -1.9123660127321882, "selection_25": 0, "shapley_value_26": -1.9288605396394374, "selection_26": 0, "shapley_value_27": -1.9056529700756073, "selection_27": 0, "shapley_value_28": -1.5812423831472793, "selection_28": 0, "shapley_value_29": -1.8314388533433277, "selection_29": 0, "shapley_value_30": -1.6462260790997083, "selection_30": 0, "shapley_value_31": -2.0043721430831485, "selection_31": 0, "shapley_value_32": -1.5108281068858649, "selection_32": 0, "shapley_value_33": -1.7556542880607373, "selection_33": 0, "shapley_value_34": -1.9972898284594216, "selection_34": 0, "shapley_value_35": -1.9037303063604567, "selection_35": 0, "shapley_value_36": -1.6808611011063612, "selection_36": 0, "shapley_value_37": -1.8028846946027546, "selection_37": 1, "shapley_value_38": -1.6546371122201287, "selection_38": 0, "shapley_value_39": -2.049003249122983, "selection_39": 1, "_timestamp": 1687991795.2840357, "_runtime": 73.59699177742004, "_step": 99, "_wandb": {"runtime": 72}}