{"accuracy": 0.1289999932050705, "val_loss": 2.9914655685424805, "test_loss": 3.0245251655578613, "_timestamp": 1688398143.417748, "_runtime": 101.74950885772705, "_step": 99, "_wandb": {"runtime": 100}}