{"loss": 0.20075297355651855, "accuracy": 0.9390000104904175, "average_active_clients": 2.0, "client_values_0": -0.001203425694257021, "client_values_1": 0.05158724635839462, "client_values_2": 0.008488737046718597, "client_values_3": 0.09056837111711502, "client_values_4": 0.07618214935064316, "client_values_5": 0.010075069963932037, "client_values_6": 0.11074699461460114, "client_values_7": 0.09021475911140442, "client_values_8": 0.07594098150730133, "client_values_9": 0.003991972655057907, "client_values_10": 0.07042176276445389, "client_values_11": 0.006611739285290241, "client_values_12": 0.004800861701369286, "client_values_13": 0.10042234510183334, "client_values_14": 0.013926914893090725, "client_values_15": 0.09873885661363602, "client_values_16": 0.03382465988397598, "client_values_17": 0.08533148467540741, "client_values_18": 0.012231308966875076, "client_values_19": 0.04313281923532486, "_timestamp": 1687179165.256599, "_runtime": 130.08049488067627, "_step": 99, "_wandb": {"runtime": 129}}