{"accuracy": 0.19039998948574066, "val_loss": 2.4475767612457275, "test_loss": 2.496121406555176, "_timestamp": 1688402062.3608873, "_runtime": 95.27694630622864, "_step": 99, "_wandb": {"runtime": 93}}