{"accuracy": 0.12919999659061432, "val_loss": 2.9914965629577637, "test_loss": 3.024576425552368, "_timestamp": 1688399191.996457, "_runtime": 100.29060006141663, "_step": 99, "_wandb": {"runtime": 98}}