{"accuracy": 0.9386000037193298, "val_loss": 0.2332397997379303, "test_loss": 0.21286694705486298, "shapley_value_0": 0.2502101406753063, "selection_0": 0, "shapley_value_1": 0.17624480548501015, "selection_1": 1, "shapley_value_2": 0.18743268117308615, "selection_2": 0, "shapley_value_3": 0.1970615662634373, "selection_3": 0, "shapley_value_4": 0.15100718536972998, "selection_4": 1, "shapley_value_5": 0.19147704675793648, "selection_5": 0, "shapley_value_6": 0.24564742022752756, "selection_6": 0, "shapley_value_7": 0.17317419201135636, "selection_7": 0, "shapley_value_8": 0.1916874552667141, "selection_8": 0, "shapley_value_9": 0.17764847990870472, "selection_9": 0, "shapley_value_10": 0.23805853965878487, "selection_10": 0, "shapley_value_11": 0.18692380705475808, "selection_11": 0, "shapley_value_12": 0.23511389273405076, "selection_12": 0, "shapley_value_13": 0.20513860651850696, "selection_13": 0, "shapley_value_14": 0.11169280716776846, "selection_14": 1, "shapley_value_15": 0.1918132246434689, "selection_15": 0, "shapley_value_16": 0.21456365734338761, "selection_16": 0, "shapley_value_17": 0.1932652400135994, "selection_17": 0, "shapley_value_18": 0.1711509477198124, "selection_18": 0, "shapley_value_19": 0.18862216008807484, "selection_19": 0, "shapley_value_20": 0.21331248652935025, "selection_20": 0, "shapley_value_21": 0.17892507126927376, "selection_21": 0, "shapley_value_22": 0.18546312394738196, "selection_22": 1, "shapley_value_23": 0.23320666381716726, "selection_23": 0, "shapley_value_24": 0.23308575782179833, "selection_24": 0, "shapley_value_25": 0.21078656676411628, "selection_25": 0, "shapley_value_26": 0.2222695188522339, "selection_26": 0, "shapley_value_27": 0.19538959905505177, "selection_27": 0, "shapley_value_28": 0.17237950524687767, "selection_28": 1, "shapley_value_29": 0.22602440550923353, "selection_29": 0, "shapley_value_30": 0.23559936147771382, "selection_30": 0, "shapley_value_31": 0.22509300431609156, "selection_31": 0, "shapley_value_32": 0.22558207079768175, "selection_32": 0, "shapley_value_33": 0.20130171069502834, "selection_33": 0, "shapley_value_34": 0.17754903489351273, "selection_34": 0, "shapley_value_35": 0.21903766718506815, "selection_35": 0, "shapley_value_36": 0.18647284957766533, "selection_36": 0, "shapley_value_37": 0.16183198422193526, "selection_37": 1, "shapley_value_38": 0.2205515317022801, "selection_38": 0, "shapley_value_39": 0.18665773314237594, "selection_39": 0, "shapley_value_40": 0.18727160242199897, "selection_40": 0, "shapley_value_41": 0.1909853717386723, "selection_41": 0, "shapley_value_42": 0.21458335775136944, "selection_42": 0, "shapley_value_43": 0.18021122777462004, "selection_43": 0, "shapley_value_44": 0.19552358883619309, "selection_44": 0, "shapley_value_45": 0.1959444733858109, "selection_45": 0, "shapley_value_46": 0.1828675156831741, "selection_46": 0, "shapley_value_47": 0.20224117356538773, "selection_47": 0, "shapley_value_48": 0.1797582805752754, "selection_48": 1, "shapley_value_49": 0.2473849327862263, "selection_49": 0, "shapley_value_50": 0.19850466531044558, "selection_50": 0, "shapley_value_51": 0.1655733503699303, "selection_51": 0, "shapley_value_52": 0.21438287466764452, "selection_52": 0, "shapley_value_53": 0.17121423947811124, "selection_53": 0, "shapley_value_54": 0.198083139359951, "selection_54": 0, "shapley_value_55": 0.19747762647271153, "selection_55": 0, "shapley_value_56": 0.22527957418560982, "selection_56": 0, "shapley_value_57": 0.20497475835680962, "selection_57": 0, "shapley_value_58": 0.17875509893894195, "selection_58": 0, "shapley_value_59": 0.1952562657892704, "selection_59": 0, "shapley_value_60": 0.21268000739812853, "selection_60": 0, "shapley_value_61": 0.20181992736458776, "selection_61": 0, "shapley_value_62": 0.21416105103492739, "selection_62": 0, "shapley_value_63": 0.1556350772898448, "selection_63": 1, "shapley_value_64": 0.21296791498498485, "selection_64": 0, "shapley_value_65": 0.18806228899955751, "selection_65": 0, "shapley_value_66": 0.22168740725517272, "selection_66": 0, "shapley_value_67": 0.23388405507802962, "selection_67": 0, "shapley_value_68": 0.1902811421751976, "selection_68": 0, "shapley_value_69": 0.19887977454066277, "selection_69": 0, "shapley_value_70": 0.23013694402575496, "selection_70": 0, "shapley_value_71": 0.1872203212976456, "selection_71": 0, "shapley_value_72": 0.1875296309888363, "selection_72": 0, "shapley_value_73": 0.18327659529447554, "selection_73": 1, "shapley_value_74": 0.23136479553580286, "selection_74": 0, "shapley_value_75": 0.18095097024974072, "selection_75": 0, "shapley_value_76": 0.21482222118973732, "selection_76": 0, "shapley_value_77": 0.20882119172811509, "selection_77": 0, "shapley_value_78": 0.2040681110024452, "selection_78": 0, "shapley_value_79": 0.17820878847492375, "selection_79": 0, "shapley_value_80": 0.18458953097462652, "selection_80": 1, "shapley_value_81": 0.18143884481568087, "selection_81": 0, "shapley_value_82": 0.18453246787190433, "selection_82": 0, "shapley_value_83": 0.2375483872890472, "selection_83": 0, "shapley_value_84": 0.23193301653862003, "selection_84": 0, "shapley_value_85": 0.18749492210149768, "selection_85": 0, "shapley_value_86": 0.22477290517091747, "selection_86": 0, "shapley_value_87": 0.26745012602210044, "selection_87": 0, "shapley_value_88": 0.19209084418416025, "selection_88": 0, "shapley_value_89": 0.23961460587382316, "selection_89": 0, "shapley_value_90": 0.210880404740572, "selection_90": 0, "shapley_value_91": 0.21776253890991212, "selection_91": 0, "shapley_value_92": 0.18680425360798833, "selection_92": 0, "shapley_value_93": 0.25159952950477604, "selection_93": 0, "shapley_value_94": 0.21203938299417496, "selection_94": 0, "shapley_value_95": 0.23926543581485746, "selection_95": 0, "shapley_value_96": 0.19007373964786528, "selection_96": 0, "shapley_value_97": 0.1995417874753475, "selection_97": 0, "shapley_value_98": 0.18786251932382586, "selection_98": 0, "shapley_value_99": 0.1995338993041139, "selection_99": 0, "_timestamp": 1687919792.342369, "_runtime": 317.0911831855774, "_step": 99, "_wandb": {"runtime": 315}}