{"accuracy": 0.8307825922966003, "val_loss": 0.5024667382240295, "test_loss": 0.5024303793907166, "shapley_value_0": -1.3945447636975183, "selection_0": 1, "shapley_value_1": -1.2806597167537326, "selection_1": 1, "shapley_value_2": -1.3888288776079811, "selection_2": 0, "shapley_value_3": -1.0767370616948164, "selection_3": 0, "shapley_value_4": -1.334522214407722, "selection_4": 0, "shapley_value_5": -1.3316404750713933, "selection_5": 0, "shapley_value_6": -1.588715039548419, "selection_6": 0, "shapley_value_7": -1.2681377291679383, "selection_7": 0, "shapley_value_8": -1.362770968841182, "selection_8": 0, "shapley_value_9": -1.4765673726797104, "selection_9": 0, "shapley_value_10": -1.127778816790808, "selection_10": 0, "shapley_value_11": -1.3302890568971633, "selection_11": 0, "shapley_value_12": -0.9805000151197116, "selection_12": 0, "shapley_value_13": -1.593286375204722, "selection_13": 0, "shapley_value_14": -1.4420075880156622, "selection_14": 0, "shapley_value_15": -1.4846897721290593, "selection_15": 0, "shapley_value_16": -1.2428649777457828, "selection_16": 0, "shapley_value_17": -1.2435144591025815, "selection_17": 0, "shapley_value_18": -1.4940194711089134, "selection_18": 0, "shapley_value_19": -1.4052466286553271, "selection_19": 0, "shapley_value_20": -1.2092034022013343, "selection_20": 0, "shapley_value_21": -1.7048614596327147, "selection_21": 0, "shapley_value_22": -1.4702450224646813, "selection_22": 0, "shapley_value_23": -1.1459549367427824, "selection_23": 0, "shapley_value_24": -1.4162781075352715, "selection_24": 0, "shapley_value_25": -1.2638706807736997, "selection_25": 0, "shapley_value_26": -1.4326729088118584, "selection_26": 0, "shapley_value_27": -1.157745971566155, "selection_27": 1, "shapley_value_28": -1.0891196640829246, "selection_28": 0, "shapley_value_29": -1.1619737011690936, "selection_29": 0, "shapley_value_30": -1.3415665008403634, "selection_30": 0, "shapley_value_31": -1.2033422807852427, "selection_31": 0, "shapley_value_32": -0.9228461969132516, "selection_32": 0, "shapley_value_33": -1.244191572070122, "selection_33": 0, "shapley_value_34": -1.1269191128236273, "selection_34": 0, "shapley_value_35": -1.290963458163398, "selection_35": 0, "shapley_value_36": -1.3211635060799425, "selection_36": 0, "shapley_value_37": -1.0816115637620292, "selection_37": 1, "shapley_value_38": -1.4409326999275776, "selection_38": 0, "shapley_value_39": -1.2163461475145247, "selection_39": 0, "_timestamp": 1687985869.3574412, "_runtime": 77.25139117240906, "_step": 99, "_wandb": {"runtime": 75}}