{"accuracy": 0.09699999541044235, "val_loss": 12.305660247802734, "test_loss": 12.47673511505127, "shapley_value_0": -1.9009576340516403, "selection_0": 0, "shapley_value_1": -0.6211696267127991, "selection_1": 0, "shapley_value_2": 9.501011029366522, "selection_2": 1, "shapley_value_3": -0.22517869869867901, "selection_3": 0, "shapley_value_4": -2.243841687838236, "selection_4": 0, "shapley_value_5": 9.118342918819847, "selection_5": 1, "shapley_value_6": -4.077132781346638, "selection_6": 0, "shapley_value_7": 8.787573458309526, "selection_7": 1, "shapley_value_8": -2.5930150747299203, "selection_8": 0, "shapley_value_9": 0.19727638363838196, "selection_9": 0, "shapley_value_10": -4.266725411017736, "selection_10": 0, "shapley_value_11": -1.8942531744639073, "selection_11": 0, "shapley_value_12": -4.996616880098978, "selection_12": 0, "shapley_value_13": -2.5628473858038583, "selection_13": 0, "shapley_value_14": -5.275668481985728, "selection_14": 0, "shapley_value_15": 0.014629443486532168, "selection_15": 0, "shapley_value_16": 0.08453845977783248, "selection_16": 0, "shapley_value_17": -1.833025147517521, "selection_17": 0, "shapley_value_18": -0.44728776315848107, "selection_18": 0, "shapley_value_19": -2.3425325949986764, "selection_19": 0, "shapley_value_20": 0.3841697176297503, "selection_20": 0, "shapley_value_21": -0.17158402999242117, "selection_21": 0, "shapley_value_22": -0.450336131784652, "selection_22": 0, "shapley_value_23": -4.875682403643927, "selection_23": 0, "shapley_value_24": -3.5041078329086304, "selection_24": 0, "shapley_value_25": -1.142612298329671, "selection_25": 0, "shapley_value_26": -0.20972907543182284, "selection_26": 0, "shapley_value_27": -2.8005244036515564, "selection_27": 0, "shapley_value_28": -2.949859271446865, "selection_28": 0, "shapley_value_29": -3.765045801798501, "selection_29": 0, "shapley_value_30": -0.9827019969622299, "selection_30": 0, "shapley_value_31": 0.0718515912691764, "selection_31": 0, "shapley_value_32": -1.3235949476559958, "selection_32": 0, "shapley_value_33": 0.2250962257385254, "selection_33": 0, "shapley_value_34": -2.999520232280096, "selection_34": 0, "shapley_value_35": -5.465281029542286, "selection_35": 0, "shapley_value_36": 3.6005438994138674, "selection_36": 1, "shapley_value_37": 0.024326125780742558, "selection_37": 0, "shapley_value_38": -2.093424667914708, "selection_38": 0, "shapley_value_39": -1.0420657992362985, "selection_39": 0, "shapley_value_40": -0.503180086612701, "selection_40": 0, "shapley_value_41": -1.99830279747645, "selection_41": 0, "shapley_value_42": 0.07370694478352924, "selection_42": 0, "shapley_value_43": -0.18083757162094205, "selection_43": 0, "shapley_value_44": 8.35509505187081, "selection_44": 1, "shapley_value_45": -2.0797212918599435, "selection_45": 0, "shapley_value_46": -2.0427099963029223, "selection_46": 0, "shapley_value_47": 0.6313619282510542, "selection_47": 0, "shapley_value_48": -1.6970703601837167, "selection_48": 0, "shapley_value_49": -2.539297590653101, "selection_49": 0, "_timestamp": 1688382627.6306386, "_runtime": 102.36153268814087, "_step": 99, "_wandb": {"runtime": 100}}