{"accuracy": 0.18140000104904175, "val_loss": 2.544395923614502, "test_loss": 2.5888519287109375, "_timestamp": 1688401254.1717007, "_runtime": 99.12270665168762, "_step": 99, "_wandb": {"runtime": 97}}