{"accuracy": 0.10459999740123749, "val_loss": 2.3190364837646484, "test_loss": 2.31994366645813, "_timestamp": 1687967823.2818542, "_runtime": 133.43701815605164, "_step": 99, "_wandb": {"runtime": 131}}