{"accuracy": 0.09719999879598618, "val_loss": 2.3197600841522217, "test_loss": 2.3221476078033447, "_timestamp": 1688411268.0999286, "_runtime": 146.185932636261, "_step": 99, "_wandb": {"runtime": 144}}