{"accuracy": 0.10239999741315842, "val_loss": 3.5171918869018555, "test_loss": 3.5334839820861816, "shapley_value_0": 1.1620123954046342, "selection_0": 0, "shapley_value_1": 1.2581509153048196, "selection_1": 0, "shapley_value_2": 0, "selection_2": 0, "shapley_value_3": 2.280946677639371, "selection_3": 0, "shapley_value_4": 1.8333982030550633, "selection_4": 0, "shapley_value_5": -0.9993531987780615, "selection_5": 1, "shapley_value_6": -1.4713821808497105, "selection_6": 0, "shapley_value_7": -0.939311722914379, "selection_7": 0, "shapley_value_8": 0.15629147986570957, "selection_8": 0, "shapley_value_9": -7.807030439376831, "selection_9": 0, "shapley_value_10": 0.2310590006056285, "selection_10": 0, "shapley_value_11": -3.938293755054474, "selection_11": 0, "shapley_value_12": -0.28743791580200195, "selection_12": 0, "shapley_value_13": -0.7704951465129852, "selection_13": 1, "shapley_value_14": -6.309918840726217, "selection_14": 0, "shapley_value_15": 0.6349622358878451, "selection_15": 0, "shapley_value_16": 2.205002252937209, "selection_16": 0, "shapley_value_17": 4.852559487024942, "selection_17": 0, "shapley_value_18": 1.5373622406096685, "selection_18": 1, "shapley_value_19": -3.775855614079369, "selection_19": 0, "shapley_value_20": 4.824301938215893, "selection_20": 0, "shapley_value_21": -0.3418585260709124, "selection_21": 0, "shapley_value_22": 1.1500472972790399, "selection_22": 0, "shapley_value_23": -3.1709318359692897, "selection_23": 0, "shapley_value_24": -0.900765776634215, "selection_24": 0, "shapley_value_25": -2.6076112323337135, "selection_25": 0, "shapley_value_26": -1.514646960629357, "selection_26": 0, "shapley_value_27": 1.543320214901215, "selection_27": 0, "shapley_value_28": 0.574777225653331, "selection_28": 0, "shapley_value_29": -2.30128248532613, "selection_29": 0, "shapley_value_30": 3.3120264057759874, "selection_30": 0, "shapley_value_31": -3.523109634717306, "selection_31": 0, "shapley_value_32": 1.2539701171410396, "selection_32": 0, "shapley_value_33": 1.974620169401169, "selection_33": 1, "shapley_value_34": -0.35740720563464673, "selection_34": 0, "shapley_value_35": -4.741517742474874, "selection_35": 0, "shapley_value_36": 5.544501985822406, "selection_36": 1, "shapley_value_37": 2.0151442090670266, "selection_37": 0, "shapley_value_38": 1.7816485921541847, "selection_38": 0, "shapley_value_39": 1.1225012938181553, "selection_39": 0, "shapley_value_40": 0.7501230410167155, "selection_40": 0, "shapley_value_41": -1.3535255524847247, "selection_41": 0, "shapley_value_42": 0, "selection_42": 0, "shapley_value_43": -2.650322337945303, "selection_43": 0, "shapley_value_44": 0, "selection_44": 0, "shapley_value_45": -3.2349795401096335, "selection_45": 0, "shapley_value_46": -1.5181374549865705, "selection_46": 0, "shapley_value_47": 2.381840892078341, "selection_47": 0, "shapley_value_48": -4.620334664980572, "selection_48": 0, "shapley_value_49": 1.8645387652308443, "selection_49": 0, "_timestamp": 1688394600.2354424, "_runtime": 103.42653441429138, "_step": 99, "_wandb": {"runtime": 101}}