{"accuracy": 0.09699999541044235, "val_loss": 12.472135543823242, "test_loss": 12.606759071350098, "shapley_value_0": -1.9008096655209854, "selection_0": 0, "shapley_value_1": -0.013933983114030971, "selection_1": 0, "shapley_value_2": 10.397282689304669, "selection_2": 1, "shapley_value_3": -0.2251709500948582, "selection_3": 0, "shapley_value_4": -2.2438393036524467, "selection_4": 0, "shapley_value_5": 9.814910811848112, "selection_5": 1, "shapley_value_6": -4.077123045921326, "selection_6": 0, "shapley_value_7": 9.521655250920192, "selection_7": 1, "shapley_value_8": -2.350679973761241, "selection_8": 0, "shapley_value_9": -0.6050844689210262, "selection_9": 0, "shapley_value_10": -4.153447846571604, "selection_10": 0, "shapley_value_11": -1.8941130737463623, "selection_11": 0, "shapley_value_12": -7.19537192583084, "selection_12": 0, "shapley_value_13": -2.9916494886080427, "selection_13": 0, "shapley_value_14": -5.275601178407667, "selection_14": 0, "shapley_value_15": 0.014597773551940918, "selection_15": 0, "shapley_value_16": 0.056036138534545546, "selection_16": 0, "shapley_value_17": -1.7950977186361952, "selection_17": 0, "shapley_value_18": -0.09225934247175949, "selection_18": 0, "shapley_value_19": -2.3424587647120134, "selection_19": 0, "shapley_value_20": -0.3126144276724929, "selection_20": 0, "shapley_value_21": -0.17190325260162354, "selection_21": 0, "shapley_value_22": -1.372753726111518, "selection_22": 0, "shapley_value_23": -7.476621856292086, "selection_23": 0, "shapley_value_24": -3.503757496674858, "selection_24": 0, "shapley_value_25": -1.1427749792734776, "selection_25": 0, "shapley_value_26": -0.20971771081288537, "selection_26": 0, "shapley_value_27": -3.8863727748394012, "selection_27": 0, "shapley_value_28": 0.20266699790954612, "selection_28": 0, "shapley_value_29": -3.7160697877407074, "selection_29": 0, "shapley_value_30": -0.021258205175401113, "selection_30": 0, "shapley_value_31": 0.07163224617640118, "selection_31": 0, "shapley_value_32": -0.8584205110867813, "selection_32": 0, "shapley_value_33": 0.2248937686284389, "selection_33": 0, "shapley_value_34": -3.4873464504877743, "selection_34": 0, "shapley_value_35": -5.465141812960306, "selection_35": 0, "shapley_value_36": 2.214562554717502, "selection_36": 1, "shapley_value_37": 0.024209539095560118, "selection_37": 0, "shapley_value_38": -2.965008695920309, "selection_38": 0, "shapley_value_39": -1.2346732119719195, "selection_39": 0, "shapley_value_40": -0.5032653013865152, "selection_40": 0, "shapley_value_41": -1.9982457558314017, "selection_41": 0, "shapley_value_42": 0.07345195611318012, "selection_42": 0, "shapley_value_43": -0.18059357007344445, "selection_43": 0, "shapley_value_44": 8.58478532234828, "selection_44": 1, "shapley_value_45": -2.0796091953913356, "selection_45": 0, "shapley_value_46": -2.8801675240198774, "selection_46": 0, "shapley_value_47": 0.22984403371810855, "selection_47": 0, "shapley_value_48": -1.6968047320842743, "selection_48": 0, "shapley_value_49": -3.430156648159029, "selection_49": 0, "_timestamp": 1688379340.4384978, "_runtime": 101.44965767860413, "_step": 99, "_wandb": {"runtime": 99}}