{"accuracy": 0.9211999773979187, "val_loss": 0.28996431827545166, "test_loss": 0.27217528223991394, "shapley_value_0": 0.07348385572433472, "selection_0": 0, "shapley_value_1": 0.0015114402770996093, "selection_1": 0, "shapley_value_2": 0.001002378463745117, "selection_2": 0, "shapley_value_3": 0.001627955436706543, "selection_3": 0, "shapley_value_4": 0.0019920539855957033, "selection_4": 0, "shapley_value_5": 0.0017115402221679688, "selection_5": 0, "shapley_value_6": 0.002005610466003418, "selection_6": 0, "shapley_value_7": 0.001501049995422363, "selection_7": 0, "shapley_value_8": 0.00042615413665771486, "selection_8": 0, "shapley_value_9": 0.001119952201843262, "selection_9": 0, "shapley_value_10": 0.0022479724884033204, "selection_10": 0, "shapley_value_11": 0.005300011634826662, "selection_11": 0, "shapley_value_12": 0.04697239756584168, "selection_12": 0, "shapley_value_13": 0.0031756210327148443, "selection_13": 0, "shapley_value_14": 0.007384004592895509, "selection_14": 0, "shapley_value_15": 0.07390358209609986, "selection_15": 0, "shapley_value_16": 0.004230017662048341, "selection_16": 0, "shapley_value_17": 0.006053805351257324, "selection_17": 0, "shapley_value_18": 0.0023886394500732427, "selection_18": 0, "shapley_value_19": -8.189050774825246e-05, "selection_19": 0, "shapley_value_20": 0.007593865394592283, "selection_20": 0, "shapley_value_21": 0.008029961585998538, "selection_21": 0, "shapley_value_22": 0.0071790838241577145, "selection_22": 0, "shapley_value_23": 0.007909092903137205, "selection_23": 0, "shapley_value_24": 0.0033306503295898442, "selection_24": 0, "shapley_value_25": 0.0047247171401977525, "selection_25": 0, "shapley_value_26": 0.005974035263061523, "selection_26": 0, "shapley_value_27": 0.005897970199584961, "selection_27": 0, "shapley_value_28": 0.00740270137786865, "selection_28": 0, "shapley_value_29": 0.007154064178466798, "selection_29": 0, "shapley_value_30": -0.00013745458502518502, "selection_30": 0, "shapley_value_31": 0.011590828895568847, "selection_31": 0, "shapley_value_32": 0.1084751182794571, "selection_32": 0, "shapley_value_33": 0.024365568161010744, "selection_33": 0, "shapley_value_34": 0.020727100372314452, "selection_34": 0, "shapley_value_35": 0.013604254722595214, "selection_35": 0, "shapley_value_36": 0.008707723617553714, "selection_36": 0, "shapley_value_37": 0.060896631479263295, "selection_37": 0, "shapley_value_38": 0.013714933395385742, "selection_38": 0, "shapley_value_39": 0.016175599098205568, "selection_39": 0, "shapley_value_40": 0.014059824943542479, "selection_40": 0, "shapley_value_41": 0.07474642634391784, "selection_41": 0, "shapley_value_42": 0.0274660062789917, "selection_42": 0, "shapley_value_43": 0.023929390907287594, "selection_43": 0, "shapley_value_44": 0.03209324359893799, "selection_44": 0, "shapley_value_45": 0.024450883865356446, "selection_45": 0, "shapley_value_46": 0.017990150451660157, "selection_46": 0, "shapley_value_47": 0.02921804428100586, "selection_47": 0, "shapley_value_48": 0.03287621498107911, "selection_48": 0, "shapley_value_49": 0.07667736887931825, "selection_49": 0, "shapley_value_50": -0.0010686108940526058, "selection_50": 0, "shapley_value_51": 0.031387672424316414, "selection_51": 0, "shapley_value_52": 0.05977286338806153, "selection_52": 0, "shapley_value_53": 0.06957307338714598, "selection_53": 0, "shapley_value_54": 0.015555648803710942, "selection_54": 0, "shapley_value_55": 0.023389558792114257, "selection_55": 0, "shapley_value_56": 0.03863348960876465, "selection_56": 0, "shapley_value_57": 0.04768673181533813, "selection_57": 0, "shapley_value_58": 0.023474855422973628, "selection_58": 0, "shapley_value_59": 0.06986335754394529, "selection_59": 0, "shapley_value_60": 0.070062415599823, "selection_60": 0, "shapley_value_61": 0.03551818370819092, "selection_61": 0, "shapley_value_62": 0.05919796228408814, "selection_62": 0, "shapley_value_63": 0.04773887634277342, "selection_63": 0, "shapley_value_64": 0.0824751877784729, "selection_64": 0, "shapley_value_65": 0.049552834033966056, "selection_65": 0, "shapley_value_66": 0.060150392055511495, "selection_66": 0, "shapley_value_67": 0.09394205331802369, "selection_67": 0, "shapley_value_68": 0.07437945842742918, "selection_68": 0, "shapley_value_69": 0.025066945552825928, "selection_69": 0, "shapley_value_70": 0.12258493900299076, "selection_70": 0, "shapley_value_71": 0.2020652107910106, "selection_71": 1, "shapley_value_72": 0.05258131980895998, "selection_72": 0, "shapley_value_73": 0.2099817543162241, "selection_73": 1, "shapley_value_74": 0.018092226982116703, "selection_74": 0, "shapley_value_75": -0.00018434775503058183, "selection_75": 0, "shapley_value_76": 0.22472080229479213, "selection_76": 1, "shapley_value_77": 0.10042874813079834, "selection_77": 0, "shapley_value_78": 0.06892080783843993, "selection_78": 0, "shapley_value_79": -0.0012748617874948603, "selection_79": 0, "shapley_value_80": 0.2146232554382749, "selection_80": 1, "shapley_value_81": 0.06749921321868896, "selection_81": 0, "shapley_value_82": 0.18955598480502753, "selection_82": 1, "shapley_value_83": 0.20823290292979676, "selection_83": 1, "shapley_value_84": 0.09006709575653077, "selection_84": 0, "shapley_value_85": 0.2205347382499459, "selection_85": 1, "shapley_value_86": 0.09758169651031492, "selection_86": 0, "shapley_value_87": 0.2044324133594831, "selection_87": 1, "shapley_value_88": 0.10967909336090088, "selection_88": 0, "shapley_value_89": 0.11163218021392822, "selection_89": 0, "shapley_value_90": 0.13601887822151185, "selection_90": 0, "shapley_value_91": 0.13851728439331054, "selection_91": 0, "shapley_value_92": 0.1321110725402832, "selection_92": 0, "shapley_value_93": 0.21642092530141804, "selection_93": 1, "shapley_value_94": 0.1055771553516388, "selection_94": 0, "shapley_value_95": 0.224570818874571, "selection_95": 1, "shapley_value_96": 0.13304415702819825, "selection_96": 0, "shapley_value_97": 0.12511035680770874, "selection_97": 0, "shapley_value_98": 0.10381796479225161, "selection_98": 0, "shapley_value_99": -0.0005272156313845986, "selection_99": 0, "_timestamp": 1687907022.524651, "_runtime": 312.13778614997864, "_step": 99, "_wandb": {"runtime": 310}}