{"loss": 0.40191587805747986, "accuracy": 0.8682000041007996, "average_active_clients": 2.0, "_timestamp": 1686743330.5007362, "_runtime": 19.374799251556396, "_step": 399, "_wandb": {"runtime": 17}}