{"accuracy": 0.09259999543428421, "val_loss": 2.304460287094116, "test_loss": 2.3045334815979004, "_timestamp": 1688035931.6236086, "_runtime": 146.01337456703186, "_step": 99, "_wandb": {"runtime": 144}}