{"accuracy": 0.936199963092804, "val_loss": 0.23472262918949127, "test_loss": 0.21188189089298248, "shapley_value_0": 0.11443394865840675, "selection_0": 0, "shapley_value_1": 0.2053811591267586, "selection_1": 0, "shapley_value_2": 0.2442001703110608, "selection_2": 0, "shapley_value_3": 0.22601621297272764, "selection_3": 1, "shapley_value_4": 0.17329132003916634, "selection_4": 0, "shapley_value_5": 0.22371202162720943, "selection_5": 0, "shapley_value_6": 0.19877195999026295, "selection_6": 0, "shapley_value_7": 0.20402607676386833, "selection_7": 0, "shapley_value_8": 0.19590553435683247, "selection_8": 0, "shapley_value_9": 0.16903608530759812, "selection_9": 0, "shapley_value_10": 0.21610980052839632, "selection_10": 0, "shapley_value_11": 0.19729322987794878, "selection_11": 0, "shapley_value_12": 0.2169691109955311, "selection_12": 0, "shapley_value_13": 0.2367957405339588, "selection_13": 0, "shapley_value_14": 0.23374292557889761, "selection_14": 0, "shapley_value_15": 0.1753341438704067, "selection_15": 0, "shapley_value_16": 0.19603726786375048, "selection_16": 1, "shapley_value_17": 0.1813990620970726, "selection_17": 1, "shapley_value_18": 0.17328690091768897, "selection_18": 0, "shapley_value_19": 0.20045920717716217, "selection_19": 0, "shapley_value_20": 0.21212059491872787, "selection_20": 0, "shapley_value_21": 0.21685600643808192, "selection_21": 0, "shapley_value_22": 0.19797621905803683, "selection_22": 0, "shapley_value_23": 0.17564467211564383, "selection_23": 0, "shapley_value_24": 0.1753916000657611, "selection_24": 0, "shapley_value_25": 0.2047260971665382, "selection_25": 0, "shapley_value_26": 0.20526404809951782, "selection_26": 0, "shapley_value_27": 0.20834641949696975, "selection_27": 1, "shapley_value_28": 0.2055618072450161, "selection_28": 0, "shapley_value_29": 0.23549137860536581, "selection_29": 0, "shapley_value_30": 0.21483005508780478, "selection_30": 0, "shapley_value_31": 0.23598857857809774, "selection_31": 0, "shapley_value_32": 0.1999724842905998, "selection_32": 0, "shapley_value_33": 0.17156185381942324, "selection_33": 0, "shapley_value_34": 0.23433592184023422, "selection_34": 0, "shapley_value_35": 0.20469824969768524, "selection_35": 0, "shapley_value_36": 0.18814542019367214, "selection_36": 0, "shapley_value_37": 0.24669205890460447, "selection_37": 0, "shapley_value_38": 0.16549116178911336, "selection_38": 0, "shapley_value_39": 0.1758986947238445, "selection_39": 0, "shapley_value_40": 0.17982520023981732, "selection_40": 0, "shapley_value_41": 0.23879572031172838, "selection_41": 0, "shapley_value_42": 0.21660275480151178, "selection_42": 0, "shapley_value_43": 0.2360548209602182, "selection_43": 0, "shapley_value_44": 0.15221039811770123, "selection_44": 1, "shapley_value_45": 0.23990979720245706, "selection_45": 0, "shapley_value_46": 0.16910240610440574, "selection_46": 0, "shapley_value_47": 0.17469946629471245, "selection_47": 0, "shapley_value_48": 0.1565614498655001, "selection_48": 0, "shapley_value_49": 0.190631746083498, "selection_49": 0, "shapley_value_50": 0.19980533704161646, "selection_50": 0, "shapley_value_51": 0.16253581454356508, "selection_51": 0, "shapley_value_52": 0.19775086292624475, "selection_52": 0, "shapley_value_53": 0.2726870430862172, "selection_53": 1, "shapley_value_54": 0.20711226579817862, "selection_54": 0, "shapley_value_55": 0.21524101826548575, "selection_55": 0, "shapley_value_56": 0.17621587673474476, "selection_56": 0, "shapley_value_57": 0.23815746925093914, "selection_57": 0, "shapley_value_58": 0.20639010617136955, "selection_58": 0, "shapley_value_59": 0.18351387682557108, "selection_59": 0, "shapley_value_60": 0.26184188877542813, "selection_60": 0, "shapley_value_61": 0.21497843956947332, "selection_61": 0, "shapley_value_62": 0.21028424924612046, "selection_62": 0, "shapley_value_63": 0.2332891751961275, "selection_63": 0, "shapley_value_64": 0.14964371128214732, "selection_64": 0, "shapley_value_65": 0.1972786376774311, "selection_65": 0, "shapley_value_66": 0.16975303252538046, "selection_66": 0, "shapley_value_67": 0.18900091886520387, "selection_67": 0, "shapley_value_68": 0.2391837874325839, "selection_68": 0, "shapley_value_69": 0.22348795156587256, "selection_69": 1, "shapley_value_70": 0.15667360381802392, "selection_70": 0, "shapley_value_71": 0.20957788139581676, "selection_71": 0, "shapley_value_72": 0.20935898011922843, "selection_72": 0, "shapley_value_73": 0.14340339517732809, "selection_73": 1, "shapley_value_74": 0.14244101814010687, "selection_74": 0, "shapley_value_75": 0.20889245879650117, "selection_75": 0, "shapley_value_76": 0.1954763832704017, "selection_76": 0, "shapley_value_77": 0.169079239335325, "selection_77": 0, "shapley_value_78": 0.16109604004356598, "selection_78": 0, "shapley_value_79": 0.21052290551257472, "selection_79": 1, "shapley_value_80": 0.1730515653557248, "selection_80": 0, "shapley_value_81": 0.21576566526293753, "selection_81": 0, "shapley_value_82": 0.16630729817681844, "selection_82": 0, "shapley_value_83": 0.20816841042041778, "selection_83": 0, "shapley_value_84": 0.19975664439797403, "selection_84": 0, "shapley_value_85": 0.18198428162932395, "selection_85": 0, "shapley_value_86": 0.2150886785713109, "selection_86": 0, "shapley_value_87": 0.18367997786402704, "selection_87": 1, "shapley_value_88": 0.20664087501168252, "selection_88": 0, "shapley_value_89": 0.22619131863117214, "selection_89": 0, "shapley_value_90": 0.1914665748178959, "selection_90": 0, "shapley_value_91": 0.24752898741852156, "selection_91": 0, "shapley_value_92": 0.14895880203556133, "selection_92": 0, "shapley_value_93": 0.13197350059488885, "selection_93": 0, "shapley_value_94": 0.23394715092398902, "selection_94": 0, "shapley_value_95": 0.21863681069829247, "selection_95": 0, "shapley_value_96": 0.24658167646689846, "selection_96": 0, "shapley_value_97": 0.19248616221547127, "selection_97": 0, "shapley_value_98": 0.12966473162174227, "selection_98": 0, "shapley_value_99": 0.17974371906783845, "selection_99": 0, "_timestamp": 1687914042.3192747, "_runtime": 306.469863653183, "_step": 99, "_wandb": {"runtime": 304}}