{"accuracy": 0.870861291885376, "val_loss": 0.42623522877693176, "test_loss": 0.42504826188087463, "shapley_value_0": -1.4214582012759314, "selection_0": 0, "shapley_value_1": -1.3733826135144087, "selection_1": 0, "shapley_value_2": -1.3292570610841115, "selection_2": 0, "shapley_value_3": -1.350191850629118, "selection_3": 0, "shapley_value_4": -1.371859825650851, "selection_4": 0, "shapley_value_5": -1.3869637062152225, "selection_5": 0, "shapley_value_6": -1.3885138775363115, "selection_6": 0, "shapley_value_7": -1.378846083084742, "selection_7": 0, "shapley_value_8": -1.3281093264619512, "selection_8": 0, "shapley_value_9": -1.3581577580836084, "selection_9": 0, "shapley_value_10": -1.4704316545415805, "selection_10": 0, "shapley_value_11": -1.463814726720254, "selection_11": 0, "shapley_value_12": -1.4093191650780765, "selection_12": 1, "shapley_value_13": -1.4366094390551252, "selection_13": 0, "shapley_value_14": -1.4243158459663392, "selection_14": 0, "shapley_value_15": -1.4601610700289411, "selection_15": 0, "shapley_value_16": -1.487474979073913, "selection_16": 1, "shapley_value_17": -1.3804587294658024, "selection_17": 0, "shapley_value_18": -1.4470348581671715, "selection_18": 0, "shapley_value_19": -1.4060965514544286, "selection_19": 1, "shapley_value_20": -1.3771927492185074, "selection_20": 0, "shapley_value_21": -1.4857707954943178, "selection_21": 0, "shapley_value_22": -1.455579647311458, "selection_22": 0, "shapley_value_23": -1.2514007336563533, "selection_23": 0, "shapley_value_24": -1.4615053313749806, "selection_24": 0, "shapley_value_25": -1.5290253199636936, "selection_25": 0, "shapley_value_26": -1.503723337004582, "selection_26": 0, "shapley_value_27": -1.300964043690608, "selection_27": 0, "shapley_value_28": -1.371382798209335, "selection_28": 0, "shapley_value_29": -1.502564687281847, "selection_29": 0, "shapley_value_30": -1.487529808724368, "selection_30": 1, "shapley_value_31": -1.501625716686249, "selection_31": 0, "shapley_value_32": -1.2947948347954523, "selection_32": 0, "shapley_value_33": -1.5027377679944038, "selection_33": 0, "shapley_value_34": -1.471614220628032, "selection_34": 0, "shapley_value_35": -1.5951825493857974, "selection_35": 0, "shapley_value_36": -1.3432547772924106, "selection_36": 0, "shapley_value_37": -1.5348843321913763, "selection_37": 0, "shapley_value_38": -1.4402040099656142, "selection_38": 0, "shapley_value_39": -1.3570240065455437, "selection_39": 0, "_timestamp": 1687984614.5570774, "_runtime": 77.6882643699646, "_step": 99, "_wandb": {"runtime": 76}}