{"accuracy": 0.8333833813667297, "val_loss": 0.5108590126037598, "test_loss": 0.5101848244667053, "_timestamp": 1687986934.667726, "_runtime": 79.48066115379333, "_step": 99, "_wandb": {"runtime": 77}}