{"accuracy": 0.09719999879598618, "val_loss": 11.744729995727539, "test_loss": 11.847140312194824, "shapley_value_0": -0.501224408547084, "selection_0": 0, "shapley_value_1": 10.781332230211323, "selection_1": 1, "shapley_value_2": 0.4816994865735378, "selection_2": 0, "shapley_value_3": 0.014870444933573701, "selection_3": 0, "shapley_value_4": -3.0199102759361267, "selection_4": 0, "shapley_value_5": -1.2508526096741353, "selection_5": 0, "shapley_value_6": -4.475722094376881, "selection_6": 0, "shapley_value_7": -0.3854502439498906, "selection_7": 0, "shapley_value_8": 0.9763275186220799, "selection_8": 0, "shapley_value_9": 0.3719233075777666, "selection_9": 0, "shapley_value_10": -1.8066717485586805, "selection_10": 0, "shapley_value_11": -2.0556400318940478, "selection_11": 0, "shapley_value_12": -10.102981954813004, "selection_12": 0, "shapley_value_13": -5.996058583259582, "selection_13": 0, "shapley_value_14": -2.7699759403864537, "selection_14": 0, "shapley_value_15": 0.13707347710927387, "selection_15": 0, "shapley_value_16": 9.731705081683621, "selection_16": 1, "shapley_value_17": -3.685257037480672, "selection_17": 0, "shapley_value_18": 10.186274756987887, "selection_18": 1, "shapley_value_19": -2.9402165810267107, "selection_19": 0, "shapley_value_20": 1.1456842919190726, "selection_20": 0, "shapley_value_21": -0.06459589799245258, "selection_21": 0, "shapley_value_22": -0.07614803314209051, "selection_22": 0, "shapley_value_23": -0.10771340131759821, "selection_23": 0, "shapley_value_24": -3.366379300753273, "selection_24": 0, "shapley_value_25": -2.2038175264994315, "selection_25": 0, "shapley_value_26": 0.4214481910069785, "selection_26": 0, "shapley_value_27": 0.8787985046704607, "selection_27": 0, "shapley_value_28": -2.723277072111765, "selection_28": 0, "shapley_value_29": -6.367237836122513, "selection_29": 0, "shapley_value_30": -1.1019074420134234, "selection_30": 0, "shapley_value_31": -0.4870681564013175, "selection_31": 0, "shapley_value_32": -2.846104303995767, "selection_32": 0, "shapley_value_33": -1.1931607723236084, "selection_33": 0, "shapley_value_34": -1.5943247278531394, "selection_34": 0, "shapley_value_35": -5.1731231808662415, "selection_35": 0, "shapley_value_36": 1.1542018223479091, "selection_36": 1, "shapley_value_37": -1.8178249945243201, "selection_37": 0, "shapley_value_38": -8.456326107184093, "selection_38": 0, "shapley_value_39": 10.909547324292365, "selection_39": 1, "shapley_value_40": -0.4532363017400107, "selection_40": 0, "shapley_value_41": -0.07837385932604546, "selection_41": 0, "shapley_value_42": 0.11040469010671039, "selection_42": 0, "shapley_value_43": -0.12207001447677612, "selection_43": 0, "shapley_value_44": 1.1508992285955526, "selection_44": 0, "shapley_value_45": -2.047054787476858, "selection_45": 0, "shapley_value_46": -8.318145831425982, "selection_46": 0, "shapley_value_47": -2.4002441565195705, "selection_47": 0, "shapley_value_48": -1.842013816038767, "selection_48": 0, "shapley_value_49": -0.040310674243502355, "selection_49": 0, "_timestamp": 1688377849.5598762, "_runtime": 100.34849214553833, "_step": 99, "_wandb": {"runtime": 98}}