{"accuracy": 0.49959999322891235, "val_loss": 1.3712034225463867, "test_loss": 1.3879631757736206, "_timestamp": 1688033010.191812, "_runtime": 99.59778094291687, "_step": 99, "_wandb": {"runtime": 98}}