{"accuracy": 0.849921703338623, "val_loss": 0.4841008484363556, "test_loss": 0.4850591719150543, "shapley_value_0": -1.3954172799984614, "selection_0": 0, "shapley_value_1": -1.0271700186034045, "selection_1": 0, "shapley_value_2": -0.9903906768276578, "selection_2": 0, "shapley_value_3": -1.292505676547686, "selection_3": 0, "shapley_value_4": -1.276022635400295, "selection_4": 0, "shapley_value_5": -1.1523457603021103, "selection_5": 0, "shapley_value_6": -1.292572444393521, "selection_6": 1, "shapley_value_7": -1.403999177614848, "selection_7": 0, "shapley_value_8": -1.2412608735489123, "selection_8": 0, "shapley_value_9": -1.1290348188744652, "selection_9": 0, "shapley_value_10": -1.4179291689034665, "selection_10": 1, "shapley_value_11": -1.235458332631323, "selection_11": 0, "shapley_value_12": -1.3248270899057388, "selection_12": 0, "shapley_value_13": -1.4102032979329429, "selection_13": 0, "shapley_value_14": -1.3015918963485293, "selection_14": 0, "shapley_value_15": -1.8369972954193747, "selection_15": 1, "shapley_value_16": -1.0752765456835427, "selection_16": 0, "shapley_value_17": -0.9625951647758484, "selection_17": 0, "shapley_value_18": -1.152703825271491, "selection_18": 0, "shapley_value_19": -1.4376053586602213, "selection_19": 0, "shapley_value_20": -1.2950726019011602, "selection_20": 0, "shapley_value_21": -0.8756640613079076, "selection_21": 0, "shapley_value_22": -1.4227953773957713, "selection_22": 0, "shapley_value_23": -1.2061267462041643, "selection_23": 1, "shapley_value_24": -1.640778557175682, "selection_24": 0, "shapley_value_25": -1.2820481227503884, "selection_25": 0, "shapley_value_26": -1.2128837588760586, "selection_26": 0, "shapley_value_27": -0.9909036060174308, "selection_27": 0, "shapley_value_28": -1.2145332511928344, "selection_28": 0, "shapley_value_29": -1.284782198568185, "selection_29": 0, "shapley_value_30": -1.442348239999829, "selection_30": 0, "shapley_value_31": -1.2140682306554582, "selection_31": 0, "shapley_value_32": -1.1363722568466552, "selection_32": 0, "shapley_value_33": -1.0535201061339607, "selection_33": 0, "shapley_value_34": -1.3891277644369335, "selection_34": 0, "shapley_value_35": -1.2395447302195761, "selection_35": 0, "shapley_value_36": -1.233289516333378, "selection_36": 0, "shapley_value_37": -1.2474349951132748, "selection_37": 0, "shapley_value_38": -1.413150784869989, "selection_38": 0, "shapley_value_39": -1.1615420778592425, "selection_39": 0, "_timestamp": 1687972657.1227312, "_runtime": 81.11796522140503, "_step": 99, "_wandb": {"runtime": 79}}