{"accuracy": 0.09719999879598618, "val_loss": 11.951035499572754, "test_loss": 12.069147109985352, "shapley_value_0": -1.513742536306381, "selection_0": 0, "shapley_value_1": 10.822454161275685, "selection_1": 1, "shapley_value_2": 0.2628077268600464, "selection_2": 0, "shapley_value_3": -0.12914079427719116, "selection_3": 0, "shapley_value_4": -2.384826123714447, "selection_4": 0, "shapley_value_5": -0.4253462105989456, "selection_5": 0, "shapley_value_6": -4.000011126200359, "selection_6": 0, "shapley_value_7": 0.7834957639376317, "selection_7": 0, "shapley_value_8": 0.8185304800669346, "selection_8": 0, "shapley_value_9": 0.8546390732129439, "selection_9": 0, "shapley_value_10": -2.343241085608801, "selection_10": 0, "shapley_value_11": -5.827382683753966, "selection_11": 0, "shapley_value_12": -8.974791646003727, "selection_12": 0, "shapley_value_13": -7.117833942174909, "selection_13": 0, "shapley_value_14": -2.234574705362319, "selection_14": 0, "shapley_value_15": 0.225370804468791, "selection_15": 0, "shapley_value_16": 9.942565285718002, "selection_16": 1, "shapley_value_17": -2.6499614318211875, "selection_17": 0, "shapley_value_18": 10.395330562856463, "selection_18": 1, "shapley_value_19": -2.811042388280235, "selection_19": 0, "shapley_value_20": 0.32124322652816684, "selection_20": 0, "shapley_value_21": 0.01706465085347464, "selection_21": 0, "shapley_value_22": -3.7966445187727613, "selection_22": 0, "shapley_value_23": -0.8551269968350725, "selection_23": 0, "shapley_value_24": -3.03462153673172, "selection_24": 0, "shapley_value_25": -1.7501006921132412, "selection_25": 0, "shapley_value_26": 0.1025426983833313, "selection_26": 0, "shapley_value_27": 0.8693177103996272, "selection_27": 0, "shapley_value_28": -2.714111298322678, "selection_28": 0, "shapley_value_29": -6.825960467259091, "selection_29": 0, "shapley_value_30": -0.5310879151026422, "selection_30": 0, "shapley_value_31": 0.08672243356704801, "selection_31": 0, "shapley_value_32": 0.10930431882540459, "selection_32": 0, "shapley_value_33": 0.14043237765630145, "selection_33": 0, "shapley_value_34": 0.6958479285240191, "selection_34": 0, "shapley_value_35": -5.362283289432526, "selection_35": 0, "shapley_value_36": 1.1758052893285829, "selection_36": 1, "shapley_value_37": 0.15838593244552523, "selection_37": 0, "shapley_value_38": -2.1631948550542184, "selection_38": 0, "shapley_value_39": 11.039748195746924, "selection_39": 1, "shapley_value_40": -0.6093802452087402, "selection_40": 0, "shapley_value_41": -1.7715205152829485, "selection_41": 0, "shapley_value_42": 0.024055699507394834, "selection_42": 0, "shapley_value_43": -0.24851455291112323, "selection_43": 0, "shapley_value_44": 1.0706014146407443, "selection_44": 0, "shapley_value_45": -2.4156030217806492, "selection_45": 0, "shapley_value_46": -7.958441227674488, "selection_46": 0, "shapley_value_47": -2.7246981660525, "selection_47": 0, "shapley_value_48": -1.3747480710347482, "selection_48": 0, "shapley_value_49": -4.6178457736968985, "selection_49": 0, "_timestamp": 1688380867.6210074, "_runtime": 106.88518452644348, "_step": 99, "_wandb": {"runtime": 105}}