{"accuracy": 0.8333833813667297, "val_loss": 0.5108590126037598, "test_loss": 0.5101848244667053, "_timestamp": 1687987106.7123969, "_runtime": 73.85535597801208, "_step": 99, "_wandb": {"runtime": 72}}