{"accuracy": 0.10239999741315842, "val_loss": 3.9240880012512207, "test_loss": 3.968269109725952, "shapley_value_0": 2.589332252529496, "selection_0": 0, "shapley_value_1": 2.19020813482779, "selection_1": 0, "shapley_value_2": 4.235813494010638, "selection_2": 0, "shapley_value_3": 0.3250417113304138, "selection_3": 0, "shapley_value_4": 1.448750197887421, "selection_4": 0, "shapley_value_5": 2.965677385980433, "selection_5": 1, "shapley_value_6": -5.675038079420725, "selection_6": 0, "shapley_value_7": -2.2222196459770203, "selection_7": 0, "shapley_value_8": 0, "selection_8": 0, "shapley_value_9": 1.3040427764256801, "selection_9": 0, "shapley_value_10": -1.1139343182245884, "selection_10": 0, "shapley_value_11": -7.2674343188603725, "selection_11": 0, "shapley_value_12": 0.9312570095062256, "selection_12": 0, "shapley_value_13": 1.0062943498293557, "selection_13": 1, "shapley_value_14": 1.517502321137323, "selection_14": 0, "shapley_value_15": 1.1898005624612176, "selection_15": 0, "shapley_value_16": 0, "selection_16": 0, "shapley_value_17": 1.509545874901307, "selection_17": 0, "shapley_value_18": 1.3283487876256312, "selection_18": 0, "shapley_value_19": -4.785963078339897, "selection_19": 0, "shapley_value_20": 1.5756148629718352, "selection_20": 1, "shapley_value_21": 1.4508315001924834, "selection_21": 0, "shapley_value_22": 1.8011705040931703, "selection_22": 0, "shapley_value_23": 0, "selection_23": 0, "shapley_value_24": -8.378048419952393, "selection_24": 0, "shapley_value_25": -1.5256464481353778, "selection_25": 0, "shapley_value_26": -7.03632547458013, "selection_26": 0, "shapley_value_27": 1.6209857384363808, "selection_27": 0, "shapley_value_28": 2.5836348980665207, "selection_28": 0, "shapley_value_29": 0, "selection_29": 0, "shapley_value_30": 0, "selection_30": 0, "shapley_value_31": -0.04114218552907278, "selection_31": 0, "shapley_value_32": 2.62551732968401, "selection_32": 0, "shapley_value_33": 3.7156176267106544, "selection_33": 1, "shapley_value_34": 0, "selection_34": 0, "shapley_value_35": -12.234906633694965, "selection_35": 0, "shapley_value_36": 3.8981256426549447, "selection_36": 1, "shapley_value_37": 2.62027710477511, "selection_37": 0, "shapley_value_38": 1.4095366663402984, "selection_38": 0, "shapley_value_39": 0, "selection_39": 0, "shapley_value_40": 0, "selection_40": 0, "shapley_value_41": 2.2128157549434238, "selection_41": 0, "shapley_value_42": 3.151297461342167, "selection_42": 0, "shapley_value_43": 1.9882535278797153, "selection_43": 0, "shapley_value_44": 0.12125275532404611, "selection_44": 0, "shapley_value_45": -1.4978259801864624, "selection_45": 0, "shapley_value_46": 3.367707387831225, "selection_46": 0, "shapley_value_47": -0.6956186294555682, "selection_47": 0, "shapley_value_48": -5.5120815833409615, "selection_48": 0, "shapley_value_49": 1.804289829163324, "selection_49": 0, "_timestamp": 1688388425.9263313, "_runtime": 106.34673237800598, "_step": 99, "_wandb": {"runtime": 104}}