{"accuracy": 0.18140000104904175, "val_loss": 2.544680595397949, "test_loss": 2.589137554168701, "_timestamp": 1688401656.5544, "_runtime": 94.00403904914856, "_step": 99, "_wandb": {"runtime": 92}}