{"accuracy": 0.12079999595880508, "val_loss": 3.646514415740967, "test_loss": 3.6815145015716553, "_timestamp": 1688408695.3067665, "_runtime": 148.05063939094543, "_step": 99, "_wandb": {"runtime": 146}}