{"accuracy": 0.18119999766349792, "val_loss": 2.544154405593872, "test_loss": 2.588616132736206, "_timestamp": 1688401350.876918, "_runtime": 91.55616497993469, "_step": 99, "_wandb": {"runtime": 90}}