{"accuracy": 0.5008000135421753, "val_loss": 1.37675142288208, "test_loss": 1.4011670351028442, "shapley_value_0": -0.6835641799828944, "selection_0": 0, "shapley_value_1": -0.635303400180958, "selection_1": 0, "shapley_value_2": -0.7855772089075158, "selection_2": 1, "shapley_value_3": -0.5814407308896385, "selection_3": 0, "shapley_value_4": -0.6781313816706339, "selection_4": 0, "shapley_value_5": -0.6545221308867135, "selection_5": 0, "shapley_value_6": -0.6908909281094869, "selection_6": 0, "shapley_value_7": -0.6451911023168851, "selection_7": 0, "shapley_value_8": -0.8057542067986948, "selection_8": 0, "shapley_value_9": -0.7568362099783759, "selection_9": 0, "shapley_value_10": -0.6992371082305907, "selection_10": 1, "shapley_value_11": -0.7734089351835706, "selection_11": 0, "shapley_value_12": -0.7675418257713318, "selection_12": 1, "shapley_value_13": -0.8115445881178885, "selection_13": 0, "shapley_value_14": -0.8287303368250528, "selection_14": 0, "shapley_value_15": -0.7951779166857399, "selection_15": 0, "shapley_value_16": -0.6561999453438655, "selection_16": 0, "shapley_value_17": -0.6267204465288105, "selection_17": 0, "shapley_value_18": -0.8482228340925992, "selection_18": 0, "shapley_value_19": -0.663816735858009, "selection_19": 0, "shapley_value_20": -0.7573813663588629, "selection_20": 0, "shapley_value_21": -0.7051104307174683, "selection_21": 0, "shapley_value_22": -0.7312698689374055, "selection_22": 0, "shapley_value_23": -0.6802003516091241, "selection_23": 0, "shapley_value_24": -0.7333942774014596, "selection_24": 0, "shapley_value_25": -0.799513880411784, "selection_25": 0, "shapley_value_26": -0.6223614726747785, "selection_26": 0, "shapley_value_27": -0.7690747711393566, "selection_27": 0, "shapley_value_28": -0.639605434735616, "selection_28": 0, "shapley_value_29": -0.77636863567211, "selection_29": 0, "shapley_value_30": -0.6710414787133538, "selection_30": 0, "shapley_value_31": -0.741868297259013, "selection_31": 0, "shapley_value_32": -0.7824327945709229, "selection_32": 0, "shapley_value_33": -0.7484332146467982, "selection_33": 0, "shapley_value_34": -0.7792085806528725, "selection_34": 0, "shapley_value_35": -0.6365519364674883, "selection_35": 0, "shapley_value_36": -0.8272767861684165, "selection_36": 1, "shapley_value_37": -0.7283301786942915, "selection_37": 0, "shapley_value_38": -0.7486271659533181, "selection_38": 0, "shapley_value_39": -0.7005346536636351, "selection_39": 0, "_timestamp": 1688031107.7979279, "_runtime": 101.58321785926819, "_step": 99, "_wandb": {"runtime": 99}}