{"loss": 0.30326923727989197, "accuracy": 0.9125999808311462, "average_active_clients": 4.0, "_timestamp": 1686668044.0404854, "_runtime": 39.23318147659302, "_step": 399, "_wandb": {"runtime": 37}}