{"accuracy": 0.9149999618530273, "val_loss": 0.3009249269962311, "test_loss": 0.2774357795715332, "_timestamp": 1687995705.948479, "_runtime": 132.99251103401184, "_step": 99, "_wandb": {"runtime": 131}}