{"accuracy": 0.09699999541044235, "val_loss": 13.139131546020508, "test_loss": 13.287528038024902, "shapley_value_0": -1.2501219908396404, "selection_0": 0, "shapley_value_1": -1.0001128216584523, "selection_1": 0, "shapley_value_2": 10.296001611837273, "selection_2": 1, "shapley_value_3": -0.24189565579096506, "selection_3": 0, "shapley_value_4": -2.245246410369873, "selection_4": 0, "shapley_value_5": 9.688728953290868, "selection_5": 1, "shapley_value_6": -4.237095892429352, "selection_6": 0, "shapley_value_7": 9.38881334816967, "selection_7": 1, "shapley_value_8": -2.401166369517645, "selection_8": 0, "shapley_value_9": 0.1362187663714094, "selection_9": 0, "shapley_value_10": 0.24338195721308375, "selection_10": 0, "shapley_value_11": -3.536507000525794, "selection_11": 0, "shapley_value_12": -4.3432732323805485, "selection_12": 0, "shapley_value_13": -4.335210005442301, "selection_13": 0, "shapley_value_14": -4.3052581151326486, "selection_14": 0, "shapley_value_15": 0.46691004435221384, "selection_15": 0, "shapley_value_16": 0.4624648392200472, "selection_16": 0, "shapley_value_17": -1.4902853965759277, "selection_17": 0, "shapley_value_18": -0.299976110458374, "selection_18": 0, "shapley_value_19": -2.1910969813664742, "selection_19": 0, "shapley_value_20": 0.5451292842626576, "selection_20": 0, "shapley_value_21": -0.2212683359781895, "selection_21": 0, "shapley_value_22": 0.2576023439566293, "selection_22": 0, "shapley_value_23": -0.03535240888595759, "selection_23": 0, "shapley_value_24": -3.145199815432232, "selection_24": 0, "shapley_value_25": -1.6372184952100124, "selection_25": 0, "shapley_value_26": -0.5020357171694432, "selection_26": 0, "shapley_value_27": -1.528255124886831, "selection_27": 0, "shapley_value_28": -1.0567539334297185, "selection_28": 0, "shapley_value_29": -3.40622095266978, "selection_29": 0, "shapley_value_30": -1.0085404515266432, "selection_30": 0, "shapley_value_31": -2.0045650700728097, "selection_31": 0, "shapley_value_32": -0.7712552216317926, "selection_32": 0, "shapley_value_33": -3.6283256312211356, "selection_33": 0, "shapley_value_34": -3.1925210257371277, "selection_34": 0, "shapley_value_35": -5.5876171588897705, "selection_35": 0, "shapley_value_36": 3.2488880689497357, "selection_36": 1, "shapley_value_37": -3.448699365059535, "selection_37": 0, "shapley_value_38": -2.1978551149368277, "selection_38": 0, "shapley_value_39": -0.5792084534962973, "selection_39": 0, "shapley_value_40": -0.5621211926142373, "selection_40": 0, "shapley_value_41": -1.7404932975769043, "selection_41": 0, "shapley_value_42": -0.10437868038813303, "selection_42": 0, "shapley_value_43": -0.24147363503774066, "selection_43": 0, "shapley_value_44": 8.793524262833687, "selection_44": 1, "shapley_value_45": -2.2477351824442557, "selection_45": 0, "shapley_value_46": -4.48468412955602, "selection_46": 0, "shapley_value_47": -0.30910148223240985, "selection_47": 0, "shapley_value_48": -1.7940675417582188, "selection_48": 0, "shapley_value_49": -2.5062189499537153, "selection_49": 0, "_timestamp": 1688382412.8763554, "_runtime": 96.88696837425232, "_step": 99, "_wandb": {"runtime": 95}}