{"accuracy": 0.09699999541044235, "val_loss": 7.367931842803955, "test_loss": 7.423715591430664, "shapley_value_0": 2.63949972932989, "selection_0": 0, "shapley_value_1": -1.8626607656478882, "selection_1": 0, "shapley_value_2": 4.5582239104039735, "selection_2": 1, "shapley_value_3": 0.5260618726412463, "selection_3": 0, "shapley_value_4": 0.03564174307717316, "selection_4": 0, "shapley_value_5": 1.5597865278758705, "selection_5": 0, "shapley_value_6": -1.0568267636828959, "selection_6": 0, "shapley_value_7": -2.5321936806042995, "selection_7": 0, "shapley_value_8": 2.0808568927976823, "selection_8": 0, "shapley_value_9": -1.1013727039098737, "selection_9": 0, "shapley_value_10": -4.636378814776738, "selection_10": 0, "shapley_value_11": -5.0286078055699654, "selection_11": 0, "shapley_value_12": 1.2837506135304775, "selection_12": 0, "shapley_value_13": 1.1241419017314915, "selection_13": 0, "shapley_value_14": 0, "selection_14": 0, "shapley_value_15": -0.6551835139592487, "selection_15": 0, "shapley_value_16": 5.288327865657354, "selection_16": 1, "shapley_value_17": 0.009485893779330882, "selection_17": 0, "shapley_value_18": 5.127602864930658, "selection_18": 1, "shapley_value_19": -1.7768884367412998, "selection_19": 0, "shapley_value_20": 0.5003896156946821, "selection_20": 0, "shapley_value_21": 1.6881814749553945, "selection_21": 0, "shapley_value_22": -0.55734971165657, "selection_22": 0, "shapley_value_23": -5.418271256817712, "selection_23": 0, "shapley_value_24": -6.194802890221282, "selection_24": 0, "shapley_value_25": -1.9142938454945888, "selection_25": 0, "shapley_value_26": -5.003111422061919, "selection_26": 0, "shapley_value_27": 3.953553388516108, "selection_27": 0, "shapley_value_28": 0.17723780870437653, "selection_28": 0, "shapley_value_29": -6.037784506877264, "selection_29": 0, "shapley_value_30": 2.2146484653155016, "selection_30": 0, "shapley_value_31": -0.8714064210653304, "selection_31": 0, "shapley_value_32": 1.2015350593460932, "selection_32": 0, "shapley_value_33": 1.9829771069512854, "selection_33": 0, "shapley_value_34": 0.5997356341944803, "selection_34": 0, "shapley_value_35": -3.6879504521687823, "selection_35": 0, "shapley_value_36": 5.864910067467204, "selection_36": 1, "shapley_value_37": 1.8434940278530108, "selection_37": 0, "shapley_value_38": 4.0069533089796705, "selection_38": 0, "shapley_value_39": 6.873198822140694, "selection_39": 0, "shapley_value_40": -3.7235374450683585, "selection_40": 0, "shapley_value_41": 1.0189574162165318, "selection_41": 0, "shapley_value_42": -0.4341393053531652, "selection_42": 0, "shapley_value_43": -0.06895916163921312, "selection_43": 0, "shapley_value_44": 4.096988187068039, "selection_44": 1, "shapley_value_45": -6.099855403105421, "selection_45": 0, "shapley_value_46": 0.1272060910860695, "selection_46": 0, "shapley_value_47": -1.750190218289693, "selection_47": 0, "shapley_value_48": -2.8405456907219353, "selection_48": 0, "shapley_value_49": 1.2065397356495717, "selection_49": 0, "_timestamp": 1688396223.3617015, "_runtime": 102.2345085144043, "_step": 99, "_wandb": {"runtime": 100}}