{"accuracy": 0.07000000029802322, "val_loss": 2.337538957595825, "test_loss": 2.3397741317749023, "_timestamp": 1688036088.503912, "_runtime": 150.9411380290985, "_step": 99, "_wandb": {"runtime": 149}}