{"loss": 1.8242826461791992, "accuracy": 0.3479999899864197, "average_active_clients": 10.0, "ucb_0": 0.010011105798184872, "nk_0": 22, "sv_0": 0.005435890983790159, "ucb_1": 0.010167263448238373, "nk_1": 14, "sv_1": 0.0044319285079836845, "ucb_2": 0.010118947364389896, "nk_2": 23, "sv_2": 0.0056442990899086, "ucb_3": -0.04204535484313965, "nk_3": 1, "sv_3": -0.06350501626729965, "ucb_4": 0.01023108884692192, "nk_4": 18, "sv_4": 0.005172999110072851, "ucb_5": 0.0052411193028092384, "nk_5": 2, "sv_5": -0.009933152236044407, "ucb_6": 0.010179297998547554, "nk_6": 23, "sv_6": 0.00570464925840497, "ucb_7": 0.010195992887020111, "nk_7": 13, "sv_7": 0.0042441533878445625, "ucb_8": -0.019575802609324455, "nk_8": 1, "sv_8": -0.04103546217083931, "ucb_9": 0.009359573014080524, "nk_9": 11, "sv_9": 0.0028892417903989553, "ucb_10": 0.010222848504781723, "nk_10": 21, "sv_10": 0.0055399672128260136, "ucb_11": -0.008625427260994911, "nk_11": 1, "sv_11": -0.030085086822509766, "ucb_12": -0.03932115435600281, "nk_12": 1, "sv_12": -0.06078081205487251, "ucb_13": 0.00895658414810896, "nk_13": 7, "sv_13": 0.0008455949719063938, "ucb_14": 0.009918825700879097, "nk_14": 3, "sv_14": -0.0024709152057766914, "ucb_15": 0.01005030982196331, "nk_15": 16, "sv_15": 0.004685394931584597, "ucb_16": 0.008576261810958385, "nk_16": 3, "sv_16": -0.0038134793285280466, "ucb_17": 0.009563286788761616, "nk_17": 3, "sv_17": -0.0028264543507248163, "ucb_18": 0.009617340750992298, "nk_18": 3, "sv_18": -0.0027724001556634903, "ucb_19": 0.008978048339486122, "nk_19": 5, "sv_19": -0.0006190036656334996, "ucb_20": 0.009543182328343391, "nk_20": 4, "sv_20": -0.001186647918075323, "ucb_21": 0.010240292176604271, "nk_21": 7, "sv_21": 0.0021293028257787228, "ucb_22": 0.003296101465821266, "nk_22": 1, "sv_22": -0.018163558095693588, "ucb_23": 0.009837050922214985, "nk_23": 5, "sv_23": 0.00023999944096431136, "ucb_24": 0.008711736649274826, "nk_24": 4, "sv_24": -0.0020180928986519575, "ucb_25": 0.009751304984092712, "nk_25": 2, "sv_25": -0.005422966554760933, "ucb_26": 0.008729176595807076, "nk_26": 4, "sv_26": -0.0020006531849503517, "ucb_27": 0.0080486498773098, "nk_27": 3, "sv_27": -0.004341091029345989, "ucb_28": 0.006109178997576237, "nk_28": 1, "sv_28": -0.015350480563938618, "ucb_29": 0.007220677100121975, "nk_29": 2, "sv_29": -0.00795359443873167, "ucb_30": 0.008577770553529263, "nk_30": 4, "sv_30": -0.0021520594600588083, "ucb_31": -0.0007364284247159958, "nk_31": 1, "sv_31": -0.02219608798623085, "ucb_32": 0.003947642631828785, "nk_32": 2, "sv_32": -0.01122662890702486, "ucb_33": 0.007372943684458733, "nk_33": 2, "sv_33": -0.007801327854394913, "ucb_34": 0.007857825607061386, "nk_34": 3, "sv_34": -0.004531915299594402, "ucb_35": 0.007631405722349882, "nk_35": 3, "sv_35": -0.004758335184305906, "ucb_36": 0.00924751814454794, "nk_36": 6, "sv_36": 0.00048664869973436, "ucb_37": 0.010078756138682365, "nk_37": 13, "sv_37": 0.004126917105168104, "ucb_38": -0.0053614117205142975, "nk_38": 1, "sv_38": -0.026821071282029152, "ucb_39": 0.010160783305764198, "nk_39": 11, "sv_39": 0.003690452314913273, "ucb_40": 0.008661770261824131, "nk_40": 4, "sv_40": -0.002068059518933296, "ucb_41": 0.006228195503354073, "nk_41": 2, "sv_41": -0.008946076035499573, "ucb_42": 0.010156560689210892, "nk_42": 2, "sv_42": -0.005017710383981466, "ucb_43": 0.009158756583929062, "nk_43": 7, "sv_43": 0.0010477680480107665, "ucb_44": 0.007921092212200165, "nk_44": 1, "sv_44": -0.01353856734931469, "ucb_45": 0.005739716812968254, "nk_45": 2, "sv_45": -0.009434554725885391, "ucb_46": 0.008204242214560509, "nk_46": 3, "sv_46": -0.004185498226433992, "ucb_47": 0.009812263771891594, "nk_47": 10, "sv_47": 0.003026123158633709, "ucb_48": 0.010232473723590374, "nk_48": 11, "sv_48": 0.003762142499908805, "ucb_49": 0.009729960933327675, "nk_49": 6, "sv_49": 0.000969091837760061, "ucb_50": 0.009095641784369946, "nk_50": 4, "sv_50": -0.0016341876471415162, "ucb_51": 0.0063360510393977165, "nk_51": 1, "sv_51": -0.015123608522117138, "ucb_52": 0.01154196448624134, "nk_52": 79, "sv_52": 0.009127563796937466, "ucb_53": 0.009497481398284435, "nk_53": 6, "sv_53": 0.0007366121280938387, "ucb_54": 0.009806819260120392, "nk_54": 6, "sv_54": 0.0010459498735144734, "ucb_55": 0.010290354490280151, "nk_55": 11, "sv_55": 0.0038200232665985823, "ucb_56": 0.010062362998723984, "nk_56": 7, "sv_56": 0.001951373997144401, "ucb_57": 0.008189578540623188, "nk_57": 4, "sv_57": -0.0025402510073035955, "ucb_58": 0.006819632835686207, "nk_58": 2, "sv_58": -0.008354638703167439, "ucb_59": 0.010077058337628841, "nk_59": 3, "sv_59": -0.002312682569026947, "ucb_60": 0.010042493231594563, "nk_60": 3, "sv_60": -0.0023472474422305822, "ucb_61": 0.010341047309339046, "nk_61": 70, "sv_61": 0.00777612766250968, "ucb_62": 0.009745907038450241, "nk_62": 3, "sv_62": -0.0026438336353749037, "ucb_63": 0.009900703094899654, "nk_63": 8, "sv_63": 0.002313567092642188, "ucb_64": 0.007251187227666378, "nk_64": 3, "sv_64": -0.00513855367898941, "ucb_65": 0.010168022476136684, "nk_65": 51, "sv_65": 0.007163068745285273, "ucb_66": 0.009971760213375092, "nk_66": 5, "sv_66": 0.00037470791721716523, "ucb_67": 0.00784817710518837, "nk_67": 3, "sv_67": -0.004541563801467419, "ucb_68": 0.011865566484630108, "nk_68": 50, "sv_68": 0.008830712176859379, "ucb_69": 0.009355324320495129, "nk_69": 5, "sv_69": -0.00024172799021471292, "ucb_70": 0.009456275962293148, "nk_70": 4, "sv_70": -0.0012735538184642792, "ucb_71": 0.009775709360837936, "nk_71": 2, "sv_71": -0.005398562178015709, "ucb_72": 0.031896788626909256, "nk_72": 87, "sv_72": 0.02959607169032097, "ucb_73": 0.00911073386669159, "nk_73": 4, "sv_73": -0.0016190963797271252, "ucb_74": 0.009808126837015152, "nk_74": 4, "sv_74": -0.0009217030601575971, "ucb_75": 0.01029541902244091, "nk_75": 8, "sv_75": 0.002708283020183444, "ucb_76": 0.008105980232357979, "nk_76": 3, "sv_76": -0.004283761139959097, "ucb_77": 0.008976975455880165, "nk_77": 3, "sv_77": -0.0034127652179449797, "ucb_78": 0.009665037505328655, "nk_78": 5, "sv_78": 6.798552931286395e-05, "ucb_79": 0.003596881404519081, "nk_79": 1, "sv_79": -0.017862778156995773, "ucb_80": 0.008676707744598389, "nk_80": 4, "sv_80": -0.0020531215704977512, "ucb_81": 0.009550081565976143, "nk_81": 5, "sv_81": -4.697048643720336e-05, "ucb_82": 0.010426033288240433, "nk_82": 26, "sv_82": 0.006217447575181723, "ucb_83": 0.01023030374199152, "nk_83": 8, "sv_83": 0.0026431679725646973, "ucb_84": 0.009125011041760445, "nk_84": 3, "sv_84": -0.0032647296320647, "ucb_85": 0.007810195907950401, "nk_85": 3, "sv_85": -0.004579544998705387, "ucb_86": 0.009546076878905296, "nk_86": 4, "sv_86": -0.0011837529018521309, "ucb_87": 0.008190067484974861, "nk_87": 3, "sv_87": -0.00419967295601964, "ucb_88": 0.011362436227500439, "nk_88": 68, "sv_88": 0.00876007042825222, "ucb_89": 0.009356915950775146, "nk_89": 2, "sv_89": -0.0058173551224172115, "ucb_90": 0.010274388827383518, "nk_90": 19, "sv_90": 0.005351204890757799, "ucb_91": 0.00948820449411869, "nk_91": 6, "sv_91": 0.0007273345836438239, "ucb_92": 0.007881393656134605, "nk_92": 2, "sv_92": -0.007292877417057753, "ucb_93": 0.010162463411688805, "nk_93": 23, "sv_93": 0.005687815137207508, "ucb_94": 0.00962093286216259, "nk_94": 3, "sv_94": -0.0027688080444931984, "ucb_95": 0.005972748622298241, "nk_95": 2, "sv_95": -0.009201522916555405, "ucb_96": 0.009571659378707409, "nk_96": 6, "sv_96": 0.0008107899338938296, "ucb_97": 0.005525737069547176, "nk_97": 2, "sv_97": -0.009648534469306469, "ucb_98": 0.012808822095394135, "nk_98": 44, "sv_98": 0.009573656134307384, "ucb_99": 0.009219159372150898, "nk_99": 4, "sv_99": -0.0015106701757758856, "_timestamp": 1687342747.3102503, "_runtime": 1303.9504652023315, "_step": 99, "_wandb": {"runtime": 1302}}