{"accuracy": 0.498199999332428, "val_loss": 1.3993513584136963, "test_loss": 1.4244165420532227, "_timestamp": 1687965908.5685117, "_runtime": 87.71013569831848, "_step": 99, "_wandb": {"runtime": 86}}