{"accuracy": 0.13840000331401825, "val_loss": 4.69279670715332, "test_loss": 4.761169910430908, "_timestamp": 1688404038.4534945, "_runtime": 144.99424242973328, "_step": 99, "_wandb": {"runtime": 143}}