{"accuracy": 0.5163999795913696, "val_loss": 1.369109034538269, "test_loss": 1.3744630813598633, "_timestamp": 1687872381.2460978, "_runtime": 160.75615692138672, "_step": 99, "_wandb": {"runtime": 159}}