{"accuracy": 0.4912000000476837, "val_loss": 1.414263129234314, "test_loss": 1.4193744659423828, "_timestamp": 1687965541.1626446, "_runtime": 80.30265069007874, "_step": 99, "_wandb": {"runtime": 78}}