{"accuracy": 0.9314000010490417, "val_loss": 0.2620343565940857, "test_loss": 0.24572810530662537, "shapley_value_0": -1.7681801734548628, "selection_0": 0, "shapley_value_1": -1.6408290856828291, "selection_1": 0, "shapley_value_2": -1.8255735943714775, "selection_2": 0, "shapley_value_3": -1.7787058759819379, "selection_3": 0, "shapley_value_4": -1.8138905306657154, "selection_4": 0, "shapley_value_5": -1.8247905145088832, "selection_5": 1, "shapley_value_6": -1.7794555750760166, "selection_6": 0, "shapley_value_7": -1.7973485440015793, "selection_7": 0, "shapley_value_8": -1.7579606423775356, "selection_8": 1, "shapley_value_9": -1.7360261554519338, "selection_9": 0, "shapley_value_10": -1.828581607341766, "selection_10": 1, "shapley_value_11": -1.7759148408969243, "selection_11": 0, "shapley_value_12": -1.7171348035335539, "selection_12": 0, "shapley_value_13": -1.745788267917103, "selection_13": 0, "shapley_value_14": -1.814242977786947, "selection_14": 0, "shapley_value_15": -1.826700144343906, "selection_15": 0, "shapley_value_16": -1.6920790129747145, "selection_16": 0, "shapley_value_17": -1.8483526154800698, "selection_17": 0, "shapley_value_18": -1.9264119139739446, "selection_18": 0, "shapley_value_19": -1.8208433665611128, "selection_19": 0, "shapley_value_20": -1.8454841783753149, "selection_20": 0, "shapley_value_21": -1.730435556007756, "selection_21": 0, "shapley_value_22": -1.7918931633234023, "selection_22": 0, "shapley_value_23": -1.8786418524881205, "selection_23": 0, "shapley_value_24": -1.7536989649136865, "selection_24": 0, "shapley_value_25": -1.8723741880169622, "selection_25": 1, "shapley_value_26": -1.9524661884421395, "selection_26": 0, "shapley_value_27": -1.8782098814845085, "selection_27": 0, "shapley_value_28": -1.7403924663861594, "selection_28": 0, "shapley_value_29": -1.9767128510607614, "selection_29": 0, "shapley_value_30": -1.7462198047926933, "selection_30": 0, "shapley_value_31": -2.040748419033157, "selection_31": 0, "shapley_value_32": -1.572363274296125, "selection_32": 0, "shapley_value_33": -1.7828606237967808, "selection_33": 0, "shapley_value_34": -1.9533341299919853, "selection_34": 0, "shapley_value_35": -1.8963799464205902, "selection_35": 0, "shapley_value_36": -1.9782959818840027, "selection_36": 0, "shapley_value_37": -1.8178923835357033, "selection_37": 0, "shapley_value_38": -1.7421915504065426, "selection_38": 0, "shapley_value_39": -2.0797275702158613, "selection_39": 0, "_timestamp": 1687990781.2234795, "_runtime": 82.72727847099304, "_step": 99, "_wandb": {"runtime": 81}}