{"loss": 0.3617202937602997, "accuracy": 0.8941999673843384, "average_active_clients": 2.0, "_timestamp": 1686735353.1914334, "_runtime": 22.202816486358643, "_step": 399, "_wandb": {"runtime": 19}}