{"accuracy": 0.8333833813667297, "val_loss": 0.5108590126037598, "test_loss": 0.5101848244667053, "_timestamp": 1687987027.1798773, "_runtime": 73.7868242263794, "_step": 99, "_wandb": {"runtime": 72}}