{"accuracy": 0.9387999773025513, "val_loss": 0.2358977049589157, "test_loss": 0.22279250621795654, "shapley_value_0": 0.17046803072094915, "selection_0": 0, "shapley_value_1": 0.19090669754147527, "selection_1": 0, "shapley_value_2": 0.23078271412849424, "selection_2": 0, "shapley_value_3": 0.17960827362537385, "selection_3": 0, "shapley_value_4": 0.16568830703277337, "selection_4": 1, "shapley_value_5": 0.22031656566262248, "selection_5": 0, "shapley_value_6": 0.19591146099567414, "selection_6": 0, "shapley_value_7": 0.19385684368014333, "selection_7": 0, "shapley_value_8": 0.16894656029343608, "selection_8": 0, "shapley_value_9": 0.1854698667228222, "selection_9": 0, "shapley_value_10": 0.20008398681879042, "selection_10": 0, "shapley_value_11": 0.2193430868089199, "selection_11": 0, "shapley_value_12": 0.22942147597670556, "selection_12": 0, "shapley_value_13": 0.22539461147785186, "selection_13": 0, "shapley_value_14": 0.21048356512188912, "selection_14": 0, "shapley_value_15": 0.19719568058848383, "selection_15": 0, "shapley_value_16": 0.259208371669054, "selection_16": 0, "shapley_value_17": 0.2136745292544365, "selection_17": 0, "shapley_value_18": 0.18202456477284432, "selection_18": 0, "shapley_value_19": 0.16320793384313584, "selection_19": 1, "shapley_value_20": 0.1936128387749195, "selection_20": 0, "shapley_value_21": 0.24489708876609803, "selection_21": 0, "shapley_value_22": 0.20775177448987964, "selection_22": 0, "shapley_value_23": 0.21854566898941993, "selection_23": 0, "shapley_value_24": 0.1957111496925354, "selection_24": 0, "shapley_value_25": 0.20254286989569667, "selection_25": 0, "shapley_value_26": 0.2148478015959263, "selection_26": 0, "shapley_value_27": 0.2179938754439354, "selection_27": 0, "shapley_value_28": 0.22256206315755844, "selection_28": 0, "shapley_value_29": 0.18904244511064727, "selection_29": 0, "shapley_value_30": 0.1876293856501579, "selection_30": 0, "shapley_value_31": 0.21541419067978862, "selection_31": 0, "shapley_value_32": 0.21092015123367308, "selection_32": 0, "shapley_value_33": 0.21706097215414047, "selection_33": 0, "shapley_value_34": 0.22314887362718583, "selection_34": 0, "shapley_value_35": 0.19494094815850257, "selection_35": 0, "shapley_value_36": 0.18832328605651855, "selection_36": 0, "shapley_value_37": 0.18303824499249458, "selection_37": 1, "shapley_value_38": 0.22886079671978954, "selection_38": 0, "shapley_value_39": 0.23260528087615967, "selection_39": 0, "shapley_value_40": 0.22475857323408127, "selection_40": 0, "shapley_value_41": 0.24859593319892884, "selection_41": 0, "shapley_value_42": 0.15494332167506217, "selection_42": 1, "shapley_value_43": 0.23343035310506818, "selection_43": 0, "shapley_value_44": 0.1987699796557426, "selection_44": 0, "shapley_value_45": 0.1700054556727409, "selection_45": 1, "shapley_value_46": 0.21542134174704555, "selection_46": 0, "shapley_value_47": 0.21485686558485032, "selection_47": 0, "shapley_value_48": 0.19916178172826768, "selection_48": 0, "shapley_value_49": 0.17083224391937257, "selection_49": 0, "shapley_value_50": 0.19190649807453158, "selection_50": 0, "shapley_value_51": 0.22289807647466664, "selection_51": 0, "shapley_value_52": 0.20680142992734907, "selection_52": 0, "shapley_value_53": 0.21112472519278525, "selection_53": 0, "shapley_value_54": 0.19572678223252293, "selection_54": 0, "shapley_value_55": 0.184173776756776, "selection_55": 0, "shapley_value_56": 0.22682624264924148, "selection_56": 0, "shapley_value_57": 0.1966267386972904, "selection_57": 0, "shapley_value_58": 0.19969835420188148, "selection_58": 0, "shapley_value_59": 0.19589913696050645, "selection_59": 0, "shapley_value_60": 0.23674242466688153, "selection_60": 0, "shapley_value_61": 0.20665388780832292, "selection_61": 0, "shapley_value_62": 0.22142397150397303, "selection_62": 0, "shapley_value_63": 0.14248456504940987, "selection_63": 1, "shapley_value_64": 0.19020526587963105, "selection_64": 0, "shapley_value_65": 0.15174775636196133, "selection_65": 1, "shapley_value_66": 0.2185205548703671, "selection_66": 0, "shapley_value_67": 0.23778660356998443, "selection_67": 0, "shapley_value_68": 0.2103815762996674, "selection_68": 0, "shapley_value_69": 0.16342491559762704, "selection_69": 1, "shapley_value_70": 0.257798759251833, "selection_70": 0, "shapley_value_71": 0.23088821041584015, "selection_71": 0, "shapley_value_72": 0.23401673364639283, "selection_72": 0, "shapley_value_73": 0.23289487534761427, "selection_73": 0, "shapley_value_74": 0.21211582416296001, "selection_74": 0, "shapley_value_75": 0.2626464774608612, "selection_75": 0, "shapley_value_76": 0.22142931354045872, "selection_76": 0, "shapley_value_77": 0.1886838007867336, "selection_77": 0, "shapley_value_78": 0.16118136016789236, "selection_78": 1, "shapley_value_79": 0.21256339757452128, "selection_79": 0, "shapley_value_80": 0.19509921315312387, "selection_80": 0, "shapley_value_81": 0.20453011068701749, "selection_81": 0, "shapley_value_82": 0.19535442754626273, "selection_82": 0, "shapley_value_83": 0.19484204035997393, "selection_83": 0, "shapley_value_84": 0.1770544380793969, "selection_84": 1, "shapley_value_85": 0.18065956872701647, "selection_85": 0, "shapley_value_86": 0.1997908468544483, "selection_86": 0, "shapley_value_87": 0.1852699927107284, "selection_87": 0, "shapley_value_88": 0.19985113474726676, "selection_88": 0, "shapley_value_89": 0.21724741554260252, "selection_89": 0, "shapley_value_90": 0.23615556168556218, "selection_90": 0, "shapley_value_91": 0.253376943141222, "selection_91": 0, "shapley_value_92": 0.21079361790418621, "selection_92": 0, "shapley_value_93": 0.2838019556701183, "selection_93": 0, "shapley_value_94": 0.1869386940598488, "selection_94": 0, "shapley_value_95": 0.18311277219496275, "selection_95": 0, "shapley_value_96": 0.2159897828698158, "selection_96": 0, "shapley_value_97": 0.165061524615476, "selection_97": 0, "shapley_value_98": 0.2412881803512573, "selection_98": 0, "shapley_value_99": 0.21569063496589663, "selection_99": 0, "_timestamp": 1687957027.546631, "_runtime": 325.179083108902, "_step": 99, "_wandb": {"runtime": 323}}