{"accuracy": 0.5041999816894531, "val_loss": 1.3746421337127686, "test_loss": 1.3922358751296997, "_timestamp": 1688034011.8647068, "_runtime": 90.2426688671112, "_step": 99, "_wandb": {"runtime": 88}}