{"accuracy": 0.9241999983787537, "val_loss": 0.26994964480400085, "test_loss": 0.2476411908864975, "shapley_value_0": -1.918342827331452, "selection_0": 0, "shapley_value_1": -1.5199161424781342, "selection_1": 0, "shapley_value_2": -1.9704081103915259, "selection_2": 0, "shapley_value_3": -1.7949690520763402, "selection_3": 0, "shapley_value_4": -1.892521849522988, "selection_4": 0, "shapley_value_5": -1.9358803485379077, "selection_5": 0, "shapley_value_6": -1.883529603481293, "selection_6": 0, "shapley_value_7": -2.0098657934438613, "selection_7": 0, "shapley_value_8": -1.7294332484404245, "selection_8": 0, "shapley_value_9": -1.8657444328069688, "selection_9": 0, "shapley_value_10": -1.8632779195904732, "selection_10": 0, "shapley_value_11": -1.810030920939012, "selection_11": 0, "shapley_value_12": -1.6243866110841434, "selection_12": 0, "shapley_value_13": -1.882003931949536, "selection_13": 1, "shapley_value_14": -1.873940821488699, "selection_14": 0, "shapley_value_15": -1.6911214277857824, "selection_15": 0, "shapley_value_16": -1.520592878971781, "selection_16": 0, "shapley_value_17": -1.630300307885194, "selection_17": 0, "shapley_value_18": -1.9928670359982383, "selection_18": 0, "shapley_value_19": -1.6057752679895474, "selection_19": 0, "shapley_value_20": -1.8844777651322189, "selection_20": 0, "shapley_value_21": -1.7035997162262602, "selection_21": 0, "shapley_value_22": -1.792905431985855, "selection_22": 0, "shapley_value_23": -1.9914578705122972, "selection_23": 0, "shapley_value_24": -1.8197442006181785, "selection_24": 0, "shapley_value_25": -2.05368730142003, "selection_25": 0, "shapley_value_26": -2.0640383660793304, "selection_26": 1, "shapley_value_27": -1.9362016088432739, "selection_27": 0, "shapley_value_28": -1.7827730951485812, "selection_28": 0, "shapley_value_29": -1.9109091808398568, "selection_29": 0, "shapley_value_30": -1.7401155551274616, "selection_30": 0, "shapley_value_31": -1.9125640441974003, "selection_31": 0, "shapley_value_32": -1.2014116591367967, "selection_32": 0, "shapley_value_33": -1.8498301775682542, "selection_33": 0, "shapley_value_34": -1.7540208651469305, "selection_34": 1, "shapley_value_35": -1.7104324686030548, "selection_35": 0, "shapley_value_36": -1.9734537551800408, "selection_36": 1, "shapley_value_37": -1.8738138618923368, "selection_37": 0, "shapley_value_38": -1.9155062593164895, "selection_38": 0, "shapley_value_39": -2.030368184601819, "selection_39": 0, "_timestamp": 1687992404.71863, "_runtime": 88.73666310310364, "_step": 99, "_wandb": {"runtime": 87}}