{"accuracy": 0.9377999901771545, "val_loss": 0.23442581295967102, "test_loss": 0.21150876581668854, "shapley_value_0": 0.13208790104836227, "selection_0": 0, "shapley_value_1": 0.22677018688483672, "selection_1": 0, "shapley_value_2": 0.1946510480971713, "selection_2": 0, "shapley_value_3": 0.21290137981826607, "selection_3": 1, "shapley_value_4": 0.1593512189388275, "selection_4": 0, "shapley_value_5": 0.17707749485969548, "selection_5": 0, "shapley_value_6": 0.16064882179101309, "selection_6": 0, "shapley_value_7": 0.19022837406396867, "selection_7": 0, "shapley_value_8": 0.2369204099882733, "selection_8": 0, "shapley_value_9": 0.16074090404642952, "selection_9": 0, "shapley_value_10": 0.1588731552494897, "selection_10": 0, "shapley_value_11": 0.17782484404350582, "selection_11": 0, "shapley_value_12": 0.21535394310951234, "selection_12": 0, "shapley_value_13": 0.1812213495671749, "selection_13": 1, "shapley_value_14": 0.134105261079967, "selection_14": 0, "shapley_value_15": 0.2145280237197876, "selection_15": 0, "shapley_value_16": 0.16743726465437148, "selection_16": 0, "shapley_value_17": 0.2502189605931441, "selection_17": 1, "shapley_value_18": 0.24381884927099395, "selection_18": 0, "shapley_value_19": 0.16845096536721402, "selection_19": 0, "shapley_value_20": 0.15174700617790224, "selection_20": 0, "shapley_value_21": 0.19014697062969205, "selection_21": 0, "shapley_value_22": 0.2136114584044977, "selection_22": 1, "shapley_value_23": 0.2561306711286306, "selection_23": 0, "shapley_value_24": 0.19888045898079876, "selection_24": 0, "shapley_value_25": 0.2375370840321888, "selection_25": 0, "shapley_value_26": 0.21162796734038145, "selection_26": 0, "shapley_value_27": 0.17935322189331054, "selection_27": 1, "shapley_value_28": 0.2122453211247921, "selection_28": 0, "shapley_value_29": 0.23787459582090384, "selection_29": 0, "shapley_value_30": 0.15568126059240767, "selection_30": 0, "shapley_value_31": 0.20474372458457948, "selection_31": 1, "shapley_value_32": 0.17907967885335285, "selection_32": 0, "shapley_value_33": 0.2033851287662983, "selection_33": 0, "shapley_value_34": 0.16809353141931066, "selection_34": 0, "shapley_value_35": 0.1376095492275138, "selection_35": 0, "shapley_value_36": 0.22723064203153956, "selection_36": 0, "shapley_value_37": 0.20229382887482644, "selection_37": 0, "shapley_value_38": 0.24484788248983866, "selection_38": 0, "shapley_value_39": 0.2273353348807855, "selection_39": 0, "shapley_value_40": 0.1571580067276955, "selection_40": 0, "shapley_value_41": 0.2766948559651008, "selection_41": 1, "shapley_value_42": 0.16101193961169985, "selection_42": 0, "shapley_value_43": 0.17465917521052893, "selection_43": 0, "shapley_value_44": 0.2066394846815812, "selection_44": 0, "shapley_value_45": 0.19568394297361374, "selection_45": 0, "shapley_value_46": 0.19784497451782224, "selection_46": 0, "shapley_value_47": 0.1853371295630932, "selection_47": 0, "shapley_value_48": 0.17508679765462878, "selection_48": 0, "shapley_value_49": 0.17973095473315984, "selection_49": 0, "shapley_value_50": 0.21972298725084824, "selection_50": 0, "shapley_value_51": 0.2429577958312902, "selection_51": 0, "shapley_value_52": 0.1541962294777234, "selection_52": 0, "shapley_value_53": 0.2171098261475563, "selection_53": 0, "shapley_value_54": 0.24973136966878726, "selection_54": 0, "shapley_value_55": 0.23574235011230818, "selection_55": 0, "shapley_value_56": 0.1365925561166123, "selection_56": 0, "shapley_value_57": 0.1929997261464596, "selection_57": 0, "shapley_value_58": 0.15773459020588135, "selection_58": 0, "shapley_value_59": 0.2310554920001463, "selection_59": 1, "shapley_value_60": 0.23138282960111442, "selection_60": 1, "shapley_value_61": 0.19760399909866483, "selection_61": 1, "shapley_value_62": 0.22648767576976256, "selection_62": 0, "shapley_value_63": 0.17824660529692968, "selection_63": 0, "shapley_value_64": 0.21737597921490667, "selection_64": 0, "shapley_value_65": 0.17508636722962062, "selection_65": 0, "shapley_value_66": 0.2070297740697861, "selection_66": 0, "shapley_value_67": 0.1885300539135933, "selection_67": 0, "shapley_value_68": 0.18692011332511904, "selection_68": 0, "shapley_value_69": 0.17326776680019165, "selection_69": 0, "shapley_value_70": 0.17961837569872538, "selection_70": 0, "shapley_value_71": 0.17312610202365453, "selection_71": 0, "shapley_value_72": 0.25095047582279545, "selection_72": 0, "shapley_value_73": 0.1905476669669151, "selection_73": 0, "shapley_value_74": 0.20087723512450856, "selection_74": 0, "shapley_value_75": 0.2026967360377312, "selection_75": 0, "shapley_value_76": 0.17010833326313232, "selection_76": 0, "shapley_value_77": 0.19752216491103175, "selection_77": 0, "shapley_value_78": 0.23811255945400758, "selection_78": 0, "shapley_value_79": 0.17087794135014217, "selection_79": 0, "shapley_value_80": 0.19813672855496406, "selection_80": 0, "shapley_value_81": 0.23712763805281034, "selection_81": 0, "shapley_value_82": 0.22915464916012507, "selection_82": 0, "shapley_value_83": 0.20143217492103577, "selection_83": 0, "shapley_value_84": 0.21392179113626475, "selection_84": 0, "shapley_value_85": 0.15155207185588257, "selection_85": 0, "shapley_value_86": 0.24315628466281033, "selection_86": 0, "shapley_value_87": 0.22342052622274916, "selection_87": 0, "shapley_value_88": 0.2306290736794472, "selection_88": 0, "shapley_value_89": 0.24161132820627904, "selection_89": 0, "shapley_value_90": 0.2000747534632683, "selection_90": 0, "shapley_value_91": 0.2431190346587788, "selection_91": 0, "shapley_value_92": 0.20663487237691883, "selection_92": 0, "shapley_value_93": 0.16413129651407055, "selection_93": 0, "shapley_value_94": 0.22207093832167712, "selection_94": 0, "shapley_value_95": 0.20472471934556963, "selection_95": 0, "shapley_value_96": 0.2757667282223702, "selection_96": 0, "shapley_value_97": 0.20473140758275984, "selection_97": 0, "shapley_value_98": 0.19281034639477732, "selection_98": 0, "shapley_value_99": 0.1750967980093426, "selection_99": 0, "_timestamp": 1687915006.499787, "_runtime": 318.42701506614685, "_step": 99, "_wandb": {"runtime": 316}}