{"accuracy": 0.8399520516395569, "val_loss": 0.5322703123092651, "test_loss": 0.5363536477088928, "_timestamp": 1687974570.9409904, "_runtime": 93.20302939414978, "_step": 99, "_wandb": {"runtime": 91}}