{"accuracy": 0.09699999541044235, "val_loss": 12.322020530700684, "test_loss": 12.452371597290039, "shapley_value_0": -1.4140064120292664, "selection_0": 0, "shapley_value_1": -0.15375015139579817, "selection_1": 0, "shapley_value_2": 9.265931137260939, "selection_2": 1, "shapley_value_3": -0.2812776565551758, "selection_3": 0, "shapley_value_4": -2.244443953037262, "selection_4": 0, "shapley_value_5": 8.530800045891246, "selection_5": 1, "shapley_value_6": -4.528800566991173, "selection_6": 0, "shapley_value_7": 8.408195646234267, "selection_7": 1, "shapley_value_8": -1.5748547911643977, "selection_8": 0, "shapley_value_9": -0.8035451471805555, "selection_9": 0, "shapley_value_10": -1.89064442118009, "selection_10": 0, "shapley_value_11": 0.15981702009836862, "selection_11": 0, "shapley_value_12": -6.296369552612303, "selection_12": 0, "shapley_value_13": -5.42913552125295, "selection_13": 0, "shapley_value_14": -4.479139109452568, "selection_14": 0, "shapley_value_15": -0.4041693466050279, "selection_15": 0, "shapley_value_16": 0.07131617267926504, "selection_16": 0, "shapley_value_17": -1.8812714318434383, "selection_17": 0, "shapley_value_18": -1.3203737338383996, "selection_18": 0, "shapley_value_19": -3.185383677482603, "selection_19": 0, "shapley_value_20": 0.038619448741276985, "selection_20": 0, "shapley_value_21": -0.04795968532562256, "selection_21": 0, "shapley_value_22": -2.093184020784166, "selection_22": 0, "shapley_value_23": -0.6154440840085353, "selection_23": 0, "shapley_value_24": -3.09531072775523, "selection_24": 0, "shapley_value_25": -0.7757408221562705, "selection_25": 0, "shapley_value_26": -1.143657147884369, "selection_26": 0, "shapley_value_27": -3.847417742013933, "selection_27": 0, "shapley_value_28": 0.07801317175229427, "selection_28": 0, "shapley_value_29": -3.215734899044037, "selection_29": 0, "shapley_value_30": -1.1283552315500047, "selection_30": 0, "shapley_value_31": 0.030393620332081817, "selection_31": 0, "shapley_value_32": -1.731555630763372, "selection_32": 0, "shapley_value_33": -0.11120257774988751, "selection_33": 0, "shapley_value_34": -2.625633676846822, "selection_34": 0, "shapley_value_35": -5.242663840452829, "selection_35": 0, "shapley_value_36": 3.9020938954971447, "selection_36": 1, "shapley_value_37": 0.09905087947845459, "selection_37": 0, "shapley_value_38": -0.07128982245922066, "selection_38": 0, "shapley_value_39": -3.3519269327322645, "selection_39": 0, "shapley_value_40": -0.5101949969927464, "selection_40": 0, "shapley_value_41": -1.9531047344207764, "selection_41": 0, "shapley_value_42": 0.10438402493794818, "selection_42": 0, "shapley_value_43": -0.17775307099024396, "selection_43": 0, "shapley_value_44": 7.953391659172461, "selection_44": 1, "shapley_value_45": -2.45482502381007, "selection_45": 0, "shapley_value_46": -2.6819234788417816, "selection_46": 0, "shapley_value_47": -1.6929034988085434, "selection_47": 0, "shapley_value_48": -1.6478416124979658, "selection_48": 0, "shapley_value_49": -1.6705121994018548, "selection_49": 0, "_timestamp": 1688379671.8087552, "_runtime": 102.70412611961365, "_step": 99, "_wandb": {"runtime": 101}}