{"accuracy": 0.9389999508857727, "val_loss": 0.2327701449394226, "test_loss": 0.21015869081020355, "shapley_value_0": 0.17978810974955559, "selection_0": 0, "shapley_value_1": 0.1780197687745094, "selection_1": 0, "shapley_value_2": 0.1825128405690193, "selection_2": 0, "shapley_value_3": 0.16604652941226958, "selection_3": 0, "shapley_value_4": 0.22729546411470933, "selection_4": 0, "shapley_value_5": 0.16568279183573192, "selection_5": 0, "shapley_value_6": 0.15433600227038066, "selection_6": 0, "shapley_value_7": 0.1537228810124927, "selection_7": 0, "shapley_value_8": 0.20038472285866732, "selection_8": 0, "shapley_value_9": 0.1285516235369601, "selection_9": 0, "shapley_value_10": 0.15939617623885474, "selection_10": 0, "shapley_value_11": 0.1417857352382592, "selection_11": 0, "shapley_value_12": 0.22538105246695608, "selection_12": 0, "shapley_value_13": 0.20040095904469485, "selection_13": 0, "shapley_value_14": 0.15580830964777206, "selection_14": 0, "shapley_value_15": 0.17259368399779002, "selection_15": 0, "shapley_value_16": 0.19193319377303125, "selection_16": 1, "shapley_value_17": 0.16311967636932406, "selection_17": 0, "shapley_value_18": 0.20329941561818124, "selection_18": 0, "shapley_value_19": 0.17583327319886952, "selection_19": 0, "shapley_value_20": 0.21161617454886433, "selection_20": 0, "shapley_value_21": 0.2078305848240852, "selection_21": 0, "shapley_value_22": 0.20988551906460806, "selection_22": 0, "shapley_value_23": 0.20523125919428734, "selection_23": 1, "shapley_value_24": 0.1584502179092831, "selection_24": 0, "shapley_value_25": 0.20124864867329598, "selection_25": 0, "shapley_value_26": 0.12405020352452992, "selection_26": 0, "shapley_value_27": 0.1693555051750607, "selection_27": 0, "shapley_value_28": 0.18893517134691543, "selection_28": 1, "shapley_value_29": 0.1923357939124107, "selection_29": 0, "shapley_value_30": 0.20910982516407972, "selection_30": 0, "shapley_value_31": 0.21502316068519248, "selection_31": 0, "shapley_value_32": 0.19554837188124657, "selection_32": 0, "shapley_value_33": 0.15800157914559043, "selection_33": 0, "shapley_value_34": 0.18724631074070927, "selection_34": 0, "shapley_value_35": 0.19373619112372398, "selection_35": 0, "shapley_value_36": 0.19629602283239364, "selection_36": 0, "shapley_value_37": 0.1999485021531582, "selection_37": 0, "shapley_value_38": 0.23641835055567997, "selection_38": 0, "shapley_value_39": 0.19424145299196244, "selection_39": 0, "shapley_value_40": 0.1533087863855892, "selection_40": 0, "shapley_value_41": 0.25599113511542476, "selection_41": 1, "shapley_value_42": 0.1626259066330062, "selection_42": 0, "shapley_value_43": 0.17376199978590012, "selection_43": 0, "shapley_value_44": 0.22397464979778636, "selection_44": 0, "shapley_value_45": 0.1937323473393917, "selection_45": 0, "shapley_value_46": 0.20792076167464257, "selection_46": 0, "shapley_value_47": 0.18537520596385001, "selection_47": 0, "shapley_value_48": 0.21366256453774193, "selection_48": 0, "shapley_value_49": 0.2533698863784472, "selection_49": 0, "shapley_value_50": 0.18966662770509718, "selection_50": 0, "shapley_value_51": 0.18684085515141488, "selection_51": 0, "shapley_value_52": 0.16556026448806127, "selection_52": 0, "shapley_value_53": 0.20457739559982135, "selection_53": 1, "shapley_value_54": 0.22367093530568208, "selection_54": 0, "shapley_value_55": 0.21140410938858983, "selection_55": 0, "shapley_value_56": 0.19530428677797318, "selection_56": 0, "shapley_value_57": 0.19610036277770998, "selection_57": 0, "shapley_value_58": 0.22999450233849614, "selection_58": 0, "shapley_value_59": 0.15257412281301283, "selection_59": 0, "shapley_value_60": 0.16109943520953085, "selection_60": 0, "shapley_value_61": 0.2495303022613128, "selection_61": 0, "shapley_value_62": 0.14314518547023247, "selection_62": 0, "shapley_value_63": 0.17235595345497134, "selection_63": 0, "shapley_value_64": 0.18324003770947458, "selection_64": 1, "shapley_value_65": 0.20593533560633662, "selection_65": 0, "shapley_value_66": 0.22567814455790955, "selection_66": 0, "shapley_value_67": 0.2002570651769638, "selection_67": 0, "shapley_value_68": 0.18715798914432527, "selection_68": 0, "shapley_value_69": 0.16684231907129288, "selection_69": 0, "shapley_value_70": 0.1308704371279792, "selection_70": 0, "shapley_value_71": 0.20427768832445148, "selection_71": 0, "shapley_value_72": 0.22026001634922893, "selection_72": 0, "shapley_value_73": 0.16758383464813234, "selection_73": 1, "shapley_value_74": 0.14453400253552443, "selection_74": 0, "shapley_value_75": 0.1921649942398071, "selection_75": 0, "shapley_value_76": 0.24315945083444773, "selection_76": 0, "shapley_value_77": 0.1570077924595939, "selection_77": 0, "shapley_value_78": 0.23494432674212895, "selection_78": 0, "shapley_value_79": 0.1936630745828152, "selection_79": 0, "shapley_value_80": 0.17207442469067044, "selection_80": 0, "shapley_value_81": 0.26178862487276394, "selection_81": 0, "shapley_value_82": 0.16204471734532136, "selection_82": 0, "shapley_value_83": 0.21848627450791272, "selection_83": 0, "shapley_value_84": 0.24165105795318428, "selection_84": 0, "shapley_value_85": 0.23978284575722436, "selection_85": 0, "shapley_value_86": 0.1907824907004833, "selection_86": 0, "shapley_value_87": 0.1871430153548718, "selection_87": 1, "shapley_value_88": 0.194631255030632, "selection_88": 0, "shapley_value_89": 0.23251280700618568, "selection_89": 1, "shapley_value_90": 0.19459215569496152, "selection_90": 0, "shapley_value_91": 0.18923745328187944, "selection_91": 0, "shapley_value_92": 0.2484738826751709, "selection_92": 0, "shapley_value_93": 0.20332913565792538, "selection_93": 0, "shapley_value_94": 0.18416689449548718, "selection_94": 1, "shapley_value_95": 0.2227404004606334, "selection_95": 0, "shapley_value_96": 0.19627742636203765, "selection_96": 0, "shapley_value_97": 0.20621092849969863, "selection_97": 0, "shapley_value_98": 0.20084682685136795, "selection_98": 0, "shapley_value_99": 0.2695287041480724, "selection_99": 0, "_timestamp": 1687914360.0850759, "_runtime": 311.48836874961853, "_step": 99, "_wandb": {"runtime": 310}}