{"loss": 2.2606303691864014, "accuracy": 0.23899999260902405, "average_active_clients": 10.0, "ucb_0": 0.08414695411920547, "nk_0": 1, "sv_0": 0.0008914899080991745, "ucb_1": 0.08413581550121307, "nk_1": 1, "sv_1": 0.0008803559467196465, "ucb_2": 0.08531954884529114, "nk_2": 1, "sv_2": 0.0020640853326767683, "ucb_3": 0.08438140898942947, "nk_3": 1, "sv_3": 0.0011259460588917136, "ucb_4": 0.08419792354106903, "nk_4": 1, "sv_4": 0.0009424641029909253, "ucb_5": 0.08324763178825378, "nk_5": 1, "sv_5": -7.832049959688447e-06, "ucb_6": 0.08399298787117004, "nk_6": 1, "sv_6": 0.000737528782337904, "ucb_7": 0.08438725769519806, "nk_7": 1, "sv_7": 0.0011317972093820572, "ucb_8": 0.08453379571437836, "nk_8": 1, "sv_8": 0.0012783341808244586, "ucb_9": 0.0838405191898346, "nk_9": 1, "sv_9": 0.0005850603920407593, "ucb_10": 0.08622457832098007, "nk_10": 1, "sv_10": 0.0029691183008253574, "ucb_11": 0.08551027625799179, "nk_11": 1, "sv_11": 0.0022548160050064325, "ucb_12": 0.08536653220653534, "nk_12": 1, "sv_12": 0.0021110724192112684, "ucb_13": 0.08456628769636154, "nk_13": 1, "sv_13": 0.001310823136009276, "ucb_14": 0.08589643985033035, "nk_14": 1, "sv_14": 0.0026409775018692017, "ucb_15": 0.08549776673316956, "nk_15": 1, "sv_15": 0.0022423062473535538, "ucb_16": 0.08621139079332352, "nk_16": 1, "sv_16": 0.0029559254180639982, "ucb_17": 0.0864090770483017, "nk_17": 1, "sv_17": 0.003153610974550247, "ucb_18": 0.08467592298984528, "nk_18": 1, "sv_18": 0.0014204576145857573, "ucb_19": 0.0861949697136879, "nk_19": 1, "sv_19": 0.002939506433904171, "_timestamp": 1687260074.128894, "_runtime": 19.775668144226074, "_step": 1, "_wandb": {"runtime": 19}}