{"accuracy": 0.9351999759674072, "val_loss": 0.22886015474796295, "test_loss": 0.21460549533367157, "_timestamp": 1688023863.1127193, "_runtime": 78.70602941513062, "_step": 99, "_wandb": {"runtime": 77}}