{"accuracy": 0.9301999807357788, "val_loss": 0.20972061157226562, "test_loss": 0.23872271180152893, "shapley_value_0": -1.821607415492718, "selection_0": 0, "shapley_value_1": -1.8289043027020635, "selection_1": 0, "shapley_value_2": -1.831916775022234, "selection_2": 1, "shapley_value_3": -1.831761514147123, "selection_3": 1, "shapley_value_4": -1.8289073059956231, "selection_4": 0, "shapley_value_5": -1.8340861740020602, "selection_5": 0, "shapley_value_6": -1.824755288469486, "selection_6": 0, "shapley_value_7": -1.8300674114471822, "selection_7": 0, "shapley_value_8": -1.832648277664796, "selection_8": 0, "shapley_value_9": -1.821301046226706, "selection_9": 0, "shapley_value_10": -1.8219174444675443, "selection_10": 0, "shapley_value_11": -1.8278157326082385, "selection_11": 0, "shapley_value_12": -1.8219968152768686, "selection_12": 0, "shapley_value_13": -1.8337829696635406, "selection_13": 0, "shapley_value_14": -1.8414514979554546, "selection_14": 1, "shapley_value_15": -1.8389194909897117, "selection_15": 1, "shapley_value_16": -1.8261058901747063, "selection_16": 0, "shapley_value_17": -1.8391590673815121, "selection_17": 0, "shapley_value_18": -1.829882512489955, "selection_18": 0, "shapley_value_19": -1.8200005781319406, "selection_19": 0, "shapley_value_20": -1.8437691753109298, "selection_20": 0, "shapley_value_21": -1.8379583165049553, "selection_21": 0, "shapley_value_22": -1.8433204288283984, "selection_22": 0, "shapley_value_23": -1.8325295080741246, "selection_23": 0, "shapley_value_24": -1.8482174106218199, "selection_24": 0, "shapley_value_25": -1.8479785626685172, "selection_25": 0, "shapley_value_26": -1.8491112258699205, "selection_26": 0, "shapley_value_27": -1.8485651016235352, "selection_27": 0, "shapley_value_28": -1.8636616530517736, "selection_28": 0, "shapley_value_29": -1.847625888529278, "selection_29": 0, "shapley_value_30": -1.8365822931130729, "selection_30": 0, "shapley_value_31": -1.837374923484666, "selection_31": 0, "shapley_value_32": -1.855696145031187, "selection_32": 0, "shapley_value_33": -1.8684880692097874, "selection_33": 0, "shapley_value_34": -1.8653474491503503, "selection_34": 0, "shapley_value_35": -1.8613112966219585, "selection_35": 0, "shapley_value_36": -1.876993032296499, "selection_36": 0, "shapley_value_37": -1.8801098058621086, "selection_37": 0, "shapley_value_38": -1.8696652114391328, "selection_38": 0, "shapley_value_39": -1.883610604206721, "selection_39": 0, "_timestamp": 1687991640.3070333, "_runtime": 362.08700227737427, "_step": 99, "_wandb": {"runtime": 360}}