{"accuracy": 0.9339999556541443, "val_loss": 0.23501543700695038, "test_loss": 0.2205331027507782, "_timestamp": 1688026137.8844604, "_runtime": 143.2873034477234, "_step": 99, "_wandb": {"runtime": 141}}