{"accuracy": 0.5026000142097473, "val_loss": 1.3737752437591553, "test_loss": 1.38487708568573, "_timestamp": 1688034719.4013426, "_runtime": 144.8137345314026, "_step": 99, "_wandb": {"runtime": 143}}