{"accuracy": 0.821279764175415, "val_loss": 0.5473108887672424, "test_loss": 0.5484746098518372, "_timestamp": 1687972911.5679965, "_runtime": 82.41762852668762, "_step": 99, "_wandb": {"runtime": 80}}