{"accuracy": 0.9365999698638916, "val_loss": 0.2294345200061798, "test_loss": 0.21560883522033691, "shapley_value_0": -1.8128538894511408, "selection_0": 1, "shapley_value_1": -1.7971717692338507, "selection_1": 0, "shapley_value_2": -1.8085299343580292, "selection_2": 0, "shapley_value_3": -1.7956368533464582, "selection_3": 0, "shapley_value_4": -1.7995063335531283, "selection_4": 0, "shapley_value_5": -1.8125174244244893, "selection_5": 0, "shapley_value_6": -1.814293371561246, "selection_6": 0, "shapley_value_7": -1.8030212326691701, "selection_7": 0, "shapley_value_8": -1.8066149192551773, "selection_8": 0, "shapley_value_9": -1.812656905502081, "selection_9": 0, "shapley_value_10": -1.8065321387516127, "selection_10": 0, "shapley_value_11": -1.8130562188369888, "selection_11": 1, "shapley_value_12": -1.8197661000821324, "selection_12": 1, "shapley_value_13": -1.8129374900689492, "selection_13": 0, "shapley_value_14": -1.7977955478888292, "selection_14": 0, "shapley_value_15": -1.8146940805017946, "selection_15": 0, "shapley_value_16": -1.817361476711738, "selection_16": 1, "shapley_value_17": -1.8141838298602542, "selection_17": 0, "shapley_value_18": -1.8240450421969094, "selection_18": 0, "shapley_value_19": -1.8107544364351214, "selection_19": 0, "shapley_value_20": -1.8226590543985366, "selection_20": 0, "shapley_value_21": -1.8148255889614422, "selection_21": 0, "shapley_value_22": -1.8121574625372887, "selection_22": 0, "shapley_value_23": -1.8196054607629777, "selection_23": 0, "shapley_value_24": -1.81870841924791, "selection_24": 0, "shapley_value_25": -1.8287216391828325, "selection_25": 0, "shapley_value_26": -1.8260407381587562, "selection_26": 0, "shapley_value_27": -1.8313877306602615, "selection_27": 0, "shapley_value_28": -1.8158890711409708, "selection_28": 0, "shapley_value_29": -1.822258018312, "selection_29": 0, "shapley_value_30": -1.8210079513844992, "selection_30": 0, "shapley_value_31": -1.8400904449323812, "selection_31": 0, "shapley_value_32": -1.8440040921171506, "selection_32": 0, "shapley_value_33": -1.8415889557864926, "selection_33": 0, "shapley_value_34": -1.8460115566849706, "selection_34": 0, "shapley_value_35": -1.8411675426695087, "selection_35": 0, "shapley_value_36": -1.8509788235028588, "selection_36": 0, "shapley_value_37": -1.850761807958285, "selection_37": 0, "shapley_value_38": -1.8501235336065291, "selection_38": 0, "shapley_value_39": -1.8620292872190483, "selection_39": 0, "_timestamp": 1688021434.2410178, "_runtime": 86.16342782974243, "_step": 99, "_wandb": {"runtime": 84}}