{"accuracy": 0.09719999879598618, "val_loss": 11.939902305603027, "test_loss": 12.055035591125488, "shapley_value_0": -1.5138942102591193, "selection_0": 0, "shapley_value_1": 10.922070674053057, "selection_1": 1, "shapley_value_2": 0.2628078858057652, "selection_2": 0, "shapley_value_3": -0.12914152940114398, "selection_3": 0, "shapley_value_4": -2.3848253687222787, "selection_4": 0, "shapley_value_5": -0.5140807976325346, "selection_5": 0, "shapley_value_6": -4.0000158945719395, "selection_6": 0, "shapley_value_7": 0.7834785183270769, "selection_7": 0, "shapley_value_8": 0.8185326655705776, "selection_8": 0, "shapley_value_9": 0.8546396692593881, "selection_9": 0, "shapley_value_10": -2.2428952952226, "selection_10": 0, "shapley_value_11": -2.5265970759921608, "selection_11": 0, "shapley_value_12": -9.217443436384205, "selection_12": 0, "shapley_value_13": -7.169581562280657, "selection_13": 0, "shapley_value_14": -2.2346809208393097, "selection_14": 0, "shapley_value_15": 0.22531203428904245, "selection_15": 0, "shapley_value_16": 10.039121492924515, "selection_16": 1, "shapley_value_17": -1.6229749719301867, "selection_17": 0, "shapley_value_18": 10.48725931489909, "selection_18": 1, "shapley_value_19": -2.8108742634455375, "selection_19": 0, "shapley_value_20": 0.3212489386399584, "selection_20": 0, "shapley_value_21": 0.016527930895487764, "selection_21": 0, "shapley_value_22": -4.243795345226925, "selection_22": 0, "shapley_value_23": -0.8545140425364179, "selection_23": 0, "shapley_value_24": -3.0352435906728115, "selection_24": 0, "shapley_value_25": -1.7500391602516174, "selection_25": 0, "shapley_value_26": 0.10281721750895256, "selection_26": 0, "shapley_value_27": 0.8688073356946306, "selection_27": 0, "shapley_value_28": -2.713945349057515, "selection_28": 0, "shapley_value_29": -7.051338354746497, "selection_29": 0, "shapley_value_30": -0.5309471189975745, "selection_30": 0, "shapley_value_31": 0.08706710735956769, "selection_31": 0, "shapley_value_32": 0.11071008443832442, "selection_32": 0, "shapley_value_33": 0.13891788323720178, "selection_33": 0, "shapley_value_34": 0.6927819252014142, "selection_34": 0, "shapley_value_35": -5.362214267253876, "selection_35": 0, "shapley_value_36": 1.2168593167785626, "selection_36": 1, "shapley_value_37": 0.1587049961090088, "selection_37": 0, "shapley_value_38": -2.593848135736254, "selection_38": 0, "shapley_value_39": 11.275244991930704, "selection_39": 1, "shapley_value_40": -0.6098796327908826, "selection_40": 0, "shapley_value_41": -1.7704850832621268, "selection_41": 0, "shapley_value_42": 0.023038645585378603, "selection_42": 0, "shapley_value_43": -0.2458066145579032, "selection_43": 0, "shapley_value_44": 1.1029527963153904, "selection_44": 0, "shapley_value_45": -2.4158686995506278, "selection_45": 0, "shapley_value_46": -9.31892931461334, "selection_46": 0, "shapley_value_47": -2.656030058860779, "selection_47": 0, "shapley_value_48": -1.371873378753662, "selection_48": 0, "shapley_value_49": -4.479425559441248, "selection_49": 0, "_timestamp": 1688379788.1603239, "_runtime": 110.74066591262817, "_step": 99, "_wandb": {"runtime": 109}}