{"accuracy": 0.4551999866962433, "val_loss": 1.5135821104049683, "test_loss": 1.5442527532577515, "_timestamp": 1687964913.4944613, "_runtime": 83.11608719825745, "_step": 99, "_wandb": {"runtime": 81}}