{"accuracy": 0.9351999759674072, "val_loss": 0.23177099227905273, "test_loss": 0.2174714058637619, "_timestamp": 1688024130.2317693, "_runtime": 82.93579626083374, "_step": 99, "_wandb": {"runtime": 81}}