{"loss": 0.2662879526615143, "accuracy": 0.9221999645233154, "average_active_clients": 2.0, "client_values_0": -0.005745355039834976, "client_values_1": -0.023593105375766754, "client_values_2": -0.061470162123441696, "client_values_3": -0.05305905267596245, "client_values_4": 0.016733892261981964, "client_values_5": -0.015477903187274933, "client_values_6": -0.11871011555194855, "client_values_7": -0.013081837445497513, "client_values_8": -0.032225653529167175, "client_values_9": -0.02383560687303543, "client_values_10": 0.08717162907123566, "client_values_11": 0.10603897273540497, "client_values_12": 0.1865352988243103, "client_values_13": 0.06155334785580635, "client_values_14": 0.030137090012431145, "client_values_15": 0.04646232724189758, "client_values_16": 0.04245063289999962, "client_values_17": 0.06536950170993805, "client_values_18": 0.030127473175525665, "client_values_19": 0.06205829232931137, "_timestamp": 1687263166.4539742, "_runtime": 85.28333330154419, "_step": 99, "_wandb": {"runtime": 83}}