{"accuracy": 0.5069999694824219, "val_loss": 1.365399956703186, "test_loss": 1.3834894895553589, "shapley_value_0": -0.7095018852324715, "selection_0": 0, "shapley_value_1": -0.6951348091426649, "selection_1": 0, "shapley_value_2": -0.7173887576375687, "selection_2": 0, "shapley_value_3": -0.7063667346269658, "selection_3": 0, "shapley_value_4": -0.7250849207242331, "selection_4": 0, "shapley_value_5": -0.7218874754049838, "selection_5": 1, "shapley_value_6": -0.7105926937527128, "selection_6": 0, "shapley_value_7": -0.7237073580423993, "selection_7": 0, "shapley_value_8": -0.7113511794143252, "selection_8": 0, "shapley_value_9": -0.7094413412941823, "selection_9": 0, "shapley_value_10": -0.7201786988820786, "selection_10": 1, "shapley_value_11": -0.7221099171373577, "selection_11": 1, "shapley_value_12": -0.7108068891933986, "selection_12": 0, "shapley_value_13": -0.7195338950012669, "selection_13": 0, "shapley_value_14": -0.7139433291223315, "selection_14": 0, "shapley_value_15": -0.7248037815093996, "selection_15": 0, "shapley_value_16": -0.7180266330639522, "selection_16": 0, "shapley_value_17": -0.7221971154212952, "selection_17": 0, "shapley_value_18": -0.7421509336542201, "selection_18": 0, "shapley_value_19": -0.7133373651239608, "selection_19": 0, "shapley_value_20": -0.7444207618633909, "selection_20": 1, "shapley_value_21": -0.719835983382331, "selection_21": 0, "shapley_value_22": -0.736955925822258, "selection_22": 0, "shapley_value_23": -0.7104774041053576, "selection_23": 0, "shapley_value_24": -0.721094424525897, "selection_24": 0, "shapley_value_25": -0.7292633630611279, "selection_25": 0, "shapley_value_26": -0.7337937531647856, "selection_26": 0, "shapley_value_27": -0.7241902828216551, "selection_27": 0, "shapley_value_28": -0.7221972892681758, "selection_28": 0, "shapley_value_29": -0.7303100483758106, "selection_29": 0, "shapley_value_30": -0.7416159162918727, "selection_30": 0, "shapley_value_31": -0.7198989341656367, "selection_31": 0, "shapley_value_32": -0.7405878782272338, "selection_32": 0, "shapley_value_33": -0.7312823732693993, "selection_33": 0, "shapley_value_34": -0.7400350901815628, "selection_34": 0, "shapley_value_35": -0.7545707159572178, "selection_35": 0, "shapley_value_36": -0.7382035719023811, "selection_36": 0, "shapley_value_37": -0.7476002971331277, "selection_37": 0, "shapley_value_38": -0.7317307733354116, "selection_38": 0, "shapley_value_39": -0.7354913949966433, "selection_39": 0, "_timestamp": 1688029313.755938, "_runtime": 101.4895429611206, "_step": 99, "_wandb": {"runtime": 100}}