{"loss": 0.2911418676376343, "accuracy": 0.91839998960495, "average_active_clients": 3.845, "_timestamp": 1686668139.7611885, "_runtime": 37.151973485946655, "_step": 399, "_wandb": {"runtime": 35}}