{"accuracy": 0.1289999932050705, "val_loss": 2.9915826320648193, "test_loss": 3.024637460708618, "_timestamp": 1688399708.7382, "_runtime": 95.2946949005127, "_step": 99, "_wandb": {"runtime": 93}}