{"accuracy": 0.12439999729394913, "val_loss": 3.590860605239868, "test_loss": 3.6246278285980225, "_timestamp": 1688408999.516064, "_runtime": 147.87299489974976, "_step": 99, "_wandb": {"runtime": 146}}