{"accuracy": 0.09699999541044235, "val_loss": 12.562812805175781, "test_loss": 12.726396560668945, "shapley_value_0": -2.5934342543284092, "selection_0": 0, "shapley_value_1": -3.478131135304768, "selection_1": 0, "shapley_value_2": 9.728931610375804, "selection_2": 1, "shapley_value_3": -0.07294106483459384, "selection_3": 0, "shapley_value_4": -2.7728410363197327, "selection_4": 0, "shapley_value_5": 9.325013666241261, "selection_5": 1, "shapley_value_6": -4.413243254025776, "selection_6": 0, "shapley_value_7": 9.039698887754367, "selection_7": 1, "shapley_value_8": -4.342138389746348, "selection_8": 0, "shapley_value_9": 0.295337557792662, "selection_9": 0, "shapley_value_10": -3.76892258723577, "selection_10": 0, "shapley_value_11": -2.567215055227281, "selection_11": 0, "shapley_value_12": -4.668321897586186, "selection_12": 0, "shapley_value_13": -4.452630201975504, "selection_13": 0, "shapley_value_14": -5.0270068248112985, "selection_14": 0, "shapley_value_15": 0.2668570677439366, "selection_15": 0, "shapley_value_16": 0.28041986624399795, "selection_16": 0, "shapley_value_17": -0.22308375438054373, "selection_17": 0, "shapley_value_18": -0.08255709211031581, "selection_18": 0, "shapley_value_19": -3.3009702761967983, "selection_19": 0, "shapley_value_20": 0.026541332403819506, "selection_20": 0, "shapley_value_21": -0.1406299074490862, "selection_21": 0, "shapley_value_22": -3.567802806695301, "selection_22": 0, "shapley_value_23": -0.6786765654881819, "selection_23": 0, "shapley_value_24": -4.853984236717224, "selection_24": 0, "shapley_value_25": -1.5712857842445374, "selection_25": 0, "shapley_value_26": -0.17246083418528269, "selection_26": 0, "shapley_value_27": -3.138281653324763, "selection_27": 0, "shapley_value_28": -1.948331673940022, "selection_28": 0, "shapley_value_29": -3.5382807056109105, "selection_29": 0, "shapley_value_30": -0.36831551790237405, "selection_30": 0, "shapley_value_31": -1.8805814517868893, "selection_31": 0, "shapley_value_32": 0.4113134841124215, "selection_32": 0, "shapley_value_33": -0.07521639267603497, "selection_33": 0, "shapley_value_34": -2.7416706581910457, "selection_34": 0, "shapley_value_35": -5.148461043834686, "selection_35": 0, "shapley_value_36": 3.3159731034879325, "selection_36": 1, "shapley_value_37": 0.13129474719365408, "selection_37": 0, "shapley_value_38": -2.945655852556228, "selection_38": 0, "shapley_value_39": -1.1865846216678615, "selection_39": 0, "shapley_value_40": -0.5421278079350786, "selection_40": 0, "shapley_value_41": -2.0400487581888838, "selection_41": 0, "shapley_value_42": 0.0889971653620405, "selection_42": 0, "shapley_value_43": -0.17067970832188983, "selection_43": 0, "shapley_value_44": 8.484755583916716, "selection_44": 1, "shapley_value_45": -2.283433596293132, "selection_45": 0, "shapley_value_46": -0.029115706682204756, "selection_46": 0, "shapley_value_47": 0.1544991532961526, "selection_47": 0, "shapley_value_48": -2.313408176104227, "selection_48": 0, "shapley_value_49": 0.35766169759962335, "selection_49": 0, "_timestamp": 1688380527.0069294, "_runtime": 100.42304039001465, "_step": 99, "_wandb": {"runtime": 98}}