{"loss": 2.1422007083892822, "accuracy": 0.47759997844696045, "average_active_clients": 10.0, "_timestamp": 1686918165.4790378, "_runtime": 151.91389870643616, "_step": 399, "_wandb": {"runtime": 150}}