{"accuracy": 0.14219999313354492, "val_loss": 4.276659965515137, "test_loss": 4.3377532958984375, "_timestamp": 1688406284.2056901, "_runtime": 142.8159420490265, "_step": 99, "_wandb": {"runtime": 141}}