{"accuracy": 0.9265999794006348, "val_loss": 0.26405784487724304, "test_loss": 0.24424579739570618, "shapley_value_0": -1.9441604592182016, "selection_0": 0, "shapley_value_1": -1.546603484079242, "selection_1": 0, "shapley_value_2": -2.0151997685432437, "selection_2": 0, "shapley_value_3": -1.8383513622813759, "selection_3": 0, "shapley_value_4": -2.003915041685105, "selection_4": 0, "shapley_value_5": -2.0014220497437885, "selection_5": 0, "shapley_value_6": -1.856350824788765, "selection_6": 1, "shapley_value_7": -1.879736932118734, "selection_7": 0, "shapley_value_8": -1.9340543548266098, "selection_8": 0, "shapley_value_9": -1.9138011890980928, "selection_9": 0, "shapley_value_10": -1.7164350271224975, "selection_10": 0, "shapley_value_11": -1.6875760264885729, "selection_11": 0, "shapley_value_12": -1.6821009119351709, "selection_12": 0, "shapley_value_13": -1.8695086439450586, "selection_13": 0, "shapley_value_14": -1.8713418060824982, "selection_14": 0, "shapley_value_15": -1.7640426918154675, "selection_15": 0, "shapley_value_16": -1.543837311367194, "selection_16": 0, "shapley_value_17": -1.7220591022854759, "selection_17": 0, "shapley_value_18": -2.0976642116352364, "selection_18": 0, "shapley_value_19": -1.6530675355232125, "selection_19": 0, "shapley_value_20": -1.9359188399933, "selection_20": 0, "shapley_value_21": -1.447671154141426, "selection_21": 0, "shapley_value_22": -1.8793894002834957, "selection_22": 0, "shapley_value_23": -1.9097385217746097, "selection_23": 0, "shapley_value_24": -1.8197149882713954, "selection_24": 0, "shapley_value_25": -1.928602640117918, "selection_25": 0, "shapley_value_26": -2.1081944803396864, "selection_26": 0, "shapley_value_27": -1.9200606842835743, "selection_27": 0, "shapley_value_28": -1.4549533497719536, "selection_28": 0, "shapley_value_29": -1.7160531061666982, "selection_29": 0, "shapley_value_30": -1.80772179585916, "selection_30": 1, "shapley_value_31": -1.969059387842814, "selection_31": 0, "shapley_value_32": -1.4631954715365456, "selection_32": 1, "shapley_value_33": -1.8128404972099124, "selection_33": 0, "shapley_value_34": -1.8049267386948624, "selection_34": 0, "shapley_value_35": -1.8424029208364938, "selection_35": 0, "shapley_value_36": -1.9510293056567507, "selection_36": 0, "shapley_value_37": -1.7789547831723183, "selection_37": 0, "shapley_value_38": -1.8227883756160732, "selection_38": 1, "shapley_value_39": -2.049920520612172, "selection_39": 0, "_timestamp": 1687991880.0384507, "_runtime": 78.98533582687378, "_step": 99, "_wandb": {"runtime": 77}}