{"accuracy": 0.9303999543190002, "val_loss": 0.2667402923107147, "test_loss": 0.24194692075252533, "_timestamp": 1687993086.2122471, "_runtime": 78.53589105606079, "_step": 99, "_wandb": {"runtime": 76}}