{"accuracy": 0.10239999741315842, "val_loss": 3.56575870513916, "test_loss": 3.5783870220184326, "_timestamp": 1688400433.4562967, "_runtime": 94.96640968322754, "_step": 99, "_wandb": {"runtime": 93}}