{"accuracy": 0.9289999604225159, "val_loss": 0.26629552245140076, "test_loss": 0.25322017073631287, "shapley_value_0": 0.07348385572433472, "selection_0": 0, "shapley_value_1": 0.0015114402770996093, "selection_1": 0, "shapley_value_2": 0.001002378463745117, "selection_2": 0, "shapley_value_3": 0.001627955436706543, "selection_3": 0, "shapley_value_4": 0.0019920539855957033, "selection_4": 0, "shapley_value_5": 0.0017115402221679688, "selection_5": 0, "shapley_value_6": 0.002005610466003418, "selection_6": 0, "shapley_value_7": 0.001501049995422363, "selection_7": 0, "shapley_value_8": 0.00042615413665771486, "selection_8": 0, "shapley_value_9": 0.001119952201843262, "selection_9": 0, "shapley_value_10": 0.0022479724884033204, "selection_10": 0, "shapley_value_11": 0.005300011634826662, "selection_11": 0, "shapley_value_12": 0.04697239756584168, "selection_12": 0, "shapley_value_13": 0.0031756210327148443, "selection_13": 0, "shapley_value_14": 0.007384004592895509, "selection_14": 0, "shapley_value_15": 0.07390358209609986, "selection_15": 0, "shapley_value_16": 0.004230017662048341, "selection_16": 0, "shapley_value_17": 0.006053805351257324, "selection_17": 0, "shapley_value_18": 0.0023886394500732427, "selection_18": 0, "shapley_value_19": -8.189050774825246e-05, "selection_19": 0, "shapley_value_20": 0.007593865394592283, "selection_20": 0, "shapley_value_21": 0.008029961585998538, "selection_21": 0, "shapley_value_22": 0.0071790838241577145, "selection_22": 0, "shapley_value_23": 0.007909092903137205, "selection_23": 0, "shapley_value_24": 0.0033306503295898442, "selection_24": 0, "shapley_value_25": 0.0047247171401977525, "selection_25": 0, "shapley_value_26": 0.005974035263061523, "selection_26": 0, "shapley_value_27": 0.005897970199584961, "selection_27": 0, "shapley_value_28": 0.00740270137786865, "selection_28": 0, "shapley_value_29": 0.007154064178466798, "selection_29": 0, "shapley_value_30": -0.00013745458502518502, "selection_30": 0, "shapley_value_31": 0.011590828895568847, "selection_31": 0, "shapley_value_32": 0.18466628973300642, "selection_32": 0, "shapley_value_33": 0.024365568161010744, "selection_33": 0, "shapley_value_34": 0.020727100372314452, "selection_34": 0, "shapley_value_35": 0.013604254722595214, "selection_35": 0, "shapley_value_36": 0.008707723617553714, "selection_36": 0, "shapley_value_37": 0.060896631479263295, "selection_37": 0, "shapley_value_38": 0.013714933395385742, "selection_38": 0, "shapley_value_39": 0.016175599098205568, "selection_39": 0, "shapley_value_40": 0.014059824943542479, "selection_40": 0, "shapley_value_41": 0.07474642634391784, "selection_41": 0, "shapley_value_42": 0.0274660062789917, "selection_42": 0, "shapley_value_43": 0.023929390907287594, "selection_43": 0, "shapley_value_44": 0.18598398792743684, "selection_44": 1, "shapley_value_45": 0.024450883865356446, "selection_45": 0, "shapley_value_46": 0.017990150451660157, "selection_46": 0, "shapley_value_47": 0.02921804428100586, "selection_47": 0, "shapley_value_48": 0.21110922813415525, "selection_48": 1, "shapley_value_49": 0.07667736887931825, "selection_49": 0, "shapley_value_50": -0.0010686108940526058, "selection_50": 0, "shapley_value_51": 0.031387672424316414, "selection_51": 0, "shapley_value_52": 0.06898164212703704, "selection_52": 0, "shapley_value_53": 0.22521586866332938, "selection_53": 1, "shapley_value_54": 0.015555648803710942, "selection_54": 0, "shapley_value_55": 0.023389558792114257, "selection_55": 0, "shapley_value_56": 0.08062220692634585, "selection_56": 0, "shapley_value_57": 0.11264948204159736, "selection_57": 0, "shapley_value_58": 0.023474855422973628, "selection_58": 0, "shapley_value_59": 0.21497942536014114, "selection_59": 0, "shapley_value_60": 0.09078395307064058, "selection_60": 0, "shapley_value_61": 0.2533733910073836, "selection_61": 1, "shapley_value_62": 0.2247750019686562, "selection_62": 1, "shapley_value_63": 0.08237101048231124, "selection_63": 0, "shapley_value_64": 0.17316378759013282, "selection_64": 0, "shapley_value_65": 0.22158953655511138, "selection_65": 1, "shapley_value_66": 0.13064041778445246, "selection_66": 0, "shapley_value_67": 0.11460776487986246, "selection_67": 0, "shapley_value_68": 0.07522927105426787, "selection_68": 0, "shapley_value_69": 0.025066945552825928, "selection_69": 0, "shapley_value_70": 0.16176773369312286, "selection_70": 0, "shapley_value_71": 0.15996243208646774, "selection_71": 0, "shapley_value_72": 0.21205814366437953, "selection_72": 0, "shapley_value_73": 0.22156671621181348, "selection_73": 0, "shapley_value_74": 0.018092226982116703, "selection_74": 0, "shapley_value_75": -0.00018434775503058183, "selection_75": 0, "shapley_value_76": 0.17013868095486928, "selection_76": 0, "shapley_value_77": 0.1888598680123687, "selection_77": 0, "shapley_value_78": 0.16190361661570415, "selection_78": 0, "shapley_value_79": -0.0012748617874948603, "selection_79": 0, "shapley_value_80": 0.21556764724497698, "selection_80": 0, "shapley_value_81": 0.166863901540637, "selection_81": 0, "shapley_value_82": 0.18960541714640225, "selection_82": 0, "shapley_value_83": 0.20096982238867023, "selection_83": 0, "shapley_value_84": 0.13161690723896027, "selection_84": 0, "shapley_value_85": 0.16882444699605306, "selection_85": 0, "shapley_value_86": 0.25051411967724563, "selection_86": 1, "shapley_value_87": 0.18263559033473334, "selection_87": 0, "shapley_value_88": 0.1619079445089613, "selection_88": 0, "shapley_value_89": 0.17417337316274645, "selection_89": 0, "shapley_value_90": 0.13512870267033575, "selection_90": 0, "shapley_value_91": 0.20918269252235236, "selection_91": 0, "shapley_value_92": 0.2271634727313712, "selection_92": 1, "shapley_value_93": 0.18412363344789448, "selection_93": 0, "shapley_value_94": 0.0699902367591858, "selection_94": 0, "shapley_value_95": 0.22909245981929013, "selection_95": 1, "shapley_value_96": 0.21588920849434864, "selection_96": 1, "shapley_value_97": 0.17750938653945925, "selection_97": 0, "shapley_value_98": 0.12987845420837402, "selection_98": 0, "shapley_value_99": -0.0005272156313845986, "selection_99": 0, "_timestamp": 1687913414.2922783, "_runtime": 300.38998532295227, "_step": 99, "_wandb": {"runtime": 298}}