{"accuracy": 0.4423999786376953, "val_loss": 1.5348690748214722, "test_loss": 1.5475999116897583, "_timestamp": 1687967143.5528553, "_runtime": 128.35193419456482, "_step": 99, "_wandb": {"runtime": 126}}