{"accuracy": 0.13099999725818634, "val_loss": 4.192809581756592, "test_loss": 4.265617370605469, "shapley_value_0": 0.16420829296112074, "selection_0": 0, "shapley_value_1": 6.677066486303497, "selection_1": 1, "shapley_value_2": 0.28425347805023155, "selection_2": 0, "shapley_value_3": -0.18096172561248136, "selection_3": 0, "shapley_value_4": -3.8664758271641197, "selection_4": 0, "shapley_value_5": 1.8879474848508842, "selection_5": 0, "shapley_value_6": -1.5901024838288627, "selection_6": 0, "shapley_value_7": 2.2606607139110557, "selection_7": 0, "shapley_value_8": -0.9380502859751385, "selection_8": 0, "shapley_value_9": -4.225082536538442, "selection_9": 0, "shapley_value_10": -1.1571137666702278, "selection_10": 0, "shapley_value_11": -2.6366908815171985, "selection_11": 0, "shapley_value_12": -5.308661565184593, "selection_12": 0, "shapley_value_13": -2.7790861792034574, "selection_13": 0, "shapley_value_14": -6.63785706460476, "selection_14": 0, "shapley_value_15": -1.5449374417463944, "selection_15": 0, "shapley_value_16": 6.564686715602874, "selection_16": 1, "shapley_value_17": 0.7058087646961215, "selection_17": 0, "shapley_value_18": 6.6959110352964615, "selection_18": 1, "shapley_value_19": -4.634476754400467, "selection_19": 0, "shapley_value_20": 0.6109400306429181, "selection_20": 0, "shapley_value_21": -0.6180847996757144, "selection_21": 0, "shapley_value_22": -0.42607910235722884, "selection_22": 0, "shapley_value_23": -4.651677479346593, "selection_23": 0, "shapley_value_24": -5.8337417642275495, "selection_24": 0, "shapley_value_25": -5.629341835776965, "selection_25": 0, "shapley_value_26": -3.820943554242452, "selection_26": 0, "shapley_value_27": 2.7150128700516434, "selection_27": 0, "shapley_value_28": -0.5834905743598938, "selection_28": 0, "shapley_value_29": -1.7610206951697667, "selection_29": 0, "shapley_value_30": 1.0540369417932303, "selection_30": 0, "shapley_value_31": -2.4012461622556054, "selection_31": 0, "shapley_value_32": -0.6205782095591227, "selection_32": 0, "shapley_value_33": -1.1857835678827182, "selection_33": 0, "shapley_value_34": -0.9515022767914673, "selection_34": 0, "shapley_value_35": -6.012626389662424, "selection_35": 0, "shapley_value_36": 4.40604662611371, "selection_36": 0, "shapley_value_37": -1.1548581151735224, "selection_37": 0, "shapley_value_38": -0.6836889849768747, "selection_38": 0, "shapley_value_39": 6.685187138141471, "selection_39": 1, "shapley_value_40": -4.075145467122396, "selection_40": 0, "shapley_value_41": -3.208347217241922, "selection_41": 0, "shapley_value_42": 0.17717662453651398, "selection_42": 0, "shapley_value_43": 0.15213734353030162, "selection_43": 1, "shapley_value_44": 3.7973194234073158, "selection_44": 0, "shapley_value_45": -5.22521895567576, "selection_45": 0, "shapley_value_46": -1.9056118925412504, "selection_46": 0, "shapley_value_47": -1.7689215838909143, "selection_47": 0, "shapley_value_48": -3.5349813540776567, "selection_48": 0, "shapley_value_49": 0.16590256740649512, "selection_49": 0, "_timestamp": 1688383538.9089372, "_runtime": 110.3224732875824, "_step": 99, "_wandb": {"runtime": 108}}