{"accuracy": 0.47759997844696045, "val_loss": 1.4448026418685913, "test_loss": 1.448726773262024, "_timestamp": 1687964553.8523517, "_runtime": 83.2674777507782, "_step": 99, "_wandb": {"runtime": 81}}