{"accuracy": 0.382999986410141, "val_loss": 1.951017141342163, "test_loss": 1.9788371324539185, "shapley_value_0": -0.7485976219177245, "selection_0": 1, "shapley_value_1": -0.4202818514286787, "selection_1": 0, "shapley_value_2": -1.2437319556872042, "selection_2": 0, "shapley_value_3": -0.5715266466140749, "selection_3": 0, "shapley_value_4": -0.5054513348473443, "selection_4": 0, "shapley_value_5": -0.572805225849151, "selection_5": 0, "shapley_value_6": -0.7322937117682565, "selection_6": 0, "shapley_value_7": -1.0741020705964834, "selection_7": 0, "shapley_value_8": -0.8896553781297475, "selection_8": 0, "shapley_value_9": -0.6988757848739627, "selection_9": 0, "shapley_value_10": -1.00119411945343, "selection_10": 0, "shapley_value_11": -0.6197774012883501, "selection_11": 0, "shapley_value_12": -0.5859166383743287, "selection_12": 0, "shapley_value_13": -0.6490125769660587, "selection_13": 0, "shapley_value_14": -0.6443561613559723, "selection_14": 0, "shapley_value_15": -0.794997771581015, "selection_15": 0, "shapley_value_16": -0.7928408583005271, "selection_16": 0, "shapley_value_17": -1.431680381298065, "selection_17": 0, "shapley_value_18": -0.8962078690528874, "selection_18": 0, "shapley_value_19": -0.5156085987885796, "selection_19": 0, "shapley_value_20": -0.6157671014467876, "selection_20": 0, "shapley_value_21": -0.27516796853807246, "selection_21": 1, "shapley_value_22": -0.4452679501639471, "selection_22": 0, "shapley_value_23": -0.6559945742289226, "selection_23": 0, "shapley_value_24": -0.4802690029144287, "selection_24": 0, "shapley_value_25": -1.0148787498474123, "selection_25": 0, "shapley_value_26": -1.2869986494382224, "selection_26": 0, "shapley_value_27": -0.46311545088177636, "selection_27": 0, "shapley_value_28": -0.23832952976226793, "selection_28": 1, "shapley_value_29": -1.5010485251744585, "selection_29": 0, "shapley_value_30": -0.4637647100857326, "selection_30": 0, "shapley_value_31": -0.7379772663116446, "selection_31": 0, "shapley_value_32": 0.2597127290276006, "selection_32": 1, "shapley_value_33": -0.5012370877795748, "selection_33": 0, "shapley_value_34": -0.6036190191904707, "selection_34": 0, "shapley_value_35": -0.9058760007222495, "selection_35": 0, "shapley_value_36": -0.5648198525110886, "selection_36": 0, "shapley_value_37": -0.5082712809244792, "selection_37": 0, "shapley_value_38": -0.4750111818313602, "selection_38": 0, "shapley_value_39": -0.9587714473406475, "selection_39": 0, "_timestamp": 1687960389.1680558, "_runtime": 95.81775283813477, "_step": 99, "_wandb": {"runtime": 94}}