{"accuracy": 0.09699999541044235, "val_loss": 12.683894157409668, "test_loss": 12.838655471801758, "shapley_value_0": -1.6833084623018901, "selection_0": 0, "shapley_value_1": -0.3509479959805806, "selection_1": 0, "shapley_value_2": 9.708526140451434, "selection_2": 1, "shapley_value_3": -0.44846880435943515, "selection_3": 0, "shapley_value_4": -1.9614365498224906, "selection_4": 0, "shapley_value_5": 9.115539186972159, "selection_5": 1, "shapley_value_6": -1.282627602418264, "selection_6": 0, "shapley_value_7": 8.79380929514214, "selection_7": 1, "shapley_value_8": -2.508198479811351, "selection_8": 0, "shapley_value_9": 0.1758175492286682, "selection_9": 0, "shapley_value_10": -3.10705338915189, "selection_10": 0, "shapley_value_11": -2.718920260667801, "selection_11": 0, "shapley_value_12": -5.788578758637109, "selection_12": 0, "shapley_value_13": -4.850206285715105, "selection_13": 0, "shapley_value_14": -4.981552958488464, "selection_14": 0, "shapley_value_15": 0.022682269414265654, "selection_15": 0, "shapley_value_16": 0.18690340965986252, "selection_16": 0, "shapley_value_17": -2.4535874724388127, "selection_17": 0, "shapley_value_18": 0.20244605011410233, "selection_18": 0, "shapley_value_19": -2.1798804203669206, "selection_19": 0, "shapley_value_20": -0.23162764973110672, "selection_20": 0, "shapley_value_21": 0.05595775445302298, "selection_21": 0, "shapley_value_22": -1.8621420462926237, "selection_22": 0, "shapley_value_23": -0.18025575081507128, "selection_23": 0, "shapley_value_24": -5.329210122426349, "selection_24": 0, "shapley_value_25": -1.9182279706001282, "selection_25": 0, "shapley_value_26": -0.07782886425654167, "selection_26": 0, "shapley_value_27": -4.397528499364853, "selection_27": 0, "shapley_value_28": -1.5453176995118447, "selection_28": 0, "shapley_value_29": -3.2535332838694266, "selection_29": 0, "shapley_value_30": -0.5937597254912057, "selection_30": 0, "shapley_value_31": 0.0511112610499076, "selection_31": 0, "shapley_value_32": -0.7480778396129608, "selection_32": 0, "shapley_value_33": -0.07984222968419452, "selection_33": 0, "shapley_value_34": -2.8880474865436545, "selection_34": 0, "shapley_value_35": -5.532002349694569, "selection_35": 0, "shapley_value_36": 3.848479768950425, "selection_36": 1, "shapley_value_37": 0.18078873554865638, "selection_37": 0, "shapley_value_38": -2.675630132357279, "selection_38": 0, "shapley_value_39": -0.7361894845962524, "selection_39": 0, "shapley_value_40": -0.4837807218233743, "selection_40": 0, "shapley_value_41": -2.598994702100754, "selection_41": 0, "shapley_value_42": -0.0970919132232666, "selection_42": 0, "shapley_value_43": -0.22201112906138043, "selection_43": 0, "shapley_value_44": 8.42597973324386, "selection_44": 1, "shapley_value_45": -2.396916290124256, "selection_45": 0, "shapley_value_46": -3.2892719308535248, "selection_46": 0, "shapley_value_47": -0.9750960369904835, "selection_47": 0, "shapley_value_48": -1.447441716988882, "selection_48": 0, "shapley_value_49": -1.7319560348987568, "selection_49": 0, "_timestamp": 1688380317.681627, "_runtime": 96.92408609390259, "_step": 99, "_wandb": {"runtime": 95}}