{"accuracy": 0.45399999618530273, "val_loss": 1.490585207939148, "test_loss": 1.5240098237991333, "shapley_value_0": -0.5247196952501934, "selection_0": 0, "shapley_value_1": -0.25533274147245616, "selection_1": 0, "shapley_value_2": -0.817648626509167, "selection_2": 1, "shapley_value_3": -0.7925968744136669, "selection_3": 0, "shapley_value_4": -0.8180402517318723, "selection_4": 0, "shapley_value_5": -0.5127605398495992, "selection_5": 0, "shapley_value_6": -0.958466030302502, "selection_6": 0, "shapley_value_7": -0.8450252771377567, "selection_7": 0, "shapley_value_8": -0.6925937732060751, "selection_8": 0, "shapley_value_9": -0.8358199000358583, "selection_9": 0, "shapley_value_10": -0.9464248242201629, "selection_10": 0, "shapley_value_11": -0.8827987692572852, "selection_11": 0, "shapley_value_12": -0.5902869552373884, "selection_12": 0, "shapley_value_13": -0.36966249015596175, "selection_13": 1, "shapley_value_14": -0.5617039700349171, "selection_14": 0, "shapley_value_15": -1.0408204264110996, "selection_15": 0, "shapley_value_16": -0.5709667364756265, "selection_16": 0, "shapley_value_17": -0.9099550485610963, "selection_17": 1, "shapley_value_18": -0.8481756548086801, "selection_18": 0, "shapley_value_19": -0.6213774979114531, "selection_19": 0, "shapley_value_20": -0.5479693356014433, "selection_20": 0, "shapley_value_21": -0.2567711841492425, "selection_21": 0, "shapley_value_22": -0.3967103759447733, "selection_22": 0, "shapley_value_23": -0.6999550232520472, "selection_23": 0, "shapley_value_24": -0.3654388268788654, "selection_24": 0, "shapley_value_25": -0.7042028847194851, "selection_25": 0, "shapley_value_26": -1.0951518416404726, "selection_26": 0, "shapley_value_27": -0.37376670373810655, "selection_27": 0, "shapley_value_28": -0.23052380766187414, "selection_28": 0, "shapley_value_29": -1.0278547945476713, "selection_29": 0, "shapley_value_30": -0.3500128090381622, "selection_30": 0, "shapley_value_31": -1.260341262817383, "selection_31": 0, "shapley_value_32": -0.036468748693112785, "selection_32": 0, "shapley_value_33": -0.8029135465621948, "selection_33": 0, "shapley_value_34": -0.5286514361699421, "selection_34": 0, "shapley_value_35": -0.40777227424439927, "selection_35": 0, "shapley_value_36": -0.6757613341013589, "selection_36": 0, "shapley_value_37": -0.24620529015858994, "selection_37": 1, "shapley_value_38": -0.38886368026336043, "selection_38": 0, "shapley_value_39": -0.9834840854008995, "selection_39": 0, "_timestamp": 1687961529.4284084, "_runtime": 90.65170931816101, "_step": 99, "_wandb": {"runtime": 89}}