{"accuracy": 0.5065999627113342, "val_loss": 1.390805721282959, "test_loss": 1.3988535404205322, "shapley_value_0": -0.8061314070666279, "selection_0": 0, "shapley_value_1": -0.6891445463353937, "selection_1": 0, "shapley_value_2": -0.6775820295015972, "selection_2": 0, "shapley_value_3": -0.66765718800681, "selection_3": 0, "shapley_value_4": -0.7643018199337853, "selection_4": 0, "shapley_value_5": -0.725199630766204, "selection_5": 0, "shapley_value_6": -0.8211136526531644, "selection_6": 0, "shapley_value_7": -0.6652205841881887, "selection_7": 0, "shapley_value_8": -0.8436492582162222, "selection_8": 0, "shapley_value_9": -0.7129033659443711, "selection_9": 0, "shapley_value_10": -0.674836456775665, "selection_10": 0, "shapley_value_11": -0.5882051904996238, "selection_11": 0, "shapley_value_12": -0.7141702075799304, "selection_12": 0, "shapley_value_13": -0.6402883302597774, "selection_13": 0, "shapley_value_14": -0.6400906672844522, "selection_14": 0, "shapley_value_15": -0.705502874923475, "selection_15": 0, "shapley_value_16": -0.8475094000498455, "selection_16": 0, "shapley_value_17": -0.7177725831667582, "selection_17": 0, "shapley_value_18": -0.7860754976669947, "selection_18": 0, "shapley_value_19": -0.6431962365195866, "selection_19": 1, "shapley_value_20": -0.7334969970915051, "selection_20": 0, "shapley_value_21": -0.6893465240796404, "selection_21": 0, "shapley_value_22": -0.697923122308193, "selection_22": 0, "shapley_value_23": -0.6956098693789858, "selection_23": 0, "shapley_value_24": -0.6028872258735426, "selection_24": 1, "shapley_value_25": -0.8073742389678953, "selection_25": 0, "shapley_value_26": -0.8407854857268158, "selection_26": 1, "shapley_value_27": -0.6132069064511192, "selection_27": 0, "shapley_value_28": -0.7288690549986704, "selection_28": 1, "shapley_value_29": -0.7951139041355679, "selection_29": 0, "shapley_value_30": -0.7657007045216029, "selection_30": 0, "shapley_value_31": -0.762404055306406, "selection_31": 0, "shapley_value_32": -0.6967958031278669, "selection_32": 0, "shapley_value_33": -0.7888963563101632, "selection_33": 0, "shapley_value_34": -0.7327034132821221, "selection_34": 0, "shapley_value_35": -0.7847233653068539, "selection_35": 0, "shapley_value_36": -0.7832529664039611, "selection_36": 0, "shapley_value_37": -0.6878050225121635, "selection_37": 0, "shapley_value_38": -0.7245269934336345, "selection_38": 0, "shapley_value_39": -0.596480522836958, "selection_39": 0, "_timestamp": 1688031213.268568, "_runtime": 98.59234595298767, "_step": 99, "_wandb": {"runtime": 96}}