{"accuracy": 0.5072000026702881, "val_loss": 1.3669096231460571, "test_loss": 1.3818552494049072, "shapley_value_0": -0.7032865352100796, "selection_0": 0, "shapley_value_1": -0.6962754189968111, "selection_1": 0, "shapley_value_2": -0.7055620782905154, "selection_2": 0, "shapley_value_3": -0.7027011162195449, "selection_3": 0, "shapley_value_4": -0.7116781047412327, "selection_4": 0, "shapley_value_5": -0.7051504353682199, "selection_5": 0, "shapley_value_6": -0.700634825797308, "selection_6": 0, "shapley_value_7": -0.7168555061022442, "selection_7": 0, "shapley_value_8": -0.7060402920751863, "selection_8": 0, "shapley_value_9": -0.7079834649057097, "selection_9": 0, "shapley_value_10": -0.7020257976320057, "selection_10": 0, "shapley_value_11": -0.7090450597531869, "selection_11": 0, "shapley_value_12": -0.7067828545203578, "selection_12": 0, "shapley_value_13": -0.7246019562085471, "selection_13": 0, "shapley_value_14": -0.71086395148075, "selection_14": 0, "shapley_value_15": -0.7239522106117674, "selection_15": 0, "shapley_value_16": -0.715856009059482, "selection_16": 0, "shapley_value_17": -0.7349852561950685, "selection_17": 0, "shapley_value_18": -0.7369969023598567, "selection_18": 0, "shapley_value_19": -0.7112166545329951, "selection_19": 0, "shapley_value_20": -0.7274891893068951, "selection_20": 1, "shapley_value_21": -0.7197790499086734, "selection_21": 0, "shapley_value_22": -0.7401641607284549, "selection_22": 0, "shapley_value_23": -0.7121644218762716, "selection_23": 0, "shapley_value_24": -0.7219133320308868, "selection_24": 0, "shapley_value_25": -0.7408599285852341, "selection_25": 0, "shapley_value_26": -0.7170334955056505, "selection_26": 0, "shapley_value_27": -0.7332455664873122, "selection_27": 0, "shapley_value_28": -0.7474096502576556, "selection_28": 0, "shapley_value_29": -0.7357591092586517, "selection_29": 0, "shapley_value_30": -0.7384488450156316, "selection_30": 0, "shapley_value_31": -0.7351006944974263, "selection_31": 1, "shapley_value_32": -0.7287551252930251, "selection_32": 0, "shapley_value_33": -0.7351747949918109, "selection_33": 0, "shapley_value_34": -0.7320689190001716, "selection_34": 0, "shapley_value_35": -0.7464655439058943, "selection_35": 0, "shapley_value_36": -0.7495416204134623, "selection_36": 0, "shapley_value_37": -0.7527368267377218, "selection_37": 1, "shapley_value_38": -0.7549881310690015, "selection_38": 1, "shapley_value_39": -0.7466528892517088, "selection_39": 0, "_timestamp": 1688029515.694697, "_runtime": 95.38707685470581, "_step": 99, "_wandb": {"runtime": 93}}