{"accuracy": 0.12879998981952667, "val_loss": 2.991866111755371, "test_loss": 3.0249178409576416, "_timestamp": 1688398974.1175575, "_runtime": 98.82127952575684, "_step": 99, "_wandb": {"runtime": 97}}