{"accuracy": 0.13840000331401825, "val_loss": 4.693027019500732, "test_loss": 4.761407852172852, "_timestamp": 1688403127.8687499, "_runtime": 143.87826681137085, "_step": 99, "_wandb": {"runtime": 142}}