{"accuracy": 0.9357999563217163, "val_loss": 0.22974267601966858, "test_loss": 0.21666455268859863, "shapley_value_0": -1.7209201591710248, "selection_0": 0, "shapley_value_1": -1.7795597203075884, "selection_1": 0, "shapley_value_2": -1.6806575294696926, "selection_2": 0, "shapley_value_3": -1.9497750488420331, "selection_3": 0, "shapley_value_4": -1.8871726840734484, "selection_4": 0, "shapley_value_5": -1.9642866998910904, "selection_5": 0, "shapley_value_6": -1.7858914213650152, "selection_6": 0, "shapley_value_7": -1.6896072692341273, "selection_7": 0, "shapley_value_8": -1.9132192383209865, "selection_8": 1, "shapley_value_9": -1.7348043481508892, "selection_9": 0, "shapley_value_10": -1.9795147571712732, "selection_10": 0, "shapley_value_11": -2.0308539216165187, "selection_11": 0, "shapley_value_12": -1.745114153182065, "selection_12": 0, "shapley_value_13": -1.936114547774196, "selection_13": 0, "shapley_value_14": -1.9707216481367744, "selection_14": 0, "shapley_value_15": -1.9298333326975505, "selection_15": 0, "shapley_value_16": -1.7079343054539113, "selection_16": 0, "shapley_value_17": -1.856951241691907, "selection_17": 0, "shapley_value_18": -1.3199870611230533, "selection_18": 0, "shapley_value_19": -1.9725457653403287, "selection_19": 0, "shapley_value_20": -1.755400663448705, "selection_20": 1, "shapley_value_21": -1.664210113160538, "selection_21": 0, "shapley_value_22": -1.7668695429960883, "selection_22": 0, "shapley_value_23": -1.9542492770013358, "selection_23": 1, "shapley_value_24": -1.9477443305982485, "selection_24": 0, "shapley_value_25": -1.6994020720322927, "selection_25": 0, "shapley_value_26": -1.9188396675246104, "selection_26": 0, "shapley_value_27": -1.85922229455577, "selection_27": 0, "shapley_value_28": -1.6985176683236392, "selection_28": 0, "shapley_value_29": -1.8190442229310668, "selection_29": 0, "shapley_value_30": -1.6871642802770324, "selection_30": 0, "shapley_value_31": -1.7525438164671265, "selection_31": 0, "shapley_value_32": -1.8040479009350148, "selection_32": 0, "shapley_value_33": -1.9710662536047125, "selection_33": 0, "shapley_value_34": -1.8409805351661312, "selection_34": 0, "shapley_value_35": -1.7911626606276536, "selection_35": 0, "shapley_value_36": -1.9094026361902554, "selection_36": 1, "shapley_value_37": -1.961887036208753, "selection_37": 0, "shapley_value_38": -1.829254630388636, "selection_38": 0, "shapley_value_39": -1.7578169536409953, "selection_39": 0, "_timestamp": 1688023575.6562963, "_runtime": 90.22012519836426, "_step": 99, "_wandb": {"runtime": 88}}