{"accuracy": 0.09699999541044235, "val_loss": 5.00718879699707, "test_loss": 5.061426639556885, "shapley_value_0": -3.464037001132964, "selection_0": 0, "shapley_value_1": 2.9905027363981525, "selection_1": 0, "shapley_value_2": 3.1459059317906677, "selection_2": 1, "shapley_value_3": 2.8363705251527875, "selection_3": 0, "shapley_value_4": -11.473702987035114, "selection_4": 0, "shapley_value_5": 2.3299193571484276, "selection_5": 1, "shapley_value_6": 0, "selection_6": 0, "shapley_value_7": -0.7552411811692371, "selection_7": 0, "shapley_value_8": 2.392620929500513, "selection_8": 0, "shapley_value_9": 0, "selection_9": 0, "shapley_value_10": 0.054963941375414826, "selection_10": 0, "shapley_value_11": 2.2325064738591514, "selection_11": 0, "shapley_value_12": 0, "selection_12": 0, "shapley_value_13": 1.4660301208496094, "selection_13": 0, "shapley_value_14": -6.61860152085622, "selection_14": 0, "shapley_value_15": 1.8649679869413374, "selection_15": 0, "shapley_value_16": 3.3566823833518558, "selection_16": 0, "shapley_value_17": 0, "selection_17": 0, "shapley_value_18": 2.2822034686803825, "selection_18": 1, "shapley_value_19": -4.695632537206013, "selection_19": 0, "shapley_value_20": 0.5352373123168945, "selection_20": 0, "shapley_value_21": 0, "selection_21": 0, "shapley_value_22": 1.4446098930907971, "selection_22": 0, "shapley_value_23": -1.970990816752117, "selection_23": 0, "shapley_value_24": -7.912812074025473, "selection_24": 0, "shapley_value_25": -4.192064166069031, "selection_25": 0, "shapley_value_26": -11.217537641525269, "selection_26": 0, "shapley_value_27": 1.5888615537572788, "selection_27": 0, "shapley_value_28": 1.4062429626782733, "selection_28": 0, "shapley_value_29": -0.581410908699036, "selection_29": 0, "shapley_value_30": 2.229048093159994, "selection_30": 0, "shapley_value_31": -3.6569559176762905, "selection_31": 0, "shapley_value_32": 1.4358915338913603, "selection_32": 0, "shapley_value_33": 7.804525291919708, "selection_33": 1, "shapley_value_34": -4.161857883135475, "selection_34": 0, "shapley_value_35": -0.0006111396683590916, "selection_35": 0, "shapley_value_36": -1.625805338223774, "selection_36": 0, "shapley_value_37": 0.10989920298258404, "selection_37": 0, "shapley_value_38": 2.6808211723963415, "selection_38": 0, "shapley_value_39": 2.574859952440067, "selection_39": 0, "shapley_value_40": 1.9343681666586126, "selection_40": 0, "shapley_value_41": -4.382905344168346, "selection_41": 0, "shapley_value_42": 2.72636671198739, "selection_42": 0, "shapley_value_43": 4.193619052569071, "selection_43": 0, "shapley_value_44": 4.7404283252027275, "selection_44": 1, "shapley_value_45": -0.5111247698465977, "selection_45": 0, "shapley_value_46": 3.281771853382205, "selection_46": 0, "shapley_value_47": -1.515956461429596, "selection_47": 0, "shapley_value_48": 0, "selection_48": 0, "shapley_value_49": 0.3258975843588514, "selection_49": 0, "_timestamp": 1688392963.1636262, "_runtime": 107.41836309432983, "_step": 99, "_wandb": {"runtime": 105}}