{"accuracy": 0.9386000037193298, "val_loss": 0.23519545793533325, "test_loss": 0.220358207821846, "shapley_value_0": 0.1980351929962635, "selection_0": 0, "shapley_value_1": 0.18352093052864074, "selection_1": 0, "shapley_value_2": 0.2259321266412735, "selection_2": 0, "shapley_value_3": 0.21930721399815462, "selection_3": 0, "shapley_value_4": 0.19793624653314287, "selection_4": 0, "shapley_value_5": 0.20030920088291165, "selection_5": 0, "shapley_value_6": 0.18064009922742846, "selection_6": 0, "shapley_value_7": 0.19247501006722448, "selection_7": 0, "shapley_value_8": 0.14791086328029632, "selection_8": 1, "shapley_value_9": 0.197099200874567, "selection_9": 0, "shapley_value_10": 0.18202990758419035, "selection_10": 0, "shapley_value_11": 0.15659011778235435, "selection_11": 1, "shapley_value_12": 0.18255987745523455, "selection_12": 0, "shapley_value_13": 0.14984258222579955, "selection_13": 1, "shapley_value_14": 0.1798776419758797, "selection_14": 0, "shapley_value_15": 0.19349920091032985, "selection_15": 0, "shapley_value_16": 0.18676577749848366, "selection_16": 0, "shapley_value_17": 0.15927312484383582, "selection_17": 0, "shapley_value_18": 0.20670555311441424, "selection_18": 0, "shapley_value_19": 0.16778101477026935, "selection_19": 1, "shapley_value_20": 0.2026945350766182, "selection_20": 0, "shapley_value_21": 0.15386910811066626, "selection_21": 1, "shapley_value_22": 0.20316813951730728, "selection_22": 0, "shapley_value_23": 0.1938306713104248, "selection_23": 0, "shapley_value_24": 0.25067127427458763, "selection_24": 0, "shapley_value_25": 0.17705597946047785, "selection_25": 0, "shapley_value_26": 0.21788922527432444, "selection_26": 0, "shapley_value_27": 0.18929436630010604, "selection_27": 0, "shapley_value_28": 0.1789248704016209, "selection_28": 0, "shapley_value_29": 0.20120497007746443, "selection_29": 0, "shapley_value_30": 0.2152867847681046, "selection_30": 0, "shapley_value_31": 0.1798310717893274, "selection_31": 0, "shapley_value_32": 0.18426889659229076, "selection_32": 0, "shapley_value_33": 0.21245206424593924, "selection_33": 0, "shapley_value_34": 0.2395895964205265, "selection_34": 0, "shapley_value_35": 0.2110478928387165, "selection_35": 0, "shapley_value_36": 0.2351922877430916, "selection_36": 0, "shapley_value_37": 0.13640889063477513, "selection_37": 1, "shapley_value_38": 0.1953251010477543, "selection_38": 0, "shapley_value_39": 0.22528289461135867, "selection_39": 0, "shapley_value_40": 0.18251678413152694, "selection_40": 0, "shapley_value_41": 0.18964513793587684, "selection_41": 0, "shapley_value_42": 0.17311088475584985, "selection_42": 0, "shapley_value_43": 0.17747502642869956, "selection_43": 0, "shapley_value_44": 0.18385984405875205, "selection_44": 0, "shapley_value_45": 0.25119244325160983, "selection_45": 0, "shapley_value_46": 0.24122282549738885, "selection_46": 0, "shapley_value_47": 0.15888687181002212, "selection_47": 1, "shapley_value_48": 0.2216453512609005, "selection_48": 0, "shapley_value_49": 0.19749727100133893, "selection_49": 0, "shapley_value_50": 0.2300200808644295, "selection_50": 0, "shapley_value_51": 0.22110574349761009, "selection_51": 0, "shapley_value_52": 0.22026531457901002, "selection_52": 0, "shapley_value_53": 0.16989820399880412, "selection_53": 0, "shapley_value_54": 0.16721455201506613, "selection_54": 0, "shapley_value_55": 0.18020259878039363, "selection_55": 0, "shapley_value_56": 0.19404831609129908, "selection_56": 0, "shapley_value_57": 0.19146781289577483, "selection_57": 0, "shapley_value_58": 0.22185089284181597, "selection_58": 0, "shapley_value_59": 0.17495005047321321, "selection_59": 0, "shapley_value_60": 0.22298544558882716, "selection_60": 0, "shapley_value_61": 0.2278735856115818, "selection_61": 0, "shapley_value_62": 0.1809158386588096, "selection_62": 0, "shapley_value_63": 0.20594582563638686, "selection_63": 0, "shapley_value_64": 0.15704219439625738, "selection_64": 1, "shapley_value_65": 0.200878467977047, "selection_65": 0, "shapley_value_66": 0.21282255004581652, "selection_66": 0, "shapley_value_67": 0.21863052338361744, "selection_67": 0, "shapley_value_68": 0.20441894358396526, "selection_68": 0, "shapley_value_69": 0.20250292740056391, "selection_69": 0, "shapley_value_70": 0.23512594655156133, "selection_70": 0, "shapley_value_71": 0.22471070393919942, "selection_71": 0, "shapley_value_72": 0.20553880879282954, "selection_72": 0, "shapley_value_73": 0.2250491010844707, "selection_73": 0, "shapley_value_74": 0.21674166861176486, "selection_74": 0, "shapley_value_75": 0.20468044284299797, "selection_75": 0, "shapley_value_76": 0.20366609037706723, "selection_76": 0, "shapley_value_77": 0.20351891046762466, "selection_77": 0, "shapley_value_78": 0.21756239810585978, "selection_78": 0, "shapley_value_79": 0.18498269772529602, "selection_79": 0, "shapley_value_80": 0.15194154807925225, "selection_80": 1, "shapley_value_81": 0.1945214073359966, "selection_81": 0, "shapley_value_82": 0.25428152725100517, "selection_82": 0, "shapley_value_83": 0.22897569304704665, "selection_83": 0, "shapley_value_84": 0.20252978864312174, "selection_84": 0, "shapley_value_85": 0.1778467725813389, "selection_85": 0, "shapley_value_86": 0.2847845181822777, "selection_86": 0, "shapley_value_87": 0.18665544682741164, "selection_87": 0, "shapley_value_88": 0.18403263818276558, "selection_88": 1, "shapley_value_89": 0.23932251688838005, "selection_89": 0, "shapley_value_90": 0.20275154682993893, "selection_90": 0, "shapley_value_91": 0.18127014893763946, "selection_91": 0, "shapley_value_92": 0.1900042863190174, "selection_92": 0, "shapley_value_93": 0.21925867387652395, "selection_93": 0, "shapley_value_94": 0.23033740174770365, "selection_94": 0, "shapley_value_95": 0.23810209935903548, "selection_95": 0, "shapley_value_96": 0.1833145409226418, "selection_96": 0, "shapley_value_97": 0.1687891831978371, "selection_97": 0, "shapley_value_98": 0.234645471394062, "selection_98": 0, "shapley_value_99": 0.19887556961178784, "selection_99": 0, "_timestamp": 1687959297.9865408, "_runtime": 316.2830739021301, "_step": 99, "_wandb": {"runtime": 314}}