{"accuracy": 0.5044000148773193, "val_loss": 1.3680139780044556, "test_loss": 1.378543734550476, "_timestamp": 1688034414.7814217, "_runtime": 143.4729597568512, "_step": 99, "_wandb": {"runtime": 141}}