{"accuracy": 0.46239998936653137, "val_loss": 1.4950520992279053, "test_loss": 1.5183007717132568, "_timestamp": 1688035477.5739002, "_runtime": 144.70911717414856, "_step": 99, "_wandb": {"runtime": 143}}