{"accuracy": 0.09699999541044235, "val_loss": 12.592161178588867, "test_loss": 12.748221397399902, "shapley_value_0": -2.593479752540589, "selection_0": 0, "shapley_value_1": -3.478373328844706, "selection_1": 0, "shapley_value_2": 9.86829923052605, "selection_2": 1, "shapley_value_3": -0.07294170061747263, "selection_3": 0, "shapley_value_4": -2.772840678691864, "selection_4": 0, "shapley_value_5": 9.357245544151027, "selection_5": 1, "shapley_value_6": -4.413238664468128, "selection_6": 0, "shapley_value_7": 9.06623325701113, "selection_7": 1, "shapley_value_8": -3.1669174333413457, "selection_8": 0, "shapley_value_9": 0.2954583466053018, "selection_9": 0, "shapley_value_10": -3.770676324764887, "selection_10": 0, "shapley_value_11": -2.5672652820746102, "selection_11": 0, "shapley_value_12": -4.415666798750559, "selection_12": 0, "shapley_value_13": -2.645157406727473, "selection_13": 0, "shapley_value_14": -5.02700744072596, "selection_14": 0, "shapley_value_15": 0.26685774326324463, "selection_15": 0, "shapley_value_16": 0.3740608851114914, "selection_16": 0, "shapley_value_17": -0.2227049469947815, "selection_17": 0, "shapley_value_18": -0.4469266235828404, "selection_18": 0, "shapley_value_19": -3.3009688059488944, "selection_19": 0, "shapley_value_20": 0.026573131481806733, "selection_20": 0, "shapley_value_21": -0.1408209999402361, "selection_21": 0, "shapley_value_22": -3.5682183305422477, "selection_22": 0, "shapley_value_23": -0.6785996357599906, "selection_23": 0, "shapley_value_24": -4.85374348362287, "selection_24": 0, "shapley_value_25": -1.571339587370554, "selection_25": 0, "shapley_value_26": -0.172503908475238, "selection_26": 0, "shapley_value_27": -2.693817079067231, "selection_27": 0, "shapley_value_28": -1.948301285505295, "selection_28": 0, "shapley_value_29": -3.3163951834042873, "selection_29": 0, "shapley_value_30": -0.3682767748832694, "selection_30": 0, "shapley_value_31": -2.0770485136244035, "selection_31": 0, "shapley_value_32": 0.4112887382507324, "selection_32": 0, "shapley_value_33": -0.07518225908279597, "selection_33": 0, "shapley_value_34": -2.8884742955366773, "selection_34": 0, "shapley_value_35": -5.148760656515757, "selection_35": 0, "shapley_value_36": 3.0921809240623745, "selection_36": 1, "shapley_value_37": 0.13118537267049035, "selection_37": 0, "shapley_value_38": -2.856670618057251, "selection_38": 0, "shapley_value_39": -1.1052840054035187, "selection_39": 0, "shapley_value_40": -0.5424158374468488, "selection_40": 0, "shapley_value_41": -2.040138304233551, "selection_41": 0, "shapley_value_42": 0.089942653973897, "selection_42": 0, "shapley_value_43": -0.17127331097920795, "selection_43": 0, "shapley_value_44": 8.521041281660844, "selection_44": 1, "shapley_value_45": -2.2840463916460676, "selection_45": 0, "shapley_value_46": -1.9269736707210554, "selection_46": 0, "shapley_value_47": 0.15417155623436063, "selection_47": 0, "shapley_value_48": -2.3133480350176505, "selection_48": 0, "shapley_value_49": 0.3578580617904666, "selection_49": 0, "_timestamp": 1688378372.2370205, "_runtime": 100.09110045433044, "_step": 99, "_wandb": {"runtime": 98}}