{"accuracy": 0.9259999990463257, "val_loss": 0.2726031243801117, "test_loss": 0.25603336095809937, "shapley_value_0": -1.7221728165944419, "selection_0": 0, "shapley_value_1": -1.7766974058416158, "selection_1": 0, "shapley_value_2": -1.8510368739565217, "selection_2": 0, "shapley_value_3": -1.7639359831809998, "selection_3": 0, "shapley_value_4": -2.077301962922017, "selection_4": 0, "shapley_value_5": -1.9877040222996758, "selection_5": 0, "shapley_value_6": -1.7831265363428326, "selection_6": 0, "shapley_value_7": -1.8794598599274952, "selection_7": 0, "shapley_value_8": -1.920762424667676, "selection_8": 0, "shapley_value_9": -1.6785676666983855, "selection_9": 0, "shapley_value_10": -1.924357417083922, "selection_10": 0, "shapley_value_11": -1.8712667542876618, "selection_11": 0, "shapley_value_12": -1.6487011503089557, "selection_12": 0, "shapley_value_13": -1.6979089904399143, "selection_13": 0, "shapley_value_14": -1.7539857079585393, "selection_14": 0, "shapley_value_15": -1.9013940865794816, "selection_15": 0, "shapley_value_16": -1.5690401167261836, "selection_16": 0, "shapley_value_17": -1.8801128193736076, "selection_17": 0, "shapley_value_18": -1.9734638092063723, "selection_18": 0, "shapley_value_19": -1.7250002870957057, "selection_19": 0, "shapley_value_20": -1.754799952109655, "selection_20": 0, "shapley_value_21": -1.8561889620290861, "selection_21": 0, "shapley_value_22": -1.5216946825385094, "selection_22": 0, "shapley_value_23": -1.9653316305743322, "selection_23": 0, "shapley_value_24": -1.7595054094608016, "selection_24": 1, "shapley_value_25": -1.8341236809889478, "selection_25": 0, "shapley_value_26": -1.8682218179816295, "selection_26": 0, "shapley_value_27": -2.019813240567843, "selection_27": 1, "shapley_value_28": -1.5466465063038328, "selection_28": 0, "shapley_value_29": -1.7941878276566665, "selection_29": 0, "shapley_value_30": -1.6874902278184891, "selection_30": 1, "shapley_value_31": -2.09628043572108, "selection_31": 0, "shapley_value_32": -1.481778528718721, "selection_32": 0, "shapley_value_33": -1.8038948252797127, "selection_33": 0, "shapley_value_34": -1.9555953255406129, "selection_34": 0, "shapley_value_35": -1.8675583402315772, "selection_35": 1, "shapley_value_36": -1.8471198419729873, "selection_36": 0, "shapley_value_37": -1.8851074443923101, "selection_37": 0, "shapley_value_38": -1.7393917326743786, "selection_38": 0, "shapley_value_39": -2.012056680520376, "selection_39": 0, "_timestamp": 1687991534.8766825, "_runtime": 82.58321642875671, "_step": 99, "_wandb": {"runtime": 81}}