{"accuracy": 0.8088760375976562, "val_loss": 0.5643729567527771, "test_loss": 0.5632206201553345, "_timestamp": 1687988822.578404, "_runtime": 78.96142888069153, "_step": 99, "_wandb": {"runtime": 77}}