{"accuracy": 0.09779999405145645, "val_loss": 4.4438886642456055, "test_loss": 4.509610176086426, "shapley_value_0": 1.0138560076554617, "selection_0": 0, "shapley_value_1": 6.298591331889233, "selection_1": 1, "shapley_value_2": -1.0354747931162516, "selection_2": 0, "shapley_value_3": 2.450823158025741, "selection_3": 0, "shapley_value_4": -1.9302984873453775, "selection_4": 0, "shapley_value_5": 1.2033189162611966, "selection_5": 0, "shapley_value_6": -2.2632333238919577, "selection_6": 0, "shapley_value_7": -0.9352412394114905, "selection_7": 0, "shapley_value_8": 1.4441307728940789, "selection_8": 0, "shapley_value_9": -0.10494533512327416, "selection_9": 0, "shapley_value_10": -0.06935877270168726, "selection_10": 0, "shapley_value_11": -3.731320265928905, "selection_11": 0, "shapley_value_12": -0.9387014773156909, "selection_12": 0, "shapley_value_13": -3.2456300059954324, "selection_13": 0, "shapley_value_14": -3.7777891026602854, "selection_14": 0, "shapley_value_15": 1.0638206093399611, "selection_15": 0, "shapley_value_16": 5.977213714206427, "selection_16": 1, "shapley_value_17": 0.678212775786718, "selection_17": 1, "shapley_value_18": 5.860420695057622, "selection_18": 1, "shapley_value_19": -2.624167919158936, "selection_19": 0, "shapley_value_20": -0.5490469882885614, "selection_20": 0, "shapley_value_21": -0.5142920439441998, "selection_21": 0, "shapley_value_22": 3.6320141961700037, "selection_22": 0, "shapley_value_23": -3.1490564902623497, "selection_23": 0, "shapley_value_24": -3.67409215370814, "selection_24": 0, "shapley_value_25": -2.4869409799575806, "selection_25": 0, "shapley_value_26": -4.755288715163867, "selection_26": 0, "shapley_value_27": 4.214730297074173, "selection_27": 0, "shapley_value_28": 4.2736782696512, "selection_28": 0, "shapley_value_29": -3.704512854417165, "selection_29": 0, "shapley_value_30": 2.140556700301893, "selection_30": 0, "shapley_value_31": 2.4229716047262535, "selection_31": 0, "shapley_value_32": -0.2775693819636394, "selection_32": 0, "shapley_value_33": 2.7699659878299356, "selection_33": 0, "shapley_value_34": -0.37972076733907084, "selection_34": 0, "shapley_value_35": -3.6926409304142007, "selection_35": 0, "shapley_value_36": 4.438078589164294, "selection_36": 1, "shapley_value_37": 3.453674511582243, "selection_37": 0, "shapley_value_38": -0.6932372202475867, "selection_38": 0, "shapley_value_39": 0.4821867346763611, "selection_39": 0, "shapley_value_40": -1.0232240041096996, "selection_40": 0, "shapley_value_41": -3.2931787411371864, "selection_41": 0, "shapley_value_42": 0.2739967747970865, "selection_42": 0, "shapley_value_43": -0.9498077796565165, "selection_43": 0, "shapley_value_44": 3.5415966580895817, "selection_44": 0, "shapley_value_45": -6.129158768388959, "selection_45": 0, "shapley_value_46": 0.9380451887845991, "selection_46": 0, "shapley_value_47": -0.7913011670112612, "selection_47": 0, "shapley_value_48": -2.803596561153728, "selection_48": 0, "shapley_value_49": -0.46793792893489194, "selection_49": 0, "_timestamp": 1688382968.0312939, "_runtime": 108.369215965271, "_step": 99, "_wandb": {"runtime": 106}}