{"loss": 0.5114426016807556, "accuracy": 0.866599977016449, "average_active_clients": 1.5750000000000002, "_timestamp": 1686668574.8792322, "_runtime": 37.48975419998169, "_step": 399, "_wandb": {"runtime": 35}}