{"accuracy": 0.5090000033378601, "val_loss": 1.3538588285446167, "test_loss": 1.3769971132278442, "shapley_value_0": -0.7702133804559708, "selection_0": 0, "shapley_value_1": -0.6207033991813659, "selection_1": 0, "shapley_value_2": -0.7741217304159095, "selection_2": 0, "shapley_value_3": -0.8104907837178971, "selection_3": 0, "shapley_value_4": -0.6830392519632975, "selection_4": 0, "shapley_value_5": -0.7195893556643753, "selection_5": 1, "shapley_value_6": -0.8012778560320535, "selection_6": 0, "shapley_value_7": -0.7847830312592645, "selection_7": 1, "shapley_value_8": -0.7191195805867514, "selection_8": 0, "shapley_value_9": -0.7115524941020541, "selection_9": 0, "shapley_value_10": -0.6958322028319042, "selection_10": 0, "shapley_value_11": -0.7746200164159138, "selection_11": 0, "shapley_value_12": -0.7623044138862972, "selection_12": 0, "shapley_value_13": -0.8179739591402885, "selection_13": 0, "shapley_value_14": -0.6957091126177049, "selection_14": 0, "shapley_value_15": -0.7091731597215702, "selection_15": 1, "shapley_value_16": -0.5152022706137761, "selection_16": 0, "shapley_value_17": -0.6440270962538541, "selection_17": 0, "shapley_value_18": -0.7795698493719101, "selection_18": 0, "shapley_value_19": -0.7154008050759635, "selection_19": 0, "shapley_value_20": -0.78086499814634, "selection_20": 0, "shapley_value_21": -0.6157054975628853, "selection_21": 0, "shapley_value_22": -0.7438373124157943, "selection_22": 0, "shapley_value_23": -0.7002368609110515, "selection_23": 0, "shapley_value_24": -0.665049547950427, "selection_24": 0, "shapley_value_25": -0.751681991985866, "selection_25": 0, "shapley_value_26": -0.6733141640822091, "selection_26": 0, "shapley_value_27": -0.7852003018061321, "selection_27": 0, "shapley_value_28": -0.6846926344765558, "selection_28": 0, "shapley_value_29": -0.7308025956153871, "selection_29": 0, "shapley_value_30": -0.5843240729084722, "selection_30": 0, "shapley_value_31": -0.7655970255533853, "selection_31": 0, "shapley_value_32": -0.8375447591145836, "selection_32": 0, "shapley_value_33": -0.7568255712588627, "selection_33": 0, "shapley_value_34": -0.6901237964630127, "selection_34": 0, "shapley_value_35": -0.7683823612001208, "selection_35": 1, "shapley_value_36": -0.7250976619266327, "selection_36": 0, "shapley_value_37": -0.8181083401044209, "selection_37": 0, "shapley_value_38": -0.743059425642996, "selection_38": 0, "shapley_value_39": -0.8420779875346593, "selection_39": 0, "_timestamp": 1688031446.5819256, "_runtime": 100.34144759178162, "_step": 99, "_wandb": {"runtime": 98}}