{"accuracy": 0.9279999732971191, "val_loss": 0.26557064056396484, "test_loss": 0.24772009253501892, "shapley_value_0": -1.759106554587682, "selection_0": 0, "shapley_value_1": -1.569669675827026, "selection_1": 0, "shapley_value_2": -1.7962768634160358, "selection_2": 0, "shapley_value_3": -1.7363223373889922, "selection_3": 0, "shapley_value_4": -1.8354644725720086, "selection_4": 0, "shapley_value_5": -1.7797742406527202, "selection_5": 0, "shapley_value_6": -1.7342345813910165, "selection_6": 0, "shapley_value_7": -1.77863576511542, "selection_7": 0, "shapley_value_8": -1.7284197876850764, "selection_8": 0, "shapley_value_9": -1.7039809018373486, "selection_9": 0, "shapley_value_10": -1.8221625556548435, "selection_10": 0, "shapley_value_11": -1.7689857155084614, "selection_11": 0, "shapley_value_12": -1.7140854477882388, "selection_12": 0, "shapley_value_13": -1.7127982070048653, "selection_13": 0, "shapley_value_14": -1.8300355583429337, "selection_14": 0, "shapley_value_15": -1.8025520990292232, "selection_15": 0, "shapley_value_16": -1.7106729517380397, "selection_16": 0, "shapley_value_17": -1.84069971938928, "selection_17": 0, "shapley_value_18": -1.8996479044357941, "selection_18": 1, "shapley_value_19": -1.8096586575110756, "selection_19": 0, "shapley_value_20": -1.8363584190607067, "selection_20": 0, "shapley_value_21": -1.7051941861708957, "selection_21": 0, "shapley_value_22": -1.7992859204610188, "selection_22": 0, "shapley_value_23": -1.8924725810686744, "selection_23": 0, "shapley_value_24": -1.7143644849459332, "selection_24": 0, "shapley_value_25": -1.8874700963497162, "selection_25": 0, "shapley_value_26": -1.9196065147717796, "selection_26": 1, "shapley_value_27": -1.8828715751568474, "selection_27": 0, "shapley_value_28": -1.7352162172396977, "selection_28": 0, "shapley_value_29": -1.9082746018966041, "selection_29": 0, "shapley_value_30": -1.7625549932320912, "selection_30": 0, "shapley_value_31": -1.945424554745356, "selection_31": 1, "shapley_value_32": -1.531014159321785, "selection_32": 0, "shapley_value_33": -1.8185478627681728, "selection_33": 0, "shapley_value_34": -1.884643472234408, "selection_34": 0, "shapley_value_35": -1.8432809054851529, "selection_35": 0, "shapley_value_36": -1.8998207549254098, "selection_36": 0, "shapley_value_37": -1.7224943906068801, "selection_37": 0, "shapley_value_38": -1.7209026167790094, "selection_38": 0, "shapley_value_39": -1.9882669687271117, "selection_39": 1, "_timestamp": 1687991276.7617197, "_runtime": 71.95884680747986, "_step": 99, "_wandb": {"runtime": 70}}