{"accuracy": 0.1289999932050705, "val_loss": 2.9915974140167236, "test_loss": 3.0246875286102295, "_timestamp": 1688398868.2944458, "_runtime": 101.35460186004639, "_step": 99, "_wandb": {"runtime": 99}}