{"loss": 0.5596954226493835, "accuracy": 0.814799964427948, "average_active_clients": 4.0, "_timestamp": 1686667923.7864337, "_runtime": 13.985857725143433, "_step": 399, "_wandb": {"runtime": 11}}