{"accuracy": 0.8626921772956848, "val_loss": 0.43577995896339417, "test_loss": 0.43394532799720764, "shapley_value_0": -1.4576113750537236, "selection_0": 0, "shapley_value_1": -1.3620588302612302, "selection_1": 0, "shapley_value_2": -1.313270108898481, "selection_2": 0, "shapley_value_3": -1.3228890786568324, "selection_3": 0, "shapley_value_4": -1.3768205205599466, "selection_4": 0, "shapley_value_5": -1.3861816306908925, "selection_5": 0, "shapley_value_6": -1.3713730156421662, "selection_6": 0, "shapley_value_7": -1.3708961268266042, "selection_7": 0, "shapley_value_8": -1.308221367994944, "selection_8": 0, "shapley_value_9": -1.3146007815996807, "selection_9": 0, "shapley_value_10": -1.464363196492195, "selection_10": 0, "shapley_value_11": -1.4942617088556291, "selection_11": 0, "shapley_value_12": -1.3617385625839233, "selection_12": 0, "shapley_value_13": -1.4318279226620991, "selection_13": 0, "shapley_value_14": -1.420816882451375, "selection_14": 0, "shapley_value_15": -1.463639359672864, "selection_15": 0, "shapley_value_16": -1.4941279798746105, "selection_16": 0, "shapley_value_17": -1.386564042170843, "selection_17": 0, "shapley_value_18": -1.4695495675007502, "selection_18": 0, "shapley_value_19": -1.3539479742447535, "selection_19": 0, "shapley_value_20": -1.3505939175685249, "selection_20": 0, "shapley_value_21": -1.4700975765784583, "selection_21": 0, "shapley_value_22": -1.4491544008255004, "selection_22": 0, "shapley_value_23": -1.2372795472542444, "selection_23": 0, "shapley_value_24": -1.4489147653182348, "selection_24": 0, "shapley_value_25": -1.5587202191352847, "selection_25": 1, "shapley_value_26": -1.5449875831604007, "selection_26": 1, "shapley_value_27": -1.292041634519895, "selection_27": 0, "shapley_value_28": -1.3560004601875941, "selection_28": 0, "shapley_value_29": -1.503445846835772, "selection_29": 0, "shapley_value_30": -1.5177265932162602, "selection_30": 0, "shapley_value_31": -1.4905905991792676, "selection_31": 0, "shapley_value_32": -1.2435344388087592, "selection_32": 0, "shapley_value_33": -1.5161940058072403, "selection_33": 1, "shapley_value_34": -1.423494948943456, "selection_34": 0, "shapley_value_35": -1.552662952740987, "selection_35": 1, "shapley_value_36": -1.321795097986857, "selection_36": 0, "shapley_value_37": -1.4455882171789807, "selection_37": 0, "shapley_value_38": -1.465263723333677, "selection_38": 0, "shapley_value_39": -1.3246390263239542, "selection_39": 0, "_timestamp": 1687985126.9050472, "_runtime": 79.91627812385559, "_step": 99, "_wandb": {"runtime": 78}}