{"accuracy": 0.09699999541044235, "val_loss": 12.54644775390625, "test_loss": 12.696381568908691, "shapley_value_0": -1.2351816097895312, "selection_0": 0, "shapley_value_1": -1.6121773024400081, "selection_1": 0, "shapley_value_2": 9.990373143407165, "selection_2": 1, "shapley_value_3": -0.44846904277801425, "selection_3": 0, "shapley_value_4": -1.9614373842875175, "selection_4": 0, "shapley_value_5": 9.469737663092435, "selection_5": 1, "shapley_value_6": -1.2823020915190373, "selection_6": 0, "shapley_value_7": 9.152965138135128, "selection_7": 1, "shapley_value_8": -2.2735852102438603, "selection_8": 0, "shapley_value_9": -0.030712505181630156, "selection_9": 0, "shapley_value_10": -3.1090917090574903, "selection_10": 0, "shapley_value_11": -2.7187836170196524, "selection_11": 0, "shapley_value_12": -5.56565883755684, "selection_12": 0, "shapley_value_13": -4.799052606026331, "selection_13": 0, "shapley_value_14": -4.981603642304735, "selection_14": 0, "shapley_value_15": 0.022512594858805635, "selection_15": 0, "shapley_value_16": -0.18970180125463543, "selection_16": 0, "shapley_value_17": -3.0083767473697653, "selection_17": 0, "shapley_value_18": 0.2027478019396455, "selection_18": 0, "shapley_value_19": -2.1795283555984497, "selection_19": 0, "shapley_value_20": 0.2000005046526585, "selection_20": 0, "shapley_value_21": 0.0573805570602417, "selection_21": 0, "shapley_value_22": -1.6191604932149246, "selection_22": 0, "shapley_value_23": -0.18136654297510812, "selection_23": 0, "shapley_value_24": -5.3305496474107095, "selection_24": 0, "shapley_value_25": -1.9180600444475813, "selection_25": 0, "shapley_value_26": -0.0768150488535575, "selection_26": 0, "shapley_value_27": -4.877427339553831, "selection_27": 0, "shapley_value_28": -2.577440192302068, "selection_28": 0, "shapley_value_29": -3.3457516233126325, "selection_29": 0, "shapley_value_30": -0.6356642643610615, "selection_30": 0, "shapley_value_31": 0.0517872174580889, "selection_31": 0, "shapley_value_32": -1.154142508904139, "selection_32": 0, "shapley_value_33": -0.09321568409601966, "selection_33": 0, "shapley_value_34": -2.903750677903492, "selection_34": 0, "shapley_value_35": -5.535401940345764, "selection_35": 0, "shapley_value_36": 2.7927313099850677, "selection_36": 1, "shapley_value_37": 0.1830200950304679, "selection_37": 0, "shapley_value_38": -2.7488610148429875, "selection_38": 0, "shapley_value_39": -0.25575655698776245, "selection_39": 0, "shapley_value_40": -0.48444378376007036, "selection_40": 0, "shapley_value_41": -2.599211772282919, "selection_41": 0, "shapley_value_42": -0.08911905686060528, "selection_42": 0, "shapley_value_43": -0.22395330667495728, "selection_43": 0, "shapley_value_44": 8.440296141395855, "selection_44": 1, "shapley_value_45": -2.3970760703086844, "selection_45": 0, "shapley_value_46": -3.9294714232285815, "selection_46": 0, "shapley_value_47": -0.6045973201592769, "selection_47": 0, "shapley_value_48": -1.4484905004501352, "selection_48": 0, "shapley_value_49": -0.7727335592110944, "selection_49": 0, "_timestamp": 1688381413.023278, "_runtime": 97.4337739944458, "_step": 99, "_wandb": {"runtime": 95}}