{"accuracy": 0.14219999313354492, "val_loss": 4.276183605194092, "test_loss": 4.337266445159912, "_timestamp": 1688406889.5704508, "_runtime": 143.24513578414917, "_step": 99, "_wandb": {"runtime": 141}}