{"loss": 0.4906632900238037, "accuracy": 0.8649999499320984, "average_active_clients": 3.619999999999999, "_timestamp": 1686667727.8233628, "_runtime": 13.882189750671387, "_step": 399, "_wandb": {"runtime": 11}}