{"accuracy": 0.10239999741315842, "val_loss": 4.108335971832275, "test_loss": 4.154204845428467, "shapley_value_0": 4.635606565740369, "selection_0": 0, "shapley_value_1": 0, "selection_1": 0, "shapley_value_2": -0.66130530834198, "selection_2": 0, "shapley_value_3": 0, "selection_3": 0, "shapley_value_4": -0.6502318382263166, "selection_4": 0, "shapley_value_5": 0, "selection_5": 0, "shapley_value_6": -6.340497414271038, "selection_6": 0, "shapley_value_7": 1.703079379267163, "selection_7": 0, "shapley_value_8": 2.920680711666743, "selection_8": 0, "shapley_value_9": 0.07192044125662929, "selection_9": 0, "shapley_value_10": -0.6011490292019314, "selection_10": 0, "shapley_value_11": 3.4321017397774587, "selection_11": 0, "shapley_value_12": 2.144928536812465, "selection_12": 0, "shapley_value_13": 0.5168865621089935, "selection_13": 0, "shapley_value_14": 0, "selection_14": 0, "shapley_value_15": 0, "selection_15": 0, "shapley_value_16": 0.737606445948283, "selection_16": 0, "shapley_value_17": 1.8598964081870184, "selection_17": 1, "shapley_value_18": 1.0388664139641661, "selection_18": 0, "shapley_value_19": -4.82061513264974, "selection_19": 0, "shapley_value_20": 1.128060966730117, "selection_20": 0, "shapley_value_21": -4.265886942545574, "selection_21": 0, "shapley_value_22": 2.360764507091407, "selection_22": 1, "shapley_value_23": 0, "selection_23": 0, "shapley_value_24": -7.903656403223673, "selection_24": 0, "shapley_value_25": -0.9738272527853633, "selection_25": 0, "shapley_value_26": -4.449913640817005, "selection_26": 0, "shapley_value_27": 0, "selection_27": 0, "shapley_value_28": 2.058566284676393, "selection_28": 0, "shapley_value_29": 1.1797111398643916, "selection_29": 0, "shapley_value_30": 0, "selection_30": 0, "shapley_value_31": 1.8680693904558814, "selection_31": 0, "shapley_value_32": 4.426539714715275, "selection_32": 0, "shapley_value_33": 2.0785684784253435, "selection_33": 1, "shapley_value_34": 3.3698679435820806, "selection_34": 1, "shapley_value_35": -1.8773543039957694, "selection_35": 0, "shapley_value_36": 2.3419840037822723, "selection_36": 0, "shapley_value_37": 1.546211977799735, "selection_37": 0, "shapley_value_38": -0.7647162278493251, "selection_38": 0, "shapley_value_39": 1.9624093042479622, "selection_39": 0, "shapley_value_40": 0, "selection_40": 0, "shapley_value_41": 1.4494461963574092, "selection_41": 0, "shapley_value_42": 1.3005721701516044, "selection_42": 0, "shapley_value_43": -1.8599364558855704, "selection_43": 0, "shapley_value_44": 1.842867958167243, "selection_44": 0, "shapley_value_45": -3.8866050044695513, "selection_45": 0, "shapley_value_46": 3.0233716412826817, "selection_46": 1, "shapley_value_47": -0.6796224514643345, "selection_47": 0, "shapley_value_48": 1.110375626881917, "selection_48": 0, "shapley_value_49": 2.1548228820164996, "selection_49": 0, "_timestamp": 1688388537.7049327, "_runtime": 106.17679071426392, "_step": 99, "_wandb": {"runtime": 104}}