{"loss": 0.432812362909317, "accuracy": 0.8641999959945679, "average_active_clients": 2.0, "_timestamp": 1686749207.2507193, "_runtime": 31.103018283843994, "_step": 399, "_wandb": {"runtime": 29}}