{"accuracy": 0.8297156095504761, "val_loss": 0.5151309967041016, "test_loss": 0.5107554197311401, "_timestamp": 1687986763.3897579, "_runtime": 77.44647598266602, "_step": 99, "_wandb": {"runtime": 75}}