{"loss": 0.6166232228279114, "accuracy": 0.8118000030517578, "average_active_clients": 0.8975, "_timestamp": 1686743354.5215607, "_runtime": 20.5831196308136, "_step": 399, "_wandb": {"runtime": 18}}