{"accuracy": 0.09779999405145645, "val_loss": 4.41627836227417, "test_loss": 4.4504570960998535, "shapley_value_0": 2.800411413113276, "selection_0": 0, "shapley_value_1": 3.723611310506478, "selection_1": 1, "shapley_value_2": 4.106230119864146, "selection_2": 0, "shapley_value_3": 1.4504179623391888, "selection_3": 0, "shapley_value_4": 0.20745874302727835, "selection_4": 0, "shapley_value_5": 3.1749723056952157, "selection_5": 0, "shapley_value_6": 0, "selection_6": 0, "shapley_value_7": 1.3374827990929288, "selection_7": 0, "shapley_value_8": 1.7843433790134662, "selection_8": 0, "shapley_value_9": -3.1410064697265643, "selection_9": 0, "shapley_value_10": -0.5453749597072601, "selection_10": 0, "shapley_value_11": -0.35786988337834735, "selection_11": 0, "shapley_value_12": -12.935536106427506, "selection_12": 0, "shapley_value_13": -3.255806803703308, "selection_13": 0, "shapley_value_14": 0.23213862379392047, "selection_14": 0, "shapley_value_15": -2.0371819734573364, "selection_15": 0, "shapley_value_16": 3.6810727748605934, "selection_16": 0, "shapley_value_17": -1.0291161835193632, "selection_17": 0, "shapley_value_18": 2.403128206729889, "selection_18": 0, "shapley_value_19": -3.2428391112221604, "selection_19": 0, "shapley_value_20": 3.375148561265734, "selection_20": 0, "shapley_value_21": 1.9178879857063293, "selection_21": 0, "shapley_value_22": 2.44730299214522, "selection_22": 0, "shapley_value_23": -1.2868195772171012, "selection_23": 0, "shapley_value_24": -3.7419129610061646, "selection_24": 0, "shapley_value_25": -1.054917534192403, "selection_25": 0, "shapley_value_26": -9.147490084171297, "selection_26": 0, "shapley_value_27": 4.763064993752374, "selection_27": 0, "shapley_value_28": 3.909096042315165, "selection_28": 0, "shapley_value_29": 0.9564513329303627, "selection_29": 1, "shapley_value_30": 0, "selection_30": 0, "shapley_value_31": 2.507547358671824, "selection_31": 0, "shapley_value_32": 1.4866550687031865, "selection_32": 0, "shapley_value_33": -0.6380502978960676, "selection_33": 0, "shapley_value_34": 0.7073847055435177, "selection_34": 0, "shapley_value_35": -4.15797985593478, "selection_35": 0, "shapley_value_36": 1.5095658273923966, "selection_36": 1, "shapley_value_37": 1.5932383024030259, "selection_37": 0, "shapley_value_38": -3.083847443262737, "selection_38": 0, "shapley_value_39": 3.6084077400073666, "selection_39": 1, "shapley_value_40": 2.8418179750442505, "selection_40": 0, "shapley_value_41": 2.2232446812448052, "selection_41": 0, "shapley_value_42": 1.38061077064938, "selection_42": 0, "shapley_value_43": 1.319617854224311, "selection_43": 0, "shapley_value_44": 3.5029866894086212, "selection_44": 1, "shapley_value_45": -2.874123104413349, "selection_45": 0, "shapley_value_46": 3.1348606603013156, "selection_46": 0, "shapley_value_47": 2.0593772353949373, "selection_47": 0, "shapley_value_48": 0.9401429295539865, "selection_48": 0, "shapley_value_49": 1.5436640704671538, "selection_49": 0, "_timestamp": 1688395180.9903016, "_runtime": 109.17565250396729, "_step": 99, "_wandb": {"runtime": 107}}