{"accuracy": 0.09699999541044235, "val_loss": 12.605781555175781, "test_loss": 12.7529935836792, "shapley_value_0": -1.937089711427689, "selection_0": 0, "shapley_value_1": -1.661564509073893, "selection_1": 0, "shapley_value_2": 10.531362233525615, "selection_2": 1, "shapley_value_3": -0.40504248936971265, "selection_3": 0, "shapley_value_4": -1.91294264793396, "selection_4": 0, "shapley_value_5": 9.816856804379713, "selection_5": 1, "shapley_value_6": -5.305474976698559, "selection_6": 0, "shapley_value_7": 9.524404825546126, "selection_7": 1, "shapley_value_8": -2.70730522274971, "selection_8": 0, "shapley_value_9": -0.13268883029619882, "selection_9": 0, "shapley_value_10": -3.741098046302795, "selection_10": 0, "shapley_value_11": -0.5358303387959795, "selection_11": 0, "shapley_value_12": -7.345663527647654, "selection_12": 0, "shapley_value_13": -5.695320934057235, "selection_13": 0, "shapley_value_14": -4.801225006580351, "selection_14": 0, "shapley_value_15": 0.19271477063496967, "selection_15": 0, "shapley_value_16": -0.297018808977945, "selection_16": 0, "shapley_value_17": -1.9829024771849308, "selection_17": 0, "shapley_value_18": -0.02331935614347458, "selection_18": 0, "shapley_value_19": -3.1775980790456124, "selection_19": 0, "shapley_value_20": -0.5839646061261501, "selection_20": 0, "shapley_value_21": 0.06309505303700824, "selection_21": 0, "shapley_value_22": -2.627844214439392, "selection_22": 0, "shapley_value_23": -0.594327986240387, "selection_23": 0, "shapley_value_24": -3.227835039297739, "selection_24": 0, "shapley_value_25": -2.3030148943265285, "selection_25": 0, "shapley_value_26": 0.07261484861373946, "selection_26": 0, "shapley_value_27": -0.9867104490598051, "selection_27": 0, "shapley_value_28": -0.2438589731852212, "selection_28": 0, "shapley_value_29": -3.4335990548133855, "selection_29": 0, "shapley_value_30": -1.0225278834501903, "selection_30": 0, "shapley_value_31": -0.037552058696746826, "selection_31": 0, "shapley_value_32": 0.054816484451294833, "selection_32": 0, "shapley_value_33": 0.07680610815684119, "selection_33": 0, "shapley_value_34": -3.828820069630941, "selection_34": 0, "shapley_value_35": -4.986268162727356, "selection_35": 0, "shapley_value_36": 2.4696788868624653, "selection_36": 1, "shapley_value_37": -0.0443958044052124, "selection_37": 0, "shapley_value_38": -3.118238538503647, "selection_38": 0, "shapley_value_39": -1.0176186561584477, "selection_39": 0, "shapley_value_40": -0.5135135849316912, "selection_40": 0, "shapley_value_41": -2.1326442559560146, "selection_41": 0, "shapley_value_42": -1.3691493173440294, "selection_42": 0, "shapley_value_43": -0.09659022092819392, "selection_43": 0, "shapley_value_44": 8.675957884234883, "selection_44": 1, "shapley_value_45": -1.8246247569719944, "selection_45": 0, "shapley_value_46": -2.2141561408837656, "selection_46": 0, "shapley_value_47": -0.29905944069226664, "selection_47": 0, "shapley_value_48": -2.1737407843271885, "selection_48": 0, "shapley_value_49": -0.3156861960887898, "selection_49": 0, "_timestamp": 1688378795.5851042, "_runtime": 98.16739916801453, "_step": 99, "_wandb": {"runtime": 96}}