{"accuracy": 0.10239999741315842, "val_loss": 6.55118465423584, "test_loss": 6.533111572265625, "shapley_value_0": 2.412378661383213, "selection_0": 0, "shapley_value_1": -0.9921431872579783, "selection_1": 0, "shapley_value_2": 2.182005008061727, "selection_2": 0, "shapley_value_3": 4.650277893625053, "selection_3": 1, "shapley_value_4": -4.91077196598053, "selection_4": 0, "shapley_value_5": 0, "selection_5": 0, "shapley_value_6": -13.012336532274883, "selection_6": 0, "shapley_value_7": 1.084836293591393, "selection_7": 0, "shapley_value_8": 4.731837688348231, "selection_8": 1, "shapley_value_9": -4.4898224274317435, "selection_9": 0, "shapley_value_10": -12.64122239748637, "selection_10": 0, "shapley_value_11": 1.4158768216768896, "selection_11": 0, "shapley_value_12": -5.738096257050831, "selection_12": 0, "shapley_value_13": -2.547906279563904, "selection_13": 0, "shapley_value_14": -6.117396672566731, "selection_14": 0, "shapley_value_15": 1.5066351393858595, "selection_15": 0, "shapley_value_16": 2.4357349342770047, "selection_16": 0, "shapley_value_17": 2.04972443074891, "selection_17": 0, "shapley_value_18": -1.394439578056336, "selection_18": 0, "shapley_value_19": -1.47633601559533, "selection_19": 0, "shapley_value_20": 0.8355266153812408, "selection_20": 0, "shapley_value_21": -0.10661649136316191, "selection_21": 0, "shapley_value_22": 1.0290526549021406, "selection_22": 0, "shapley_value_23": -2.0586213270823146, "selection_23": 0, "shapley_value_24": -6.777147690455119, "selection_24": 0, "shapley_value_25": -11.13826004664103, "selection_25": 0, "shapley_value_26": -4.272305150826772, "selection_26": 0, "shapley_value_27": 1.3031207124392195, "selection_27": 0, "shapley_value_28": 0.398301687156945, "selection_28": 0, "shapley_value_29": -8.045112291971844, "selection_29": 0, "shapley_value_30": 2.0000494495034213, "selection_30": 0, "shapley_value_31": 1.2328864494959508, "selection_31": 0, "shapley_value_32": 2.453245530525843, "selection_32": 0, "shapley_value_33": 4.918307154749831, "selection_33": 1, "shapley_value_34": 1.615153873960177, "selection_34": 0, "shapley_value_35": -10.867856363455452, "selection_35": 0, "shapley_value_36": 4.451771993412932, "selection_36": 1, "shapley_value_37": 1.3858460982640584, "selection_37": 0, "shapley_value_38": 3.0670198467042717, "selection_38": 0, "shapley_value_39": 4.161702640851338, "selection_39": 0, "shapley_value_40": -4.887789805730183, "selection_40": 0, "shapley_value_41": 0, "selection_41": 0, "shapley_value_42": -0.7517406940460205, "selection_42": 0, "shapley_value_43": -0.5706155498822518, "selection_43": 0, "shapley_value_44": -0.8636963764826469, "selection_44": 0, "shapley_value_45": 0, "selection_45": 0, "shapley_value_46": 4.54210943700186, "selection_46": 1, "shapley_value_47": 0, "selection_47": 0, "shapley_value_48": 0.8025138278802226, "selection_48": 0, "shapley_value_49": 2.015384018421172, "selection_49": 0, "_timestamp": 1688395533.4993591, "_runtime": 110.75610017776489, "_step": 99, "_wandb": {"runtime": 109}}