{"accuracy": 0.19039998948574066, "val_loss": 2.447474956512451, "test_loss": 2.496020555496216, "_timestamp": 1688402270.4346225, "_runtime": 96.71008348464966, "_step": 99, "_wandb": {"runtime": 95}}