{"accuracy": 0.8181455135345459, "val_loss": 0.5180798768997192, "test_loss": 0.5144321322441101, "_timestamp": 1687987668.932822, "_runtime": 75.24586296081543, "_step": 99, "_wandb": {"runtime": 73}}