{"accuracy": 0.9347999691963196, "val_loss": 0.22714704275131226, "test_loss": 0.21574702858924866, "_timestamp": 1688024871.7655613, "_runtime": 88.21425533294678, "_step": 99, "_wandb": {"runtime": 86}}