{"accuracy": 0.0997999981045723, "val_loss": 5.78860330581665, "test_loss": 5.815229415893555, "shapley_value_0": 2.386915851136048, "selection_0": 0, "shapley_value_1": 1.9002497883943408, "selection_1": 0, "shapley_value_2": 1.7970220289732273, "selection_2": 0, "shapley_value_3": 0, "selection_3": 0, "shapley_value_4": -5.861185590426128, "selection_4": 0, "shapley_value_5": 0, "selection_5": 0, "shapley_value_6": -1.7712747918234928, "selection_6": 0, "shapley_value_7": 1.6621516108512877, "selection_7": 0, "shapley_value_8": 0, "selection_8": 0, "shapley_value_9": -8.03008657693863, "selection_9": 0, "shapley_value_10": -1.3256266911824532, "selection_10": 0, "shapley_value_11": 1.7744202917697385, "selection_11": 0, "shapley_value_12": 1.2946513063377802, "selection_12": 1, "shapley_value_13": -4.713734646638233, "selection_13": 0, "shapley_value_14": 0.6216601190112888, "selection_14": 0, "shapley_value_15": 0, "selection_15": 0, "shapley_value_16": 1.3941266814867657, "selection_16": 0, "shapley_value_17": 3.8267404429010425, "selection_17": 1, "shapley_value_18": 2.5002516640557184, "selection_18": 0, "shapley_value_19": -0.8399684429168701, "selection_19": 0, "shapley_value_20": -2.9649094939231855, "selection_20": 0, "shapley_value_21": 0.12862035632133484, "selection_21": 0, "shapley_value_22": -2.3155211210250854, "selection_22": 0, "shapley_value_23": -8.912012000878654, "selection_23": 0, "shapley_value_24": -3.8964055975278225, "selection_24": 0, "shapley_value_25": -0.019671245416005335, "selection_25": 0, "shapley_value_26": -5.467329283555349, "selection_26": 0, "shapley_value_27": 2.0454467197259265, "selection_27": 0, "shapley_value_28": 2.551430557337072, "selection_28": 0, "shapley_value_29": -1.606551965077717, "selection_29": 0, "shapley_value_30": 4.586117018352858, "selection_30": 1, "shapley_value_31": 0, "selection_31": 0, "shapley_value_32": 0, "selection_32": 0, "shapley_value_33": 6.110311051209767, "selection_33": 1, "shapley_value_34": 2.2373123433854842, "selection_34": 1, "shapley_value_35": -5.936687628428139, "selection_35": 0, "shapley_value_36": 0.7564091285069772, "selection_36": 0, "shapley_value_37": -6.817713399728138, "selection_37": 0, "shapley_value_38": 2.269457873370913, "selection_38": 0, "shapley_value_39": 2.3550879293017917, "selection_39": 0, "shapley_value_40": 2.3248218397299443, "selection_40": 0, "shapley_value_41": 2.066928934483301, "selection_41": 0, "shapley_value_42": 1.7453882760471766, "selection_42": 0, "shapley_value_43": 1.789492146422466, "selection_43": 0, "shapley_value_44": 3.200252136698476, "selection_44": 0, "shapley_value_45": -5.441696484883627, "selection_45": 0, "shapley_value_46": 1.8313883156688122, "selection_46": 0, "shapley_value_47": -0.8338686426480599, "selection_47": 0, "shapley_value_48": 0.18124536893985876, "selection_48": 0, "shapley_value_49": 0, "selection_49": 0, "_timestamp": 1688386336.3307633, "_runtime": 107.41766023635864, "_step": 99, "_wandb": {"runtime": 105}}