{"accuracy": 0.1111999973654747, "val_loss": 5.506845951080322, "test_loss": 5.565765857696533, "shapley_value_0": -0.4295610785484314, "selection_0": 0, "shapley_value_1": 3.121656969189644, "selection_1": 0, "shapley_value_2": 1.8947596706095193, "selection_2": 0, "shapley_value_3": 2.709315717220307, "selection_3": 1, "shapley_value_4": -4.822658260663349, "selection_4": 0, "shapley_value_5": -1.0469030737876892, "selection_5": 0, "shapley_value_6": 0.4876640478769943, "selection_6": 0, "shapley_value_7": 0, "selection_7": 0, "shapley_value_8": 2.1540117661158247, "selection_8": 0, "shapley_value_9": 0.6810301691293712, "selection_9": 0, "shapley_value_10": -1.4152576774358758, "selection_10": 0, "shapley_value_11": 0, "selection_11": 0, "shapley_value_12": -0.5413053064119248, "selection_12": 0, "shapley_value_13": 0, "selection_13": 0, "shapley_value_14": -0.5483664444514683, "selection_14": 0, "shapley_value_15": 0, "selection_15": 0, "shapley_value_16": 3.4167985594934884, "selection_16": 0, "shapley_value_17": -1.170900623003643, "selection_17": 0, "shapley_value_18": 3.8901192965606803, "selection_18": 0, "shapley_value_19": 3.505186806122462, "selection_19": 0, "shapley_value_20": 2.140384826696281, "selection_20": 0, "shapley_value_21": 4.052689999341965, "selection_21": 1, "shapley_value_22": 0, "selection_22": 0, "shapley_value_23": -15.63261204957962, "selection_23": 0, "shapley_value_24": 0, "selection_24": 0, "shapley_value_25": -1.6368715763092077, "selection_25": 0, "shapley_value_26": 0.8976875245571132, "selection_26": 0, "shapley_value_27": -0.052958513299623755, "selection_27": 0, "shapley_value_28": 2.000538934499789, "selection_28": 0, "shapley_value_29": -0.6926177144050595, "selection_29": 0, "shapley_value_30": 1.7216813832089515, "selection_30": 0, "shapley_value_31": 0, "selection_31": 0, "shapley_value_32": 2.2234949949714866, "selection_32": 0, "shapley_value_33": 0, "selection_33": 0, "shapley_value_34": 1.2276858290036523, "selection_34": 0, "shapley_value_35": -1.7549817959467564, "selection_35": 0, "shapley_value_36": 2.017795705434048, "selection_36": 0, "shapley_value_37": -0.8469016750653586, "selection_37": 0, "shapley_value_38": 0, "selection_38": 0, "shapley_value_39": 3.402380788407358, "selection_39": 1, "shapley_value_40": 3.596088800165388, "selection_40": 0, "shapley_value_41": 2.0421890790263815, "selection_41": 0, "shapley_value_42": 5.25224952896436, "selection_42": 1, "shapley_value_43": 5.39323056524708, "selection_43": 1, "shapley_value_44": 2.5820935239978864, "selection_44": 0, "shapley_value_45": 0, "selection_45": 0, "shapley_value_46": -0.6793411076068874, "selection_46": 0, "shapley_value_47": 0, "selection_47": 0, "shapley_value_48": 0.22843381017446518, "selection_48": 0, "shapley_value_49": -0.1398803840080891, "selection_49": 0, "_timestamp": 1688390369.5166857, "_runtime": 107.48888969421387, "_step": 99, "_wandb": {"runtime": 105}}