{"accuracy": 0.13019999861717224, "val_loss": 3.120884418487549, "test_loss": 3.151998281478882, "shapley_value_0": 2.557080410775684, "selection_0": 1, "shapley_value_1": 2.4777964009179008, "selection_1": 1, "shapley_value_2": -0.6582409058298387, "selection_2": 0, "shapley_value_3": 3.2281599364898828, "selection_3": 0, "shapley_value_4": -3.67460273206234, "selection_4": 0, "shapley_value_5": 3.571469374497732, "selection_5": 0, "shapley_value_6": -2.32460934917132, "selection_6": 0, "shapley_value_7": 1.2527783910433452, "selection_7": 0, "shapley_value_8": 1.8413345416386926, "selection_8": 0, "shapley_value_9": -0.4404974154063635, "selection_9": 1, "shapley_value_10": -0.6062511404355371, "selection_10": 0, "shapley_value_11": 1.0793396146209149, "selection_11": 0, "shapley_value_12": -2.679921353856723, "selection_12": 0, "shapley_value_13": -1.4671640475591028, "selection_13": 0, "shapley_value_14": -2.754083037376404, "selection_14": 0, "shapley_value_15": 0.24309791872898745, "selection_15": 0, "shapley_value_16": 1.549061808321211, "selection_16": 0, "shapley_value_17": 1.3632838269074756, "selection_17": 0, "shapley_value_18": 2.249745983453024, "selection_18": 0, "shapley_value_19": -5.683327759305636, "selection_19": 0, "shapley_value_20": -0.5813771684964496, "selection_20": 0, "shapley_value_21": 3.431886899889561, "selection_21": 0, "shapley_value_22": 2.0128556523058148, "selection_22": 0, "shapley_value_23": -2.4343327432870865, "selection_23": 0, "shapley_value_24": -4.809712462955052, "selection_24": 0, "shapley_value_25": -4.690862983465195, "selection_25": 0, "shapley_value_26": -4.421211547321743, "selection_26": 0, "shapley_value_27": -0.7331708329064508, "selection_27": 0, "shapley_value_28": 1.5402260084946948, "selection_28": 0, "shapley_value_29": -0.8795957002374858, "selection_29": 0, "shapley_value_30": 2.397853689534324, "selection_30": 1, "shapley_value_31": -0.21604215247290423, "selection_31": 0, "shapley_value_32": 2.633143110821645, "selection_32": 0, "shapley_value_33": 1.8818912307421363, "selection_33": 0, "shapley_value_34": 1.3515797456105552, "selection_34": 0, "shapley_value_35": -4.424003250069087, "selection_35": 0, "shapley_value_36": 4.714315841595333, "selection_36": 0, "shapley_value_37": 2.134483819206556, "selection_37": 0, "shapley_value_38": 0.31343533347050356, "selection_38": 1, "shapley_value_39": 2.428917791162219, "selection_39": 0, "shapley_value_40": -2.4248898108800256, "selection_40": 0, "shapley_value_41": -1.3603990773359944, "selection_41": 0, "shapley_value_42": 2.7817664013968577, "selection_42": 0, "shapley_value_43": 3.1206959661315463, "selection_43": 0, "shapley_value_44": 3.7453751419529766, "selection_44": 0, "shapley_value_45": -3.712604731321335, "selection_45": 0, "shapley_value_46": 3.07459156185973, "selection_46": 0, "shapley_value_47": 0.05849522103865901, "selection_47": 0, "shapley_value_48": -0.03261737880252623, "selection_48": 0, "shapley_value_49": 0.788646909925673, "selection_49": 0, "_timestamp": 1688383306.1850593, "_runtime": 107.87147736549377, "_step": 99, "_wandb": {"runtime": 106}}