{"accuracy": 0.9043999910354614, "val_loss": 0.30949127674102783, "test_loss": 0.3311242163181305, "shapley_value_0": 0.002149095535278321, "selection_0": 0, "shapley_value_1": 0.0005884981155395508, "selection_1": 0, "shapley_value_2": 0.001008563041687012, "selection_2": 0, "shapley_value_3": 0.0016502618789672847, "selection_3": 0, "shapley_value_4": 0.0016466569900512695, "selection_4": 0, "shapley_value_5": 0.0023407602310180665, "selection_5": 0, "shapley_value_6": 0.0009628391265869142, "selection_6": 0, "shapley_value_7": 0.0028092145919799806, "selection_7": 0, "shapley_value_8": 0.0018195581436157226, "selection_8": 0, "shapley_value_9": 0.0009690046310424805, "selection_9": 0, "shapley_value_10": 0.004208312034606933, "selection_10": 0, "shapley_value_11": 0.008593106269836424, "selection_11": 0, "shapley_value_12": 0.005430173873901367, "selection_12": 0, "shapley_value_13": 0.002404413223266601, "selection_13": 0, "shapley_value_14": 0.004344849586486818, "selection_14": 0, "shapley_value_15": 0.006473789215087891, "selection_15": 0, "shapley_value_16": 0.0027351474761962893, "selection_16": 0, "shapley_value_17": 0.002547125816345215, "selection_17": 0, "shapley_value_18": 0.00472017765045166, "selection_18": 0, "shapley_value_19": 0.0033128976821899412, "selection_19": 0, "shapley_value_20": 0.013601884841918946, "selection_20": 0, "shapley_value_21": 0.012667388916015621, "selection_21": 0, "shapley_value_22": 0.012298178672790528, "selection_22": 0, "shapley_value_23": 0.013567771911621094, "selection_23": 0, "shapley_value_24": 0.01300199031829834, "selection_24": 0, "shapley_value_25": 0.007654619216918945, "selection_25": 0, "shapley_value_26": 0.018583579063415526, "selection_26": 0, "shapley_value_27": 0.007311105728149414, "selection_27": 0, "shapley_value_28": 0.009136538505554199, "selection_28": 0, "shapley_value_29": 0.008554387092590333, "selection_29": 0, "shapley_value_30": 0.02541719913482666, "selection_30": 0, "shapley_value_31": 0.03274458408355713, "selection_31": 0, "shapley_value_32": 0.019589862823486324, "selection_32": 0, "shapley_value_33": 0.024827308654785156, "selection_33": 0, "shapley_value_34": 0.010284581184387208, "selection_34": 0, "shapley_value_35": 0.018780527114868165, "selection_35": 0, "shapley_value_36": 0.02869493007659912, "selection_36": 0, "shapley_value_37": 0.011383213996887208, "selection_37": 0, "shapley_value_38": 0.01447211742401123, "selection_38": 0, "shapley_value_39": 0.013703598976135253, "selection_39": 0, "shapley_value_40": 0.019493432044982915, "selection_40": 0, "shapley_value_41": 0.010022587776184082, "selection_41": 0, "shapley_value_42": 0.027225475311279296, "selection_42": 0, "shapley_value_43": 0.027227563858032225, "selection_43": 0, "shapley_value_44": 0.03191536426544189, "selection_44": 0, "shapley_value_45": 0.04295761108398437, "selection_45": 0, "shapley_value_46": 0.014364013671874998, "selection_46": 0, "shapley_value_47": 0.1969596935808659, "selection_47": 0, "shapley_value_48": 0.16385823597510657, "selection_48": 0, "shapley_value_49": 0.02421870708465576, "selection_49": 0, "shapley_value_50": 0.23226438764068813, "selection_50": 1, "shapley_value_51": 0.11452871481577555, "selection_51": 0, "shapley_value_52": 0.045520176887512226, "selection_52": 0, "shapley_value_53": 0.04452970027923585, "selection_53": 0, "shapley_value_54": 0.03181348085403444, "selection_54": 0, "shapley_value_55": 0.022559893131256104, "selection_55": 0, "shapley_value_56": 0.10672804653644563, "selection_56": 0, "shapley_value_57": 0.007896316051483152, "selection_57": 0, "shapley_value_58": 0.03086470365524292, "selection_58": 0, "shapley_value_59": 0.024658563137054442, "selection_59": 0, "shapley_value_60": 0.11381605466206872, "selection_60": 0, "shapley_value_61": 0.1277271620432536, "selection_61": 0, "shapley_value_62": 0.1524809446334839, "selection_62": 0, "shapley_value_63": 0.06967766970396042, "selection_63": 0, "shapley_value_64": 0.249487677025795, "selection_64": 1, "shapley_value_65": 0.0799880862236023, "selection_65": 0, "shapley_value_66": 0.19998557703061534, "selection_66": 0, "shapley_value_67": 0.10546926856040956, "selection_67": 0, "shapley_value_68": 0.1429984780550003, "selection_68": 0, "shapley_value_69": 0.23292799293994904, "selection_69": 1, "shapley_value_70": 0.09800138592720033, "selection_70": 0, "shapley_value_71": 0.10597621649503709, "selection_71": 0, "shapley_value_72": 0.21764851314680916, "selection_72": 1, "shapley_value_73": 0.19814850386451272, "selection_73": 0, "shapley_value_74": 0.21725550595670937, "selection_74": 1, "shapley_value_75": 0.16132578883852275, "selection_75": 0, "shapley_value_76": 0.17328312476571098, "selection_76": 0, "shapley_value_77": 0.04246460064461356, "selection_77": 0, "shapley_value_78": 0.1951673602263133, "selection_78": 0, "shapley_value_79": 0.1299800908565521, "selection_79": 0, "shapley_value_80": 0.193241669856585, "selection_80": 1, "shapley_value_81": 0.18568836777404166, "selection_81": 0, "shapley_value_82": 0.14371836507320407, "selection_82": 0, "shapley_value_83": 0.16210496395826338, "selection_83": 0, "shapley_value_84": 0.10086705327033996, "selection_84": 0, "shapley_value_85": 0.21663199067115788, "selection_85": 1, "shapley_value_86": 0.17354939088225366, "selection_86": 1, "shapley_value_87": 0.17549796044826507, "selection_87": 0, "shapley_value_88": -0.0002641489631251285, "selection_88": 0, "shapley_value_89": 0.1869399934548598, "selection_89": 0, "shapley_value_90": 0.1681037609917777, "selection_90": 0, "shapley_value_91": 0.18224941427057442, "selection_91": 0, "shapley_value_92": 0.17836862319707872, "selection_92": 0, "shapley_value_93": 0.1437376934289932, "selection_93": 0, "shapley_value_94": 0.20932673964235518, "selection_94": 1, "shapley_value_95": 0.16644381618029191, "selection_95": 0, "shapley_value_96": 0.22664349369704728, "selection_96": 1, "shapley_value_97": 0.19997113171219824, "selection_97": 0, "shapley_value_98": 0.1734653449058533, "selection_98": 0, "shapley_value_99": 0.1562994458675384, "selection_99": 0, "_timestamp": 1687867337.9275234, "_runtime": 564.2186613082886, "_step": 46}