{"accuracy": 0.8412190675735474, "val_loss": 0.5237008333206177, "test_loss": 0.5278268456459045, "shapley_value_0": -1.4317085027694703, "selection_0": 0, "shapley_value_1": -1.0715804156802948, "selection_1": 0, "shapley_value_2": -1.567656565280188, "selection_2": 0, "shapley_value_3": -1.2465441558096144, "selection_3": 0, "shapley_value_4": -1.1854692896207173, "selection_4": 1, "shapley_value_5": -1.5660315255324047, "selection_5": 0, "shapley_value_6": -1.3146385720797944, "selection_6": 0, "shapley_value_7": -1.3812591102388168, "selection_7": 0, "shapley_value_8": -1.4459540645281475, "selection_8": 0, "shapley_value_9": -1.318210786039179, "selection_9": 0, "shapley_value_10": -1.3143133593328071, "selection_10": 0, "shapley_value_11": -1.2345246407720778, "selection_11": 0, "shapley_value_12": -1.3094246127666573, "selection_12": 0, "shapley_value_13": -1.3220915317535398, "selection_13": 0, "shapley_value_14": -1.4548092563947042, "selection_14": 1, "shapley_value_15": -1.310515547792117, "selection_15": 0, "shapley_value_16": -1.1776410494095244, "selection_16": 0, "shapley_value_17": -1.1732711605727675, "selection_17": 0, "shapley_value_18": -1.4106128641537257, "selection_18": 0, "shapley_value_19": -1.3985101242860158, "selection_19": 1, "shapley_value_20": -0.9805569019582538, "selection_20": 0, "shapley_value_21": -1.009225809574127, "selection_21": 0, "shapley_value_22": -0.9440725445747372, "selection_22": 0, "shapley_value_23": -1.162928249438604, "selection_23": 0, "shapley_value_24": -1.3991682032744088, "selection_24": 0, "shapley_value_25": -1.1232468756762417, "selection_25": 0, "shapley_value_26": -1.5434990156264532, "selection_26": 0, "shapley_value_27": -1.0632831338379118, "selection_27": 0, "shapley_value_28": -1.52312418045821, "selection_28": 0, "shapley_value_29": -1.4429371575514476, "selection_29": 0, "shapley_value_30": -1.6188035625399968, "selection_30": 0, "shapley_value_31": -1.042302678028742, "selection_31": 0, "shapley_value_32": -1.315785222583347, "selection_32": 0, "shapley_value_33": -1.2972654212604873, "selection_33": 0, "shapley_value_34": -1.4969767795668707, "selection_34": 0, "shapley_value_35": -1.2903197838200462, "selection_35": 0, "shapley_value_36": -1.219533630543285, "selection_36": 0, "shapley_value_37": -1.284880317747593, "selection_37": 0, "shapley_value_38": -1.305232646288695, "selection_38": 1, "shapley_value_39": -1.2973925471305847, "selection_39": 0, "_timestamp": 1687971880.2306466, "_runtime": 77.6037666797638, "_step": 99, "_wandb": {"runtime": 76}}