{"accuracy": 0.8279484510421753, "val_loss": 0.5167931914329529, "test_loss": 0.5143836736679077, "shapley_value_0": -1.1897810661431516, "selection_0": 0, "shapley_value_1": -1.335274078907111, "selection_1": 0, "shapley_value_2": -1.1093058884143827, "selection_2": 0, "shapley_value_3": -1.3587748805681863, "selection_3": 0, "shapley_value_4": -1.3310749420413264, "selection_4": 0, "shapley_value_5": -1.5750739177068076, "selection_5": 0, "shapley_value_6": -1.4139951539762092, "selection_6": 0, "shapley_value_7": -1.2197180509567258, "selection_7": 0, "shapley_value_8": -1.3064883587261042, "selection_8": 0, "shapley_value_9": -1.182237157315919, "selection_9": 1, "shapley_value_10": -1.5022429645061492, "selection_10": 0, "shapley_value_11": -1.4293274897517578, "selection_11": 0, "shapley_value_12": -0.8962996620120424, "selection_12": 0, "shapley_value_13": -1.4262606331280303, "selection_13": 0, "shapley_value_14": -1.440232733885447, "selection_14": 0, "shapley_value_15": -1.3561031189229755, "selection_15": 0, "shapley_value_16": -1.3479333100495516, "selection_16": 0, "shapley_value_17": -1.2739663214394539, "selection_17": 0, "shapley_value_18": -1.4688812394936883, "selection_18": 0, "shapley_value_19": -1.3693500724103715, "selection_19": 0, "shapley_value_20": -1.4006598989168804, "selection_20": 0, "shapley_value_21": -1.4736811843785376, "selection_21": 1, "shapley_value_22": -1.4665088090631697, "selection_22": 0, "shapley_value_23": -1.1805344402790074, "selection_23": 1, "shapley_value_24": -1.2078417705165017, "selection_24": 0, "shapley_value_25": -1.467763018608093, "selection_25": 0, "shapley_value_26": -1.460927172140642, "selection_26": 0, "shapley_value_27": -1.0803482294082642, "selection_27": 0, "shapley_value_28": -0.9565525036869625, "selection_28": 0, "shapley_value_29": -1.4764459707118847, "selection_29": 0, "shapley_value_30": -1.3958269909576135, "selection_30": 0, "shapley_value_31": -1.3431190972526867, "selection_31": 0, "shapley_value_32": -0.914417729658239, "selection_32": 0, "shapley_value_33": -1.6038257479667664, "selection_33": 1, "shapley_value_34": -1.155413087570306, "selection_34": 0, "shapley_value_35": -1.4127173463503522, "selection_35": 0, "shapley_value_36": -0.9958247621854145, "selection_36": 0, "shapley_value_37": -1.2994505306084947, "selection_37": 0, "shapley_value_38": -1.028951863447825, "selection_38": 0, "shapley_value_39": -1.29967315269239, "selection_39": 0, "_timestamp": 1687985627.8772223, "_runtime": 79.82449841499329, "_step": 99, "_wandb": {"runtime": 78}}