{"accuracy": 0.9373999834060669, "val_loss": 0.2337017059326172, "test_loss": 0.21199709177017212, "shapley_value_0": 0.20206524890661237, "selection_0": 0, "shapley_value_1": 0.17125757070905281, "selection_1": 0, "shapley_value_2": 0.2232736912965775, "selection_2": 0, "shapley_value_3": 0.21125877097249032, "selection_3": 0, "shapley_value_4": 0.17402922865748405, "selection_4": 0, "shapley_value_5": 0.17290066468715665, "selection_5": 0, "shapley_value_6": 0.2370390709340572, "selection_6": 0, "shapley_value_7": 0.1763126521706581, "selection_7": 0, "shapley_value_8": 0.15814926084876055, "selection_8": 1, "shapley_value_9": 0.1762840580046177, "selection_9": 0, "shapley_value_10": 0.14966544866561887, "selection_10": 1, "shapley_value_11": 0.1625302888892199, "selection_11": 0, "shapley_value_12": 0.19987817320227622, "selection_12": 0, "shapley_value_13": 0.16871140854139077, "selection_13": 0, "shapley_value_14": 0.17687150329351425, "selection_14": 0, "shapley_value_15": 0.17712049307007538, "selection_15": 0, "shapley_value_16": 0.21971535518765445, "selection_16": 0, "shapley_value_17": 0.18000642267967526, "selection_17": 0, "shapley_value_18": 0.17075574335455895, "selection_18": 0, "shapley_value_19": 0.21235202047228818, "selection_19": 0, "shapley_value_20": 0.20837120521068572, "selection_20": 0, "shapley_value_21": 0.21616052296757698, "selection_21": 0, "shapley_value_22": 0.199387294113636, "selection_22": 0, "shapley_value_23": 0.18715486407279971, "selection_23": 0, "shapley_value_24": 0.2134915228219409, "selection_24": 0, "shapley_value_25": 0.17007173201441766, "selection_25": 0, "shapley_value_26": 0.2299648180902004, "selection_26": 0, "shapley_value_27": 0.20236903077363966, "selection_27": 0, "shapley_value_28": 0.18027487000823023, "selection_28": 0, "shapley_value_29": 0.25127884531021116, "selection_29": 0, "shapley_value_30": 0.19831125682592393, "selection_30": 0, "shapley_value_31": 0.21822828724980353, "selection_31": 0, "shapley_value_32": 0.1668525248467922, "selection_32": 0, "shapley_value_33": 0.18232862800359725, "selection_33": 0, "shapley_value_34": 0.21374779542966893, "selection_34": 0, "shapley_value_35": 0.16812433405142077, "selection_35": 1, "shapley_value_36": 0.14082907146215437, "selection_36": 1, "shapley_value_37": 0.15251902019977573, "selection_37": 1, "shapley_value_38": 0.17808381062746048, "selection_38": 0, "shapley_value_39": 0.17530579895251677, "selection_39": 0, "shapley_value_40": 0.19081513202190403, "selection_40": 0, "shapley_value_41": 0.17950713175535205, "selection_41": 0, "shapley_value_42": 0.18586057013273238, "selection_42": 0, "shapley_value_43": 0.15748265120387075, "selection_43": 0, "shapley_value_44": 0.18275464344024658, "selection_44": 0, "shapley_value_45": 0.19053381738066674, "selection_45": 0, "shapley_value_46": 0.16945158404111865, "selection_46": 1, "shapley_value_47": 0.19898956936597828, "selection_47": 0, "shapley_value_48": 0.23192963504791267, "selection_48": 0, "shapley_value_49": 0.23329465287923812, "selection_49": 0, "shapley_value_50": 0.19280134287476539, "selection_50": 0, "shapley_value_51": 0.2156975020766258, "selection_51": 0, "shapley_value_52": 0.21641169837117197, "selection_52": 0, "shapley_value_53": 0.2170712774097919, "selection_53": 0, "shapley_value_54": 0.2128342490196228, "selection_54": 0, "shapley_value_55": 0.1673943284749985, "selection_55": 1, "shapley_value_56": 0.21558007648587224, "selection_56": 0, "shapley_value_57": 0.24931971067190176, "selection_57": 0, "shapley_value_58": 0.2212398951947689, "selection_58": 0, "shapley_value_59": 0.13619468358159065, "selection_59": 1, "shapley_value_60": 0.19944189620018005, "selection_60": 0, "shapley_value_61": 0.15196134522243548, "selection_61": 1, "shapley_value_62": 0.23708726298809052, "selection_62": 0, "shapley_value_63": 0.2064365696907043, "selection_63": 0, "shapley_value_64": 0.17427112349867818, "selection_64": 0, "shapley_value_65": 0.19343736499547956, "selection_65": 0, "shapley_value_66": 0.20959986636042593, "selection_66": 0, "shapley_value_67": 0.22266229590773579, "selection_67": 0, "shapley_value_68": 0.20059193170070647, "selection_68": 0, "shapley_value_69": 0.1949855718612671, "selection_69": 0, "shapley_value_70": 0.22597643753886226, "selection_70": 0, "shapley_value_71": 0.13839566761255262, "selection_71": 1, "shapley_value_72": 0.19787909191846847, "selection_72": 0, "shapley_value_73": 0.1801137336790562, "selection_73": 0, "shapley_value_74": 0.21734075123071675, "selection_74": 0, "shapley_value_75": 0.21929665059008094, "selection_75": 0, "shapley_value_76": 0.26223067474365236, "selection_76": 0, "shapley_value_77": 0.16581148582696917, "selection_77": 0, "shapley_value_78": 0.18337320560216902, "selection_78": 0, "shapley_value_79": 0.18665726202726365, "selection_79": 0, "shapley_value_80": 0.1884235982000828, "selection_80": 0, "shapley_value_81": 0.23993325927853584, "selection_81": 0, "shapley_value_82": 0.24997805082798003, "selection_82": 0, "shapley_value_83": 0.1679423370580924, "selection_83": 0, "shapley_value_84": 0.20135551553964612, "selection_84": 0, "shapley_value_85": 0.21429975742101667, "selection_85": 0, "shapley_value_86": 0.21788774302601813, "selection_86": 0, "shapley_value_87": 0.21039017507433896, "selection_87": 0, "shapley_value_88": 0.20275338086485864, "selection_88": 0, "shapley_value_89": 0.17384694659709926, "selection_89": 0, "shapley_value_90": 0.2801374504566193, "selection_90": 0, "shapley_value_91": 0.202293781876564, "selection_91": 0, "shapley_value_92": 0.2403709722459316, "selection_92": 0, "shapley_value_93": 0.22526338565349574, "selection_93": 0, "shapley_value_94": 0.2260992558300495, "selection_94": 0, "shapley_value_95": 0.21156787723302845, "selection_95": 0, "shapley_value_96": 0.25856083118915557, "selection_96": 0, "shapley_value_97": 0.26558757767081265, "selection_97": 0, "shapley_value_98": 0.22406213566660882, "selection_98": 0, "shapley_value_99": 0.2078082739412785, "selection_99": 0, "_timestamp": 1687925317.1473303, "_runtime": 316.65833926200867, "_step": 99, "_wandb": {"runtime": 315}}