{"accuracy": 0.5698000192642212, "val_loss": 1.8909584283828735, "test_loss": 1.900400996208191, "shapley_value_0": -0.000982219522649591, "selection_0": 0, "shapley_value_1": 0.0035825395584106446, "selection_1": 0, "shapley_value_2": -0.0029585235997250207, "selection_2": 0, "shapley_value_3": 0.002701659202575683, "selection_3": 0, "shapley_value_4": 0.006586246490478516, "selection_4": 0, "shapley_value_5": 0.005427713394165039, "selection_5": 0, "shapley_value_6": 0.0024753952026367186, "selection_6": 0, "shapley_value_7": 0.004240932464599609, "selection_7": 0, "shapley_value_8": 0.005842890739440918, "selection_8": 0, "shapley_value_9": 0.003705673217773437, "selection_9": 0, "shapley_value_10": 0.005121352672576904, "selection_10": 0, "shapley_value_11": 0.004320154190063475, "selection_11": 0, "shapley_value_12": -0.012491395598963688, "selection_12": 0, "shapley_value_13": 0.004530320167541504, "selection_13": 0, "shapley_value_14": 0.0014668846130371095, "selection_14": 0, "shapley_value_15": 0.0028816223144531245, "selection_15": 0, "shapley_value_16": 0.0015238595008850095, "selection_16": 0, "shapley_value_17": 0.0020497941970825185, "selection_17": 0, "shapley_value_18": 0.005728507041931152, "selection_18": 0, "shapley_value_19": -0.0006529406497353001, "selection_19": 0, "shapley_value_20": 0.009267171223958334, "selection_20": 0, "shapley_value_21": 0.008546225229899089, "selection_21": 0, "shapley_value_22": 0.0017983547846476238, "selection_22": 0, "shapley_value_23": -0.0014442477309912964, "selection_23": 0, "shapley_value_24": -0.0025923461244817367, "selection_24": 0, "shapley_value_25": -0.018383251993279708, "selection_25": 0, "shapley_value_26": 0.01132420221964518, "selection_26": 0, "shapley_value_27": 0.007561009724934894, "selection_27": 0, "shapley_value_28": 0.004293947219848633, "selection_28": 0, "shapley_value_29": 0.013435745239257812, "selection_29": 0, "shapley_value_30": 0.005923140048980713, "selection_30": 0, "shapley_value_31": 0.005568677186965942, "selection_31": 0, "shapley_value_32": 0.007367404699325561, "selection_32": 0, "shapley_value_33": 0.008527703285217287, "selection_33": 0, "shapley_value_34": 0.010378401279449462, "selection_34": 0, "shapley_value_35": 0.014878078699111938, "selection_35": 0, "shapley_value_36": 0.009092000623544056, "selection_36": 0, "shapley_value_37": -0.014185654489617599, "selection_37": 0, "shapley_value_38": 0.022764887809753418, "selection_38": 0, "shapley_value_39": 0.0011696016788482664, "selection_39": 0, "shapley_value_40": 0.0016807718276977538, "selection_40": 1, "shapley_value_41": 0.013121593475341798, "selection_41": 1, "shapley_value_42": 0.009877945899963379, "selection_42": 1, "shapley_value_43": 0.007382696151733402, "selection_43": 1, "shapley_value_44": 0.007104231834411623, "selection_44": 1, "shapley_value_45": 0.0055909261703491215, "selection_45": 1, "shapley_value_46": 0.005094422817230224, "selection_46": 1, "shapley_value_47": 0.013875910282135012, "selection_47": 1, "shapley_value_48": 0.009969729900360108, "selection_48": 1, "shapley_value_49": 0.013062125682830808, "selection_49": 1, "shapley_value_50": 0, "selection_50": 0, "shapley_value_51": 0, "selection_51": 0, "shapley_value_52": 0, "selection_52": 0, "shapley_value_53": 0, "selection_53": 0, "shapley_value_54": 0, "selection_54": 0, "shapley_value_55": 0, "selection_55": 0, "shapley_value_56": 0, "selection_56": 0, "shapley_value_57": 0, "selection_57": 0, "shapley_value_58": 0, "selection_58": 0, "shapley_value_59": 0, "selection_59": 0, "shapley_value_60": 0, "selection_60": 0, "shapley_value_61": 0, "selection_61": 0, "shapley_value_62": 0, "selection_62": 0, "shapley_value_63": 0, "selection_63": 0, "shapley_value_64": 0, "selection_64": 0, "shapley_value_65": 0, "selection_65": 0, "shapley_value_66": 0, "selection_66": 0, "shapley_value_67": 0, "selection_67": 0, "shapley_value_68": 0, "selection_68": 0, "shapley_value_69": 0, "selection_69": 0, "shapley_value_70": 0, "selection_70": 0, "shapley_value_71": 0, "selection_71": 0, "shapley_value_72": 0, "selection_72": 0, "shapley_value_73": 0, "selection_73": 0, "shapley_value_74": 0, "selection_74": 0, "shapley_value_75": 0, "selection_75": 0, "shapley_value_76": 0, "selection_76": 0, "shapley_value_77": 0, "selection_77": 0, "shapley_value_78": 0, "selection_78": 0, "shapley_value_79": 0, "selection_79": 0, "shapley_value_80": 0, "selection_80": 0, "shapley_value_81": 0, "selection_81": 0, "shapley_value_82": 0, "selection_82": 0, "shapley_value_83": 0, "selection_83": 0, "shapley_value_84": 0, "selection_84": 0, "shapley_value_85": 0, "selection_85": 0, "shapley_value_86": 0, "selection_86": 0, "shapley_value_87": 0, "selection_87": 0, "shapley_value_88": 0, "selection_88": 0, "shapley_value_89": 0, "selection_89": 0, "shapley_value_90": 0, "selection_90": 0, "shapley_value_91": 0, "selection_91": 0, "shapley_value_92": 0, "selection_92": 0, "shapley_value_93": 0, "selection_93": 0, "shapley_value_94": 0, "selection_94": 0, "shapley_value_95": 0, "selection_95": 0, "shapley_value_96": 0, "selection_96": 0, "shapley_value_97": 0, "selection_97": 0, "shapley_value_98": 0, "selection_98": 0, "shapley_value_99": 0, "selection_99": 0, "_timestamp": 1687858845.5543778, "_runtime": 44.42363882064819, "_step": 4}