{"accuracy": 0.4617999792098999, "val_loss": 1.488419771194458, "test_loss": 1.5034611225128174, "_timestamp": 1687966332.176496, "_runtime": 114.80464291572571, "_step": 99, "_wandb": {"runtime": 113}}