{"accuracy": 0.10239999741315842, "val_loss": 5.293832778930664, "test_loss": 5.234286308288574, "shapley_value_0": 2.0641354856391754, "selection_0": 0, "shapley_value_1": 1.4432809282751644, "selection_1": 0, "shapley_value_2": 0.4795686187166156, "selection_2": 0, "shapley_value_3": 0.4939868383937409, "selection_3": 0, "shapley_value_4": -3.120231866836548, "selection_4": 0, "shapley_value_5": 0.6481608053048452, "selection_5": 0, "shapley_value_6": -4.484004984299341, "selection_6": 0, "shapley_value_7": 2.068405536810557, "selection_7": 0, "shapley_value_8": 0.39107731978098526, "selection_8": 0, "shapley_value_9": -3.9336478246582884, "selection_9": 0, "shapley_value_10": -1.807827984293302, "selection_10": 0, "shapley_value_11": -2.9373879830042533, "selection_11": 0, "shapley_value_12": -1.317926689982415, "selection_12": 0, "shapley_value_13": -3.0218635466363697, "selection_13": 0, "shapley_value_14": -2.410383790731431, "selection_14": 0, "shapley_value_15": 1.998377054929733, "selection_15": 1, "shapley_value_16": 4.1299438675244655, "selection_16": 0, "shapley_value_17": 1.5276946504910789, "selection_17": 0, "shapley_value_18": 3.3620152903927694, "selection_18": 0, "shapley_value_19": -2.620299820105235, "selection_19": 0, "shapley_value_20": 2.367084950208664, "selection_20": 0, "shapley_value_21": 0.8330289045969644, "selection_21": 0, "shapley_value_22": 3.9676644989737753, "selection_22": 1, "shapley_value_23": -6.0676941970984135, "selection_23": 0, "shapley_value_24": -4.7637746930122375, "selection_24": 0, "shapley_value_25": -3.665793543060621, "selection_25": 0, "shapley_value_26": -6.146577517191567, "selection_26": 0, "shapley_value_27": 0.764796869622337, "selection_27": 0, "shapley_value_28": 3.075554429280638, "selection_28": 0, "shapley_value_29": -3.0314807891845703, "selection_29": 0, "shapley_value_30": 1.1226603438456855, "selection_30": 0, "shapley_value_31": 2.9796004593372345, "selection_31": 0, "shapley_value_32": -0.025806330144405365, "selection_32": 0, "shapley_value_33": 2.20637196302414, "selection_33": 1, "shapley_value_34": -0.18545123934745847, "selection_34": 0, "shapley_value_35": -2.894208749135335, "selection_35": 0, "shapley_value_36": 0.73674476146698, "selection_36": 0, "shapley_value_37": 3.758616847917437, "selection_37": 0, "shapley_value_38": -2.882864117622374, "selection_38": 0, "shapley_value_39": 3.9167341033617644, "selection_39": 0, "shapley_value_40": -0.6711741118204031, "selection_40": 0, "shapley_value_41": 1.1326640745004024, "selection_41": 0, "shapley_value_42": 0, "selection_42": 0, "shapley_value_43": 1.7222328351603615, "selection_43": 0, "shapley_value_44": 4.0068791309992475, "selection_44": 1, "shapley_value_45": -4.459168301688301, "selection_45": 0, "shapley_value_46": 5.018860211195773, "selection_46": 1, "shapley_value_47": -0.5890872478485104, "selection_47": 0, "shapley_value_48": -0.5131167343684595, "selection_48": 0, "shapley_value_49": 2.144117646747165, "selection_49": 0, "_timestamp": 1688396114.8385139, "_runtime": 112.18045091629028, "_step": 99, "_wandb": {"runtime": 110}}