{"accuracy": 0.1444000005722046, "val_loss": 3.013596296310425, "test_loss": 3.039884567260742, "_timestamp": 1688410505.512866, "_runtime": 147.74903512001038, "_step": 99, "_wandb": {"runtime": 146}}