{"accuracy": 0.9341999888420105, "val_loss": 0.24433200061321259, "test_loss": 0.2241942137479782, "shapley_value_0": 0.22116180470356575, "selection_0": 0, "shapley_value_1": 0.18624041235446925, "selection_1": 0, "shapley_value_2": 0.16112168391545612, "selection_2": 0, "shapley_value_3": 0.1960557126716563, "selection_3": 1, "shapley_value_4": 0.22536873881597272, "selection_4": 0, "shapley_value_5": 0.23509976562112567, "selection_5": 0, "shapley_value_6": 0.2156640693274411, "selection_6": 0, "shapley_value_7": 0.18873950277056012, "selection_7": 0, "shapley_value_8": 0.20941855656603972, "selection_8": 1, "shapley_value_9": 0.18519266879558566, "selection_9": 0, "shapley_value_10": 0.15819926693615566, "selection_10": 0, "shapley_value_11": 0.20850775506761338, "selection_11": 0, "shapley_value_12": 0.24010332937041912, "selection_12": 0, "shapley_value_13": 0.2463994175940752, "selection_13": 0, "shapley_value_14": 0.2049894184470177, "selection_14": 0, "shapley_value_15": 0.21445639130142, "selection_15": 0, "shapley_value_16": 0.26736666415418886, "selection_16": 0, "shapley_value_17": 0.20297758434520385, "selection_17": 0, "shapley_value_18": 0.19167493700981142, "selection_18": 0, "shapley_value_19": 0.2233852345347404, "selection_19": 0, "shapley_value_20": 0.1375257506966591, "selection_20": 0, "shapley_value_21": 0.21669144230229515, "selection_21": 0, "shapley_value_22": 0.20777502349444799, "selection_22": 0, "shapley_value_23": 0.25413282389149944, "selection_23": 1, "shapley_value_24": 0.1799180383117575, "selection_24": 0, "shapley_value_25": 0.32212839275598526, "selection_25": 0, "shapley_value_26": 0.20029870924850304, "selection_26": 0, "shapley_value_27": 0.13460645779967306, "selection_27": 0, "shapley_value_28": 0.17178795056683674, "selection_28": 0, "shapley_value_29": 0.19708976306021211, "selection_29": 0, "shapley_value_30": 0.18995835072464415, "selection_30": 0, "shapley_value_31": 0.2509759151935578, "selection_31": 0, "shapley_value_32": 0.1772828432917595, "selection_32": 0, "shapley_value_33": 0.21821548662308993, "selection_33": 0, "shapley_value_34": 0.19387247535917493, "selection_34": 0, "shapley_value_35": 0.17562413251399994, "selection_35": 0, "shapley_value_36": 0.16062408443008147, "selection_36": 0, "shapley_value_37": 0.20934342018195565, "selection_37": 0, "shapley_value_38": 0.22517327866771, "selection_38": 0, "shapley_value_39": 0.16562130957841875, "selection_39": 0, "shapley_value_40": 0.19777090079254578, "selection_40": 0, "shapley_value_41": 0.19045395831267042, "selection_41": 1, "shapley_value_42": 0.2316128248402051, "selection_42": 0, "shapley_value_43": 0.1880515797029842, "selection_43": 0, "shapley_value_44": 0.21242453254186192, "selection_44": 1, "shapley_value_45": 0.26066946168740585, "selection_45": 0, "shapley_value_46": 0.16949432563781738, "selection_46": 0, "shapley_value_47": 0.17479898290200666, "selection_47": 0, "shapley_value_48": 0.257822497853866, "selection_48": 0, "shapley_value_49": 0.23300534712771573, "selection_49": 0, "shapley_value_50": 0.21914658792316913, "selection_50": 0, "shapley_value_51": 0.17105995782784048, "selection_51": 0, "shapley_value_52": 0.21347618559996284, "selection_52": 0, "shapley_value_53": 0.2133830633759498, "selection_53": 0, "shapley_value_54": 0.25337550146239146, "selection_54": 0, "shapley_value_55": 0.24954862616278914, "selection_55": 0, "shapley_value_56": 0.21289155101776128, "selection_56": 0, "shapley_value_57": 0.21903964091431014, "selection_57": 0, "shapley_value_58": 0.1955934623380502, "selection_58": 0, "shapley_value_59": 0.20064425988630816, "selection_59": 0, "shapley_value_60": 0.1520422315810408, "selection_60": 0, "shapley_value_61": 0.2247458690404892, "selection_61": 0, "shapley_value_62": 0.18497830629348752, "selection_62": 0, "shapley_value_63": 0.19463845551013947, "selection_63": 0, "shapley_value_64": 0.20211969941854474, "selection_64": 0, "shapley_value_65": 0.16918256604671478, "selection_65": 0, "shapley_value_66": 0.24519085188706724, "selection_66": 1, "shapley_value_67": 0.19559749177524016, "selection_67": 0, "shapley_value_68": 0.18856912270188333, "selection_68": 0, "shapley_value_69": 0.13351146198809147, "selection_69": 0, "shapley_value_70": 0.2503101682960987, "selection_70": 0, "shapley_value_71": 0.227957644293967, "selection_71": 0, "shapley_value_72": 0.17241634147906168, "selection_72": 0, "shapley_value_73": 0.2392950439878873, "selection_73": 1, "shapley_value_74": 0.19133718184630072, "selection_74": 0, "shapley_value_75": 0.18505352002382278, "selection_75": 0, "shapley_value_76": 0.3097201691355024, "selection_76": 0, "shapley_value_77": 0.21352667251601815, "selection_77": 0, "shapley_value_78": 0.24201191723346707, "selection_78": 0, "shapley_value_79": 0.18896619695756167, "selection_79": 0, "shapley_value_80": 0.21881222867048702, "selection_80": 0, "shapley_value_81": 0.23821970123052597, "selection_81": 1, "shapley_value_82": 0.1549417170882225, "selection_82": 0, "shapley_value_83": 0.21922976950183506, "selection_83": 0, "shapley_value_84": 0.2260257082184156, "selection_84": 0, "shapley_value_85": 0.19911298990249632, "selection_85": 0, "shapley_value_86": 0.2559538863102595, "selection_86": 0, "shapley_value_87": 0.1864310215819966, "selection_87": 1, "shapley_value_88": 0.2057061086098353, "selection_88": 0, "shapley_value_89": 0.18296495692088055, "selection_89": 0, "shapley_value_90": 0.16409709076989779, "selection_90": 0, "shapley_value_91": 0.19096340311898122, "selection_91": 0, "shapley_value_92": 0.19540206757684545, "selection_92": 0, "shapley_value_93": 0.2094237352907658, "selection_93": 1, "shapley_value_94": 0.2507092810670535, "selection_94": 0, "shapley_value_95": 0.255425778105855, "selection_95": 0, "shapley_value_96": 0.15931360453367233, "selection_96": 0, "shapley_value_97": 0.20638951629400257, "selection_97": 0, "shapley_value_98": 0.17197886545165833, "selection_98": 0, "shapley_value_99": 0.2313763778408369, "selection_99": 0, "_timestamp": 1687933366.1192448, "_runtime": 308.3732557296753, "_step": 99, "_wandb": {"runtime": 307}}