{"accuracy": 0.18140000104904175, "val_loss": 2.5441415309906006, "test_loss": 2.5885887145996094, "_timestamp": 1688401045.161686, "_runtime": 95.81406784057617, "_step": 99, "_wandb": {"runtime": 94}}