{"loss": 0.7416254281997681, "accuracy": 0.7766000032424927, "average_active_clients": 2.0, "_timestamp": 1686664431.4694948, "_runtime": 8.557783842086792, "_step": 399, "_wandb": {"runtime": 7}}