{"accuracy": 0.09699999541044235, "val_loss": 5.735996246337891, "test_loss": 5.799142360687256, "shapley_value_0": 1.577399849891663, "selection_0": 0, "shapley_value_1": 4.864910936146454, "selection_1": 1, "shapley_value_2": -2.4536870916684466, "selection_2": 0, "shapley_value_3": -0.6077039341131851, "selection_3": 0, "shapley_value_4": -9.550177137056984, "selection_4": 0, "shapley_value_5": 3.102944627404213, "selection_5": 0, "shapley_value_6": -4.538706660270691, "selection_6": 0, "shapley_value_7": -6.976411600907644, "selection_7": 0, "shapley_value_8": 0.5115062225432625, "selection_8": 0, "shapley_value_9": -3.8435990015665693, "selection_9": 0, "shapley_value_10": -1.3188826143741599, "selection_10": 0, "shapley_value_11": -0.42873336871465106, "selection_11": 0, "shapley_value_12": -2.286318739255269, "selection_12": 0, "shapley_value_13": 0, "selection_13": 0, "shapley_value_14": -7.438155661026636, "selection_14": 0, "shapley_value_15": -1.6679653127988168, "selection_15": 0, "shapley_value_16": 4.700363528260999, "selection_16": 1, "shapley_value_17": 0.5326009889443717, "selection_17": 0, "shapley_value_18": 4.364954147323875, "selection_18": 1, "shapley_value_19": -12.550387163956959, "selection_19": 0, "shapley_value_20": 6.184080640474956, "selection_20": 0, "shapley_value_21": -0.07646482388178492, "selection_21": 1, "shapley_value_22": 1.6495861684282627, "selection_22": 0, "shapley_value_23": -4.904606769482296, "selection_23": 0, "shapley_value_24": -8.53349337975184, "selection_24": 0, "shapley_value_25": -3.241331895192465, "selection_25": 0, "shapley_value_26": -7.262134184439977, "selection_26": 0, "shapley_value_27": 1.8521757225195563, "selection_27": 0, "shapley_value_28": -2.366377582152683, "selection_28": 0, "shapley_value_29": -1.5920251508553838, "selection_29": 0, "shapley_value_30": 0.3490629643201828, "selection_30": 0, "shapley_value_31": 2.0448126544555025, "selection_31": 0, "shapley_value_32": -5.576644778251648, "selection_32": 0, "shapley_value_33": 2.5970059871673583, "selection_33": 0, "shapley_value_34": -3.386955738067626, "selection_34": 0, "shapley_value_35": 1.6178301175435372, "selection_35": 0, "shapley_value_36": 3.7217031933587323, "selection_36": 0, "shapley_value_37": 0, "selection_37": 0, "shapley_value_38": 0.916690496603648, "selection_38": 0, "shapley_value_39": 4.512388096599983, "selection_39": 1, "shapley_value_40": -1.0051507949829102, "selection_40": 0, "shapley_value_41": -3.727516432603199, "selection_41": 0, "shapley_value_42": 0.3943765262762682, "selection_42": 0, "shapley_value_43": 0.6075665354728694, "selection_43": 0, "shapley_value_44": -0.14275628725687675, "selection_44": 0, "shapley_value_45": -5.642346630493797, "selection_45": 0, "shapley_value_46": -5.7687073151270525, "selection_46": 0, "shapley_value_47": 0, "selection_47": 0, "shapley_value_48": -2.9850874675644774, "selection_48": 0, "shapley_value_49": 1.2617395480473832, "selection_49": 0, "_timestamp": 1688395417.4535053, "_runtime": 111.04874920845032, "_step": 99, "_wandb": {"runtime": 109}}