{"loss": 0.312915176153183, "accuracy": 0.9111999869346619, "average_active_clients": 3.0, "_timestamp": 1686668791.7169943, "_runtime": 30.387999296188354, "_step": 399, "_wandb": {"runtime": 28}}