{"accuracy": 0.11639999598264694, "val_loss": 2.8048951625823975, "test_loss": 2.845447540283203, "shapley_value_0": 1.0318244715531668, "selection_0": 0, "shapley_value_1": 3.489990846677259, "selection_1": 1, "shapley_value_2": 2.147221738100052, "selection_2": 0, "shapley_value_3": 0.888650691509247, "selection_3": 0, "shapley_value_4": -0.3898173093795779, "selection_4": 1, "shapley_value_5": 3.9997605536923273, "selection_5": 0, "shapley_value_6": -0.6482985704033462, "selection_6": 0, "shapley_value_7": 3.699370698495345, "selection_7": 0, "shapley_value_8": 3.9348426461219788, "selection_8": 0, "shapley_value_9": 0.6028519729773208, "selection_9": 0, "shapley_value_10": 0.33112935622533146, "selection_10": 0, "shapley_value_11": 0.8275381803512571, "selection_11": 0, "shapley_value_12": 1.052081189552943, "selection_12": 0, "shapley_value_13": -0.6700910528500873, "selection_13": 0, "shapley_value_14": -0.0241652826468151, "selection_14": 1, "shapley_value_15": 0.6646861275037128, "selection_15": 0, "shapley_value_16": 2.9531627774238585, "selection_16": 0, "shapley_value_17": 1.288734918832779, "selection_17": 0, "shapley_value_18": 2.043502648671468, "selection_18": 0, "shapley_value_19": -0.2735869001459191, "selection_19": 0, "shapley_value_20": 1.9661449551582337, "selection_20": 0, "shapley_value_21": 0.731723044315974, "selection_21": 0, "shapley_value_22": 1.9865670482317612, "selection_22": 0, "shapley_value_23": -0.07104790608088156, "selection_23": 1, "shapley_value_24": -2.289503720071581, "selection_24": 0, "shapley_value_25": -0.8779931730694239, "selection_25": 0, "shapley_value_26": -0.7905753674330538, "selection_26": 0, "shapley_value_27": 0.3170710305372872, "selection_27": 1, "shapley_value_28": 1.7285787999629973, "selection_28": 0, "shapley_value_29": -0.401733915011088, "selection_29": 0, "shapley_value_30": 1.8146221101284024, "selection_30": 0, "shapley_value_31": 2.2923703869183853, "selection_31": 0, "shapley_value_32": 1.7637078762054443, "selection_32": 0, "shapley_value_33": 4.486687914891677, "selection_33": 0, "shapley_value_34": 1.329923146963119, "selection_34": 0, "shapley_value_35": -0.9134521594753973, "selection_35": 0, "shapley_value_36": 4.502906943812515, "selection_36": 0, "shapley_value_37": 2.378585054477056, "selection_37": 0, "shapley_value_38": 0.6679000914096832, "selection_38": 0, "shapley_value_39": 1.073665354649225, "selection_39": 0, "shapley_value_40": 0.05307998657226589, "selection_40": 0, "shapley_value_41": 0.6288299123446153, "selection_41": 0, "shapley_value_42": 4.186008597865248, "selection_42": 0, "shapley_value_43": 2.2535609602928157, "selection_43": 0, "shapley_value_44": 4.5991298628575885, "selection_44": 0, "shapley_value_45": -2.241168737411499, "selection_45": 0, "shapley_value_46": 4.6024128884980176, "selection_46": 0, "shapley_value_47": 1.9180196881294251, "selection_47": 0, "shapley_value_48": 0.6142483651638031, "selection_48": 0, "shapley_value_49": 1.325247603654861, "selection_49": 0, "_timestamp": 1688385048.512415, "_runtime": 109.36748504638672, "_step": 99, "_wandb": {"runtime": 107}}