{"accuracy": 0.12639999389648438, "val_loss": 3.9501819610595703, "test_loss": 3.858807325363159, "_timestamp": 1687996669.6360543, "_runtime": 131.06160235404968, "_step": 99, "_wandb": {"runtime": 129}}