{"accuracy": 0.1289999932050705, "val_loss": 2.9910507202148438, "test_loss": 3.0240893363952637, "_timestamp": 1688399499.9271762, "_runtime": 95.93207335472107, "_step": 99, "_wandb": {"runtime": 94}}