{"accuracy": 0.9291999936103821, "val_loss": 0.2596035301685333, "test_loss": 0.24120676517486572, "_timestamp": 1687994231.6753352, "_runtime": 83.45552921295166, "_step": 99, "_wandb": {"runtime": 82}}