{"accuracy": 0.10239999741315842, "val_loss": 4.602540493011475, "test_loss": 4.6079936027526855, "shapley_value_0": 2.1888072556919527, "selection_0": 0, "shapley_value_1": -1.5489601691563921, "selection_1": 0, "shapley_value_2": 2.780158812349492, "selection_2": 1, "shapley_value_3": 2.028324367271529, "selection_3": 0, "shapley_value_4": -7.900897999604542, "selection_4": 0, "shapley_value_5": -2.032485644022624, "selection_5": 0, "shapley_value_6": -6.339509278535843, "selection_6": 0, "shapley_value_7": 3.259699506962553, "selection_7": 1, "shapley_value_8": -0.3611156940460205, "selection_8": 0, "shapley_value_9": -8.23584842681885, "selection_9": 0, "shapley_value_10": -5.686483065287273, "selection_10": 0, "shapley_value_11": 0, "selection_11": 0, "shapley_value_12": 0, "selection_12": 0, "shapley_value_13": 1.5793653279542919, "selection_13": 0, "shapley_value_14": -5.662523945172627, "selection_14": 0, "shapley_value_15": 1.4167759666840234, "selection_15": 0, "shapley_value_16": 0, "selection_16": 0, "shapley_value_17": 1.4304309830521091, "selection_17": 0, "shapley_value_18": 2.5240594872997866, "selection_18": 0, "shapley_value_19": -5.463332533836365, "selection_19": 0, "shapley_value_20": 0.8047477801640834, "selection_20": 0, "shapley_value_21": 0, "selection_21": 0, "shapley_value_22": 1.33924302260081, "selection_22": 0, "shapley_value_23": -1.0346865720219078, "selection_23": 0, "shapley_value_24": -3.896405816078186, "selection_24": 0, "shapley_value_25": -2.4127392040358644, "selection_25": 0, "shapley_value_26": -7.6884730855623875, "selection_26": 0, "shapley_value_27": 0, "selection_27": 0, "shapley_value_28": 5.780116240183512, "selection_28": 0, "shapley_value_29": -0.5376862287521371, "selection_29": 0, "shapley_value_30": -0.4832810004552206, "selection_30": 0, "shapley_value_31": 3.252359137648628, "selection_31": 0, "shapley_value_32": 3.009163377577797, "selection_32": 0, "shapley_value_33": -3.2069565455118827, "selection_33": 0, "shapley_value_34": 0.5782806451121969, "selection_34": 0, "shapley_value_35": -1.1108696659406032, "selection_35": 0, "shapley_value_36": -0.7662946316930981, "selection_36": 0, "shapley_value_37": -4.553537130355835, "selection_37": 0, "shapley_value_38": 2.044254157278273, "selection_38": 0, "shapley_value_39": 1.450123738158833, "selection_39": 0, "shapley_value_40": 0, "selection_40": 0, "shapley_value_41": 0.3679353462325199, "selection_41": 0, "shapley_value_42": 3.1342080373694934, "selection_42": 0, "shapley_value_43": 3.9829583688714036, "selection_43": 1, "shapley_value_44": 4.613581498195458, "selection_44": 1, "shapley_value_45": 0, "selection_45": 0, "shapley_value_46": 1.8945427483982509, "selection_46": 1, "shapley_value_47": 0, "selection_47": 0, "shapley_value_48": 0.20571299393971731, "selection_48": 0, "shapley_value_49": 0, "selection_49": 0, "_timestamp": 1688390948.377748, "_runtime": 110.07423901557922, "_step": 99, "_wandb": {"runtime": 108}}