{"accuracy": 0.5001999735832214, "val_loss": 1.3728554248809814, "test_loss": 1.3888658285140991, "shapley_value_0": -0.7373141163871402, "selection_0": 1, "shapley_value_1": -0.6895495590410734, "selection_1": 0, "shapley_value_2": -0.7364445974429445, "selection_2": 0, "shapley_value_3": -0.7308247354295517, "selection_3": 0, "shapley_value_4": -0.7070361484180799, "selection_4": 0, "shapley_value_5": -0.7156946550716055, "selection_5": 0, "shapley_value_6": -0.5754556357860565, "selection_6": 0, "shapley_value_7": -0.6722475157843695, "selection_7": 0, "shapley_value_8": -0.6892871459325154, "selection_8": 0, "shapley_value_9": -0.767535929326658, "selection_9": 0, "shapley_value_10": -0.7514937520027161, "selection_10": 0, "shapley_value_11": -0.7874030967553456, "selection_11": 0, "shapley_value_12": -0.7808573416301184, "selection_12": 0, "shapley_value_13": -0.640518290655954, "selection_13": 0, "shapley_value_14": -0.7933148741722109, "selection_14": 0, "shapley_value_15": -0.8066036780675253, "selection_15": 0, "shapley_value_16": -0.6336046324835883, "selection_16": 0, "shapley_value_17": -0.6834064299861591, "selection_17": 0, "shapley_value_18": -0.8423153956731161, "selection_18": 0, "shapley_value_19": -0.6545920868714649, "selection_19": 0, "shapley_value_20": -0.6505274275938671, "selection_20": 0, "shapley_value_21": -0.5785344640413923, "selection_21": 0, "shapley_value_22": -0.6657024377431626, "selection_22": 0, "shapley_value_23": -0.6929207767049473, "selection_23": 1, "shapley_value_24": -0.7631639805104998, "selection_24": 1, "shapley_value_25": -0.8279281705617905, "selection_25": 1, "shapley_value_26": -0.543940042455991, "selection_26": 0, "shapley_value_27": -0.7289102113608159, "selection_27": 0, "shapley_value_28": -0.6906781805886162, "selection_28": 0, "shapley_value_29": -0.7046423514684043, "selection_29": 0, "shapley_value_30": -0.6521084024792628, "selection_30": 0, "shapley_value_31": -0.7222132086753842, "selection_31": 0, "shapley_value_32": -0.8017595211664835, "selection_32": 0, "shapley_value_33": -0.7773989306555856, "selection_33": 0, "shapley_value_34": -0.7544586108281064, "selection_34": 0, "shapley_value_35": -0.7289907843978316, "selection_35": 0, "shapley_value_36": -0.7728501260280612, "selection_36": 0, "shapley_value_37": -0.7628593742847443, "selection_37": 0, "shapley_value_38": -0.6685469216770596, "selection_38": 0, "shapley_value_39": -0.7155536611874898, "selection_39": 0, "_timestamp": 1688030788.230299, "_runtime": 97.90965294837952, "_step": 99, "_wandb": {"runtime": 96}}