{"accuracy": 0.09719999879598618, "val_loss": 6.257111072540283, "test_loss": 6.323129653930664, "shapley_value_0": 0, "selection_0": 0, "shapley_value_1": 0.8798845688501995, "selection_1": 0, "shapley_value_2": 4.342570601432933, "selection_2": 0, "shapley_value_3": 0.7283146690439297, "selection_3": 0, "shapley_value_4": 0, "selection_4": 0, "shapley_value_5": 4.144671833035591, "selection_5": 0, "shapley_value_6": -3.324629108111065, "selection_6": 0, "shapley_value_7": 4.737244877658907, "selection_7": 1, "shapley_value_8": 0, "selection_8": 0, "shapley_value_9": -4.572389245033264, "selection_9": 0, "shapley_value_10": 0, "selection_10": 0, "shapley_value_11": -0.3635085423787432, "selection_11": 0, "shapley_value_12": -8.32443642616272, "selection_12": 0, "shapley_value_13": 0, "selection_13": 0, "shapley_value_14": 0, "selection_14": 0, "shapley_value_15": 1.3212280035018913, "selection_15": 0, "shapley_value_16": -0.21706261237462243, "selection_16": 0, "shapley_value_17": 0, "selection_17": 0, "shapley_value_18": 1.4789234967458813, "selection_18": 0, "shapley_value_19": -6.737909098466236, "selection_19": 0, "shapley_value_20": 0, "selection_20": 0, "shapley_value_21": 4.917263793028316, "selection_21": 1, "shapley_value_22": 0.9405076152239089, "selection_22": 0, "shapley_value_23": -0.6465995311737069, "selection_23": 0, "shapley_value_24": -16.638100186983742, "selection_24": 0, "shapley_value_25": -2.078428705533348, "selection_25": 0, "shapley_value_26": -7.4892819325129185, "selection_26": 0, "shapley_value_27": 0, "selection_27": 0, "shapley_value_28": 0, "selection_28": 0, "shapley_value_29": 0, "selection_29": 0, "shapley_value_30": 0, "selection_30": 0, "shapley_value_31": 0.8943029443422947, "selection_31": 0, "shapley_value_32": 0, "selection_32": 0, "shapley_value_33": 0, "selection_33": 0, "shapley_value_34": -0.2159701387087507, "selection_34": 0, "shapley_value_35": -4.353892207145691, "selection_35": 0, "shapley_value_36": 0, "selection_36": 0, "shapley_value_37": 1.2351273077505611, "selection_37": 0, "shapley_value_38": 2.3693022330602016, "selection_38": 0, "shapley_value_39": 1.6777246126106802, "selection_39": 1, "shapley_value_40": 0.3574570616086312, "selection_40": 0, "shapley_value_41": -4.382904946804047, "selection_41": 0, "shapley_value_42": 2.4493586570024486, "selection_42": 0, "shapley_value_43": 4.608440951506298, "selection_43": 1, "shapley_value_44": 4.969966834303975, "selection_44": 1, "shapley_value_45": 1.2409143845240287, "selection_45": 0, "shapley_value_46": 0, "selection_46": 0, "shapley_value_47": 1.4671836694081613, "selection_47": 0, "shapley_value_48": -5.816874186197918, "selection_48": 0, "shapley_value_49": 0.3492376406987505, "selection_49": 0, "_timestamp": 1688389456.4280136, "_runtime": 107.52496862411499, "_step": 99, "_wandb": {"runtime": 105}}