{"accuracy": 0.5023999810218811, "val_loss": 1.3918514251708984, "test_loss": 1.407407283782959, "_timestamp": 1687965722.2025435, "_runtime": 86.4649224281311, "_step": 99, "_wandb": {"runtime": 84}}