{"accuracy": 0.8442866802215576, "val_loss": 0.511037290096283, "test_loss": 0.5114486217498779, "_timestamp": 1687974042.18954, "_runtime": 79.01798892021179, "_step": 99, "_wandb": {"runtime": 77}}