{"accuracy": 0.10239999741315842, "val_loss": 5.107375144958496, "test_loss": 5.075847148895264, "_timestamp": 1688036691.1886997, "_runtime": 143.15158367156982, "_step": 99, "_wandb": {"runtime": 141}}