{"accuracy": 0.13840000331401825, "val_loss": 4.693424224853516, "test_loss": 4.761808395385742, "_timestamp": 1688404494.110176, "_runtime": 142.13853812217712, "_step": 99, "_wandb": {"runtime": 140}}