{"loss": 2.253520965576172, "accuracy": 0.17419999837875366, "average_active_clients": 2.0, "_timestamp": 1686917957.6474993, "_runtime": 33.99622440338135, "_step": 399, "_wandb": {"runtime": 32}}