{"loss": 0.37283873558044434, "accuracy": 0.8877999782562256, "average_active_clients": 10.0, "ucb_0": 0.3850070834159851, "nk_0": 27, "sv_0": -0.001110914396122098, "ucb_1": 0.38505351543426514, "nk_1": 27, "sv_1": -0.0010644675930961967, "ucb_2": 0.3848441541194916, "nk_2": 27, "sv_2": -0.0012738355435431004, "ucb_3": 0.38493573665618896, "nk_3": 27, "sv_3": -0.001182269654236734, "ucb_4": 0.3846307396888733, "nk_4": 27, "sv_4": -0.0014872562605887651, "ucb_5": 0.38506078720092773, "nk_5": 27, "sv_5": -0.0010572185274213552, "ucb_6": 0.385170042514801, "nk_6": 27, "sv_6": -0.0009479575674049556, "ucb_7": 0.3849322497844696, "nk_7": 27, "sv_7": -0.0011857390636578202, "ucb_8": 0.3847293555736542, "nk_8": 27, "sv_8": -0.0013886484084650874, "ucb_9": 0.3846399486064911, "nk_9": 27, "sv_9": -0.0014780510682612658, "ucb_10": 0.38259240984916687, "nk_10": 29, "sv_10": 0.010026657022535801, "ucb_11": 0.3801315128803253, "nk_11": 29, "sv_11": 0.007565755862742662, "ucb_12": 0.3804786801338196, "nk_12": 29, "sv_12": 0.007912925444543362, "ucb_13": 0.3806658387184143, "nk_13": 29, "sv_13": 0.008100098930299282, "ucb_14": 0.3793717324733734, "nk_14": 29, "sv_14": 0.006805978715419769, "ucb_15": 0.38030335307121277, "nk_15": 29, "sv_15": 0.007737614680081606, "ucb_16": 0.37996211647987366, "nk_16": 29, "sv_16": 0.007396363187581301, "ucb_17": 0.38257336616516113, "nk_17": 29, "sv_17": 0.010007615201175213, "ucb_18": 0.3830089569091797, "nk_18": 29, "sv_18": 0.010443218052387238, "ucb_19": 0.3817618787288666, "nk_19": 29, "sv_19": 0.009196133352816105, "_timestamp": 1687190554.985361, "_runtime": 610.645859003067, "_step": 55, "_wandb": {"runtime": 614}}