{"loss": 0.35151219367980957, "accuracy": 0.9019999504089355, "average_active_clients": 9.145000000000007, "_timestamp": 1686667538.5404425, "_runtime": 26.611035585403442, "_step": 399, "_wandb": {"runtime": 24}}