{"accuracy": 0.579810619354248, "val_loss": 1.2296596765518188, "test_loss": 1.231990098953247, "shapley_value_0": -0.12375593185424805, "selection_0": 0, "shapley_value_1": -0.24241328239440918, "selection_1": 0, "shapley_value_2": -0.007152199745178223, "selection_2": 0, "shapley_value_3": -0.045316338539123535, "selection_3": 0, "shapley_value_4": 0.04377516110738119, "selection_4": 0, "shapley_value_5": 0.04455693562825521, "selection_5": 0, "shapley_value_6": 0.05795341730117798, "selection_6": 0, "shapley_value_7": 0.06715965270996094, "selection_7": 0, "shapley_value_8": 0.07781386375427246, "selection_8": 0, "shapley_value_9": 0.07701289653778076, "selection_9": 0, "shapley_value_10": 0.17550170421600342, "selection_10": 0, "shapley_value_11": 0.09495178858439128, "selection_11": 0, "shapley_value_12": 0.9961577619825089, "selection_12": 1, "shapley_value_13": 0.09371595723288399, "selection_13": 0, "shapley_value_14": 0.18688409978693182, "selection_14": 0, "shapley_value_15": 0.0885753333568573, "selection_15": 0, "shapley_value_16": 0.10225011242760552, "selection_16": 0, "shapley_value_17": 0.10337343480851915, "selection_17": 0, "shapley_value_18": 0.9930271750688553, "selection_18": 1, "shapley_value_19": 0.10638588666915894, "selection_19": 0, "_timestamp": 1687858080.6385553, "_runtime": 79.64637732505798, "_step": 99, "_wandb": {"runtime": 79}}