{"accuracy": 0.09699999541044235, "val_loss": 4.743453025817871, "test_loss": 4.806869983673096, "shapley_value_0": -1.4235216776529942, "selection_0": 0, "shapley_value_1": 2.370646264469414, "selection_1": 0, "shapley_value_2": 1.943965401252111, "selection_2": 0, "shapley_value_3": 3.2544536910195285, "selection_3": 0, "shapley_value_4": 0.8452250162760417, "selection_4": 0, "shapley_value_5": 0, "selection_5": 0, "shapley_value_6": 0.47369153300921196, "selection_6": 0, "shapley_value_7": 0, "selection_7": 0, "shapley_value_8": 3.39779369533062, "selection_8": 1, "shapley_value_9": -2.1975320180257167, "selection_9": 0, "shapley_value_10": 0.6813669580000421, "selection_10": 0, "shapley_value_11": 1.8614878631105607, "selection_11": 0, "shapley_value_12": -1.064697186152138, "selection_12": 0, "shapley_value_13": 1.5979160082106492, "selection_13": 0, "shapley_value_14": -4.13349429766337, "selection_14": 0, "shapley_value_15": 0.1514452298482265, "selection_15": 0, "shapley_value_16": 2.0446785368781155, "selection_16": 1, "shapley_value_17": 0, "selection_17": 0, "shapley_value_18": 0, "selection_18": 0, "shapley_value_19": 0, "selection_19": 0, "shapley_value_20": 2.22552626383932, "selection_20": 0, "shapley_value_21": 2.4649386694937045, "selection_21": 0, "shapley_value_22": -2.253491123517354, "selection_22": 0, "shapley_value_23": -1.6141775051752743, "selection_23": 0, "shapley_value_24": -3.7419177889823914, "selection_24": 0, "shapley_value_25": -6.727925578753155, "selection_25": 0, "shapley_value_26": -12.035736064116161, "selection_26": 0, "shapley_value_27": 2.023525702574896, "selection_27": 0, "shapley_value_28": -1.874685525894165, "selection_28": 0, "shapley_value_29": 1.5184763616985746, "selection_29": 0, "shapley_value_30": -1.9544550975163766, "selection_30": 0, "shapley_value_31": 2.459526591830783, "selection_31": 0, "shapley_value_32": 2.5279555297637164, "selection_32": 0, "shapley_value_33": 4.43340482438604, "selection_33": 0, "shapley_value_34": 1.617685967021517, "selection_34": 0, "shapley_value_35": 0, "selection_35": 0, "shapley_value_36": 3.9785438350268776, "selection_36": 1, "shapley_value_37": 1.7190228129426641, "selection_37": 1, "shapley_value_38": 1.9169680156569555, "selection_38": 0, "shapley_value_39": 3.1651775422303565, "selection_39": 0, "shapley_value_40": -2.4290144244829808, "selection_40": 0, "shapley_value_41": -3.8523370424906425, "selection_41": 0, "shapley_value_42": 3.447909275690715, "selection_42": 0, "shapley_value_43": 2.3340171065595423, "selection_43": 0, "shapley_value_44": -0.46370355288187604, "selection_44": 0, "shapley_value_45": -2.8616413738992486, "selection_45": 0, "shapley_value_46": 4.484286298011909, "selection_46": 1, "shapley_value_47": 0, "selection_47": 0, "shapley_value_48": 0.8955193161964417, "selection_48": 0, "shapley_value_49": -3.532821973164875, "selection_49": 0, "_timestamp": 1688388201.8317945, "_runtime": 117.21661758422852, "_step": 99, "_wandb": {"runtime": 115}}