{"accuracy": 0.0997999981045723, "val_loss": 3.1461265087127686, "test_loss": 3.1748812198638916, "shapley_value_0": 1.2967875500520072, "selection_0": 0, "shapley_value_1": 0.8187151749928795, "selection_1": 0, "shapley_value_2": 3.4564873794714615, "selection_2": 0, "shapley_value_3": 4.755495709000212, "selection_3": 0, "shapley_value_4": -1.592090626557668, "selection_4": 0, "shapley_value_5": 3.0235410392284394, "selection_5": 0, "shapley_value_6": -0.34800200992160363, "selection_6": 0, "shapley_value_7": 3.4276683290799452, "selection_7": 0, "shapley_value_8": 4.017796397209168, "selection_8": 0, "shapley_value_9": 1.675912008682887, "selection_9": 0, "shapley_value_10": 0.7925918996334079, "selection_10": 0, "shapley_value_11": 1.7425493677457173, "selection_11": 0, "shapley_value_12": 0.17963159283002222, "selection_12": 1, "shapley_value_13": 0.05682979822158814, "selection_13": 1, "shapley_value_14": 1.0735601385434468, "selection_14": 0, "shapley_value_15": 1.095916430155436, "selection_15": 0, "shapley_value_16": 3.93573458628221, "selection_16": 0, "shapley_value_17": 0.9238131165504455, "selection_17": 0, "shapley_value_18": 4.363400889165474, "selection_18": 0, "shapley_value_19": 0.9123165170351658, "selection_19": 0, "shapley_value_20": 0.5204128960768382, "selection_20": 0, "shapley_value_21": 0.9504637082417803, "selection_21": 0, "shapley_value_22": 0.8999199132124582, "selection_22": 0, "shapley_value_23": 0.3563015719254811, "selection_23": 0, "shapley_value_24": -1.8138581779268053, "selection_24": 0, "shapley_value_25": -1.5524483411400405, "selection_25": 0, "shapley_value_26": -0.336179466159255, "selection_26": 0, "shapley_value_27": 1.8271235863367714, "selection_27": 0, "shapley_value_28": 1.375225845972697, "selection_28": 0, "shapley_value_29": -0.4836226503054303, "selection_29": 0, "shapley_value_30": 1.8259397526582077, "selection_30": 0, "shapley_value_31": 2.668552358945211, "selection_31": 0, "shapley_value_32": 2.026154629389445, "selection_32": 0, "shapley_value_33": 4.358350360032284, "selection_33": 0, "shapley_value_34": 1.6466300010681152, "selection_34": 0, "shapley_value_35": 0.849942662318548, "selection_35": 0, "shapley_value_36": 4.733368160146656, "selection_36": 0, "shapley_value_37": 2.1915775974591574, "selection_37": 0, "shapley_value_38": 1.1469261745611825, "selection_38": 0, "shapley_value_39": 2.1260576764742534, "selection_39": 0, "shapley_value_40": -0.04078854918479937, "selection_40": 1, "shapley_value_41": 2.6204356431961062, "selection_41": 0, "shapley_value_42": 4.761755905368111, "selection_42": 0, "shapley_value_43": 2.1750760237375895, "selection_43": 0, "shapley_value_44": 3.2560090462366746, "selection_44": 0, "shapley_value_45": -3.3588655944223764, "selection_45": 0, "shapley_value_46": 3.443013014396031, "selection_46": 0, "shapley_value_47": 0.4637598911921182, "selection_47": 1, "shapley_value_48": 0.2904130478700008, "selection_48": 1, "shapley_value_49": 1.0884971956412, "selection_49": 0, "_timestamp": 1688384239.2012265, "_runtime": 109.69146656990051, "_step": 99, "_wandb": {"runtime": 108}}