{"accuracy": 0.9261999726295471, "val_loss": 0.25694453716278076, "test_loss": 0.23421648144721985, "shapley_value_0": 0.0015944290161132818, "selection_0": 0, "shapley_value_1": 0.0006536436080932617, "selection_1": 0, "shapley_value_2": 0.0014863061904907223, "selection_2": 0, "shapley_value_3": -0.000143063695807206, "selection_3": 0, "shapley_value_4": 0.002430882453918457, "selection_4": 0, "shapley_value_5": 0.0012488269805908205, "selection_5": 0, "shapley_value_6": 0.0008728742599487304, "selection_6": 0, "shapley_value_7": 0.0024510002136230464, "selection_7": 0, "shapley_value_8": 0.0007450294494628907, "selection_8": 0, "shapley_value_9": 0.0015223217010498047, "selection_9": 0, "shapley_value_10": 0.0059323453903198245, "selection_10": 0, "shapley_value_11": 0.0009138870239257815, "selection_11": 0, "shapley_value_12": 0.0030143165588378904, "selection_12": 0, "shapley_value_13": 0.004680261611938476, "selection_13": 0, "shapley_value_14": 0.005305933952331543, "selection_14": 0, "shapley_value_15": 0.003665089607238769, "selection_15": 0, "shapley_value_16": 0.007788863182067876, "selection_16": 0, "shapley_value_17": 0.0011156940460205081, "selection_17": 0, "shapley_value_18": 0.00240506649017334, "selection_18": 0, "shapley_value_19": 0.005057816505432129, "selection_19": 0, "shapley_value_20": 0.010731720924377441, "selection_20": 0, "shapley_value_21": 0.01875598907470703, "selection_21": 0, "shapley_value_22": 0.010207805633544922, "selection_22": 0, "shapley_value_23": 0.009404973983764647, "selection_23": 0, "shapley_value_24": 0.00788578987121582, "selection_24": 0, "shapley_value_25": 0.15999480254948142, "selection_25": 0, "shapley_value_26": -9.000928778397407e-05, "selection_26": 0, "shapley_value_27": 0.01344304084777832, "selection_27": 0, "shapley_value_28": 0.007353382110595703, "selection_28": 0, "shapley_value_29": 0.007120709419250488, "selection_29": 0, "shapley_value_30": 0.11750051299730936, "selection_30": 0, "shapley_value_31": 0.02003849506378173, "selection_31": 0, "shapley_value_32": 0.008079233169555665, "selection_32": 0, "shapley_value_33": 0.12362763091921808, "selection_33": 0, "shapley_value_34": 0.020799908638000488, "selection_34": 0, "shapley_value_35": 0.20829355443016068, "selection_35": 0, "shapley_value_36": 0.01694983005523681, "selection_36": 0, "shapley_value_37": 0.019737625122070307, "selection_37": 0, "shapley_value_38": 0.013579950332641602, "selection_38": 0, "shapley_value_39": -0.00021669739171078332, "selection_39": 0, "shapley_value_40": 0.027958264350891115, "selection_40": 0, "shapley_value_41": 0.2178579959002408, "selection_41": 1, "shapley_value_42": 0.02754870414733885, "selection_42": 0, "shapley_value_43": 0.00968184471130371, "selection_43": 0, "shapley_value_44": 0.022791328430175777, "selection_44": 0, "shapley_value_45": 0.19772397267818448, "selection_45": 0, "shapley_value_46": 0.02738154411315918, "selection_46": 0, "shapley_value_47": 0.22192659693956376, "selection_47": 1, "shapley_value_48": 0.018938775062561045, "selection_48": 0, "shapley_value_49": 0.019336962699890138, "selection_49": 0, "shapley_value_50": -0.0011019581242611533, "selection_50": 0, "shapley_value_51": 0.1057744022210439, "selection_51": 0, "shapley_value_52": 0.22397184591001348, "selection_52": 1, "shapley_value_53": 0.023306455612182617, "selection_53": 0, "shapley_value_54": 0.06614505410194396, "selection_54": 0, "shapley_value_55": 0.26378004953265194, "selection_55": 1, "shapley_value_56": 0.2284867502199975, "selection_56": 1, "shapley_value_57": 0.024207758903503417, "selection_57": 0, "shapley_value_58": 0.10655219693978625, "selection_58": 0, "shapley_value_59": 0.07006417900323868, "selection_59": 0, "shapley_value_60": 0.06732677549123764, "selection_60": 0, "shapley_value_61": 0.17034604871273043, "selection_61": 0, "shapley_value_62": 0.18601987488567823, "selection_62": 0, "shapley_value_63": 0.1384999282360077, "selection_63": 0, "shapley_value_64": 0.0484146836400032, "selection_64": 0, "shapley_value_65": 0.18000656911960014, "selection_65": 0, "shapley_value_66": 0.20079440948251007, "selection_66": 0, "shapley_value_67": -0.00039211072419819077, "selection_67": 0, "shapley_value_68": 0.18349903730785147, "selection_68": 0, "shapley_value_69": 0.1923991709320169, "selection_69": 0, "shapley_value_70": 0.13901441429790695, "selection_70": 0, "shapley_value_71": 0.18906435363822513, "selection_71": 0, "shapley_value_72": 0.16520967692136762, "selection_72": 0, "shapley_value_73": 0.15391292452812194, "selection_73": 0, "shapley_value_74": 0.09516882379849752, "selection_74": 0, "shapley_value_75": 0.10647858023643493, "selection_75": 0, "shapley_value_76": 0.11610571821530662, "selection_76": 0, "shapley_value_77": 0.158108492238181, "selection_77": 0, "shapley_value_78": 0.06925669252872467, "selection_78": 0, "shapley_value_79": 0.1699671226768402, "selection_79": 0, "shapley_value_80": 0.2259960335815276, "selection_80": 1, "shapley_value_81": 0.21113162264679416, "selection_81": 1, "shapley_value_82": 0.0664905163698029, "selection_82": 0, "shapley_value_83": 0.22369599422685016, "selection_83": 1, "shapley_value_84": 0.21765957569008448, "selection_84": 1, "shapley_value_85": 0.17813862462838492, "selection_85": 0, "shapley_value_86": 0.11835010573267936, "selection_86": 0, "shapley_value_87": 0.19467928783460095, "selection_87": 0, "shapley_value_88": 0.22641263820065405, "selection_88": 1, "shapley_value_89": 0.18027138844325943, "selection_89": 0, "shapley_value_90": -0.00016764276906063683, "selection_90": 0, "shapley_value_91": 0.1799798170157841, "selection_91": 0, "shapley_value_92": 0.152949927970767, "selection_92": 0, "shapley_value_93": 0.05105809230553476, "selection_93": 0, "shapley_value_94": 0.19768428534269336, "selection_94": 0, "shapley_value_95": 0.11130854964256286, "selection_95": 0, "shapley_value_96": 0.16583829902112485, "selection_96": 0, "shapley_value_97": 0.20159989561637248, "selection_97": 0, "shapley_value_98": 0.20757599639892577, "selection_98": 0, "shapley_value_99": 0.11839028358459473, "selection_99": 0, "_timestamp": 1687913108.2633498, "_runtime": 308.87981367111206, "_step": 99, "_wandb": {"runtime": 307}}