{"accuracy": 0.9350000023841858, "val_loss": 0.2293892651796341, "test_loss": 0.2151516079902649, "_timestamp": 1688025989.2821524, "_runtime": 138.7139594554901, "_step": 99, "_wandb": {"runtime": 137}}