{"accuracy": 0.0997999981045723, "val_loss": 5.288311004638672, "test_loss": 5.341339111328125, "shapley_value_0": -2.4754872785674205, "selection_0": 0, "shapley_value_1": 5.068468154495598, "selection_1": 0, "shapley_value_2": 1.3709540466467534, "selection_2": 0, "shapley_value_3": 1.0258713339765868, "selection_3": 0, "shapley_value_4": -3.726232399543126, "selection_4": 0, "shapley_value_5": 1.5481046302276749, "selection_5": 1, "shapley_value_6": -0.8857139905293782, "selection_6": 0, "shapley_value_7": 0.9738416075706491, "selection_7": 0, "shapley_value_8": -0.525953859090805, "selection_8": 0, "shapley_value_9": -1.9073082307974496, "selection_9": 0, "shapley_value_10": -1.6245373090108224, "selection_10": 0, "shapley_value_11": -4.537012080351513, "selection_11": 0, "shapley_value_12": -1.4626028438409175, "selection_12": 1, "shapley_value_13": 0, "selection_13": 0, "shapley_value_14": -4.768618822097778, "selection_14": 0, "shapley_value_15": 0.14679396152496338, "selection_15": 0, "shapley_value_16": 4.18609369560784, "selection_16": 0, "shapley_value_17": 2.770198233199842, "selection_17": 0, "shapley_value_18": 4.655602789035552, "selection_18": 1, "shapley_value_19": -4.197791715463003, "selection_19": 0, "shapley_value_20": 2.956504607200622, "selection_20": 0, "shapley_value_21": -0.7955312331517534, "selection_21": 0, "shapley_value_22": -1.5691526201036237, "selection_22": 0, "shapley_value_23": -2.686376472314199, "selection_23": 0, "shapley_value_24": -3.8964072465896606, "selection_24": 0, "shapley_value_25": -1.5370058351092872, "selection_25": 0, "shapley_value_26": 0, "selection_26": 0, "shapley_value_27": -0.25091817643907327, "selection_27": 0, "shapley_value_28": -5.176687459150951, "selection_28": 0, "shapley_value_29": -1.1648870507876083, "selection_29": 0, "shapley_value_30": 1.1102498412132258, "selection_30": 0, "shapley_value_31": 2.2278529008229566, "selection_31": 0, "shapley_value_32": 1.3246200184027355, "selection_32": 0, "shapley_value_33": 1.3175710307227246, "selection_33": 0, "shapley_value_34": 0, "selection_34": 0, "shapley_value_35": -2.5729164679845162, "selection_35": 0, "shapley_value_36": -0.04081500321626663, "selection_36": 0, "shapley_value_37": -2.335617621739706, "selection_37": 0, "shapley_value_38": 0.786949703187653, "selection_38": 0, "shapley_value_39": 4.769067578526387, "selection_39": 1, "shapley_value_40": 2.8766843742794457, "selection_40": 0, "shapley_value_41": 0.016507834196089366, "selection_41": 0, "shapley_value_42": 0, "selection_42": 0, "shapley_value_43": 3.13975969950358, "selection_43": 0, "shapley_value_44": 3.5900611962950175, "selection_44": 1, "shapley_value_45": -3.129628459612527, "selection_45": 0, "shapley_value_46": -5.268848001956939, "selection_46": 0, "shapley_value_47": -1.0117829309569462, "selection_47": 0, "shapley_value_48": -0.17242035269737288, "selection_48": 0, "shapley_value_49": 8.011190493901571, "selection_49": 0, "_timestamp": 1688395654.7416155, "_runtime": 115.66481351852417, "_step": 99, "_wandb": {"runtime": 114}}