{"accuracy": 0.47099998593330383, "val_loss": 1.499045729637146, "test_loss": 1.5217223167419434, "_timestamp": 1687965285.4983711, "_runtime": 87.82182216644287, "_step": 99, "_wandb": {"runtime": 86}}