{"accuracy": 0.9221999645233154, "val_loss": 0.2908143103122711, "test_loss": 0.26793649792671204, "shapley_value_0": 0.0013175106048583984, "selection_0": 0, "shapley_value_1": 0.0035247516632080085, "selection_1": 0, "shapley_value_2": 0.0010966968536376951, "selection_2": 0, "shapley_value_3": 0.004454202651977539, "selection_3": 0, "shapley_value_4": 0.0029014444351196295, "selection_4": 0, "shapley_value_5": 0.002632155418395996, "selection_5": 0, "shapley_value_6": 0.004602632522583008, "selection_6": 0, "shapley_value_7": 0.003187870979309082, "selection_7": 0, "shapley_value_8": 0.002948398590087892, "selection_8": 0, "shapley_value_9": 0.004238281249999999, "selection_9": 0, "shapley_value_10": 0.009168910980224607, "selection_10": 0, "shapley_value_11": 0.011889948844909667, "selection_11": 0, "shapley_value_12": 0.0051346635818481446, "selection_12": 0, "shapley_value_13": 0.0810187268257141, "selection_13": 0, "shapley_value_14": 0.0821150815486908, "selection_14": 0, "shapley_value_15": 0.012011981010437012, "selection_15": 0, "shapley_value_16": 0.005821866989135742, "selection_16": 0, "shapley_value_17": 0.012225303649902344, "selection_17": 0, "shapley_value_18": 0.010381584167480468, "selection_18": 0, "shapley_value_19": 0.0077250146865844695, "selection_19": 0, "shapley_value_20": 0.008068385124206543, "selection_20": 0, "shapley_value_21": 0.013791804313659665, "selection_21": 0, "shapley_value_22": 0.01695085048675536, "selection_22": 0, "shapley_value_23": 0.005630488395690918, "selection_23": 0, "shapley_value_24": 0.11229969024658201, "selection_24": 0, "shapley_value_25": 0.015583443641662593, "selection_25": 0, "shapley_value_26": 0.07225990056991577, "selection_26": 0, "shapley_value_27": 0.01015627384185791, "selection_27": 0, "shapley_value_28": 0.012986998558044433, "selection_28": 0, "shapley_value_29": 0.01610543727874756, "selection_29": 0, "shapley_value_30": 0.034322299957275385, "selection_30": 0, "shapley_value_31": 0.010918402671813964, "selection_31": 0, "shapley_value_32": 0.02324464321136475, "selection_32": 0, "shapley_value_33": 0.028120594024658198, "selection_33": 0, "shapley_value_34": 0.022776236534118654, "selection_34": 0, "shapley_value_35": 0.023367552757263182, "selection_35": 0, "shapley_value_36": 0.027056651115417486, "selection_36": 0, "shapley_value_37": 0.07253915250301361, "selection_37": 0, "shapley_value_38": 0.029050602912902828, "selection_38": 0, "shapley_value_39": 0.0367979907989502, "selection_39": 0, "shapley_value_40": 0.05423159599304198, "selection_40": 0, "shapley_value_41": 0.030873453617095953, "selection_41": 0, "shapley_value_42": 0.008543422222137453, "selection_42": 0, "shapley_value_43": 0.04670162439346314, "selection_43": 0, "shapley_value_44": 0.03712902307510376, "selection_44": 0, "shapley_value_45": 0.08926499366760254, "selection_45": 0, "shapley_value_46": 0.03001035690307617, "selection_46": 0, "shapley_value_47": 0.04772248983383179, "selection_47": 0, "shapley_value_48": 0.056225128173828125, "selection_48": 0, "shapley_value_49": 0.03836888551712036, "selection_49": 0, "shapley_value_50": 0.10836048364639281, "selection_50": 0, "shapley_value_51": 0.07108704566955566, "selection_51": 0, "shapley_value_52": 0.07167236804962158, "selection_52": 0, "shapley_value_53": 0.012812809944152834, "selection_53": 0, "shapley_value_54": 0.12348208725452421, "selection_54": 0, "shapley_value_55": 0.10659210920333863, "selection_55": 0, "shapley_value_56": 0.10830375671386719, "selection_56": 0, "shapley_value_57": 0.013063390254974366, "selection_57": 0, "shapley_value_58": -0.0003392759122346577, "selection_58": 0, "shapley_value_59": 0.0840599274635315, "selection_59": 0, "shapley_value_60": 0.13646817684173587, "selection_60": 0, "shapley_value_61": 0.06826642751693729, "selection_61": 0, "shapley_value_62": 0.10295722484588624, "selection_62": 0, "shapley_value_63": 0.10454603433609008, "selection_63": 0, "shapley_value_64": 0.06976492643356323, "selection_64": 0, "shapley_value_65": 0.014808242948431714, "selection_65": 0, "shapley_value_66": 0.10244651556015015, "selection_66": 0, "shapley_value_67": 0.10441833019256591, "selection_67": 0, "shapley_value_68": 0.07137828826904298, "selection_68": 0, "shapley_value_69": 0.1538072386880716, "selection_69": 0, "shapley_value_70": 0.11712884664535526, "selection_70": 0, "shapley_value_71": 0.09228874921798709, "selection_71": 0, "shapley_value_72": 0.13449828624725346, "selection_72": 0, "shapley_value_73": 0.132494558095932, "selection_73": 0, "shapley_value_74": 0.22751330140639425, "selection_74": 1, "shapley_value_75": 0.2237088196044079, "selection_75": 1, "shapley_value_76": 0.042694830894470216, "selection_76": 0, "shapley_value_77": 0.11338308095932007, "selection_77": 0, "shapley_value_78": 0.21746017937438855, "selection_78": 1, "shapley_value_79": 0.04316795825958252, "selection_79": 0, "shapley_value_80": 0.13295255661010746, "selection_80": 0, "shapley_value_81": 0.2351830108165741, "selection_81": 1, "shapley_value_82": 0.08051803469657898, "selection_82": 0, "shapley_value_83": 0.22670776836739642, "selection_83": 1, "shapley_value_84": 0.1496536145039967, "selection_84": 0, "shapley_value_85": 0.10656117677688598, "selection_85": 0, "shapley_value_86": 0.10412109255790708, "selection_86": 0, "shapley_value_87": 0.10776998698711399, "selection_87": 0, "shapley_value_88": 0.22763665500614386, "selection_88": 1, "shapley_value_89": 0.13075501203536988, "selection_89": 0, "shapley_value_90": 0.13941688537597657, "selection_90": 0, "shapley_value_91": 0.18965921274839348, "selection_91": 1, "shapley_value_92": 0.2152379867898093, "selection_92": 1, "shapley_value_93": 0.1173878312110901, "selection_93": 0, "shapley_value_94": 0.11872213482856749, "selection_94": 0, "shapley_value_95": 0.20815025262264478, "selection_95": 1, "shapley_value_96": 0.13803396999835965, "selection_96": 0, "shapley_value_97": 0.11574738025665282, "selection_97": 0, "shapley_value_98": 0.0003930282592773437, "selection_98": 0, "shapley_value_99": 0.2172002192503876, "selection_99": 1, "_timestamp": 1687949871.1216118, "_runtime": 325.9276397228241, "_step": 99, "_wandb": {"runtime": 324}}