{"accuracy": 0.809042751789093, "val_loss": 0.5560492873191833, "test_loss": 0.5546740889549255, "_timestamp": 1687988445.3795388, "_runtime": 93.84183478355408, "_step": 99, "_wandb": {"runtime": 92}}