{"accuracy": 0.47079998254776, "val_loss": 1.490293025970459, "test_loss": 1.5055372714996338, "shapley_value_0": -0.6308771272500356, "selection_0": 0, "shapley_value_1": -0.3176320879547684, "selection_1": 0, "shapley_value_2": -0.8182255471194233, "selection_2": 1, "shapley_value_3": -0.8445618053277334, "selection_3": 0, "shapley_value_4": -0.8645443320274353, "selection_4": 0, "shapley_value_5": -0.7497792569073763, "selection_5": 0, "shapley_value_6": -0.6744927697711519, "selection_6": 0, "shapley_value_7": -0.8813245164023503, "selection_7": 0, "shapley_value_8": -0.887381374835968, "selection_8": 1, "shapley_value_9": -0.7304334952717736, "selection_9": 0, "shapley_value_10": -0.994111011425654, "selection_10": 0, "shapley_value_11": -0.7610465735197065, "selection_11": 0, "shapley_value_12": -0.5826043155458238, "selection_12": 0, "shapley_value_13": -0.4287812734643617, "selection_13": 0, "shapley_value_14": -0.6835013407248037, "selection_14": 0, "shapley_value_15": -0.8953394492467244, "selection_15": 0, "shapley_value_16": -0.7509935696919758, "selection_16": 1, "shapley_value_17": -1.0323830666365443, "selection_17": 0, "shapley_value_18": -1.1855899731318154, "selection_18": 0, "shapley_value_19": -0.6454856829209761, "selection_19": 0, "shapley_value_20": -0.6289503397764982, "selection_20": 0, "shapley_value_21": -0.1765222011827955, "selection_21": 0, "shapley_value_22": -0.27047108500092115, "selection_22": 0, "shapley_value_23": -0.6099158610616413, "selection_23": 0, "shapley_value_24": -0.5188565154870353, "selection_24": 0, "shapley_value_25": -0.7374563433907251, "selection_25": 0, "shapley_value_26": -1.264782834936071, "selection_26": 0, "shapley_value_27": -0.2346977293491364, "selection_27": 1, "shapley_value_28": -0.1950733264287313, "selection_28": 0, "shapley_value_29": -0.9008921296508225, "selection_29": 0, "shapley_value_30": -0.43530661529964854, "selection_30": 0, "shapley_value_31": -1.4583182136217747, "selection_31": 0, "shapley_value_32": 0.06564301820028384, "selection_32": 0, "shapley_value_33": -0.7027841707070666, "selection_33": 0, "shapley_value_34": -0.50983405996252, "selection_34": 0, "shapley_value_35": -0.5693771952674503, "selection_35": 0, "shapley_value_36": -0.6953741014003754, "selection_36": 0, "shapley_value_37": -0.3965559800465899, "selection_37": 0, "shapley_value_38": -0.35814557189033136, "selection_38": 0, "shapley_value_39": -0.7827123739780522, "selection_39": 0, "_timestamp": 1687962224.3816001, "_runtime": 90.76134705543518, "_step": 99, "_wandb": {"runtime": 89}}