{"accuracy": 0.0997999981045723, "val_loss": 3.4177699089050293, "test_loss": 3.4314215183258057, "shapley_value_0": 2.1907067050536475, "selection_0": 0, "shapley_value_1": 3.0131393784568417, "selection_1": 0, "shapley_value_2": 3.72417272301926, "selection_2": 1, "shapley_value_3": 2.816645278284948, "selection_3": 0, "shapley_value_4": 0.8653699556986485, "selection_4": 0, "shapley_value_5": 3.156927780558666, "selection_5": 1, "shapley_value_6": -4.858650475740432, "selection_6": 0, "shapley_value_7": 3.3639506195530746, "selection_7": 0, "shapley_value_8": 4.308984092303685, "selection_8": 0, "shapley_value_9": -0.014968514442443404, "selection_9": 0, "shapley_value_10": -16.599688470363617, "selection_10": 0, "shapley_value_11": 1.8006510972976677, "selection_11": 1, "shapley_value_12": 0, "selection_12": 0, "shapley_value_13": 0.6706640621026356, "selection_13": 0, "shapley_value_14": -1.218173424402874, "selection_14": 0, "shapley_value_15": 0.051903982957204185, "selection_15": 0, "shapley_value_16": 3.1515663787722588, "selection_16": 1, "shapley_value_17": 1.5196448644002278, "selection_17": 0, "shapley_value_18": 2.6764475223494735, "selection_18": 0, "shapley_value_19": -2.642483313878376, "selection_19": 0, "shapley_value_20": 0, "selection_20": 0, "shapley_value_21": -2.1482549508412667, "selection_21": 0, "shapley_value_22": -1.6676513353983573, "selection_22": 0, "shapley_value_23": 0, "selection_23": 0, "shapley_value_24": -3.896406054496765, "selection_24": 0, "shapley_value_25": -2.649186319775053, "selection_25": 0, "shapley_value_26": -6.376995722452801, "selection_26": 0, "shapley_value_27": 2.860235532124837, "selection_27": 0, "shapley_value_28": 0.9005755235751467, "selection_28": 0, "shapley_value_29": -1.0325664977232625, "selection_29": 0, "shapley_value_30": 0, "selection_30": 0, "shapley_value_31": 0, "selection_31": 0, "shapley_value_32": 0, "selection_32": 0, "shapley_value_33": 0.06751314798991004, "selection_33": 0, "shapley_value_34": -0.9624751210212699, "selection_34": 0, "shapley_value_35": -2.797660092512767, "selection_35": 0, "shapley_value_36": -1.0044708053270952, "selection_36": 0, "shapley_value_37": -3.774218638737997, "selection_37": 0, "shapley_value_38": 2.13524039586385, "selection_38": 0, "shapley_value_39": 2.9168730317682456, "selection_39": 0, "shapley_value_40": 0.8054664830366769, "selection_40": 0, "shapley_value_41": 0, "selection_41": 0, "shapley_value_42": 2.7975351517162617, "selection_42": 1, "shapley_value_43": -1.8947767019271868, "selection_43": 0, "shapley_value_44": 4.508307645133895, "selection_44": 0, "shapley_value_45": -3.356007198492687, "selection_45": 0, "shapley_value_46": 2.934874868521126, "selection_46": 0, "shapley_value_47": -1.793936550617218, "selection_47": 0, "shapley_value_48": 0, "selection_48": 0, "shapley_value_49": -0.879279613494873, "selection_49": 0, "_timestamp": 1688389794.2443671, "_runtime": 111.56748223304749, "_step": 99, "_wandb": {"runtime": 110}}