{"accuracy": 0.809042751789093, "val_loss": 0.5560492873191833, "test_loss": 0.5546740889549255, "_timestamp": 1687988639.6812325, "_runtime": 95.64692640304565, "_step": 99, "_wandb": {"runtime": 93}}