{"accuracy": 0.9271999597549438, "val_loss": 0.26930567622184753, "test_loss": 0.24787665903568268, "_timestamp": 1687993444.3854835, "_runtime": 84.06569051742554, "_step": 99, "_wandb": {"runtime": 82}}