{"accuracy": 0.9330000281333923, "val_loss": 0.2096005082130432, "test_loss": 0.23490901291370392, "shapley_value_0": 0.2577150318622589, "selection_0": 0, "shapley_value_1": 0.20745908515320882, "selection_1": 0, "shapley_value_2": 0.20166294371709229, "selection_2": 0, "shapley_value_3": 0.19483847048547534, "selection_3": 0, "shapley_value_4": 0.18875193138917287, "selection_4": 0, "shapley_value_5": 0.1778258235539709, "selection_5": 0, "shapley_value_6": 0.18846576061099768, "selection_6": 0, "shapley_value_7": 0.21311705456177393, "selection_7": 0, "shapley_value_8": 0.19504111641219682, "selection_8": 0, "shapley_value_9": 0.16207335897467354, "selection_9": 0, "shapley_value_10": 0.19468038813634356, "selection_10": 1, "shapley_value_11": 0.12014209152444412, "selection_11": 0, "shapley_value_12": 0.19536792312349588, "selection_12": 0, "shapley_value_13": 0.19275864213966487, "selection_13": 0, "shapley_value_14": 0.2050085616111755, "selection_14": 0, "shapley_value_15": 0.252964248508215, "selection_15": 0, "shapley_value_16": 0.22121182218194013, "selection_16": 0, "shapley_value_17": 0.23211745853934973, "selection_17": 0, "shapley_value_18": 0.2383974305912852, "selection_18": 0, "shapley_value_19": 0.14921963265538218, "selection_19": 0, "shapley_value_20": 0.18472700907425443, "selection_20": 0, "shapley_value_21": 0.19844869339152385, "selection_21": 0, "shapley_value_22": 0.17344281536340714, "selection_22": 0, "shapley_value_23": 0.12150241856419276, "selection_23": 0, "shapley_value_24": 0.1804618880748749, "selection_24": 0, "shapley_value_25": 0.2116542149980863, "selection_25": 1, "shapley_value_26": 0.20223900956412158, "selection_26": 0, "shapley_value_27": 0.18261580171910197, "selection_27": 0, "shapley_value_28": 0.1852608319371939, "selection_28": 0, "shapley_value_29": 0.21460476517677304, "selection_29": 0, "shapley_value_30": 0.21416515743732453, "selection_30": 0, "shapley_value_31": 0.17621565963540758, "selection_31": 0, "shapley_value_32": 0.20504743479192258, "selection_32": 0, "shapley_value_33": 0.20288306161761288, "selection_33": 1, "shapley_value_34": 0.2082917204770175, "selection_34": 0, "shapley_value_35": 0.13706028742449625, "selection_35": 0, "shapley_value_36": 0.24696454636752607, "selection_36": 0, "shapley_value_37": 0.16120241027325388, "selection_37": 0, "shapley_value_38": 0.20478800249596438, "selection_38": 0, "shapley_value_39": 0.20911088976595135, "selection_39": 0, "shapley_value_40": 0.20098538354039194, "selection_40": 0, "shapley_value_41": 0.2381869386302101, "selection_41": 0, "shapley_value_42": 0.2104418106973171, "selection_42": 0, "shapley_value_43": 0.24365078399578724, "selection_43": 0, "shapley_value_44": 0.2343607870170048, "selection_44": 0, "shapley_value_45": 0.12788886529207227, "selection_45": 0, "shapley_value_46": 0.21125051043250345, "selection_46": 0, "shapley_value_47": 0.2173252156749368, "selection_47": 1, "shapley_value_48": 0.16877791332347053, "selection_48": 0, "shapley_value_49": 0.178263947814703, "selection_49": 0, "shapley_value_50": 0.21750365371213243, "selection_50": 1, "shapley_value_51": 0.20870164803096225, "selection_51": 1, "shapley_value_52": 0.17798857384257846, "selection_52": 0, "shapley_value_53": 0.23486592726781963, "selection_53": 0, "shapley_value_54": 0.18386536250511806, "selection_54": 0, "shapley_value_55": 0.14505402876271142, "selection_55": 0, "shapley_value_56": 0.21875558101468615, "selection_56": 1, "shapley_value_57": 0.21010605655610562, "selection_57": 0, "shapley_value_58": 0.19347221506857556, "selection_58": 0, "shapley_value_59": 0.22609835676848888, "selection_59": 0, "shapley_value_60": 0.20737034177780153, "selection_60": 0, "shapley_value_61": 0.17398698234598245, "selection_61": 0, "shapley_value_62": 0.19303549809588327, "selection_62": 1, "shapley_value_63": 0.18115818504244086, "selection_63": 0, "shapley_value_64": 0.1515411398145888, "selection_64": 0, "shapley_value_65": 0.22734347795446716, "selection_65": 0, "shapley_value_66": 0.23362468636035919, "selection_66": 0, "shapley_value_67": 0.19239759656515992, "selection_67": 0, "shapley_value_68": 0.2605449214806924, "selection_68": 1, "shapley_value_69": 0.18151845629398639, "selection_69": 0, "shapley_value_70": 0.2078519895401868, "selection_70": 0, "shapley_value_71": 0.16238966014650133, "selection_71": 0, "shapley_value_72": 0.18784260032808078, "selection_72": 0, "shapley_value_73": 0.22783565772431238, "selection_73": 0, "shapley_value_74": 0.2262432430932919, "selection_74": 0, "shapley_value_75": 0.19500749375138965, "selection_75": 0, "shapley_value_76": 0.20578824028634188, "selection_76": 0, "shapley_value_77": 0.20395965584119166, "selection_77": 0, "shapley_value_78": 0.15512367740273475, "selection_78": 0, "shapley_value_79": 0.2037324688086907, "selection_79": 0, "shapley_value_80": 0.26011633528603445, "selection_80": 0, "shapley_value_81": 0.21013229496777058, "selection_81": 0, "shapley_value_82": 0.20013096813112502, "selection_82": 0, "shapley_value_83": 0.24062004441022872, "selection_83": 0, "shapley_value_84": 0.15244283775488535, "selection_84": 0, "shapley_value_85": 0.2372440811693668, "selection_85": 0, "shapley_value_86": 0.19325356652339298, "selection_86": 0, "shapley_value_87": 0.21829522224764028, "selection_87": 0, "shapley_value_88": 0.1509430953176846, "selection_88": 0, "shapley_value_89": 0.2380156072725852, "selection_89": 0, "shapley_value_90": 0.23288392702738447, "selection_90": 0, "shapley_value_91": 0.20750273754199344, "selection_91": 0, "shapley_value_92": 0.16737025475467154, "selection_92": 0, "shapley_value_93": 0.16026407568193066, "selection_93": 0, "shapley_value_94": 0.2361648324628671, "selection_94": 0, "shapley_value_95": 0.10985144077162994, "selection_95": 0, "shapley_value_96": 0.2092055976390838, "selection_96": 0, "shapley_value_97": 0.2007578682899475, "selection_97": 0, "shapley_value_98": 0.21825652139527457, "selection_98": 0, "shapley_value_99": 0.20335817252596214, "selection_99": 1, "_timestamp": 1687873568.8530242, "_runtime": 1567.6324751377106, "_step": 99, "_wandb": {"runtime": 1566}}