{"accuracy": 0.9283999800682068, "val_loss": 0.2645138204097748, "test_loss": 0.2400411069393158, "shapley_value_0": -1.7721340267194643, "selection_0": 0, "shapley_value_1": -1.5817463786313029, "selection_1": 0, "shapley_value_2": -1.732157406352815, "selection_2": 0, "shapley_value_3": -1.7828515287902615, "selection_3": 1, "shapley_value_4": -2.0165624196330705, "selection_4": 0, "shapley_value_5": -1.8822445670763654, "selection_5": 0, "shapley_value_6": -1.8082211991151174, "selection_6": 0, "shapley_value_7": -1.767062912384669, "selection_7": 0, "shapley_value_8": -1.954434534817031, "selection_8": 0, "shapley_value_9": -1.6040623230593545, "selection_9": 0, "shapley_value_10": -1.9451932680039177, "selection_10": 0, "shapley_value_11": -1.859069942600197, "selection_11": 1, "shapley_value_12": -1.5959826570290783, "selection_12": 0, "shapley_value_13": -1.8738484601179763, "selection_13": 0, "shapley_value_14": -1.7836796475781336, "selection_14": 0, "shapley_value_15": -1.913996623321013, "selection_15": 0, "shapley_value_16": -1.6374926467736561, "selection_16": 0, "shapley_value_17": -1.9333553754148027, "selection_17": 0, "shapley_value_18": -1.7058769112978225, "selection_18": 0, "shapley_value_19": -1.7322613447904587, "selection_19": 0, "shapley_value_20": -1.6513286717236042, "selection_20": 0, "shapley_value_21": -1.8896729568640391, "selection_21": 1, "shapley_value_22": -1.911696063749718, "selection_22": 0, "shapley_value_23": -1.7383703103771917, "selection_23": 0, "shapley_value_24": -1.6695189105741903, "selection_24": 0, "shapley_value_25": -1.987639965282546, "selection_25": 0, "shapley_value_26": -1.9024489242019074, "selection_26": 0, "shapley_value_27": -1.8500014850587556, "selection_27": 0, "shapley_value_28": -1.472554999921057, "selection_28": 0, "shapley_value_29": -2.0828574962086153, "selection_29": 0, "shapley_value_30": -1.7594778637091322, "selection_30": 0, "shapley_value_31": -1.9587317741278447, "selection_31": 0, "shapley_value_32": -1.3375398245724766, "selection_32": 0, "shapley_value_33": -1.7043834158352442, "selection_33": 0, "shapley_value_34": -1.9343890150388081, "selection_34": 0, "shapley_value_35": -1.9096400332119732, "selection_35": 0, "shapley_value_36": -1.8345798062972536, "selection_36": 1, "shapley_value_37": -1.7909102310736973, "selection_37": 0, "shapley_value_38": -1.6662956851500053, "selection_38": 0, "shapley_value_39": -2.0244034652908636, "selection_39": 0, "_timestamp": 1687992573.1171484, "_runtime": 79.13651633262634, "_step": 99, "_wandb": {"runtime": 77}}