{"accuracy": 0.5119999647140503, "val_loss": 1.3642148971557617, "test_loss": 1.3738291263580322, "_timestamp": 1687872213.8936415, "_runtime": 163.79848742485046, "_step": 99, "_wandb": {"runtime": 162}}