{"accuracy": 0.18140000104904175, "val_loss": 2.544377088546753, "test_loss": 2.5888171195983887, "_timestamp": 1688401758.233324, "_runtime": 95.35961294174194, "_step": 99, "_wandb": {"runtime": 93}}