{"accuracy": 0.09699999541044235, "val_loss": 11.395522117614746, "test_loss": 11.519318580627441, "shapley_value_0": -0.31977095868852484, "selection_0": 0, "shapley_value_1": -1.1696635186672213, "selection_1": 0, "shapley_value_2": 9.357371818584694, "selection_2": 1, "shapley_value_3": -4.046035488446552, "selection_3": 0, "shapley_value_4": -2.772840221722923, "selection_4": 0, "shapley_value_5": 8.994244115297185, "selection_5": 1, "shapley_value_6": -4.413238346576691, "selection_6": 0, "shapley_value_7": 8.615239971514907, "selection_7": 1, "shapley_value_8": -2.4676078855991372, "selection_8": 0, "shapley_value_9": 0.29531720280647367, "selection_9": 0, "shapley_value_10": -1.1263178487618757, "selection_10": 0, "shapley_value_11": -0.7878965139389047, "selection_11": 0, "shapley_value_12": -5.463141918182374, "selection_12": 0, "shapley_value_13": -3.357217351595563, "selection_13": 0, "shapley_value_14": -5.027006506919861, "selection_14": 0, "shapley_value_15": -5.687104841073356, "selection_15": 0, "shapley_value_16": 0.4224939823150642, "selection_16": 0, "shapley_value_17": -0.5745554169019065, "selection_17": 0, "shapley_value_18": -2.2997545957565313, "selection_18": 0, "shapley_value_19": -3.3009843428929635, "selection_19": 0, "shapley_value_20": -1.4692987402280164, "selection_20": 0, "shapley_value_21": 7.3138838183312185, "selection_21": 1, "shapley_value_22": -3.615085373322169, "selection_22": 0, "shapley_value_23": -0.678559025128683, "selection_23": 0, "shapley_value_24": -4.85378818710645, "selection_24": 0, "shapley_value_25": -1.571327269077301, "selection_25": 0, "shapley_value_26": -0.17260672648747732, "selection_26": 0, "shapley_value_27": -3.0350727339585637, "selection_27": 0, "shapley_value_28": -5.397213247087266, "selection_28": 0, "shapley_value_29": -3.791239470243455, "selection_29": 0, "shapley_value_30": -0.5088473757108063, "selection_30": 0, "shapley_value_31": -5.6220374835862055, "selection_31": 0, "shapley_value_32": 0.5159585128227873, "selection_32": 0, "shapley_value_33": -1.7454787691434213, "selection_33": 0, "shapley_value_34": -0.6179655690987911, "selection_34": 0, "shapley_value_35": -5.1486899852752686, "selection_35": 0, "shapley_value_36": 1.738233051829869, "selection_36": 0, "shapley_value_37": -4.939193487167358, "selection_37": 0, "shapley_value_38": -3.4840255677700056, "selection_38": 0, "shapley_value_39": -0.637540727853775, "selection_39": 0, "shapley_value_40": -0.5423576831817627, "selection_40": 0, "shapley_value_41": -2.0401198863983154, "selection_41": 0, "shapley_value_42": -6.8510318001111346, "selection_42": 0, "shapley_value_43": -0.17172924677530865, "selection_43": 0, "shapley_value_44": 7.81129853332534, "selection_44": 1, "shapley_value_45": -2.2843891978263855, "selection_45": 0, "shapley_value_46": -3.456643521785736, "selection_46": 0, "shapley_value_47": -0.860684434572855, "selection_47": 0, "shapley_value_48": -2.3131194313367214, "selection_48": 0, "shapley_value_49": 0.2854450411266747, "selection_49": 0, "_timestamp": 1688382733.1577764, "_runtime": 99.49124336242676, "_step": 99, "_wandb": {"runtime": 97}}