{"loss": 0.4005771577358246, "accuracy": 0.8859999775886536, "average_active_clients": 7.395, "_timestamp": 1686667850.8763216, "_runtime": 26.741342544555664, "_step": 399, "_wandb": {"runtime": 25}}