{"accuracy": 0.12399999797344208, "val_loss": 3.612022638320923, "test_loss": 3.646034002304077, "_timestamp": 1688407635.6466553, "_runtime": 143.69999027252197, "_step": 99, "_wandb": {"runtime": 142}}