{"accuracy": 0.9391999840736389, "val_loss": 0.2328544706106186, "test_loss": 0.21836714446544647, "shapley_value_0": 0.22032965895533563, "selection_0": 0, "shapley_value_1": 0.1768740874826908, "selection_1": 0, "shapley_value_2": 0.16904762762784958, "selection_2": 1, "shapley_value_3": 0.12239209567245686, "selection_3": 1, "shapley_value_4": 0.21938522992531456, "selection_4": 0, "shapley_value_5": 0.19138774871983025, "selection_5": 0, "shapley_value_6": 0.1752277204990387, "selection_6": 0, "shapley_value_7": 0.18089228376746178, "selection_7": 0, "shapley_value_8": 0.16772788804769512, "selection_8": 0, "shapley_value_9": 0.1348084662478221, "selection_9": 1, "shapley_value_10": 0.19169539818167686, "selection_10": 0, "shapley_value_11": 0.2215575661016138, "selection_11": 0, "shapley_value_12": 0.18642881927835314, "selection_12": 0, "shapley_value_13": 0.20629691597819325, "selection_13": 0, "shapley_value_14": 0.19255252328515052, "selection_14": 0, "shapley_value_15": 0.17654412338137626, "selection_15": 1, "shapley_value_16": 0.20655652774918462, "selection_16": 0, "shapley_value_17": 0.2604252379662112, "selection_17": 0, "shapley_value_18": 0.16953342429274007, "selection_18": 1, "shapley_value_19": 0.21508124624428, "selection_19": 0, "shapley_value_20": 0.21231103608012197, "selection_20": 0, "shapley_value_21": 0.2478886854946613, "selection_21": 0, "shapley_value_22": 0.19391591620445253, "selection_22": 0, "shapley_value_23": 0.22213806760311128, "selection_23": 0, "shapley_value_24": 0.2228973909318447, "selection_24": 0, "shapley_value_25": 0.22897292718291284, "selection_25": 0, "shapley_value_26": 0.17485859975218773, "selection_26": 0, "shapley_value_27": 0.20519774885240355, "selection_27": 0, "shapley_value_28": 0.20858226850628853, "selection_28": 0, "shapley_value_29": 0.2322545015215874, "selection_29": 0, "shapley_value_30": 0.24853268292546277, "selection_30": 0, "shapley_value_31": 0.21582565772533419, "selection_31": 0, "shapley_value_32": 0.19187436810135844, "selection_32": 0, "shapley_value_33": 0.21657129770517353, "selection_33": 0, "shapley_value_34": 0.19951824608445168, "selection_34": 0, "shapley_value_35": 0.16768156480789184, "selection_35": 0, "shapley_value_36": 0.18192981666326524, "selection_36": 0, "shapley_value_37": 0.2185932402610779, "selection_37": 0, "shapley_value_38": 0.19707525712251667, "selection_38": 0, "shapley_value_39": 0.23271339705586436, "selection_39": 0, "shapley_value_40": 0.18640930107235915, "selection_40": 0, "shapley_value_41": 0.19883197082187, "selection_41": 0, "shapley_value_42": 0.18762243738770484, "selection_42": 0, "shapley_value_43": 0.24014238086342812, "selection_43": 0, "shapley_value_44": 0.17674213445186615, "selection_44": 0, "shapley_value_45": 0.22760749194025992, "selection_45": 0, "shapley_value_46": 0.1729487162530422, "selection_46": 0, "shapley_value_47": 0.17868195634609774, "selection_47": 0, "shapley_value_48": 0.26455394259095194, "selection_48": 0, "shapley_value_49": 0.21060759127140044, "selection_49": 0, "shapley_value_50": 0.21476116535067558, "selection_50": 0, "shapley_value_51": 0.1960752485300365, "selection_51": 0, "shapley_value_52": 0.19617472815513612, "selection_52": 0, "shapley_value_53": 0.18831292089819907, "selection_53": 0, "shapley_value_54": 0.22553973600268362, "selection_54": 0, "shapley_value_55": 0.23627804175019268, "selection_55": 0, "shapley_value_56": 0.20660588186979295, "selection_56": 0, "shapley_value_57": 0.1994734430015087, "selection_57": 0, "shapley_value_58": 0.15219938933849336, "selection_58": 1, "shapley_value_59": 0.2202426296770573, "selection_59": 0, "shapley_value_60": 0.18546269199252133, "selection_60": 0, "shapley_value_61": 0.19565117192268372, "selection_61": 0, "shapley_value_62": 0.1627128458023071, "selection_62": 1, "shapley_value_63": 0.2206837301850319, "selection_63": 0, "shapley_value_64": 0.2017550596296787, "selection_64": 0, "shapley_value_65": 0.15714341099145715, "selection_65": 1, "shapley_value_66": 0.19564613120022575, "selection_66": 0, "shapley_value_67": 0.214443178832531, "selection_67": 0, "shapley_value_68": 0.22073199892044068, "selection_68": 0, "shapley_value_69": 0.23513277697563173, "selection_69": 0, "shapley_value_70": 0.2004527350962162, "selection_70": 0, "shapley_value_71": 0.19681001672619267, "selection_71": 0, "shapley_value_72": 0.17899609132189495, "selection_72": 0, "shapley_value_73": 0.20871564131975168, "selection_73": 0, "shapley_value_74": 0.19325063613057142, "selection_74": 0, "shapley_value_75": 0.23282182815670965, "selection_75": 0, "shapley_value_76": 0.23178443661332127, "selection_76": 0, "shapley_value_77": 0.1874933952720542, "selection_77": 0, "shapley_value_78": 0.19898438694132004, "selection_78": 0, "shapley_value_79": 0.20563009193539622, "selection_79": 0, "shapley_value_80": 0.2097438616156578, "selection_80": 0, "shapley_value_81": 0.2336624711751938, "selection_81": 0, "shapley_value_82": 0.19395727694034576, "selection_82": 0, "shapley_value_83": 0.17785057428479198, "selection_83": 0, "shapley_value_84": 0.2301847137510776, "selection_84": 0, "shapley_value_85": 0.2738509246110916, "selection_85": 0, "shapley_value_86": 0.1873184968829155, "selection_86": 0, "shapley_value_87": 0.16336284792423256, "selection_87": 1, "shapley_value_88": 0.21525533849000933, "selection_88": 0, "shapley_value_89": 0.22372736611962316, "selection_89": 0, "shapley_value_90": 0.19518615734577177, "selection_90": 0, "shapley_value_91": 0.1869124097824097, "selection_91": 0, "shapley_value_92": 0.1734071727395058, "selection_92": 1, "shapley_value_93": 0.18925737965106965, "selection_93": 0, "shapley_value_94": 0.20024258676171303, "selection_94": 0, "shapley_value_95": 0.20221401342279027, "selection_95": 0, "shapley_value_96": 0.24814718967676158, "selection_96": 0, "shapley_value_97": 0.18934194493293766, "selection_97": 0, "shapley_value_98": 0.25177532371878625, "selection_98": 0, "shapley_value_99": 0.20982536464929574, "selection_99": 0, "_timestamp": 1687957339.8485625, "_runtime": 304.94206643104553, "_step": 99, "_wandb": {"runtime": 303}}