{"accuracy": 0.9307999610900879, "val_loss": 0.25735995173454285, "test_loss": 0.2389940470457077, "shapley_value_0": 0.0017764711380004888, "selection_0": 0, "shapley_value_1": 0.0029992246627807617, "selection_1": 0, "shapley_value_2": 0.0034441184997558594, "selection_2": 0, "shapley_value_3": 0.0019155693054199218, "selection_3": 0, "shapley_value_4": -0.0002960405851665296, "selection_4": 0, "shapley_value_5": 0.004458756446838379, "selection_5": 0, "shapley_value_6": 0.001251985838538722, "selection_6": 0, "shapley_value_7": 0.0022760152816772464, "selection_7": 0, "shapley_value_8": 0.0037769079208374023, "selection_8": 0, "shapley_value_9": 0.0023517370223999023, "selection_9": 0, "shapley_value_10": 0.006696372032165527, "selection_10": 0, "shapley_value_11": 0.006602849960327149, "selection_11": 0, "shapley_value_12": 0.24270927665811595, "selection_12": 1, "shapley_value_13": 0.006862010955810547, "selection_13": 0, "shapley_value_14": 0.004455981254577637, "selection_14": 0, "shapley_value_15": 0.010625147819519041, "selection_15": 0, "shapley_value_16": 0.0832797348499298, "selection_16": 0, "shapley_value_17": 0.004315829277038573, "selection_17": 0, "shapley_value_18": 0.011755585670471191, "selection_18": 0, "shapley_value_19": 0.0051936817169189456, "selection_19": 0, "shapley_value_20": 0.13395586371421814, "selection_20": 0, "shapley_value_21": 0.013694868087768555, "selection_21": 0, "shapley_value_22": 0.016908712387084957, "selection_22": 0, "shapley_value_23": 0.018959555625915524, "selection_23": 0, "shapley_value_24": 0.01625373363494873, "selection_24": 0, "shapley_value_25": -3.5336143092105265e-05, "selection_25": 0, "shapley_value_26": 0.07288533091545105, "selection_26": 0, "shapley_value_27": 0.018030881881713867, "selection_27": 0, "shapley_value_28": 0.12647621120277205, "selection_28": 0, "shapley_value_29": 0.013364400863647461, "selection_29": 0, "shapley_value_30": 0.010371432304382325, "selection_30": 0, "shapley_value_31": 0.03984823226928711, "selection_31": 0, "shapley_value_32": 0.027594308853149414, "selection_32": 0, "shapley_value_33": -0.0003055773283305921, "selection_33": 0, "shapley_value_34": 0.06057676613330842, "selection_34": 0, "shapley_value_35": 0.014093003273010251, "selection_35": 0, "shapley_value_36": 0.03168324947357176, "selection_36": 0, "shapley_value_37": 0.06479172140359879, "selection_37": 0, "shapley_value_38": 0.019517631530761723, "selection_38": 0, "shapley_value_39": -0.000732647745232833, "selection_39": 0, "shapley_value_40": 0.16824242881366186, "selection_40": 0, "shapley_value_41": -0.00019392214323344983, "selection_41": 0, "shapley_value_42": 0.1480807857513428, "selection_42": 0, "shapley_value_43": 0.007990593910217286, "selection_43": 0, "shapley_value_44": 0.02165175437927246, "selection_44": 0, "shapley_value_45": 0.031065807342529297, "selection_45": 0, "shapley_value_46": 0.23869398874044417, "selection_46": 1, "shapley_value_47": 0.024034569263458247, "selection_47": 0, "shapley_value_48": 0.16391996880372364, "selection_48": 0, "shapley_value_49": 0.1760553147395452, "selection_49": 0, "shapley_value_50": 0.09564232110977172, "selection_50": 0, "shapley_value_51": 0.18787087099118668, "selection_51": 0, "shapley_value_52": 0.1878968176288468, "selection_52": 0, "shapley_value_53": 0.13094089031219483, "selection_53": 0, "shapley_value_54": 0.024630136489868164, "selection_54": 0, "shapley_value_55": -0.0005672228963751544, "selection_55": 0, "shapley_value_56": 0.03638046616002133, "selection_56": 0, "shapley_value_57": 0.09130141526460647, "selection_57": 0, "shapley_value_58": 0.22355679762860148, "selection_58": 0, "shapley_value_59": 0.23664847150870735, "selection_59": 1, "shapley_value_60": 0.2560643155127764, "selection_60": 1, "shapley_value_61": 0.20313990486295594, "selection_61": 0, "shapley_value_62": 0.21101393067836763, "selection_62": 0, "shapley_value_63": 0.16411731789509457, "selection_63": 0, "shapley_value_64": 0.2048965843319893, "selection_64": 1, "shapley_value_65": 0.2026876409351826, "selection_65": 0, "shapley_value_66": 0.0902829621340099, "selection_66": 0, "shapley_value_67": 0.1917720715816204, "selection_67": 0, "shapley_value_68": 0.2259572259536604, "selection_68": 1, "shapley_value_69": 0.08120900392532349, "selection_69": 0, "shapley_value_70": 0.21853379255117372, "selection_70": 0, "shapley_value_71": 0.2026327085399518, "selection_71": 0, "shapley_value_72": 0.21132089962360828, "selection_72": 0, "shapley_value_73": 0.12801130712032316, "selection_73": 0, "shapley_value_74": 0.22773097395896913, "selection_74": 1, "shapley_value_75": 0.23566274574824744, "selection_75": 1, "shapley_value_76": 0.13783753723219822, "selection_76": 0, "shapley_value_77": 0.19001013252884147, "selection_77": 0, "shapley_value_78": 0.21398696411789167, "selection_78": 0, "shapley_value_79": 0.19969295869336312, "selection_79": 0, "shapley_value_80": 0.17927532957659825, "selection_80": 0, "shapley_value_81": 0.12316539804140725, "selection_81": 0, "shapley_value_82": 0.1739291461971071, "selection_82": 0, "shapley_value_83": 0.183289034763972, "selection_83": 0, "shapley_value_84": 0.2350349725193215, "selection_84": 1, "shapley_value_85": 0.20146434956126746, "selection_85": 0, "shapley_value_86": 0.08498721341292063, "selection_86": 0, "shapley_value_87": -0.0008677401040729723, "selection_87": 0, "shapley_value_88": 0.13156476080417634, "selection_88": 0, "shapley_value_89": 0.06515033583892017, "selection_89": 0, "shapley_value_90": 0.18633485239744185, "selection_90": 0, "shapley_value_91": 0.13894921240053676, "selection_91": 0, "shapley_value_92": 0.18309533959627158, "selection_92": 0, "shapley_value_93": 0.2128252016859395, "selection_93": 0, "shapley_value_94": 0.1867704244951407, "selection_94": 0, "shapley_value_95": 0.1748512085487968, "selection_95": 0, "shapley_value_96": 0.15095018410682678, "selection_96": 0, "shapley_value_97": 0.21822179546905618, "selection_97": 0, "shapley_value_98": 0.20417237287289222, "selection_98": 0, "shapley_value_99": 0.22542439534746375, "selection_99": 1, "_timestamp": 1687952133.3168638, "_runtime": 311.47790575027466, "_step": 99, "_wandb": {"runtime": 309}}