{"accuracy": 0.10239999741315842, "val_loss": 3.5660018920898438, "test_loss": 3.5786256790161133, "_timestamp": 1688400028.5404973, "_runtime": 96.5907552242279, "_step": 99, "_wandb": {"runtime": 95}}