{"accuracy": 0.9319999814033508, "val_loss": 0.21225357055664062, "test_loss": 0.23565134406089783, "_timestamp": 1687873752.9820333, "_runtime": 175.62903714179993, "_step": 99, "_wandb": {"runtime": 174}}