{"accuracy": 0.12619999051094055, "val_loss": 2.300482749938965, "test_loss": 2.3018298149108887, "_timestamp": 1688027035.975414, "_runtime": 146.70683598518372, "_step": 99, "_wandb": {"runtime": 145}}