{"accuracy": 0.9337999820709229, "val_loss": 0.23100601136684418, "test_loss": 0.2141420692205429, "_timestamp": 1688025171.5712154, "_runtime": 93.27907729148865, "_step": 99, "_wandb": {"runtime": 91}}