{"accuracy": 0.9319999814033508, "val_loss": 0.21476076543331146, "test_loss": 0.23650309443473816, "_timestamp": 1687870315.6383977, "_runtime": 272.7284436225891, "_step": 99, "_wandb": {"runtime": 271}}