{"loss": 0.35667115449905396, "accuracy": 0.9041999578475952, "average_active_clients": 10.0, "_timestamp": 1686667817.2040799, "_runtime": 26.55336093902588, "_step": 399, "_wandb": {"runtime": 24}}