{"accuracy": 0.09699999541044235, "val_loss": 12.60570240020752, "test_loss": 12.752906799316406, "shapley_value_0": -1.9372489849726355, "selection_0": 0, "shapley_value_1": -1.6615388194719947, "selection_1": 0, "shapley_value_2": 10.531274203190021, "selection_2": 1, "shapley_value_3": -0.4050425092379264, "selection_3": 0, "shapley_value_4": -1.9129427671432495, "selection_4": 0, "shapley_value_5": 9.816822453781416, "selection_5": 1, "shapley_value_6": -5.30547708272934, "selection_6": 0, "shapley_value_7": 9.524373424273945, "selection_7": 1, "shapley_value_8": -2.7074997524420414, "selection_8": 0, "shapley_value_9": -0.13303704063097754, "selection_9": 0, "shapley_value_10": -3.7408044040203103, "selection_10": 0, "shapley_value_11": -0.5358543594678236, "selection_11": 0, "shapley_value_12": -7.34558775027593, "selection_12": 0, "shapley_value_13": -5.695462812980017, "selection_13": 0, "shapley_value_14": -4.801224589347838, "selection_14": 0, "shapley_value_15": 0.19271365801493268, "selection_15": 0, "shapley_value_16": -0.2971529392969042, "selection_16": 0, "shapley_value_17": -1.9829646944999695, "selection_17": 0, "shapley_value_18": -0.023405921955903297, "selection_18": 0, "shapley_value_19": -3.1775962114334106, "selection_19": 0, "shapley_value_20": -0.5839234987894693, "selection_20": 0, "shapley_value_21": 0.06304426987965872, "selection_21": 0, "shapley_value_22": -2.627950429916382, "selection_22": 0, "shapley_value_23": -0.5943658550580349, "selection_23": 0, "shapley_value_24": -3.2276950875918082, "selection_24": 0, "shapley_value_25": -2.302965760231018, "selection_25": 0, "shapley_value_26": 0.07248655954996686, "selection_26": 0, "shapley_value_27": -0.9867026805877672, "selection_27": 0, "shapley_value_28": -0.24363411466280605, "selection_28": 0, "shapley_value_29": -3.4336933592955265, "selection_29": 0, "shapley_value_30": -1.022607475519181, "selection_30": 0, "shapley_value_31": -0.03718034426371375, "selection_31": 0, "shapley_value_32": 0.05512388547261504, "selection_32": 0, "shapley_value_33": 0.07621928056081195, "selection_33": 0, "shapley_value_34": -3.829371104637782, "selection_34": 0, "shapley_value_35": -4.986563324928282, "selection_35": 0, "shapley_value_36": 2.469739601507291, "selection_36": 1, "shapley_value_37": -0.04433880249659339, "selection_37": 0, "shapley_value_38": -3.1182146072387686, "selection_38": 0, "shapley_value_39": -1.0176910857359553, "selection_39": 0, "shapley_value_40": -0.5135630170504255, "selection_40": 0, "shapley_value_41": -2.1325011650721226, "selection_41": 0, "shapley_value_42": -1.3692741990089425, "selection_42": 0, "shapley_value_43": -0.09615447123845478, "selection_43": 0, "shapley_value_44": 8.67590401770917, "selection_44": 1, "shapley_value_45": -1.8245191772778826, "selection_45": 0, "shapley_value_46": -2.2139078676700596, "selection_46": 0, "shapley_value_47": -0.2992489139238985, "selection_47": 0, "shapley_value_48": -2.1738192836443586, "selection_48": 0, "shapley_value_49": -0.3156299491723369, "selection_49": 0, "_timestamp": 1688377743.790163, "_runtime": 98.7139310836792, "_step": 99, "_wandb": {"runtime": 97}}