{"accuracy": 0.5008000135421753, "val_loss": 1.3701597452163696, "test_loss": 1.3869041204452515, "_timestamp": 1688032801.1799517, "_runtime": 94.87842655181885, "_step": 99, "_wandb": {"runtime": 93}}