{"accuracy": 0.5029999613761902, "val_loss": 1.391925573348999, "test_loss": 1.4074573516845703, "_timestamp": 1687965814.260081, "_runtime": 87.41301703453064, "_step": 99, "_wandb": {"runtime": 85}}