{"accuracy": 0.8473876118659973, "val_loss": 0.46317222714424133, "test_loss": 0.4665635824203491, "shapley_value_0": -1.3845567087332409, "selection_0": 0, "shapley_value_1": -1.3626284220001914, "selection_1": 0, "shapley_value_2": -1.3638457854588826, "selection_2": 0, "shapley_value_3": -1.3437623259348745, "selection_3": 0, "shapley_value_4": -1.4180043502287432, "selection_4": 1, "shapley_value_5": -1.4124711851278944, "selection_5": 0, "shapley_value_6": -1.3733927155985972, "selection_6": 0, "shapley_value_7": -1.3724585988304834, "selection_7": 0, "shapley_value_8": -1.373953299992012, "selection_8": 0, "shapley_value_9": -1.3996528974085145, "selection_9": 0, "shapley_value_10": -1.4374575416247048, "selection_10": 0, "shapley_value_11": -1.4225656668345135, "selection_11": 0, "shapley_value_12": -1.379798880129149, "selection_12": 0, "shapley_value_13": -1.4330853372812267, "selection_13": 0, "shapley_value_14": -1.4055326581001282, "selection_14": 0, "shapley_value_15": -1.4357665171225862, "selection_15": 0, "shapley_value_16": -1.42548515840813, "selection_16": 0, "shapley_value_17": -1.3973788897196453, "selection_17": 0, "shapley_value_18": -1.453288033052727, "selection_18": 0, "shapley_value_19": -1.3849152940692326, "selection_19": 0, "shapley_value_20": -1.3844691912333174, "selection_20": 0, "shapley_value_21": -1.4615345259507497, "selection_21": 1, "shapley_value_22": -1.4335986640718248, "selection_22": 0, "shapley_value_23": -1.3887441077015616, "selection_23": 0, "shapley_value_24": -1.4338432329672353, "selection_24": 0, "shapley_value_25": -1.4587500294049578, "selection_25": 0, "shapley_value_26": -1.4670259974620956, "selection_26": 0, "shapley_value_27": -1.3331703103723977, "selection_27": 1, "shapley_value_28": -1.4070525070031483, "selection_28": 0, "shapley_value_29": -1.4515879043826347, "selection_29": 0, "shapley_value_30": -1.565776949127515, "selection_30": 1, "shapley_value_31": -1.4976203452657768, "selection_31": 0, "shapley_value_32": -1.4033370966261083, "selection_32": 0, "shapley_value_33": -1.5046112077931564, "selection_33": 0, "shapley_value_34": -1.476402783145507, "selection_34": 0, "shapley_value_35": -1.523282676935196, "selection_35": 0, "shapley_value_36": -1.4616882282274741, "selection_36": 0, "shapley_value_37": -1.4934390750196245, "selection_37": 0, "shapley_value_38": -1.508749334762494, "selection_38": 0, "shapley_value_39": -1.4043739080429078, "selection_39": 0, "_timestamp": 1687970739.3107007, "_runtime": 79.38777756690979, "_step": 99, "_wandb": {"runtime": 77}}