{"loss": 0.3534013032913208, "accuracy": 0.8995999693870544, "average_active_clients": 10.0, "_timestamp": 1686667617.7058535, "_runtime": 27.431259393692017, "_step": 399, "_wandb": {"runtime": 25}}