{"accuracy": 0.5008000135421753, "val_loss": 1.3686168193817139, "test_loss": 1.385711431503296, "_timestamp": 1688032389.2494268, "_runtime": 91.67395377159119, "_step": 99, "_wandb": {"runtime": 90}}