{"accuracy": 0.4593999981880188, "val_loss": 1.4955699443817139, "test_loss": 1.510508418083191, "_timestamp": 1687966604.1586432, "_runtime": 129.68644332885742, "_step": 99, "_wandb": {"runtime": 128}}