{"accuracy": 0.9365999698638916, "val_loss": 0.23113073408603668, "test_loss": 0.21572895348072052, "shapley_value_0": -1.7438532775029156, "selection_0": 0, "shapley_value_1": -1.7528049735461966, "selection_1": 0, "shapley_value_2": -1.8694969945483737, "selection_2": 1, "shapley_value_3": -1.6249771162315652, "selection_3": 0, "shapley_value_4": -2.0217110301767076, "selection_4": 0, "shapley_value_5": -1.7678004724008067, "selection_5": 0, "shapley_value_6": -1.8866863205201094, "selection_6": 0, "shapley_value_7": -1.993002787232399, "selection_7": 0, "shapley_value_8": -1.8555771322586596, "selection_8": 0, "shapley_value_9": -1.788054650480097, "selection_9": 0, "shapley_value_10": -1.8668736624412046, "selection_10": 1, "shapley_value_11": -2.018813235561052, "selection_11": 0, "shapley_value_12": -1.7071432540814082, "selection_12": 1, "shapley_value_13": -1.9146994849046075, "selection_13": 0, "shapley_value_14": -1.9389777514669628, "selection_14": 0, "shapley_value_15": -1.782574406376592, "selection_15": 0, "shapley_value_16": -1.720382421794865, "selection_16": 0, "shapley_value_17": -1.6129354033619168, "selection_17": 0, "shapley_value_18": -1.9784155260357588, "selection_18": 1, "shapley_value_19": -1.8763718754053116, "selection_19": 0, "shapley_value_20": -1.73324352431865, "selection_20": 0, "shapley_value_21": -1.6843146108664, "selection_21": 0, "shapley_value_22": -1.8466509371995925, "selection_22": 0, "shapley_value_23": -1.9833086472418568, "selection_23": 0, "shapley_value_24": -1.8358725065986312, "selection_24": 0, "shapley_value_25": -1.6472712821430626, "selection_25": 0, "shapley_value_26": -1.9719440266489985, "selection_26": 0, "shapley_value_27": -1.9573866091668604, "selection_27": 0, "shapley_value_28": -1.9730881539483867, "selection_28": 0, "shapley_value_29": -1.66035521251184, "selection_29": 0, "shapley_value_30": -1.8955587049325309, "selection_30": 0, "shapley_value_31": -1.7705791574535945, "selection_31": 0, "shapley_value_32": -1.8189849383903274, "selection_32": 0, "shapley_value_33": -1.6455134774247806, "selection_33": 0, "shapley_value_34": -2.0083324942323895, "selection_34": 0, "shapley_value_35": -2.0185584872961044, "selection_35": 0, "shapley_value_36": -1.8649564477659406, "selection_36": 0, "shapley_value_37": -1.6895841148992385, "selection_37": 0, "shapley_value_38": -1.6984604862001211, "selection_38": 0, "shapley_value_39": -1.861100054600022, "selection_39": 0, "_timestamp": 1688023679.3504581, "_runtime": 97.52627325057983, "_step": 99, "_wandb": {"runtime": 95}}