{"accuracy": 0.10239999741315842, "val_loss": 7.7267165184021, "test_loss": 7.740451335906982, "shapley_value_0": 0, "selection_0": 0, "shapley_value_1": 0, "selection_1": 0, "shapley_value_2": -0.46366886297861676, "selection_2": 0, "shapley_value_3": 5.333310005565485, "selection_3": 1, "shapley_value_4": 0.12221787373224924, "selection_4": 0, "shapley_value_5": 5.88703695933024, "selection_5": 0, "shapley_value_6": 0, "selection_6": 0, "shapley_value_7": 1.5911323239928787, "selection_7": 0, "shapley_value_8": 5.388326824771034, "selection_8": 1, "shapley_value_9": -1.1431723038355512, "selection_9": 0, "shapley_value_10": 0, "selection_10": 0, "shapley_value_11": -3.158665080865225, "selection_11": 0, "shapley_value_12": 0, "selection_12": 0, "shapley_value_13": -1.723018964131672, "selection_13": 0, "shapley_value_14": -1.7584891716639213, "selection_14": 0, "shapley_value_15": -0.5508321126302071, "selection_15": 0, "shapley_value_16": 0, "selection_16": 0, "shapley_value_17": 0, "selection_17": 0, "shapley_value_18": 0.9716843922932946, "selection_18": 0, "shapley_value_19": -1.7755491203731957, "selection_19": 0, "shapley_value_20": -7.052738209565479, "selection_20": 0, "shapley_value_21": 1.0129550198713944, "selection_21": 0, "shapley_value_22": -0.8620292743047084, "selection_22": 0, "shapley_value_23": -1.8988733688990276, "selection_23": 0, "shapley_value_24": 0, "selection_24": 0, "shapley_value_25": -8.576393524805708, "selection_25": 0, "shapley_value_26": -10.020776669184368, "selection_26": 0, "shapley_value_27": -0.2537003954251613, "selection_27": 0, "shapley_value_28": -0.0207994222640993, "selection_28": 0, "shapley_value_29": -3.9892746607462577, "selection_29": 0, "shapley_value_30": -0.6265374223391212, "selection_30": 0, "shapley_value_31": 0, "selection_31": 0, "shapley_value_32": 2.57183262374666, "selection_32": 0, "shapley_value_33": 5.357310970192371, "selection_33": 1, "shapley_value_34": -2.565214137236278, "selection_34": 0, "shapley_value_35": -2.61362361907959, "selection_35": 0, "shapley_value_36": 3.7510259718070773, "selection_36": 0, "shapley_value_37": 0.2404693166414904, "selection_37": 0, "shapley_value_38": -3.2690898180007935, "selection_38": 0, "shapley_value_39": 0, "selection_39": 0, "shapley_value_40": 0, "selection_40": 0, "shapley_value_41": -2.813893099625904, "selection_41": 0, "shapley_value_42": 5.388425730248933, "selection_42": 1, "shapley_value_43": 0, "selection_43": 0, "shapley_value_44": 0.09987825335878368, "selection_44": 0, "shapley_value_45": -3.9166021943092346, "selection_45": 0, "shapley_value_46": 5.563116095531947, "selection_46": 1, "shapley_value_47": 0, "selection_47": 0, "shapley_value_48": -10.563073913256332, "selection_48": 0, "shapley_value_49": 3.192272424697874, "selection_49": 0, "_timestamp": 1688392251.2713895, "_runtime": 113.45177340507507, "_step": 99, "_wandb": {"runtime": 111}}