{"accuracy": 0.932200014591217, "val_loss": 0.21082235872745514, "test_loss": 0.23924130201339722, "shapley_value_0": -1.819837530836081, "selection_0": 0, "shapley_value_1": -1.8279642547879902, "selection_1": 0, "shapley_value_2": -1.825632435006973, "selection_2": 0, "shapley_value_3": -1.8304586062828698, "selection_3": 0, "shapley_value_4": -1.8186039444473059, "selection_4": 0, "shapley_value_5": -1.8339525117323952, "selection_5": 0, "shapley_value_6": -1.8255387093776312, "selection_6": 0, "shapley_value_7": -1.8299103016272569, "selection_7": 0, "shapley_value_8": -1.8222502490712535, "selection_8": 0, "shapley_value_9": -1.8352253119914956, "selection_9": 1, "shapley_value_10": -1.8233600991467631, "selection_10": 0, "shapley_value_11": -1.8333780570399192, "selection_11": 1, "shapley_value_12": -1.8437633352975047, "selection_12": 1, "shapley_value_13": -1.8230432191720376, "selection_13": 0, "shapley_value_14": -1.81788445244997, "selection_14": 0, "shapley_value_15": -1.8398071837921937, "selection_15": 1, "shapley_value_16": -1.8262478303578167, "selection_16": 0, "shapley_value_17": -1.8384259230259692, "selection_17": 0, "shapley_value_18": -1.82818944255511, "selection_18": 0, "shapley_value_19": -1.8355663888382194, "selection_19": 0, "shapley_value_20": -1.8439781144261356, "selection_20": 0, "shapley_value_21": -1.83755244811376, "selection_21": 0, "shapley_value_22": -1.8454063331087425, "selection_22": 0, "shapley_value_23": -1.8328640644749004, "selection_23": 0, "shapley_value_24": -1.8465130952773272, "selection_24": 0, "shapley_value_25": -1.848432277087812, "selection_25": 0, "shapley_value_26": -1.8451525524810504, "selection_26": 0, "shapley_value_27": -1.8504225468194042, "selection_27": 0, "shapley_value_28": -1.8644481003284452, "selection_28": 0, "shapley_value_29": -1.84899862749236, "selection_29": 0, "shapley_value_30": -1.8462990380468824, "selection_30": 0, "shapley_value_31": -1.839164132163638, "selection_31": 0, "shapley_value_32": -1.8533284200562372, "selection_32": 0, "shapley_value_33": -1.868226108451684, "selection_33": 0, "shapley_value_34": -1.8669140222999783, "selection_34": 0, "shapley_value_35": -1.861729540758663, "selection_35": 0, "shapley_value_36": -1.8773845036824544, "selection_36": 0, "shapley_value_37": -1.8794451822837197, "selection_37": 0, "shapley_value_38": -1.8713666985432305, "selection_38": 0, "shapley_value_39": -1.8850846618413926, "selection_39": 0, "_timestamp": 1688020894.8347535, "_runtime": 28809.622539520264, "_step": 99, "_wandb": {"runtime": 28807}}