{"accuracy": 0.9210000038146973, "val_loss": 0.28562700748443604, "test_loss": 0.26106101274490356, "_timestamp": 1687993001.7177658, "_runtime": 85.22334790229797, "_step": 99, "_wandb": {"runtime": 83}}