{"loss": 0.347067654132843, "accuracy": 0.9016000032424927, "average_active_clients": 9.210000000000006, "_timestamp": 1686666226.1990023, "_runtime": 27.096737384796143, "_step": 399, "_wandb": {"runtime": 88}}