{"accuracy": 0.9215999841690063, "val_loss": 0.28733301162719727, "test_loss": 0.26898136734962463, "_timestamp": 1687869783.1837983, "_runtime": 241.3528172969818, "_step": 99, "_wandb": {"runtime": 239}}