{"accuracy": 0.13259999454021454, "val_loss": 3.5294735431671143, "test_loss": 3.562889337539673, "_timestamp": 1688408541.666007, "_runtime": 148.39649415016174, "_step": 99, "_wandb": {"runtime": 146}}