{"accuracy": 0.9174000024795532, "val_loss": 0.2993675470352173, "test_loss": 0.28272032737731934, "_timestamp": 1688026730.9429162, "_runtime": 146.49653315544128, "_step": 99, "_wandb": {"runtime": 144}}