{"accuracy": 0.09719999879598618, "val_loss": 4.7108917236328125, "test_loss": 4.758485317230225, "shapley_value_0": 1.7445311649985942, "selection_0": 0, "shapley_value_1": 3.804817623562282, "selection_1": 1, "shapley_value_2": 0.8471097449461615, "selection_2": 0, "shapley_value_3": 2.0267934501171103, "selection_3": 0, "shapley_value_4": -1.5419932405153913, "selection_4": 0, "shapley_value_5": -1.0972274343172699, "selection_5": 0, "shapley_value_6": 0, "selection_6": 0, "shapley_value_7": 0, "selection_7": 0, "shapley_value_8": 0.5243387884563863, "selection_8": 1, "shapley_value_9": 0.6608035791487926, "selection_9": 0, "shapley_value_10": -1.961301525433858, "selection_10": 0, "shapley_value_11": -1.7747528950373326, "selection_11": 0, "shapley_value_12": 0, "selection_12": 0, "shapley_value_13": 1.409579559167226, "selection_13": 0, "shapley_value_14": -8.883842945098877, "selection_14": 0, "shapley_value_15": 0.9523407697677608, "selection_15": 0, "shapley_value_16": 4.569868466476117, "selection_16": 1, "shapley_value_17": 0, "selection_17": 0, "shapley_value_18": 5.239485809598305, "selection_18": 1, "shapley_value_19": 0, "selection_19": 0, "shapley_value_20": 0, "selection_20": 0, "shapley_value_21": -4.162629445393883, "selection_21": 0, "shapley_value_22": -0.38476455211639404, "selection_22": 0, "shapley_value_23": -0.5254280219475425, "selection_23": 0, "shapley_value_24": -10.06261920928955, "selection_24": 0, "shapley_value_25": -6.001961787541706, "selection_25": 0, "shapley_value_26": -5.977649172147116, "selection_26": 0, "shapley_value_27": 2.891225852568944, "selection_27": 0, "shapley_value_28": 1.1898966914131532, "selection_28": 0, "shapley_value_29": -4.08778385321299, "selection_29": 0, "shapley_value_30": -1.0932090679804496, "selection_30": 0, "shapley_value_31": 0.02727321783701342, "selection_31": 0, "shapley_value_32": 1.7290291706720988, "selection_32": 0, "shapley_value_33": 1.8664381373887768, "selection_33": 0, "shapley_value_34": 0.13622820377349854, "selection_34": 0, "shapley_value_35": -2.7647503614425695, "selection_35": 0, "shapley_value_36": 0, "selection_36": 0, "shapley_value_37": 2.55085320936309, "selection_37": 0, "shapley_value_38": 1.3400689045588177, "selection_38": 0, "shapley_value_39": 4.89556629041543, "selection_39": 1, "shapley_value_40": 0, "selection_40": 0, "shapley_value_41": 0, "selection_41": 0, "shapley_value_42": 0, "selection_42": 0, "shapley_value_43": 2.1210379004478455, "selection_43": 0, "shapley_value_44": -1.3759888013203927, "selection_44": 0, "shapley_value_45": -10.875830928484596, "selection_45": 0, "shapley_value_46": 1.7724559803803759, "selection_46": 0, "shapley_value_47": 0, "selection_47": 0, "shapley_value_48": 0, "selection_48": 0, "shapley_value_49": 1.1879641662041358, "selection_49": 0, "_timestamp": 1688385520.6795976, "_runtime": 117.38134956359863, "_step": 99, "_wandb": {"runtime": 115}}