{"loss": 0.3617202937602997, "accuracy": 0.8941999673843384, "average_active_clients": 2.0, "_timestamp": 1686735198.0848312, "_runtime": 28.005889177322388, "_step": 399, "_wandb": {"runtime": 21}}