{"accuracy": 0.09719999879598618, "val_loss": 4.576980113983154, "test_loss": 4.594120502471924, "shapley_value_0": 1.6473598908155394, "selection_0": 0, "shapley_value_1": 3.3715217830169766, "selection_1": 1, "shapley_value_2": 0.823717816670736, "selection_2": 0, "shapley_value_3": 0, "selection_3": 0, "shapley_value_4": -0.5826895882685981, "selection_4": 0, "shapley_value_5": -4.658720076084137, "selection_5": 0, "shapley_value_6": 0, "selection_6": 0, "shapley_value_7": -1.7646762927373247, "selection_7": 0, "shapley_value_8": 0, "selection_8": 0, "shapley_value_9": -2.3398361206054705, "selection_9": 0, "shapley_value_10": -8.126681327819824, "selection_10": 0, "shapley_value_11": 0, "selection_11": 0, "shapley_value_12": 0.24395419955253592, "selection_12": 0, "shapley_value_13": -1.9268484512964879, "selection_13": 0, "shapley_value_14": 0, "selection_14": 0, "shapley_value_15": 2.6580384947635505, "selection_15": 0, "shapley_value_16": 2.97518621550666, "selection_16": 1, "shapley_value_17": -1.822301983833313, "selection_17": 0, "shapley_value_18": 4.526039710751286, "selection_18": 1, "shapley_value_19": 0, "selection_19": 0, "shapley_value_20": -0.3237251937389374, "selection_20": 0, "shapley_value_21": 1.7436148350437488, "selection_21": 0, "shapley_value_22": 2.1374511266196223, "selection_22": 0, "shapley_value_23": -3.6842236916224174, "selection_23": 0, "shapley_value_24": -18.203669846057892, "selection_24": 0, "shapley_value_25": -2.1786575714747105, "selection_25": 0, "shapley_value_26": -5.355007588863373, "selection_26": 0, "shapley_value_27": 2.236875602832207, "selection_27": 0, "shapley_value_28": -7.937636494636536, "selection_28": 0, "shapley_value_29": 1.116412625593298, "selection_29": 0, "shapley_value_30": -1.146943509578703, "selection_30": 0, "shapley_value_31": -3.110812485218048, "selection_31": 0, "shapley_value_32": -0.26675506432851037, "selection_32": 0, "shapley_value_33": 2.0823970497758313, "selection_33": 0, "shapley_value_34": 1.350025157133738, "selection_34": 0, "shapley_value_35": 0.47033435602982854, "selection_35": 0, "shapley_value_36": 4.324476548970913, "selection_36": 1, "shapley_value_37": 0, "selection_37": 0, "shapley_value_38": 2.583424951010085, "selection_38": 1, "shapley_value_39": 2.5220202823479974, "selection_39": 0, "shapley_value_40": 0.7486252999967996, "selection_40": 0, "shapley_value_41": 0.9794772221491888, "selection_41": 0, "shapley_value_42": -7.4637644688288365, "selection_42": 0, "shapley_value_43": 0, "selection_43": 0, "shapley_value_44": 0, "selection_44": 0, "shapley_value_45": -5.78460915883382, "selection_45": 0, "shapley_value_46": 1.5940229805807273, "selection_46": 0, "shapley_value_47": 1.6430940142384296, "selection_47": 0, "shapley_value_48": -2.733081102371216, "selection_48": 0, "shapley_value_49": -2.818043390909832, "selection_49": 0, "_timestamp": 1688388876.4948144, "_runtime": 108.87426328659058, "_step": 99, "_wandb": {"runtime": 107}}