{"accuracy": 0.5077999830245972, "val_loss": 1.3608416318893433, "test_loss": 1.3786488771438599, "shapley_value_0": -0.667598084969954, "selection_0": 0, "shapley_value_1": -0.6880784251473169, "selection_1": 0, "shapley_value_2": -0.6403840025266012, "selection_2": 0, "shapley_value_3": -0.6639221473173662, "selection_3": 1, "shapley_value_4": -0.7432473500569658, "selection_4": 0, "shapley_value_5": -0.7339882304271064, "selection_5": 0, "shapley_value_6": -0.7315968202822137, "selection_6": 0, "shapley_value_7": -0.7078179071346922, "selection_7": 0, "shapley_value_8": -0.5389190763235092, "selection_8": 0, "shapley_value_9": -0.7009166815342049, "selection_9": 0, "shapley_value_10": -0.6862496659159659, "selection_10": 0, "shapley_value_11": -0.7654750897334175, "selection_11": 0, "shapley_value_12": -0.6683385416313453, "selection_12": 0, "shapley_value_13": -0.660047239727444, "selection_13": 0, "shapley_value_14": -0.70896272170238, "selection_14": 0, "shapley_value_15": -0.7014669288288463, "selection_15": 1, "shapley_value_16": -0.7402585665384926, "selection_16": 0, "shapley_value_17": -0.8532696962356567, "selection_17": 0, "shapley_value_18": -0.7409084306822882, "selection_18": 0, "shapley_value_19": -0.8144947846730549, "selection_19": 0, "shapley_value_20": -0.8955422242482503, "selection_20": 0, "shapley_value_21": -0.6335705598195395, "selection_21": 0, "shapley_value_22": -0.7728627257876926, "selection_22": 1, "shapley_value_23": -0.7041342457135518, "selection_23": 0, "shapley_value_24": -0.8060272375742595, "selection_24": 0, "shapley_value_25": -0.6736402114232382, "selection_25": 0, "shapley_value_26": -0.8485300086793447, "selection_26": 0, "shapley_value_27": -0.687582456704342, "selection_27": 0, "shapley_value_28": -0.6769131223360697, "selection_28": 0, "shapley_value_29": -0.8273757866450718, "selection_29": 0, "shapley_value_30": -0.7685250441233316, "selection_30": 0, "shapley_value_31": -0.7594552101233065, "selection_31": 0, "shapley_value_32": -0.8315015302764044, "selection_32": 0, "shapley_value_33": -0.6945085277160007, "selection_33": 1, "shapley_value_34": -0.772164249420166, "selection_34": 0, "shapley_value_35": -0.8280057553891781, "selection_35": 0, "shapley_value_36": -0.7752773982507211, "selection_36": 0, "shapley_value_37": -0.7236503550880833, "selection_37": 0, "shapley_value_38": -0.7537850600022536, "selection_38": 0, "shapley_value_39": -0.7850916054513718, "selection_39": 0, "_timestamp": 1688031329.1027913, "_runtime": 110.08991622924805, "_step": 99, "_wandb": {"runtime": 108}}