{"accuracy": 0.0965999960899353, "val_loss": 6.558171272277832, "test_loss": 6.624297618865967, "shapley_value_0": 0, "selection_0": 0, "shapley_value_1": 2.098879855088513, "selection_1": 0, "shapley_value_2": 2.5018905691611457, "selection_2": 0, "shapley_value_3": 2.1468910425901413, "selection_3": 0, "shapley_value_4": -0.6729150811831159, "selection_4": 0, "shapley_value_5": 2.3748086810112, "selection_5": 0, "shapley_value_6": -2.5554999212423954, "selection_6": 0, "shapley_value_7": 2.6286901564170155, "selection_7": 0, "shapley_value_8": 1.8902786175409951, "selection_8": 0, "shapley_value_9": -0.060758670171101925, "selection_9": 0, "shapley_value_10": 0.24069007805415582, "selection_10": 0, "shapley_value_11": 0, "selection_11": 0, "shapley_value_12": -1.4878859718640642, "selection_12": 0, "shapley_value_13": -12.843099594116211, "selection_13": 0, "shapley_value_14": -2.192024052143097, "selection_14": 0, "shapley_value_15": 2.042388276018278, "selection_15": 0, "shapley_value_16": 2.6510522138504755, "selection_16": 0, "shapley_value_17": -2.890715877215067, "selection_17": 0, "shapley_value_18": 2.5981008096745137, "selection_18": 0, "shapley_value_19": -1.9728134671847022, "selection_19": 0, "shapley_value_20": 0, "selection_20": 0, "shapley_value_21": 2.224980924526851, "selection_21": 1, "shapley_value_22": -3.651196837425232, "selection_22": 0, "shapley_value_23": -4.244687815507254, "selection_23": 0, "shapley_value_24": -5.775397876898449, "selection_24": 0, "shapley_value_25": 1.1344778868887164, "selection_25": 0, "shapley_value_26": -2.506408294041951, "selection_26": 0, "shapley_value_27": 2.0131096802060564, "selection_27": 0, "shapley_value_28": 1.8330359409252803, "selection_28": 1, "shapley_value_29": 1.17971768312984, "selection_29": 0, "shapley_value_30": 1.936968494344641, "selection_30": 0, "shapley_value_31": 1.7820494333903005, "selection_31": 1, "shapley_value_32": 1.656753659248352, "selection_32": 0, "shapley_value_33": -3.347083667914072, "selection_33": 0, "shapley_value_34": 1.1412283102671301, "selection_34": 0, "shapley_value_35": 0.21632327636082938, "selection_35": 0, "shapley_value_36": -2.331810335318247, "selection_36": 0, "shapley_value_37": 1.5756452818711602, "selection_37": 0, "shapley_value_38": 1.2504280770526213, "selection_38": 0, "shapley_value_39": 2.7547781533665128, "selection_39": 0, "shapley_value_40": 1.079965288109249, "selection_40": 0, "shapley_value_41": 1.734758940835794, "selection_41": 1, "shapley_value_42": 2.444424557685852, "selection_42": 0, "shapley_value_43": 2.4584318763679924, "selection_43": 0, "shapley_value_44": 4.372476198024033, "selection_44": 1, "shapley_value_45": 0, "selection_45": 0, "shapley_value_46": 2.1522199748054383, "selection_46": 0, "shapley_value_47": 1.4956123299068877, "selection_47": 0, "shapley_value_48": 1.2902562618255613, "selection_48": 0, "shapley_value_49": 1.6978653415044147, "selection_49": 0, "_timestamp": 1688389111.0899842, "_runtime": 105.6876482963562, "_step": 99, "_wandb": {"runtime": 104}}