{"accuracy": 0.8095095753669739, "val_loss": 0.5550321340560913, "test_loss": 0.5536311268806458, "_timestamp": 1687986599.1999776, "_runtime": 70.97456765174866, "_step": 99, "_wandb": {"runtime": 69}}