{"loss": 0.2854744493961334, "accuracy": 0.9169999957084656, "average_active_clients": 10.0, "client_values_0": -0.0011989953927695751, "client_values_1": -0.0007881131023168564, "client_values_2": -0.0051953792572021484, "client_values_3": -0.00843488797545433, "client_values_4": -0.00022691572667099535, "client_values_5": -0.0011748074321076274, "client_values_6": -0.002101479796692729, "client_values_7": -0.001282243407331407, "client_values_8": -0.0046560317277908325, "client_values_9": -0.003716863691806793, "client_values_10": 0.0047854166477918625, "client_values_11": 0.00383952260017395, "client_values_12": 0.0016427168156951666, "client_values_13": 0.006390448659658432, "client_values_14": 0.004239729605615139, "client_values_15": 0.008448824286460876, "client_values_16": 0.007732325233519077, "client_values_17": 0.0071264575235545635, "client_values_18": 0.005842672660946846, "client_values_19": 0.005587522406131029, "_timestamp": 1687186141.6236804, "_runtime": 1182.708191394806, "_step": 99, "_wandb": {"runtime": 1181}}