{"loss": 0.20000499486923218, "accuracy": 0.9409999847412109, "average_active_clients": 2.0, "client_values_0": -0.01901262439787388, "client_values_1": 0.05567031353712082, "client_values_2": 0.21635593473911285, "client_values_3": 0.04486161097884178, "client_values_4": 0.047817494720220566, "client_values_5": 0.013196922838687897, "client_values_6": 0.05255031958222389, "client_values_7": 0.05114763230085373, "client_values_8": 0.02577061951160431, "client_values_9": 0.06491628289222717, "client_values_10": 0.029177002608776093, "client_values_11": 0.03459297865629196, "client_values_12": 0.05808176100254059, "client_values_13": 0.023203952237963676, "client_values_14": 0.05803573131561279, "client_values_15": 0.046188849955797195, "client_values_16": 0.163087397813797, "client_values_17": 0.034640684723854065, "client_values_18": 0.02876957133412361, "client_values_19": 0.033438198268413544, "_timestamp": 1687179842.5101578, "_runtime": 204.9408619403839, "_step": 99, "_wandb": {"runtime": 203}}