{"accuracy": 0.09779999405145645, "val_loss": 6.5507893562316895, "test_loss": 6.5944976806640625, "shapley_value_0": 3.142722739113702, "selection_0": 0, "shapley_value_1": 0, "selection_1": 0, "shapley_value_2": 3.9785434934827992, "selection_2": 1, "shapley_value_3": 0.829150352213118, "selection_3": 0, "shapley_value_4": -0.5820350646972656, "selection_4": 0, "shapley_value_5": 4.559602821082399, "selection_5": 0, "shapley_value_6": -2.44931701819102, "selection_6": 0, "shapley_value_7": 4.234339165763979, "selection_7": 1, "shapley_value_8": 2.0535827152656787, "selection_8": 0, "shapley_value_9": 1.6419038176536556, "selection_9": 0, "shapley_value_10": -2.9120462338129673, "selection_10": 0, "shapley_value_11": 3.069511271658397, "selection_11": 0, "shapley_value_12": 0, "selection_12": 0, "shapley_value_13": 0, "selection_13": 0, "shapley_value_14": 0.5783773263295497, "selection_14": 0, "shapley_value_15": 1.6204765786727275, "selection_15": 0, "shapley_value_16": 1.5047642588615417, "selection_16": 0, "shapley_value_17": 0, "selection_17": 0, "shapley_value_18": 0, "selection_18": 0, "shapley_value_19": -2.6292818387349435, "selection_19": 0, "shapley_value_20": 2.75990891456604, "selection_20": 1, "shapley_value_21": 3.9833996834663257, "selection_21": 0, "shapley_value_22": 0, "selection_22": 0, "shapley_value_23": 0, "selection_23": 0, "shapley_value_24": 0, "selection_24": 0, "shapley_value_25": -4.323798845211664, "selection_25": 0, "shapley_value_26": -6.294332623481747, "selection_26": 0, "shapley_value_27": 3.180537313222885, "selection_27": 0, "shapley_value_28": 0, "selection_28": 0, "shapley_value_29": -0.15756167968114188, "selection_29": 0, "shapley_value_30": -1.1334782838821411, "selection_30": 0, "shapley_value_31": 0, "selection_31": 0, "shapley_value_32": 2.840613809593936, "selection_32": 0, "shapley_value_33": -0.45252458254496286, "selection_33": 0, "shapley_value_34": 2.7055235164506093, "selection_34": 0, "shapley_value_35": -4.666377405325571, "selection_35": 0, "shapley_value_36": 4.2479875300611765, "selection_36": 1, "shapley_value_37": -0.5546220739682521, "selection_37": 0, "shapley_value_38": 2.6176313161849967, "selection_38": 0, "shapley_value_39": -2.2712550163269043, "selection_39": 0, "shapley_value_40": 0, "selection_40": 0, "shapley_value_41": 0.9118069410324097, "selection_41": 0, "shapley_value_42": 0.7267510334650662, "selection_42": 0, "shapley_value_43": 2.0000417431195565, "selection_43": 0, "shapley_value_44": 4.766055751591924, "selection_44": 1, "shapley_value_45": -8.007291913032532, "selection_45": 0, "shapley_value_46": 0, "selection_46": 0, "shapley_value_47": 0, "selection_47": 0, "shapley_value_48": 0.21629012127717306, "selection_48": 0, "shapley_value_49": 0, "selection_49": 0, "_timestamp": 1688391411.4623299, "_runtime": 103.54501390457153, "_step": 99, "_wandb": {"runtime": 102}}