{"accuracy": 0.09719999879598618, "val_loss": 11.803834915161133, "test_loss": 11.893738746643066, "shapley_value_0": -0.5012536346912377, "selection_0": 0, "shapley_value_1": 10.84766066991366, "selection_1": 1, "shapley_value_2": 0.4816984534263611, "selection_2": 0, "shapley_value_3": 0.014870703220367432, "selection_3": 0, "shapley_value_4": -3.0199109117190037, "selection_4": 0, "shapley_value_5": -1.2512131035327916, "selection_5": 0, "shapley_value_6": -4.475900828838349, "selection_6": 0, "shapley_value_7": -0.3852638304233551, "selection_7": 0, "shapley_value_8": 0.9763451417287197, "selection_8": 0, "shapley_value_9": 0.3720003366470319, "selection_9": 0, "shapley_value_10": -1.8085587819417326, "selection_10": 0, "shapley_value_11": -2.0555600821971898, "selection_11": 0, "shapley_value_12": -9.598450014988583, "selection_12": 0, "shapley_value_13": -5.995347936948141, "selection_13": 0, "shapley_value_14": -2.769909143447876, "selection_14": 0, "shapley_value_15": 0.13710391521453857, "selection_15": 0, "shapley_value_16": 9.822366554207271, "selection_16": 1, "shapley_value_17": -3.6851256787776974, "selection_17": 0, "shapley_value_18": 10.256083455129913, "selection_18": 1, "shapley_value_19": -2.940400520960491, "selection_19": 0, "shapley_value_20": -1.4815607335832395, "selection_20": 0, "shapley_value_21": -0.06451038519541452, "selection_21": 0, "shapley_value_22": -0.07618297139803554, "selection_22": 0, "shapley_value_23": -0.10812320311864276, "selection_23": 0, "shapley_value_24": -3.3663667043050136, "selection_24": 0, "shapley_value_25": -2.204113046328228, "selection_25": 0, "shapley_value_26": 0.4226287802060442, "selection_26": 0, "shapley_value_27": 0.8785368601481118, "selection_27": 0, "shapley_value_28": -2.723386685053508, "selection_28": 0, "shapley_value_29": -6.467597951491673, "selection_29": 0, "shapley_value_30": -1.1024980843067171, "selection_30": 0, "shapley_value_31": -0.4865824778874721, "selection_31": 0, "shapley_value_32": -2.846808205048242, "selection_32": 0, "shapley_value_33": -1.192888081073761, "selection_33": 0, "shapley_value_34": -1.5947519838809963, "selection_34": 0, "shapley_value_35": -5.17251173655192, "selection_35": 0, "shapley_value_36": 1.1098874089618518, "selection_36": 1, "shapley_value_37": -1.8178572058677687, "selection_37": 0, "shapley_value_38": -8.449280222256977, "selection_38": 0, "shapley_value_39": 10.986289759787422, "selection_39": 1, "shapley_value_40": -0.4526227315266924, "selection_40": 0, "shapley_value_41": -0.07847297191619962, "selection_41": 0, "shapley_value_42": 0.10944092273712247, "selection_42": 0, "shapley_value_43": -0.12200291951497277, "selection_43": 0, "shapley_value_44": 1.0365809374961301, "selection_44": 0, "shapley_value_45": -2.0466786225636806, "selection_45": 0, "shapley_value_46": -8.872043619553247, "selection_46": 0, "shapley_value_47": -2.3997260332107544, "selection_47": 0, "shapley_value_48": -1.8415406942367563, "selection_48": 0, "shapley_value_49": -0.04025648037592452, "selection_49": 0, "_timestamp": 1688380000.4676828, "_runtime": 100.37430381774902, "_step": 99, "_wandb": {"runtime": 98}}