{"accuracy": 0.5253999829292297, "val_loss": 1.3489437103271484, "test_loss": 1.3590441942214966, "_timestamp": 1687965629.9037511, "_runtime": 81.70544719696045, "_step": 99, "_wandb": {"runtime": 79}}