{"accuracy": 0.1289999932050705, "val_loss": 2.9916186332702637, "test_loss": 3.024693250656128, "_timestamp": 1688397928.2127624, "_runtime": 95.88601446151733, "_step": 99, "_wandb": {"runtime": 94}}