{"accuracy": 0.12879998981952667, "val_loss": 2.991708993911743, "test_loss": 3.0247747898101807, "_timestamp": 1688398452.6094894, "_runtime": 95.38532447814941, "_step": 99, "_wandb": {"runtime": 93}}