{"accuracy": 0.5105999708175659, "val_loss": 1.3638070821762085, "test_loss": 1.3822301626205444, "shapley_value_0": -0.6838873585065206, "selection_0": 0, "shapley_value_1": -0.6536503632863364, "selection_1": 0, "shapley_value_2": -0.6840155839920045, "selection_2": 0, "shapley_value_3": -0.6891591628392539, "selection_3": 0, "shapley_value_4": -0.7014918367067973, "selection_4": 0, "shapley_value_5": -0.6921093861262002, "selection_5": 0, "shapley_value_6": -0.6619944572448733, "selection_6": 0, "shapley_value_7": -0.7182593584060671, "selection_7": 0, "shapley_value_8": -0.6870039145151772, "selection_8": 0, "shapley_value_9": -0.6959530274073279, "selection_9": 0, "shapley_value_10": -0.6964363416035969, "selection_10": 0, "shapley_value_11": -0.7305222749710084, "selection_11": 0, "shapley_value_12": -0.6890274643898009, "selection_12": 0, "shapley_value_13": -0.7172480424245198, "selection_13": 0, "shapley_value_14": -0.66856556336085, "selection_14": 0, "shapley_value_15": -0.7187574823697405, "selection_15": 0, "shapley_value_16": -0.7486592729886373, "selection_16": 0, "shapley_value_17": -0.7380807439486186, "selection_17": 0, "shapley_value_18": -0.7594878713289896, "selection_18": 0, "shapley_value_19": -0.6933104991912843, "selection_19": 0, "shapley_value_20": -0.7234470605850222, "selection_20": 0, "shapley_value_21": -0.68772189617157, "selection_21": 0, "shapley_value_22": -0.7481346368789673, "selection_22": 0, "shapley_value_23": -0.6997166872024538, "selection_23": 0, "shapley_value_24": -0.7239093780517578, "selection_24": 0, "shapley_value_25": -0.7174265702565512, "selection_25": 0, "shapley_value_26": -0.736516813437144, "selection_26": 0, "shapley_value_27": -0.7360339800516763, "selection_27": 0, "shapley_value_28": -0.7354943553606669, "selection_28": 0, "shapley_value_29": -0.7585905830065409, "selection_29": 0, "shapley_value_30": -0.7472862998644508, "selection_30": 0, "shapley_value_31": -0.7446175456047059, "selection_31": 0, "shapley_value_32": -0.7619771599769593, "selection_32": 1, "shapley_value_33": -0.7568081696828207, "selection_33": 0, "shapley_value_34": -0.7589660326639811, "selection_34": 0, "shapley_value_35": -0.7440621892611186, "selection_35": 0, "shapley_value_36": -0.7714664936065672, "selection_36": 1, "shapley_value_37": -0.779619836807251, "selection_37": 1, "shapley_value_38": -0.7587091207504271, "selection_38": 0, "shapley_value_39": -0.7673449556032814, "selection_39": 1, "_timestamp": 1688030035.1609042, "_runtime": 99.50656914710999, "_step": 99, "_wandb": {"runtime": 97}}