{"accuracy": 0.5115999579429626, "val_loss": 1.3604463338851929, "test_loss": 1.3776986598968506, "shapley_value_0": -0.6325005094210305, "selection_0": 0, "shapley_value_1": -0.5950302362442017, "selection_1": 1, "shapley_value_2": -0.7845375812970675, "selection_2": 0, "shapley_value_3": -0.713059894243876, "selection_3": 0, "shapley_value_4": -0.762831297185686, "selection_4": 0, "shapley_value_5": -0.6783983034965319, "selection_5": 0, "shapley_value_6": -0.7693428539094472, "selection_6": 0, "shapley_value_7": -0.6438035898738432, "selection_7": 0, "shapley_value_8": -0.636950529757, "selection_8": 0, "shapley_value_9": -0.7798630515734354, "selection_9": 0, "shapley_value_10": -0.7482623901122657, "selection_10": 0, "shapley_value_11": -0.7962747746043733, "selection_11": 0, "shapley_value_12": -0.7240256627400716, "selection_12": 0, "shapley_value_13": -0.6928141315778098, "selection_13": 0, "shapley_value_14": -0.7431122329499984, "selection_14": 0, "shapley_value_15": -0.7598601623817727, "selection_15": 0, "shapley_value_16": -0.6220011586944263, "selection_16": 0, "shapley_value_17": -0.6477005879084263, "selection_17": 0, "shapley_value_18": -0.8300225280580067, "selection_18": 0, "shapley_value_19": -0.6898164522080191, "selection_19": 0, "shapley_value_20": -0.6946453903660632, "selection_20": 0, "shapley_value_21": -0.6509508424335059, "selection_21": 0, "shapley_value_22": -0.7376361177081154, "selection_22": 1, "shapley_value_23": -0.8326043458211986, "selection_23": 0, "shapley_value_24": -0.6068576935565833, "selection_24": 0, "shapley_value_25": -0.8037548263867694, "selection_25": 0, "shapley_value_26": -0.7383785320050787, "selection_26": 0, "shapley_value_27": -0.7273250619570415, "selection_27": 0, "shapley_value_28": -0.7338544170061747, "selection_28": 0, "shapley_value_29": -0.8143329873229518, "selection_29": 0, "shapley_value_30": -0.7564198942411513, "selection_30": 0, "shapley_value_31": -0.746439997355143, "selection_31": 0, "shapley_value_32": -0.8007339062514125, "selection_32": 0, "shapley_value_33": -0.789124568303426, "selection_33": 1, "shapley_value_34": -0.7289409694217497, "selection_34": 0, "shapley_value_35": -0.7071590531956066, "selection_35": 0, "shapley_value_36": -0.6952652064236726, "selection_36": 0, "shapley_value_37": -0.7194359788188227, "selection_37": 0, "shapley_value_38": -0.6979850530624387, "selection_38": 0, "shapley_value_39": -0.8546084196139605, "selection_39": 1, "_timestamp": 1688031763.03868, "_runtime": 106.88905715942383, "_step": 99, "_wandb": {"runtime": 105}}