{"accuracy": 0.4875999987125397, "val_loss": 1.4071145057678223, "test_loss": 1.4229625463485718, "_timestamp": 1687964717.392356, "_runtime": 76.72259283065796, "_step": 99, "_wandb": {"runtime": 75}}