{"accuracy": 0.9383999705314636, "val_loss": 0.23587572574615479, "test_loss": 0.21921150386333466, "shapley_value_0": 0.2507206176817417, "selection_0": 0, "shapley_value_1": 0.218164350092411, "selection_1": 0, "shapley_value_2": 0.2040846219062805, "selection_2": 0, "shapley_value_3": 0.19795500478148462, "selection_3": 0, "shapley_value_4": 0.1864550436139107, "selection_4": 0, "shapley_value_5": 0.21973492208123208, "selection_5": 0, "shapley_value_6": 0.20588294291496276, "selection_6": 0, "shapley_value_7": 0.227647942006588, "selection_7": 0, "shapley_value_8": 0.21085056725144385, "selection_8": 0, "shapley_value_9": 0.19180958977341653, "selection_9": 0, "shapley_value_10": 0.2234059538543224, "selection_10": 0, "shapley_value_11": 0.19204445260763167, "selection_11": 0, "shapley_value_12": 0.1715153422653675, "selection_12": 0, "shapley_value_13": 0.21288128194212913, "selection_13": 0, "shapley_value_14": 0.2013856840729713, "selection_14": 0, "shapley_value_15": 0.1948929584920406, "selection_15": 0, "shapley_value_16": 0.18553246530890471, "selection_16": 0, "shapley_value_17": 0.17476503326077214, "selection_17": 0, "shapley_value_18": 0.15292105519771576, "selection_18": 1, "shapley_value_19": 0.17997686895728113, "selection_19": 0, "shapley_value_20": 0.21217630115151404, "selection_20": 0, "shapley_value_21": 0.18754694896936414, "selection_21": 0, "shapley_value_22": 0.18032675817608831, "selection_22": 0, "shapley_value_23": 0.2111742068529129, "selection_23": 0, "shapley_value_24": 0.2360871397256851, "selection_24": 0, "shapley_value_25": 0.1527945263981819, "selection_25": 1, "shapley_value_26": 0.2203696191608906, "selection_26": 0, "shapley_value_27": 0.18526582605117242, "selection_27": 0, "shapley_value_28": 0.19323115065693858, "selection_28": 1, "shapley_value_29": 0.13806593366986825, "selection_29": 1, "shapley_value_30": 0.21215605747699734, "selection_30": 0, "shapley_value_31": 0.1803456640839577, "selection_31": 0, "shapley_value_32": 0.21670250675082206, "selection_32": 0, "shapley_value_33": 0.22936834320425986, "selection_33": 0, "shapley_value_34": 0.21988848358392712, "selection_34": 0, "shapley_value_35": 0.1934598316550255, "selection_35": 0, "shapley_value_36": 0.20195389387011525, "selection_36": 0, "shapley_value_37": 0.21903793570399283, "selection_37": 0, "shapley_value_38": 0.2612624220848083, "selection_38": 0, "shapley_value_39": 0.16328145486116413, "selection_39": 1, "shapley_value_40": 0.18285877892374994, "selection_40": 0, "shapley_value_41": 0.22067209547758102, "selection_41": 0, "shapley_value_42": 0.18539163303375247, "selection_42": 0, "shapley_value_43": 0.20103876239061358, "selection_43": 0, "shapley_value_44": 0.179278016413513, "selection_44": 1, "shapley_value_45": 0.16848678877949716, "selection_45": 1, "shapley_value_46": 0.18872834563255309, "selection_46": 0, "shapley_value_47": 0.1644482603935819, "selection_47": 0, "shapley_value_48": 0.20032232308387754, "selection_48": 0, "shapley_value_49": 0.2181774971485138, "selection_49": 0, "shapley_value_50": 0.24574895131587984, "selection_50": 0, "shapley_value_51": 0.24225389397144315, "selection_51": 0, "shapley_value_52": 0.23814879393577573, "selection_52": 0, "shapley_value_53": 0.22139031209757457, "selection_53": 0, "shapley_value_54": 0.22217791196703907, "selection_54": 0, "shapley_value_55": 0.20176228246092792, "selection_55": 0, "shapley_value_56": 0.15474600767461877, "selection_56": 1, "shapley_value_57": 0.19380314585566516, "selection_57": 0, "shapley_value_58": 0.23852086606621742, "selection_58": 0, "shapley_value_59": 0.18806057783961294, "selection_59": 0, "shapley_value_60": 0.21607485573699597, "selection_60": 0, "shapley_value_61": 0.20267675396800047, "selection_61": 0, "shapley_value_62": 0.21820160847902298, "selection_62": 0, "shapley_value_63": 0.20755959162116047, "selection_63": 0, "shapley_value_64": 0.1970883626639843, "selection_64": 0, "shapley_value_65": 0.21412545347213743, "selection_65": 0, "shapley_value_66": 0.17094210746884347, "selection_66": 1, "shapley_value_67": 0.2342423232793808, "selection_67": 0, "shapley_value_68": 0.1808958562016487, "selection_68": 0, "shapley_value_69": 0.2230477770864964, "selection_69": 0, "shapley_value_70": 0.19152096959948542, "selection_70": 0, "shapley_value_71": 0.18952520857829797, "selection_71": 0, "shapley_value_72": 0.19450933873653412, "selection_72": 0, "shapley_value_73": 0.22761734545230863, "selection_73": 0, "shapley_value_74": 0.19742126566171647, "selection_74": 0, "shapley_value_75": 0.21053573912382123, "selection_75": 0, "shapley_value_76": 0.21776345989108084, "selection_76": 0, "shapley_value_77": 0.24053891711015454, "selection_77": 0, "shapley_value_78": 0.21353032571077352, "selection_78": 0, "shapley_value_79": 0.22583226575035797, "selection_79": 0, "shapley_value_80": 0.17130651158094407, "selection_80": 0, "shapley_value_81": 0.1889166724085808, "selection_81": 0, "shapley_value_82": 0.1942476359307766, "selection_82": 0, "shapley_value_83": 0.2051681771874428, "selection_83": 0, "shapley_value_84": 0.1822217226028442, "selection_84": 0, "shapley_value_85": 0.19843113574385646, "selection_85": 0, "shapley_value_86": 0.20010290747880935, "selection_86": 0, "shapley_value_87": 0.1828482082486153, "selection_87": 0, "shapley_value_88": 0.24571717280149458, "selection_88": 0, "shapley_value_89": 0.2105339702069759, "selection_89": 0, "shapley_value_90": 0.16246654358506202, "selection_90": 0, "shapley_value_91": 0.2200398184076736, "selection_91": 0, "shapley_value_92": 0.1950759900510311, "selection_92": 0, "shapley_value_93": 0.23091009217500685, "selection_93": 0, "shapley_value_94": 0.2696740046143532, "selection_94": 0, "shapley_value_95": 0.24597470297154628, "selection_95": 0, "shapley_value_96": 0.17509096472828015, "selection_96": 1, "shapley_value_97": 0.23140386456251147, "selection_97": 0, "shapley_value_98": 0.1892776577472687, "selection_98": 0, "shapley_value_99": 0.22819737207889554, "selection_99": 0, "_timestamp": 1687957673.966126, "_runtime": 326.1321849822998, "_step": 99, "_wandb": {"runtime": 324}}