{"loss": 0.3833509385585785, "accuracy": 0.8953999876976013, "average_active_clients": 2.0, "_timestamp": 1686832944.1778972, "_runtime": 23.24718928337097, "_step": 399, "_wandb": {"runtime": 21}}