{"accuracy": 0.9120000004768372, "val_loss": 0.25985321402549744, "test_loss": 0.29394519329071045, "shapley_value_0": -0.000982219522649591, "selection_0": 0, "shapley_value_1": 0.15487377297878266, "selection_1": 0, "shapley_value_2": -0.0029585235997250207, "selection_2": 0, "shapley_value_3": 0.002701659202575683, "selection_3": 0, "shapley_value_4": 0.006586246490478516, "selection_4": 0, "shapley_value_5": 0.005427713394165039, "selection_5": 0, "shapley_value_6": 0.22658056821786993, "selection_6": 0, "shapley_value_7": 0.004240932464599609, "selection_7": 0, "shapley_value_8": 0.005842890739440918, "selection_8": 0, "shapley_value_9": 0.1318108358979225, "selection_9": 0, "shapley_value_10": 0.010242705345153808, "selection_10": 0, "shapley_value_11": 0.00864030838012695, "selection_11": 0, "shapley_value_12": -0.024982791197927377, "selection_12": 0, "shapley_value_13": 0.009060640335083008, "selection_13": 0, "shapley_value_14": 0.002933769226074219, "selection_14": 0, "shapley_value_15": 0.17819909252226357, "selection_15": 0, "shapley_value_16": 0.003047719001770019, "selection_16": 0, "shapley_value_17": 0.004099588394165037, "selection_17": 0, "shapley_value_18": 0.011457014083862304, "selection_18": 0, "shapley_value_19": -0.0013058812994706003, "selection_19": 0, "shapley_value_20": 0.027801513671875, "selection_20": 0, "shapley_value_21": 0.025638675689697264, "selection_21": 0, "shapley_value_22": 0.005395064353942871, "selection_22": 0, "shapley_value_23": -0.0043327431929738895, "selection_23": 0, "shapley_value_24": -0.00777703837344521, "selection_24": 0, "shapley_value_25": -0.05514975597983912, "selection_25": 0, "shapley_value_26": 0.17226804926991462, "selection_26": 0, "shapley_value_27": 0.02268302917480468, "selection_27": 0, "shapley_value_28": 0.012881841659545899, "selection_28": 0, "shapley_value_29": 0.17475514382123947, "selection_29": 1, "shapley_value_30": 0.023692560195922852, "selection_30": 0, "shapley_value_31": 0.022274708747863768, "selection_31": 0, "shapley_value_32": 0.029469618797302245, "selection_32": 0, "shapley_value_33": 0.034110813140869146, "selection_33": 0, "shapley_value_34": 0.20324889762060977, "selection_34": 1, "shapley_value_35": 0.21108863832950586, "selection_35": 0, "shapley_value_36": 0.036368002494176224, "selection_36": 0, "shapley_value_37": -0.056742617958470395, "selection_37": 0, "shapley_value_38": 0.12821602284908293, "selection_38": 0, "shapley_value_39": 0.0046784067153930655, "selection_39": 0, "shapley_value_40": 0.008403859138488769, "selection_40": 0, "shapley_value_41": 0.14590237349271773, "selection_41": 0, "shapley_value_42": 0.17032565806593217, "selection_42": 0, "shapley_value_43": 0.03691348075866701, "selection_43": 0, "shapley_value_44": 0.20569584151972897, "selection_44": 0, "shapley_value_45": 0.027954630851745606, "selection_45": 0, "shapley_value_46": 0.02547211408615112, "selection_46": 0, "shapley_value_47": 0.19802518991629284, "selection_47": 0, "shapley_value_48": 0.22722856743915662, "selection_48": 1, "shapley_value_49": 0.20528292062878606, "selection_49": 0, "shapley_value_50": 0.2344329800178756, "selection_50": 1, "shapley_value_51": 0.19618825290884293, "selection_51": 0, "shapley_value_52": 0.18704366445541384, "selection_52": 0, "shapley_value_53": 0.01994608163833618, "selection_53": 0, "shapley_value_54": 0.10061571002006531, "selection_54": 0, "shapley_value_55": 0.19985797971487043, "selection_55": 0, "shapley_value_56": 0.11361392515770934, "selection_56": 0, "shapley_value_57": 0.06968353301286698, "selection_57": 0, "shapley_value_58": 0.025254113674163817, "selection_58": 0, "shapley_value_59": 0.01984832525253295, "selection_59": 0, "shapley_value_60": 0.0932638818025589, "selection_60": 0, "shapley_value_61": 0.22014161016453396, "selection_61": 0, "shapley_value_62": -0.007064574643185264, "selection_62": 0, "shapley_value_63": 0.16417387704054515, "selection_63": 0, "shapley_value_64": 0.24188227161555212, "selection_64": 1, "shapley_value_65": 0.018397042751312254, "selection_65": 0, "shapley_value_66": 0.21799361806776785, "selection_66": 0, "shapley_value_67": 0.15898251158850532, "selection_67": 0, "shapley_value_68": 0.2028499696983231, "selection_68": 0, "shapley_value_69": 0.1283426809310913, "selection_69": 0, "shapley_value_70": 0.14442484170198439, "selection_70": 0, "shapley_value_71": 0.2085063255447, "selection_71": 0, "shapley_value_72": 0.130239666447495, "selection_72": 0, "shapley_value_73": 0.1575651297966639, "selection_73": 0, "shapley_value_74": 0.19654053253786902, "selection_74": 0, "shapley_value_75": 0.23553509698464317, "selection_75": 1, "shapley_value_76": 0.23204424476623534, "selection_76": 1, "shapley_value_77": 0.18636384806849746, "selection_77": 0, "shapley_value_78": 0.13788998290896418, "selection_78": 0, "shapley_value_79": 0.10156884908676146, "selection_79": 0, "shapley_value_80": 0.17869061403804357, "selection_80": 0, "shapley_value_81": 0.2092056392908096, "selection_81": 0, "shapley_value_82": 0.18698991875329085, "selection_82": 0, "shapley_value_83": 0.0850848725438118, "selection_83": 0, "shapley_value_84": 0.088004492521286, "selection_84": 0, "shapley_value_85": 0.19206732819178948, "selection_85": 0, "shapley_value_86": 0.21862372148978082, "selection_86": 0, "shapley_value_87": 0.08936175823211671, "selection_87": 0, "shapley_value_88": 0.19142106965184205, "selection_88": 0, "shapley_value_89": 0.2029548649702753, "selection_89": 1, "shapley_value_90": 0.16863409357411516, "selection_90": 0, "shapley_value_91": 0.17595967655832118, "selection_91": 0, "shapley_value_92": 0.13777639105916023, "selection_92": 0, "shapley_value_93": 0.14550562119483948, "selection_93": 0, "shapley_value_94": 0.2103955148885125, "selection_94": 0, "shapley_value_95": 0.235338155693478, "selection_95": 1, "shapley_value_96": 0.1562283406257629, "selection_96": 0, "shapley_value_97": 0.18157698267698286, "selection_97": 0, "shapley_value_98": 0.23225338672437976, "selection_98": 1, "shapley_value_99": 0.09335600753625235, "selection_99": 0, "_timestamp": 1687866008.5733855, "_runtime": 1186.0722374916077, "_step": 99, "_wandb": {"runtime": 1185}}