{"accuracy": 0.4625999927520752, "val_loss": 1.4883989095687866, "test_loss": 1.5033774375915527, "_timestamp": 1687966204.7642574, "_runtime": 117.66485142707825, "_step": 99, "_wandb": {"runtime": 116}}