{"accuracy": 0.5058000087738037, "val_loss": 1.4023864269256592, "test_loss": 1.4042772054672241, "shapley_value_0": 0.08786782928875515, "selection_0": 0, "shapley_value_1": 0.06987988859415055, "selection_1": 0, "shapley_value_2": 0.07450793451733058, "selection_2": 0, "shapley_value_3": 0.09772932881400699, "selection_3": 0, "shapley_value_4": 0.07787433407523416, "selection_4": 0, "shapley_value_5": 0.0638056319952011, "selection_5": 1, "shapley_value_6": 0.04659668636322022, "selection_6": 0, "shapley_value_7": 0.04790181001027425, "selection_7": 0, "shapley_value_8": 0.06321835625440556, "selection_8": 0, "shapley_value_9": 0.05798235722950527, "selection_9": 0, "shapley_value_10": 0.09697571418502116, "selection_10": 0, "shapley_value_11": 0.08897992240336904, "selection_11": 0, "shapley_value_12": 0.10289899787902833, "selection_12": 0, "shapley_value_13": 0.05659766912460328, "selection_13": 0, "shapley_value_14": 0.0878132168451945, "selection_14": 1, "shapley_value_15": 0.07001313090324401, "selection_15": 0, "shapley_value_16": 0.09257350727915764, "selection_16": 1, "shapley_value_17": 0.06989451557397844, "selection_17": 0, "shapley_value_18": 0.08659776994160243, "selection_18": 0, "shapley_value_19": 0.08636038013866967, "selection_19": 0, "shapley_value_20": 0.06870788472039359, "selection_20": 1, "shapley_value_21": 0.11068525816713061, "selection_21": 1, "shapley_value_22": 0.09704725384712218, "selection_22": 0, "shapley_value_23": 0.056166490316391, "selection_23": 0, "shapley_value_24": 0.05285858790079753, "selection_24": 0, "shapley_value_25": 0.072588595284356, "selection_25": 0, "shapley_value_26": 0.08124766371466895, "selection_26": 0, "shapley_value_27": 0.09022051157919984, "selection_27": 0, "shapley_value_28": 0.05847090755190169, "selection_28": 0, "shapley_value_29": 0.0948542896906535, "selection_29": 0, "shapley_value_30": 0.033892254829406734, "selection_30": 0, "shapley_value_31": 0.031715056958951444, "selection_31": 0, "shapley_value_32": 0.06835880100727082, "selection_32": 0, "shapley_value_33": 0.038744124174118044, "selection_33": 0, "shapley_value_34": 0.04905762147903443, "selection_34": 0, "shapley_value_35": 0.060828438145773746, "selection_35": 0, "shapley_value_36": 0.05815842906634013, "selection_36": 0, "shapley_value_37": 0.05678942243258158, "selection_37": 0, "shapley_value_38": 0.038084266185760496, "selection_38": 0, "shapley_value_39": 0.06732390165328979, "selection_39": 0, "shapley_value_40": 0.08127573403445157, "selection_40": 0, "shapley_value_41": 0.04472876930236817, "selection_41": 0, "shapley_value_42": 0.07119120062443247, "selection_42": 0, "shapley_value_43": 0.05260537505149842, "selection_43": 0, "shapley_value_44": 0.04366180992126466, "selection_44": 0, "shapley_value_45": 0.0531914746761322, "selection_45": 0, "shapley_value_46": 0.07610635495185854, "selection_46": 0, "shapley_value_47": 0.09278721690177916, "selection_47": 1, "shapley_value_48": 0.09226108929690191, "selection_48": 1, "shapley_value_49": 0.0616278008052281, "selection_49": 0, "shapley_value_50": 0.06412383454186577, "selection_50": 0, "shapley_value_51": 0.07667594480514525, "selection_51": 0, "shapley_value_52": 0.08390907287597656, "selection_52": 0, "shapley_value_53": 0.06065091678074428, "selection_53": 1, "shapley_value_54": 0.07746823358535766, "selection_54": 0, "shapley_value_55": 0.06942548486921522, "selection_55": 0, "shapley_value_56": 0.0709656376308865, "selection_56": 0, "shapley_value_57": 0.07168358246485394, "selection_57": 0, "shapley_value_58": 0.0865828582218715, "selection_58": 0, "shapley_value_59": 0.0736969717343648, "selection_59": 0, "shapley_value_60": 0.0881238136291504, "selection_60": 1, "shapley_value_61": 0.09023658021291098, "selection_61": 0, "shapley_value_62": 0.06157987015587944, "selection_62": 0, "shapley_value_63": 0.0698968651890755, "selection_63": 0, "shapley_value_64": 0.0778115634918213, "selection_64": 0, "shapley_value_65": 0.07610251513394442, "selection_65": 0, "shapley_value_66": 0.04707067584991455, "selection_66": 0, "shapley_value_67": 0.0907770323753357, "selection_67": 1, "shapley_value_68": 0.08072713017463685, "selection_68": 0, "shapley_value_69": 0.0487609076499939, "selection_69": 0, "shapley_value_70": 0.07310988187789917, "selection_70": 0, "shapley_value_71": 0.10416554307937625, "selection_71": 0, "shapley_value_72": 0.061075457845415404, "selection_72": 0, "shapley_value_73": 0.05229465484619141, "selection_73": 0, "shapley_value_74": 0.06451653003692627, "selection_74": 0, "shapley_value_75": 0.0696273750066757, "selection_75": 0, "shapley_value_76": 0.058269876241683956, "selection_76": 0, "shapley_value_77": 0.03757503628730774, "selection_77": 0, "shapley_value_78": 0.04535202217102051, "selection_78": 0, "shapley_value_79": 0.05872912372861589, "selection_79": 0, "shapley_value_80": 0.06982934892177582, "selection_80": 0, "shapley_value_81": 0.08845543214253015, "selection_81": 0, "shapley_value_82": 0.05525677243868509, "selection_82": 0, "shapley_value_83": 0.09609844822632639, "selection_83": 0, "shapley_value_84": 0.055652807553609206, "selection_84": 0, "shapley_value_85": 0.09221239149570465, "selection_85": 0, "shapley_value_86": 0.06379656927926201, "selection_86": 0, "shapley_value_87": 0.08308354834715524, "selection_87": 0, "shapley_value_88": 0.05529688477516175, "selection_88": 0, "shapley_value_89": 0.06386996418237685, "selection_89": 0, "shapley_value_90": 0.09481441128253934, "selection_90": 0, "shapley_value_91": 0.04295357942581177, "selection_91": 0, "shapley_value_92": 0.07159469154145982, "selection_92": 0, "shapley_value_93": 0.058178809483846024, "selection_93": 0, "shapley_value_94": 0.07852380969307639, "selection_94": 0, "shapley_value_95": 0.0856538851444538, "selection_95": 0, "shapley_value_96": 0.06453237444162369, "selection_96": 0, "shapley_value_97": 0.09074844613671303, "selection_97": 0, "shapley_value_98": 0.08367605129877727, "selection_98": 0, "shapley_value_99": 0.04899723196029663, "selection_99": 0, "_timestamp": 1687871872.9014375, "_runtime": 796.2073836326599, "_step": 99, "_wandb": {"runtime": 795}}