{"accuracy": 0.8511220216751099, "val_loss": 0.46856775879859924, "test_loss": 0.46529459953308105, "shapley_value_0": -1.3678426775667403, "selection_0": 0, "shapley_value_1": -1.523208303583993, "selection_1": 0, "shapley_value_2": -1.2251604405187422, "selection_2": 0, "shapley_value_3": -1.411921022666825, "selection_3": 1, "shapley_value_4": -1.2252346387615913, "selection_4": 0, "shapley_value_5": -1.258175199230512, "selection_5": 0, "shapley_value_6": -1.5030972758928935, "selection_6": 0, "shapley_value_7": -1.4664527354417025, "selection_7": 0, "shapley_value_8": -1.3856956011209733, "selection_8": 0, "shapley_value_9": -1.4117516438166304, "selection_9": 0, "shapley_value_10": -1.4863510094583035, "selection_10": 0, "shapley_value_11": -1.3178338679400357, "selection_11": 0, "shapley_value_12": -0.8730230847994486, "selection_12": 0, "shapley_value_13": -1.3141562995456513, "selection_13": 0, "shapley_value_14": -1.3058988338425048, "selection_14": 0, "shapley_value_15": -1.4993537714083987, "selection_15": 1, "shapley_value_16": -1.2980103611946106, "selection_16": 0, "shapley_value_17": -1.1207486254473524, "selection_17": 0, "shapley_value_18": -1.1568318843841554, "selection_18": 0, "shapley_value_19": -1.5852584001563845, "selection_19": 0, "shapley_value_20": -1.2718014179004562, "selection_20": 0, "shapley_value_21": -1.2361211438973743, "selection_21": 0, "shapley_value_22": -1.469258200239252, "selection_22": 0, "shapley_value_23": -0.9484087763688502, "selection_23": 0, "shapley_value_24": -1.3885652139073328, "selection_24": 0, "shapley_value_25": -1.3650274972120917, "selection_25": 0, "shapley_value_26": -1.2225774029890697, "selection_26": 0, "shapley_value_27": -1.3646661319114546, "selection_27": 0, "shapley_value_28": -1.1355429509033756, "selection_28": 1, "shapley_value_29": -1.3188620570934182, "selection_29": 0, "shapley_value_30": -1.3875674928228057, "selection_30": 0, "shapley_value_31": -1.3124620561246514, "selection_31": 0, "shapley_value_32": -1.0916005099813144, "selection_32": 1, "shapley_value_33": -1.2145573198795316, "selection_33": 0, "shapley_value_34": -1.3591475078353177, "selection_34": 0, "shapley_value_35": -1.7168006863858964, "selection_35": 0, "shapley_value_36": -1.035817418495814, "selection_36": 0, "shapley_value_37": -1.283995517426067, "selection_37": 0, "shapley_value_38": -1.073541446968361, "selection_38": 0, "shapley_value_39": -1.190730362227469, "selection_39": 0, "_timestamp": 1687986363.003242, "_runtime": 72.7122700214386, "_step": 99, "_wandb": {"runtime": 71}}