{"accuracy": 0.14219999313354492, "val_loss": 4.276279926300049, "test_loss": 4.337368965148926, "_timestamp": 1688407038.8449888, "_runtime": 142.18863582611084, "_step": 99, "_wandb": {"runtime": 140}}