{"accuracy": 0.9339999556541443, "val_loss": 0.23501543700695038, "test_loss": 0.2205331027507782, "_timestamp": 1688026430.149782, "_runtime": 142.84345698356628, "_step": 99, "_wandb": {"runtime": 141}}