{"accuracy": 0.5027999877929688, "val_loss": 1.369544506072998, "test_loss": 1.3912928104400635, "shapley_value_0": -0.5853523313999177, "selection_0": 0, "shapley_value_1": -0.6811623717799331, "selection_1": 1, "shapley_value_2": -0.6617218432603058, "selection_2": 0, "shapley_value_3": -0.7561066459726403, "selection_3": 0, "shapley_value_4": -0.805450298168041, "selection_4": 0, "shapley_value_5": -0.6978864934709336, "selection_5": 0, "shapley_value_6": -0.7025386528535321, "selection_6": 0, "shapley_value_7": -0.7738165557384491, "selection_7": 0, "shapley_value_8": -0.6758893945000388, "selection_8": 0, "shapley_value_9": -0.6821938576521698, "selection_9": 0, "shapley_value_10": -0.652170757452647, "selection_10": 0, "shapley_value_11": -0.8386259923378624, "selection_11": 1, "shapley_value_12": -0.696100715133879, "selection_12": 0, "shapley_value_13": -0.8277888695398965, "selection_13": 0, "shapley_value_14": -0.7537194405283246, "selection_14": 0, "shapley_value_15": -0.7304103374481203, "selection_15": 0, "shapley_value_16": -0.7459129962054166, "selection_16": 0, "shapley_value_17": -0.7423258225123086, "selection_17": 0, "shapley_value_18": -0.631955388519499, "selection_18": 0, "shapley_value_19": -0.743167860167367, "selection_19": 0, "shapley_value_20": -0.7041284464023729, "selection_20": 0, "shapley_value_21": -0.6486256652408177, "selection_21": 0, "shapley_value_22": -0.6713330507278441, "selection_22": 0, "shapley_value_23": -0.787781354152795, "selection_23": 1, "shapley_value_24": -0.6254846399480646, "selection_24": 0, "shapley_value_25": -0.7049163844850326, "selection_25": 0, "shapley_value_26": -0.7059336596844242, "selection_26": 1, "shapley_value_27": -0.8040220985809959, "selection_27": 0, "shapley_value_28": -0.7443145292776604, "selection_28": 0, "shapley_value_29": -0.8276865843570594, "selection_29": 0, "shapley_value_30": -0.855988040566444, "selection_30": 0, "shapley_value_31": -0.7194306282770064, "selection_31": 0, "shapley_value_32": -0.7525119100298203, "selection_32": 0, "shapley_value_33": -0.6548745941232753, "selection_33": 0, "shapley_value_34": -0.7319703442709784, "selection_34": 0, "shapley_value_35": -0.695214263598124, "selection_35": 0, "shapley_value_36": -0.8102572117096339, "selection_36": 0, "shapley_value_37": -0.6467270983590022, "selection_37": 0, "shapley_value_38": -0.7570961007365474, "selection_38": 0, "shapley_value_39": -0.7458338825790967, "selection_39": 0, "_timestamp": 1688031650.6129599, "_runtime": 94.88152194023132, "_step": 99, "_wandb": {"runtime": 93}}