{"accuracy": 0.9275999665260315, "val_loss": 0.2714526057243347, "test_loss": 0.24927988648414612, "shapley_value_0": -1.8104587395985923, "selection_0": 0, "shapley_value_1": -1.7976730300320518, "selection_1": 1, "shapley_value_2": -1.7645064038889748, "selection_2": 0, "shapley_value_3": -1.7973363233937159, "selection_3": 0, "shapley_value_4": -2.0053887532816987, "selection_4": 0, "shapley_value_5": -1.9572562475999196, "selection_5": 0, "shapley_value_6": -1.8917676856120424, "selection_6": 0, "shapley_value_7": -1.9259635029417093, "selection_7": 0, "shapley_value_8": -1.8502031692436762, "selection_8": 0, "shapley_value_9": -1.7736248349150021, "selection_9": 0, "shapley_value_10": -1.9118687091838742, "selection_10": 0, "shapley_value_11": -1.8595678048829236, "selection_11": 0, "shapley_value_12": -1.676361338658766, "selection_12": 0, "shapley_value_13": -1.6933757136265435, "selection_13": 0, "shapley_value_14": -1.8328383233812118, "selection_14": 0, "shapley_value_15": -1.9051125513182743, "selection_15": 0, "shapley_value_16": -1.513203085888, "selection_16": 0, "shapley_value_17": -1.947246727016237, "selection_17": 0, "shapley_value_18": -2.0392328768968575, "selection_18": 0, "shapley_value_19": -1.7439806958039603, "selection_19": 0, "shapley_value_20": -1.6369874179363249, "selection_20": 1, "shapley_value_21": -1.6958280473183363, "selection_21": 0, "shapley_value_22": -1.615385149088171, "selection_22": 0, "shapley_value_23": -1.9553386012713112, "selection_23": 0, "shapley_value_24": -1.7861119921390824, "selection_24": 1, "shapley_value_25": -1.8586539427439372, "selection_25": 0, "shapley_value_26": -1.9965256560179923, "selection_26": 0, "shapley_value_27": -2.011147351492019, "selection_27": 0, "shapley_value_28": -1.5592049927938554, "selection_28": 0, "shapley_value_29": -1.8402277322279084, "selection_29": 0, "shapley_value_30": -1.6064785476084107, "selection_30": 0, "shapley_value_31": -2.080069604019324, "selection_31": 0, "shapley_value_32": -1.3761050800482435, "selection_32": 0, "shapley_value_33": -1.7307465738720365, "selection_33": 0, "shapley_value_34": -1.8577503528859882, "selection_34": 0, "shapley_value_35": -1.9801145472696855, "selection_35": 0, "shapley_value_36": -1.7985951141877605, "selection_36": 0, "shapley_value_37": -1.7824808110793433, "selection_37": 0, "shapley_value_38": -1.6296443740526836, "selection_38": 0, "shapley_value_39": -2.098954542229573, "selection_39": 1, "_timestamp": 1687992310.8359516, "_runtime": 80.32807445526123, "_step": 99, "_wandb": {"runtime": 78}}