{"accuracy": 0.13259999454021454, "val_loss": 3.515425682067871, "test_loss": 3.5485575199127197, "_timestamp": 1688407939.2620173, "_runtime": 144.80507636070251, "_step": 99, "_wandb": {"runtime": 143}}