{"accuracy": 0.5026000142097473, "val_loss": 1.3640247583389282, "test_loss": 1.383651614189148, "_timestamp": 1688032589.0605526, "_runtime": 93.26929259300232, "_step": 99, "_wandb": {"runtime": 91}}