{"loss": 0.2656497061252594, "accuracy": 0.9213999509811401, "average_active_clients": 2.0, "ucb_0": 0.08175666630268097, "nk_0": 5, "sv_0": -0.01421385258436203, "ucb_1": 0.08192091435194016, "nk_1": 5, "sv_1": -0.014049602672457695, "ucb_2": 0.08052386343479156, "nk_2": 7, "sv_2": -0.0005860231467522681, "ucb_3": 0.08069439232349396, "nk_3": 7, "sv_3": -0.0004154937923885882, "ucb_4": 0.0792904868721962, "nk_4": 7, "sv_4": -0.0018193989526480436, "ucb_5": 0.08088889718055725, "nk_5": 7, "sv_5": -0.00022099018679000437, "ucb_6": 0.08086910843849182, "nk_6": 7, "sv_6": -0.0002407839783700183, "ucb_7": 0.08093711733818054, "nk_7": 7, "sv_7": -0.00017277007282245904, "ucb_8": 0.08087684959173203, "nk_8": 7, "sv_8": -0.00023303768830373883, "ucb_9": 0.07913769036531448, "nk_9": 7, "sv_9": -0.0019722001161426306, "ucb_10": 0.08139189332723618, "nk_10": 10, "sv_10": 0.013530493713915348, "ucb_11": 0.08515828102827072, "nk_11": 9, "sv_11": 0.01362608652561903, "ucb_12": 0.08232301473617554, "nk_12": 12, "sv_12": 0.02037431113421917, "ucb_13": 0.08279766887426376, "nk_13": 12, "sv_13": 0.020848967134952545, "ucb_14": 0.083011195063591, "nk_14": 13, "sv_14": 0.023492801934480667, "ucb_15": 0.08349565416574478, "nk_15": 13, "sv_15": 0.023977264761924744, "ucb_16": 0.08314557373523712, "nk_16": 15, "sv_16": 0.0277369674295187, "ucb_17": 0.08501940965652466, "nk_17": 14, "sv_17": 0.02766605094075203, "ucb_18": 0.08415187895298004, "nk_18": 18, "sv_18": 0.03357097879052162, "ucb_19": 0.08372406661510468, "nk_19": 18, "sv_19": 0.033143166452646255, "_timestamp": 1687263335.7520814, "_runtime": 80.61630749702454, "_step": 99, "_wandb": {"runtime": 78}}