{"accuracy": 0.10019999742507935, "val_loss": 4.0709309577941895, "test_loss": 4.093295097351074, "shapley_value_0": -1.451089859008789, "selection_0": 0, "shapley_value_1": 3.4318909512625804, "selection_1": 0, "shapley_value_2": 0, "selection_2": 0, "shapley_value_3": 2.7463066836660226, "selection_3": 0, "shapley_value_4": -1.1084500551223746, "selection_4": 0, "shapley_value_5": 0, "selection_5": 0, "shapley_value_6": -0.08849959903293196, "selection_6": 0, "shapley_value_7": 0.9393206079800928, "selection_7": 0, "shapley_value_8": 2.801909924657257, "selection_8": 1, "shapley_value_9": -0.6680425008138013, "selection_9": 0, "shapley_value_10": -0.9306850035985302, "selection_10": 0, "shapley_value_11": 1.3762273773168905, "selection_11": 0, "shapley_value_12": 0.6125425934791566, "selection_12": 0, "shapley_value_13": 1.5043126543362941, "selection_13": 0, "shapley_value_14": 0.33723515272140486, "selection_14": 0, "shapley_value_15": -0.01638509829839041, "selection_15": 0, "shapley_value_16": 1.3982836862405144, "selection_16": 0, "shapley_value_17": 1.4389823249408178, "selection_17": 1, "shapley_value_18": 3.3376963602172, "selection_18": 0, "shapley_value_19": -0.937365313371022, "selection_19": 0, "shapley_value_20": 2.284420056889455, "selection_20": 0, "shapley_value_21": 1.696661832786742, "selection_21": 0, "shapley_value_22": 1.3780719911058743, "selection_22": 0, "shapley_value_23": 0.46548591057459515, "selection_23": 0, "shapley_value_24": 0, "selection_24": 0, "shapley_value_25": -2.715619921684265, "selection_25": 0, "shapley_value_26": -8.032116095225016, "selection_26": 0, "shapley_value_27": -8.38341693083445, "selection_27": 0, "shapley_value_28": 0, "selection_28": 0, "shapley_value_29": 2.184588057994843, "selection_29": 0, "shapley_value_30": 0, "selection_30": 0, "shapley_value_31": 0.25519289573033604, "selection_31": 0, "shapley_value_32": 2.0000410228967667, "selection_32": 0, "shapley_value_33": 2.6458552735192433, "selection_33": 0, "shapley_value_34": -4.884911616643269, "selection_34": 0, "shapley_value_35": -2.6310635308424626, "selection_35": 0, "shapley_value_36": 4.782715400269156, "selection_36": 1, "shapley_value_37": 0, "selection_37": 0, "shapley_value_38": 1.8138453813009363, "selection_38": 0, "shapley_value_39": 0, "selection_39": 0, "shapley_value_40": 1.632043228429906, "selection_40": 0, "shapley_value_41": -2.3401825428009033, "selection_41": 0, "shapley_value_42": -0.37184913953145227, "selection_42": 0, "shapley_value_43": 1.410015678405762, "selection_43": 0, "shapley_value_44": 1.2351441272982857, "selection_44": 1, "shapley_value_45": 0, "selection_45": 0, "shapley_value_46": 0, "selection_46": 0, "shapley_value_47": 3.2598932745321756, "selection_47": 1, "shapley_value_48": -3.8463982343673706, "selection_48": 0, "shapley_value_49": 1.9760611511412125, "selection_49": 0, "_timestamp": 1688386560.0228004, "_runtime": 102.77731037139893, "_step": 99, "_wandb": {"runtime": 101}}