{"accuracy": 0.09779999405145645, "val_loss": 5.260483741760254, "test_loss": 5.312565326690674, "shapley_value_0": 2.4342061976591745, "selection_0": 0, "shapley_value_1": 3.867901699807909, "selection_1": 1, "shapley_value_2": 1.7860609326097698, "selection_2": 0, "shapley_value_3": 4.496630591374856, "selection_3": 1, "shapley_value_4": 2.1508291959762573, "selection_4": 0, "shapley_value_5": 0, "selection_5": 0, "shapley_value_6": 0, "selection_6": 0, "shapley_value_7": 2.0638951041080333, "selection_7": 0, "shapley_value_8": 2.478600412607193, "selection_8": 0, "shapley_value_9": -8.314218640327454, "selection_9": 0, "shapley_value_10": 0, "selection_10": 0, "shapley_value_11": 2.1027743937792605, "selection_11": 1, "shapley_value_12": -12.747600992520653, "selection_12": 0, "shapley_value_13": 0, "selection_13": 0, "shapley_value_14": -6.600535273551941, "selection_14": 0, "shapley_value_15": 2.5426811029513674, "selection_15": 0, "shapley_value_16": 0, "selection_16": 0, "shapley_value_17": 3.5536970661746135, "selection_17": 0, "shapley_value_18": 0, "selection_18": 0, "shapley_value_19": -5.113819479942322, "selection_19": 0, "shapley_value_20": 0.8467793067296334, "selection_20": 0, "shapley_value_21": 2.8749358367036897, "selection_21": 0, "shapley_value_22": 2.8163737456003815, "selection_22": 0, "shapley_value_23": 0, "selection_23": 0, "shapley_value_24": 0, "selection_24": 0, "shapley_value_25": 0, "selection_25": 0, "shapley_value_26": -4.44991135597229, "selection_26": 0, "shapley_value_27": 0, "selection_27": 0, "shapley_value_28": 2.092034970720609, "selection_28": 0, "shapley_value_29": 1.6842405398686726, "selection_29": 1, "shapley_value_30": 3.644483218590419, "selection_30": 0, "shapley_value_31": 1.549428321066357, "selection_31": 0, "shapley_value_32": 2.9694774597883224, "selection_32": 0, "shapley_value_33": 3.349927377316261, "selection_33": 0, "shapley_value_34": 3.7569872462560263, "selection_34": 0, "shapley_value_35": 0.07114836904737605, "selection_35": 0, "shapley_value_36": 1.910916868845622, "selection_36": 0, "shapley_value_37": 2.6920691939691697, "selection_37": 0, "shapley_value_38": 1.9316810483024232, "selection_38": 0, "shapley_value_39": 3.0322826950029405, "selection_39": 0, "shapley_value_40": -3.140303452809654, "selection_40": 0, "shapley_value_41": -2.7377374966939296, "selection_41": 0, "shapley_value_42": 2.8823241070769297, "selection_42": 0, "shapley_value_43": 0.29084264238675495, "selection_43": 0, "shapley_value_44": -1.0130971272786464, "selection_44": 0, "shapley_value_45": 0, "selection_45": 0, "shapley_value_46": 2.824958565121605, "selection_46": 1, "shapley_value_47": 2.396872876268445, "selection_47": 0, "shapley_value_48": -0.32678406635920076, "selection_48": 0, "shapley_value_49": 2.234021669342405, "selection_49": 0, "_timestamp": 1688387379.916012, "_runtime": 112.09669613838196, "_step": 99, "_wandb": {"runtime": 110}}