{"accuracy": 0.09699999541044235, "val_loss": 12.134115219116211, "test_loss": 12.277119636535645, "shapley_value_0": -1.4453690714306304, "selection_0": 0, "shapley_value_1": -1.7898033261299136, "selection_1": 0, "shapley_value_2": 9.227013842812898, "selection_2": 1, "shapley_value_3": -0.2812783718109131, "selection_3": 0, "shapley_value_4": -2.2444443702697754, "selection_4": 0, "shapley_value_5": 8.521422550759537, "selection_5": 1, "shapley_value_6": -4.52880557378133, "selection_6": 0, "shapley_value_7": 8.404772931291154, "selection_7": 1, "shapley_value_8": -2.0713407595952353, "selection_8": 0, "shapley_value_9": -0.2672388056913997, "selection_9": 0, "shapley_value_10": -1.8913238445917766, "selection_10": 0, "shapley_value_11": 0.15991367896398057, "selection_11": 0, "shapley_value_12": -5.090630382299423, "selection_12": 0, "shapley_value_13": -5.261182198921838, "selection_13": 0, "shapley_value_14": -4.479141632715862, "selection_14": 0, "shapley_value_15": 0.18974691960546716, "selection_15": 0, "shapley_value_16": 0.027144642103285425, "selection_16": 0, "shapley_value_17": -2.0590636829535165, "selection_17": 0, "shapley_value_18": -0.5160340517759319, "selection_18": 0, "shapley_value_19": -3.185391465822855, "selection_19": 0, "shapley_value_20": 0.3066991236474778, "selection_20": 0, "shapley_value_21": -0.0481277306874599, "selection_21": 0, "shapley_value_22": -1.6963273353046853, "selection_22": 0, "shapley_value_23": -0.6152689059575405, "selection_23": 0, "shapley_value_24": -3.0950475335121155, "selection_24": 0, "shapley_value_25": -0.7757508158683781, "selection_25": 0, "shapley_value_26": -1.143794496854147, "selection_26": 0, "shapley_value_27": -2.3454325695832576, "selection_27": 0, "shapley_value_28": 0.07853991786638903, "selection_28": 0, "shapley_value_29": -3.029484887917836, "selection_29": 0, "shapley_value_30": -1.3868379261758577, "selection_30": 0, "shapley_value_31": 0.029863735040027706, "selection_31": 0, "shapley_value_32": -1.7325458228588093, "selection_32": 0, "shapley_value_33": -0.10951119661331177, "selection_33": 0, "shapley_value_34": -2.818187524875006, "selection_34": 0, "shapley_value_35": -5.2421627442042045, "selection_35": 0, "shapley_value_36": 4.037090889171318, "selection_36": 1, "shapley_value_37": 0.0988235076268511, "selection_37": 0, "shapley_value_38": -0.38177453478177403, "selection_38": 0, "shapley_value_39": -1.669718007246654, "selection_39": 0, "shapley_value_40": -0.5096701383590694, "selection_40": 0, "shapley_value_41": -1.9535086154937744, "selection_41": 0, "shapley_value_42": 0.10444823900858591, "selection_42": 0, "shapley_value_43": -0.1783688465754194, "selection_43": 0, "shapley_value_44": 7.970544397175968, "selection_44": 1, "shapley_value_45": -2.453946093718211, "selection_45": 0, "shapley_value_46": -2.3801795840263367, "selection_46": 0, "shapley_value_47": -0.6659150818983697, "selection_47": 0, "shapley_value_48": -1.6490221222241717, "selection_48": 0, "shapley_value_49": -0.7067514161268877, "selection_49": 0, "_timestamp": 1688380753.3266144, "_runtime": 102.82903146743774, "_step": 99, "_wandb": {"runtime": 101}}