{"loss": 0.3109923303127289, "accuracy": 0.9127999544143677, "average_active_clients": 4.0, "_timestamp": 1686668095.1546698, "_runtime": 44.23078465461731, "_step": 399, "_wandb": {"runtime": 42}}