{"accuracy": 0.47699999809265137, "val_loss": 1.4592188596725464, "test_loss": 1.4854882955551147, "shapley_value_0": -0.5063274911805696, "selection_0": 0, "shapley_value_1": -0.3611424043774605, "selection_1": 0, "shapley_value_2": -1.0928147633870442, "selection_2": 0, "shapley_value_3": -0.8073807557423909, "selection_3": 0, "shapley_value_4": -0.560356513659159, "selection_4": 0, "shapley_value_5": -0.559630803267161, "selection_5": 0, "shapley_value_6": -0.7676535795132321, "selection_6": 0, "shapley_value_7": -1.1027468707826402, "selection_7": 0, "shapley_value_8": -0.9434552292029068, "selection_8": 0, "shapley_value_9": -0.7147032970037214, "selection_9": 0, "shapley_value_10": -1.16706708073616, "selection_10": 0, "shapley_value_11": -0.9223667701085407, "selection_11": 0, "shapley_value_12": -0.6595554713046916, "selection_12": 0, "shapley_value_13": -0.43153978277135796, "selection_13": 1, "shapley_value_14": -0.6831792791684471, "selection_14": 0, "shapley_value_15": -0.7652450352907179, "selection_15": 0, "shapley_value_16": -0.8019007285435993, "selection_16": 0, "shapley_value_17": -1.0393924486069455, "selection_17": 1, "shapley_value_18": -1.1190390427907309, "selection_18": 0, "shapley_value_19": -0.5714760488933989, "selection_19": 0, "shapley_value_20": -0.659656074311998, "selection_20": 1, "shapley_value_21": -0.2192131327647789, "selection_21": 0, "shapley_value_22": -0.23038253188133256, "selection_22": 0, "shapley_value_23": -0.4497492445839776, "selection_23": 0, "shapley_value_24": -0.5980685110445374, "selection_24": 0, "shapley_value_25": -0.7318768195616893, "selection_25": 0, "shapley_value_26": -1.1994730830192566, "selection_26": 0, "shapley_value_27": -0.29830744531419534, "selection_27": 0, "shapley_value_28": -0.16008983787737402, "selection_28": 0, "shapley_value_29": -0.8448280254999798, "selection_29": 0, "shapley_value_30": -0.21913372247647034, "selection_30": 0, "shapley_value_31": -1.3523269792397814, "selection_31": 0, "shapley_value_32": 0.06011443065874508, "selection_32": 0, "shapley_value_33": -0.6189549309866766, "selection_33": 0, "shapley_value_34": -0.544123299916585, "selection_34": 0, "shapley_value_35": -0.741568174627092, "selection_35": 0, "shapley_value_36": -0.6454571668918317, "selection_36": 0, "shapley_value_37": -0.40002090732256584, "selection_37": 1, "shapley_value_38": -0.206850528717041, "selection_38": 0, "shapley_value_39": -1.0618633643174784, "selection_39": 0, "_timestamp": 1687961815.3315895, "_runtime": 94.0352885723114, "_step": 99, "_wandb": {"runtime": 92}}