{"accuracy": 0.9359999895095825, "val_loss": 0.23074810206890106, "test_loss": 0.21454450488090515, "_timestamp": 1688024041.4810739, "_runtime": 84.53872990608215, "_step": 99, "_wandb": {"runtime": 82}}