{"accuracy": 0.8448201417922974, "val_loss": 0.4954911470413208, "test_loss": 0.49798882007598877, "shapley_value_0": -1.38770004996547, "selection_0": 0, "shapley_value_1": -1.2119095431433784, "selection_1": 0, "shapley_value_2": -1.2210328963067796, "selection_2": 0, "shapley_value_3": -1.2014709073636267, "selection_3": 1, "shapley_value_4": -1.4101583289377617, "selection_4": 0, "shapley_value_5": -1.2826141776182711, "selection_5": 0, "shapley_value_6": -1.431527468893263, "selection_6": 0, "shapley_value_7": -1.3272581795851393, "selection_7": 0, "shapley_value_8": -1.3374757812573357, "selection_8": 0, "shapley_value_9": -1.4955373704433441, "selection_9": 0, "shapley_value_10": -1.3757741053899128, "selection_10": 0, "shapley_value_11": -1.5919261795503117, "selection_11": 0, "shapley_value_12": -1.4571231181422875, "selection_12": 0, "shapley_value_13": -1.3856507887442906, "selection_13": 0, "shapley_value_14": -1.355276165586529, "selection_14": 0, "shapley_value_15": -1.4873198320468268, "selection_15": 0, "shapley_value_16": -1.2048132287131414, "selection_16": 0, "shapley_value_17": -1.2534217598537605, "selection_17": 0, "shapley_value_18": -1.366420966607553, "selection_18": 0, "shapley_value_19": -1.348974046034691, "selection_19": 0, "shapley_value_20": -1.2769125637908771, "selection_20": 0, "shapley_value_21": -1.1873028596242268, "selection_21": 0, "shapley_value_22": -1.16018642272268, "selection_22": 1, "shapley_value_23": -1.453043109840817, "selection_23": 0, "shapley_value_24": -1.2825962146123253, "selection_24": 0, "shapley_value_25": -1.2812519793709118, "selection_25": 0, "shapley_value_26": -1.2584574607511363, "selection_26": 0, "shapley_value_27": -1.3738506597777205, "selection_27": 1, "shapley_value_28": -1.2203683212951377, "selection_28": 0, "shapley_value_29": -1.6317648523383672, "selection_29": 0, "shapley_value_30": -1.5994959473609924, "selection_30": 0, "shapley_value_31": -1.5546261833773716, "selection_31": 0, "shapley_value_32": -1.1829372925890818, "selection_32": 0, "shapley_value_33": -1.2617691795031232, "selection_33": 0, "shapley_value_34": -1.3994397709767024, "selection_34": 1, "shapley_value_35": -1.6510641177495318, "selection_35": 0, "shapley_value_36": -1.3430200695991517, "selection_36": 0, "shapley_value_37": -1.3406635589069789, "selection_37": 0, "shapley_value_38": -1.4490008861930281, "selection_38": 0, "shapley_value_39": -1.4407670870423317, "selection_39": 0, "_timestamp": 1687972397.7543478, "_runtime": 84.20735478401184, "_step": 99, "_wandb": {"runtime": 82}}