{"loss": 0.5723355412483215, "accuracy": 0.8375999927520752, "average_active_clients": 2.0, "_timestamp": 1687165195.7188127, "_runtime": 39.11403679847717, "_step": 99, "_wandb": {"runtime": 37}}