{"accuracy": 0.09699999541044235, "val_loss": 12.592147827148438, "test_loss": 12.748199462890625, "shapley_value_0": -2.593558937311173, "selection_0": 0, "shapley_value_1": -3.4775586326917005, "selection_1": 0, "shapley_value_2": 9.86811572704159, "selection_2": 1, "shapley_value_3": -0.07294132312138846, "selection_3": 0, "shapley_value_4": -2.7728413939476013, "selection_4": 0, "shapley_value_5": 9.356905649767985, "selection_5": 1, "shapley_value_6": -4.4132420619328805, "selection_6": 0, "shapley_value_7": 9.065941646805516, "selection_7": 1, "shapley_value_8": -3.1666772961616525, "selection_8": 0, "shapley_value_9": 0.29533033569653844, "selection_9": 0, "shapley_value_10": -3.7722234924634295, "selection_10": 0, "shapley_value_11": -2.567003240187963, "selection_11": 0, "shapley_value_12": -4.414171973864237, "selection_12": 0, "shapley_value_13": -2.6433456639448814, "selection_13": 0, "shapley_value_14": -5.027004718780518, "selection_14": 0, "shapley_value_15": 0.26685647169748883, "selection_15": 0, "shapley_value_16": 0.3743782361348469, "selection_16": 0, "shapley_value_17": -0.22239750623703003, "selection_17": 0, "shapley_value_18": -0.4460272689660387, "selection_18": 0, "shapley_value_19": -3.3009655078252162, "selection_19": 0, "shapley_value_20": 0.0265565017859144, "selection_20": 0, "shapley_value_21": -0.14069104194641113, "selection_21": 0, "shapley_value_22": -3.568363895018897, "selection_22": 0, "shapley_value_23": -0.6784484187761954, "selection_23": 0, "shapley_value_24": -4.853604644536974, "selection_24": 0, "shapley_value_25": -1.5713686744372044, "selection_25": 0, "shapley_value_26": -0.17256349325180098, "selection_26": 0, "shapley_value_27": -2.6939235130945836, "selection_27": 0, "shapley_value_28": -1.948281258344651, "selection_28": 0, "shapley_value_29": -3.316411683956782, "selection_29": 0, "shapley_value_30": -0.3685500919818885, "selection_30": 0, "shapley_value_31": -2.077291501892938, "selection_31": 0, "shapley_value_32": 0.4106527020533881, "selection_32": 0, "shapley_value_33": -0.07256060838699163, "selection_33": 0, "shapley_value_34": -2.88625047604243, "selection_34": 0, "shapley_value_35": -5.147892653942108, "selection_35": 0, "shapley_value_36": 3.0925299289049923, "selection_36": 1, "shapley_value_37": 0.13076184193293283, "selection_37": 0, "shapley_value_38": -2.856414010127385, "selection_38": 0, "shapley_value_39": -1.10368541876475, "selection_39": 0, "shapley_value_40": -0.5424040357271824, "selection_40": 0, "shapley_value_41": -2.0402746200561523, "selection_41": 0, "shapley_value_42": 0.08959543704986572, "selection_42": 0, "shapley_value_43": -0.1721532940864563, "selection_43": 0, "shapley_value_44": 8.520922488264377, "selection_44": 1, "shapley_value_45": -2.2846059997876473, "selection_45": 0, "shapley_value_46": -1.9246473113695783, "selection_46": 0, "shapley_value_47": 0.15357215205828467, "selection_47": 0, "shapley_value_48": -2.3142430186271667, "selection_48": 0, "shapley_value_49": 0.3584413131078084, "selection_49": 0, "_timestamp": 1688379445.1813033, "_runtime": 99.78847527503967, "_step": 99, "_wandb": {"runtime": 98}}