{"accuracy": 0.10260000079870224, "val_loss": 3.5646092891693115, "test_loss": 3.577237606048584, "_timestamp": 1688400132.7746089, "_runtime": 98.82782673835754, "_step": 99, "_wandb": {"runtime": 97}}