{"accuracy": 0.493399977684021, "val_loss": 1.3884241580963135, "test_loss": 1.4136419296264648, "shapley_value_0": -0.4451415777206421, "selection_0": 0, "shapley_value_1": -0.24084681453126847, "selection_1": 0, "shapley_value_2": -0.7895917141879046, "selection_2": 0, "shapley_value_3": -0.744740378856659, "selection_3": 1, "shapley_value_4": -0.6706579287846883, "selection_4": 0, "shapley_value_5": -0.6535047570864357, "selection_5": 0, "shapley_value_6": -0.6455014189084372, "selection_6": 0, "shapley_value_7": -0.7961289723714192, "selection_7": 1, "shapley_value_8": -0.6683091004689536, "selection_8": 0, "shapley_value_9": -0.6950719753901164, "selection_9": 0, "shapley_value_10": -0.8202951837469032, "selection_10": 0, "shapley_value_11": -0.7048563162485756, "selection_11": 0, "shapley_value_12": -0.555225360393524, "selection_12": 0, "shapley_value_13": -0.42854060729344684, "selection_13": 0, "shapley_value_14": -0.4868125200271606, "selection_14": 0, "shapley_value_15": -0.7630564239290025, "selection_15": 0, "shapley_value_16": -0.6485423644383751, "selection_16": 0, "shapley_value_17": -0.8689308298958672, "selection_17": 0, "shapley_value_18": -0.9735294845369131, "selection_18": 0, "shapley_value_19": -0.5887234528859459, "selection_19": 0, "shapley_value_20": -0.6101356903711957, "selection_20": 0, "shapley_value_21": -0.25167072180545685, "selection_21": 0, "shapley_value_22": -0.44633258183797186, "selection_22": 0, "shapley_value_23": -0.6281873742739361, "selection_23": 0, "shapley_value_24": -0.5444695432980857, "selection_24": 0, "shapley_value_25": -0.6718562761942546, "selection_25": 0, "shapley_value_26": -1.013932978665387, "selection_26": 0, "shapley_value_27": -0.3516415538209856, "selection_27": 0, "shapley_value_28": -0.37056834769971414, "selection_28": 0, "shapley_value_29": -0.7883062561353047, "selection_29": 0, "shapley_value_30": -0.37638133944887076, "selection_30": 1, "shapley_value_31": -1.0911892166844122, "selection_31": 0, "shapley_value_32": 0.07823554343647415, "selection_32": 0, "shapley_value_33": -0.6260863383611044, "selection_33": 0, "shapley_value_34": -0.48216065168380756, "selection_34": 0, "shapley_value_35": -0.6374607245127359, "selection_35": 0, "shapley_value_36": -0.6453760504722593, "selection_36": 0, "shapley_value_37": -0.40380226373672495, "selection_37": 0, "shapley_value_38": -0.4385430375734966, "selection_38": 0, "shapley_value_39": -0.8057995518048608, "selection_39": 1, "_timestamp": 1687960755.1706302, "_runtime": 81.47255730628967, "_step": 99, "_wandb": {"runtime": 79}}