{"accuracy": 0.9289999604225159, "val_loss": 0.27789735794067383, "test_loss": 0.2587849497795105, "shapley_value_0": 0.00035472869873046873, "selection_0": 0, "shapley_value_1": 0.003966360092163086, "selection_1": 0, "shapley_value_2": 0.06432459652423858, "selection_2": 0, "shapley_value_3": 0.004950990676879884, "selection_3": 0, "shapley_value_4": 0.0019656658172607423, "selection_4": 0, "shapley_value_5": 0.09526727616786956, "selection_5": 0, "shapley_value_6": 0.003047800064086914, "selection_6": 0, "shapley_value_7": 0.0036153602600097656, "selection_7": 0, "shapley_value_8": 0.002075614929199219, "selection_8": 0, "shapley_value_9": 0.0009212303161621091, "selection_9": 0, "shapley_value_10": 0.006676268577575683, "selection_10": 0, "shapley_value_11": 0.003921389579772949, "selection_11": 0, "shapley_value_12": 0.007746758460998535, "selection_12": 0, "shapley_value_13": 0.008224163055419922, "selection_13": 0, "shapley_value_14": 0.04759123325347901, "selection_14": 0, "shapley_value_15": 0.006744427680969238, "selection_15": 0, "shapley_value_16": 0.011399703025817871, "selection_16": 0, "shapley_value_17": 0.008422303199768062, "selection_17": 0, "shapley_value_18": 0.009317336082458496, "selection_18": 0, "shapley_value_19": 0.01038869380950928, "selection_19": 0, "shapley_value_20": 0.010843009948730468, "selection_20": 0, "shapley_value_21": 0.021753096580505372, "selection_21": 0, "shapley_value_22": 0.022401986122131342, "selection_22": 0, "shapley_value_23": 0.008219642639160156, "selection_23": 0, "shapley_value_24": 0.018871870040893555, "selection_24": 0, "shapley_value_25": 0.010196657180786132, "selection_25": 0, "shapley_value_26": 0.012482519149780274, "selection_26": 0, "shapley_value_27": 0.03390274524688721, "selection_27": 0, "shapley_value_28": 0.026400551795959473, "selection_28": 0, "shapley_value_29": 0.011137571334838867, "selection_29": 0, "shapley_value_30": 0.024687981605529784, "selection_30": 0, "shapley_value_31": 0.040056042671203614, "selection_31": 0, "shapley_value_32": -0.0001403783497057463, "selection_32": 0, "shapley_value_33": 0.02793314933776855, "selection_33": 0, "shapley_value_34": 0.013450841903686523, "selection_34": 0, "shapley_value_35": 0.023400545120239258, "selection_35": 0, "shapley_value_36": 0.022560296058654786, "selection_36": 0, "shapley_value_37": 0.04225331783294676, "selection_37": 0, "shapley_value_38": 0.0560681825876236, "selection_38": 0, "shapley_value_39": 0.027473254203796385, "selection_39": 0, "shapley_value_40": 0.03843400478363037, "selection_40": 0, "shapley_value_41": 0.014997768402099605, "selection_41": 0, "shapley_value_42": 0.01638891696929932, "selection_42": 0, "shapley_value_43": 0.046740972995758065, "selection_43": 0, "shapley_value_44": 0.052239768505096436, "selection_44": 0, "shapley_value_45": 0.04655448198318481, "selection_45": 0, "shapley_value_46": 0.014599692821502686, "selection_46": 0, "shapley_value_47": 0.04005310773849487, "selection_47": 0, "shapley_value_48": 0.06453892946243284, "selection_48": 0, "shapley_value_49": 0.046167504787445086, "selection_49": 0, "shapley_value_50": 0.06045002222061159, "selection_50": 0, "shapley_value_51": 0.07099085569381713, "selection_51": 0, "shapley_value_52": 0.05987048387527466, "selection_52": 0, "shapley_value_53": 0.049040579795837404, "selection_53": 0, "shapley_value_54": 0.048789222240447995, "selection_54": 0, "shapley_value_55": 0.07058950662612913, "selection_55": 0, "shapley_value_56": 0.012434897422790527, "selection_56": 0, "shapley_value_57": 0.0852421426773071, "selection_57": 0, "shapley_value_58": 0.12310583651065825, "selection_58": 0, "shapley_value_59": 0.06007344484329227, "selection_59": 0, "shapley_value_60": 0.14826236708122387, "selection_60": 0, "shapley_value_61": 0.08566733360290531, "selection_61": 0, "shapley_value_62": 0.05118648052215576, "selection_62": 0, "shapley_value_63": 0.12228880167007444, "selection_63": 0, "shapley_value_64": 0.21006181680574645, "selection_64": 1, "shapley_value_65": 0.0841064453125, "selection_65": 0, "shapley_value_66": 0.12272066713948, "selection_66": 0, "shapley_value_67": 0.10433057069778442, "selection_67": 0, "shapley_value_68": 0.10584202766418457, "selection_68": 0, "shapley_value_69": 0.10367968559265137, "selection_69": 0, "shapley_value_70": 0.21144515699737668, "selection_70": 1, "shapley_value_71": 0.13669294357299802, "selection_71": 0, "shapley_value_72": 0.1120529842376709, "selection_72": 0, "shapley_value_73": 0.044540119171142575, "selection_73": 0, "shapley_value_74": 0.06857072591781617, "selection_74": 0, "shapley_value_75": 0.22461500193675354, "selection_75": 1, "shapley_value_76": 0.15399566650390623, "selection_76": 0, "shapley_value_77": 0.15032321631908419, "selection_77": 0, "shapley_value_78": 0.06680692911148073, "selection_78": 0, "shapley_value_79": 0.1541925525665283, "selection_79": 0, "shapley_value_80": 0.1334304451942444, "selection_80": 0, "shapley_value_81": 0.21229556594671825, "selection_81": 1, "shapley_value_82": 0.21360491446086335, "selection_82": 1, "shapley_value_83": 0.08189531445503234, "selection_83": 0, "shapley_value_84": 0.21394671817658564, "selection_84": 1, "shapley_value_85": 0.21670223547862127, "selection_85": 1, "shapley_value_86": 0.2203516719275051, "selection_86": 1, "shapley_value_87": 0.1297313642501831, "selection_87": 0, "shapley_value_88": 0.21426470483286994, "selection_88": 1, "shapley_value_89": 0.15331643281275764, "selection_89": 0, "shapley_value_90": 0.15206460535526273, "selection_90": 0, "shapley_value_91": 0.14486999869346617, "selection_91": 0, "shapley_value_92": 0.05789365887641907, "selection_92": 0, "shapley_value_93": 0.08796551346778869, "selection_93": 0, "shapley_value_94": 0.15064794516877122, "selection_94": 0, "shapley_value_95": 0.11679608225822447, "selection_95": 0, "shapley_value_96": 0.21069101043298238, "selection_96": 1, "shapley_value_97": 0.028418732881546026, "selection_97": 0, "shapley_value_98": 0.11675611853599549, "selection_98": 0, "shapley_value_99": 0.14548802375793454, "selection_99": 0, "_timestamp": 1687943142.3929796, "_runtime": 312.6210415363312, "_step": 99, "_wandb": {"runtime": 311}}