{"accuracy": 0.9359999895095825, "val_loss": 0.22868144512176514, "test_loss": 0.21351099014282227, "shapley_value_0": -1.7782893656856487, "selection_0": 0, "shapley_value_1": -1.7640533189881928, "selection_1": 0, "shapley_value_2": -1.7576460752523309, "selection_2": 0, "shapley_value_3": -1.7666969078056745, "selection_3": 0, "shapley_value_4": -1.7757734349279692, "selection_4": 0, "shapley_value_5": -1.781062663053021, "selection_5": 0, "shapley_value_6": -1.7813420986587347, "selection_6": 0, "shapley_value_7": -1.7716658205697031, "selection_7": 0, "shapley_value_8": -1.7903535266717272, "selection_8": 0, "shapley_value_9": -1.799526452115088, "selection_9": 0, "shapley_value_10": -1.7919027791781859, "selection_10": 0, "shapley_value_11": -1.7871574082157828, "selection_11": 0, "shapley_value_12": -1.8059492178938605, "selection_12": 0, "shapley_value_13": -1.8136491066578666, "selection_13": 1, "shapley_value_14": -1.8000576171008023, "selection_14": 0, "shapley_value_15": -1.8031531405268297, "selection_15": 0, "shapley_value_16": -1.7906432713071503, "selection_16": 0, "shapley_value_17": -1.7985178664326669, "selection_17": 0, "shapley_value_18": -1.8079765523473423, "selection_18": 0, "shapley_value_19": -1.798110009729862, "selection_19": 0, "shapley_value_20": -1.8288725132743515, "selection_20": 0, "shapley_value_21": -1.8186284979184468, "selection_21": 0, "shapley_value_22": -1.8157372648517296, "selection_22": 0, "shapley_value_23": -1.819591004153093, "selection_23": 0, "shapley_value_24": -1.8408029600977898, "selection_24": 0, "shapley_value_25": -1.850595108171304, "selection_25": 1, "shapley_value_26": -1.8479021156827606, "selection_26": 1, "shapley_value_27": -1.828783553507593, "selection_27": 0, "shapley_value_28": -1.851837605789856, "selection_28": 0, "shapley_value_29": -1.8583199310081975, "selection_29": 0, "shapley_value_30": -1.8321368863185246, "selection_30": 0, "shapley_value_31": -1.8450655159023073, "selection_31": 0, "shapley_value_32": -1.877207616344094, "selection_32": 0, "shapley_value_33": -1.86925327219069, "selection_33": 0, "shapley_value_34": -1.8396870223460375, "selection_34": 0, "shapley_value_35": -1.8908623263791757, "selection_35": 1, "shapley_value_36": -1.8577934503555298, "selection_36": 0, "shapley_value_37": -1.8916634414345026, "selection_37": 0, "shapley_value_38": -1.8988613517334063, "selection_38": 0, "shapley_value_39": -1.908278981844584, "selection_39": 0, "_timestamp": 1688021616.8363597, "_runtime": 80.16696166992188, "_step": 99, "_wandb": {"runtime": 78}}