{"accuracy": 0.9373999834060669, "val_loss": 0.23532971739768982, "test_loss": 0.21373578906059265, "shapley_value_0": 0.22479723393917084, "selection_0": 0, "shapley_value_1": 0.1912943170666695, "selection_1": 0, "shapley_value_2": 0.19791977539658548, "selection_2": 0, "shapley_value_3": 0.18927855321764947, "selection_3": 0, "shapley_value_4": 0.18234960266947747, "selection_4": 0, "shapley_value_5": 0.17890601816773416, "selection_5": 0, "shapley_value_6": 0.1721489790678024, "selection_6": 0, "shapley_value_7": 0.20940943154692654, "selection_7": 0, "shapley_value_8": 0.22544697206898742, "selection_8": 0, "shapley_value_9": 0.2537094624042511, "selection_9": 0, "shapley_value_10": 0.203391382843256, "selection_10": 0, "shapley_value_11": 0.1823094909536211, "selection_11": 0, "shapley_value_12": 0.23216232275962825, "selection_12": 0, "shapley_value_13": 0.2565028185248375, "selection_13": 0, "shapley_value_14": 0.15262251359224324, "selection_14": 1, "shapley_value_15": 0.17157638543844222, "selection_15": 1, "shapley_value_16": 0.21247204923629762, "selection_16": 0, "shapley_value_17": 0.20372712787985803, "selection_17": 0, "shapley_value_18": 0.19396912610530853, "selection_18": 0, "shapley_value_19": 0.18028461614251134, "selection_19": 1, "shapley_value_20": 0.1868548998236656, "selection_20": 0, "shapley_value_21": 0.17232688796520235, "selection_21": 0, "shapley_value_22": 0.20055279734730722, "selection_22": 0, "shapley_value_23": 0.2213827373087406, "selection_23": 0, "shapley_value_24": 0.18522398507595061, "selection_24": 0, "shapley_value_25": 0.1899003908932209, "selection_25": 0, "shapley_value_26": 0.18893982037901877, "selection_26": 0, "shapley_value_27": 0.16859326592087748, "selection_27": 1, "shapley_value_28": 0.1962092906534672, "selection_28": 0, "shapley_value_29": 0.16583258742094037, "selection_29": 1, "shapley_value_30": 0.18602386641659238, "selection_30": 0, "shapley_value_31": 0.1737828226983547, "selection_31": 0, "shapley_value_32": 0.1573791335821152, "selection_32": 1, "shapley_value_33": 0.19225759893655772, "selection_33": 0, "shapley_value_34": 0.16457428046276695, "selection_34": 0, "shapley_value_35": 0.19029542088508605, "selection_35": 0, "shapley_value_36": 0.235184366941452, "selection_36": 0, "shapley_value_37": 0.21715337935090068, "selection_37": 0, "shapley_value_38": 0.20669300222396852, "selection_38": 0, "shapley_value_39": 0.21125161701440814, "selection_39": 0, "shapley_value_40": 0.19006621107459068, "selection_40": 0, "shapley_value_41": 0.22628269565105436, "selection_41": 0, "shapley_value_42": 0.21030354177951813, "selection_42": 0, "shapley_value_43": 0.17613888320326804, "selection_43": 0, "shapley_value_44": 0.19375661985184017, "selection_44": 0, "shapley_value_45": 0.19033085837960245, "selection_45": 0, "shapley_value_46": 0.2147981242622648, "selection_46": 0, "shapley_value_47": 0.17520680722594262, "selection_47": 0, "shapley_value_48": 0.173122420668602, "selection_48": 0, "shapley_value_49": 0.19707021477818493, "selection_49": 0, "shapley_value_50": 0.19158787012100223, "selection_50": 0, "shapley_value_51": 0.2347177724540234, "selection_51": 0, "shapley_value_52": 0.2016710720956326, "selection_52": 0, "shapley_value_53": 0.1906973916590214, "selection_53": 0, "shapley_value_54": 0.1886937091052532, "selection_54": 0, "shapley_value_55": 0.21409262764453887, "selection_55": 0, "shapley_value_56": 0.151127651065588, "selection_56": 1, "shapley_value_57": 0.22366176387667655, "selection_57": 0, "shapley_value_58": 0.22794086891412735, "selection_58": 0, "shapley_value_59": 0.20982382079958914, "selection_59": 0, "shapley_value_60": 0.2634178289676967, "selection_60": 0, "shapley_value_61": 0.2061245464980602, "selection_61": 0, "shapley_value_62": 0.18524924862384795, "selection_62": 0, "shapley_value_63": 0.19912211316823958, "selection_63": 0, "shapley_value_64": 0.2356933622956276, "selection_64": 0, "shapley_value_65": 0.16672636461257934, "selection_65": 0, "shapley_value_66": 0.1860604491531849, "selection_66": 0, "shapley_value_67": 0.17803546598553655, "selection_67": 0, "shapley_value_68": 0.19858100444078444, "selection_68": 0, "shapley_value_69": 0.25464969548583033, "selection_69": 0, "shapley_value_70": 0.17721067343573824, "selection_70": 0, "shapley_value_71": 0.209838423371315, "selection_71": 0, "shapley_value_72": 0.17676210570335388, "selection_72": 0, "shapley_value_73": 0.162885162383318, "selection_73": 1, "shapley_value_74": 0.21389383489207217, "selection_74": 0, "shapley_value_75": 0.19149701273441316, "selection_75": 0, "shapley_value_76": 0.2894590972661972, "selection_76": 0, "shapley_value_77": 0.20608154198527337, "selection_77": 0, "shapley_value_78": 0.17057892012596132, "selection_78": 1, "shapley_value_79": 0.22861049029231065, "selection_79": 0, "shapley_value_80": 0.18869020116329194, "selection_80": 0, "shapley_value_81": 0.18437063691020011, "selection_81": 0, "shapley_value_82": 0.2037678040266037, "selection_82": 0, "shapley_value_83": 0.17522511956095696, "selection_83": 1, "shapley_value_84": 0.1923314911723137, "selection_84": 0, "shapley_value_85": 0.18198199954628946, "selection_85": 0, "shapley_value_86": 0.2384192942380905, "selection_86": 0, "shapley_value_87": 0.18099203667044636, "selection_87": 0, "shapley_value_88": 0.23406235918402674, "selection_88": 0, "shapley_value_89": 0.223101822912693, "selection_89": 0, "shapley_value_90": 0.20879745993018153, "selection_90": 0, "shapley_value_91": 0.20049831596016884, "selection_91": 0, "shapley_value_92": 0.2211983762383461, "selection_92": 0, "shapley_value_93": 0.19108334699273108, "selection_93": 0, "shapley_value_94": 0.22365731403231623, "selection_94": 0, "shapley_value_95": 0.2175140686929226, "selection_95": 0, "shapley_value_96": 0.21884885168075563, "selection_96": 0, "shapley_value_97": 0.21420863670110704, "selection_97": 0, "shapley_value_98": 0.2020380006824669, "selection_98": 0, "shapley_value_99": 0.2075622205138207, "selection_99": 0, "_timestamp": 1687928222.1333985, "_runtime": 319.0814735889435, "_step": 99, "_wandb": {"runtime": 317}}