{"loss": 0.38725388050079346, "accuracy": 0.8923999667167664, "average_active_clients": 2.132500000000002, "_timestamp": 1686668704.883017, "_runtime": 37.74362111091614, "_step": 399, "_wandb": {"runtime": 35}}