{"accuracy": 0.8400186896324158, "val_loss": 0.5322295427322388, "test_loss": 0.5363121628761292, "_timestamp": 1687970158.409079, "_runtime": 79.06780505180359, "_step": 99, "_wandb": {"runtime": 77}}