{"accuracy": 0.14219999313354492, "val_loss": 4.276145935058594, "test_loss": 4.337226390838623, "_timestamp": 1688406740.750576, "_runtime": 146.38005590438843, "_step": 99, "_wandb": {"runtime": 144}}