{"accuracy": 0.5013999938964844, "val_loss": 1.3717213869094849, "test_loss": 1.397417664527893, "shapley_value_0": -0.573227322101593, "selection_0": 0, "shapley_value_1": -0.40111566384633396, "selection_1": 0, "shapley_value_2": -0.725259240468343, "selection_2": 0, "shapley_value_3": -0.7226149876912435, "selection_3": 0, "shapley_value_4": -0.6490033507347107, "selection_4": 0, "shapley_value_5": -0.6470512827237449, "selection_5": 0, "shapley_value_6": -0.5775605360666909, "selection_6": 0, "shapley_value_7": -0.7406295696894329, "selection_7": 0, "shapley_value_8": -0.6419254263242087, "selection_8": 0, "shapley_value_9": -0.6520972609519958, "selection_9": 0, "shapley_value_10": -0.7327001253763836, "selection_10": 0, "shapley_value_11": -0.6073845903078716, "selection_11": 0, "shapley_value_12": -0.6087944388389586, "selection_12": 0, "shapley_value_13": -0.4996999184290566, "selection_13": 0, "shapley_value_14": -0.5469036340713499, "selection_14": 0, "shapley_value_15": -0.7796733617782593, "selection_15": 1, "shapley_value_16": -0.5577540318171185, "selection_16": 0, "shapley_value_17": -0.6983567396799725, "selection_17": 0, "shapley_value_18": -0.7407915472984318, "selection_18": 1, "shapley_value_19": -0.6721818049748736, "selection_19": 0, "shapley_value_20": -0.5506658554077151, "selection_20": 0, "shapley_value_21": -0.34102720419565824, "selection_21": 0, "shapley_value_22": -0.48308765490849803, "selection_22": 0, "shapley_value_23": -0.5390469988187153, "selection_23": 0, "shapley_value_24": -0.5689113140106203, "selection_24": 0, "shapley_value_25": -0.6038583358128866, "selection_25": 0, "shapley_value_26": -0.8351828694343567, "selection_26": 1, "shapley_value_27": -0.403799843788147, "selection_27": 0, "shapley_value_28": -0.1970854004224142, "selection_28": 0, "shapley_value_29": -0.7093245069185891, "selection_29": 0, "shapley_value_30": -0.4846653501192728, "selection_30": 0, "shapley_value_31": -0.8218361814816791, "selection_31": 1, "shapley_value_32": 0.13284369309743274, "selection_32": 0, "shapley_value_33": -0.6392136057217916, "selection_33": 0, "shapley_value_34": -0.48612015644709256, "selection_34": 0, "shapley_value_35": -0.5934836069742838, "selection_35": 0, "shapley_value_36": -0.6417942047119143, "selection_36": 0, "shapley_value_37": -0.4716313203175863, "selection_37": 0, "shapley_value_38": -0.48852656682332346, "selection_38": 0, "shapley_value_39": -0.6638367692629498, "selection_39": 0, "_timestamp": 1687961141.2442148, "_runtime": 86.72885584831238, "_step": 99, "_wandb": {"runtime": 85}}