{"accuracy": 0.8453202843666077, "val_loss": 0.6038962006568909, "test_loss": 0.607108473777771, "_timestamp": 1687975372.5306578, "_runtime": 88.09192180633545, "_step": 99, "_wandb": {"runtime": 86}}