{"loss": 0.34487205743789673, "accuracy": 0.9035999774932861, "average_active_clients": 10.0, "_timestamp": 1686666948.5834959, "_runtime": 34.924505949020386, "_step": 399, "_wandb": {"runtime": 31}}