{"accuracy": 0.09779999405145645, "val_loss": 5.365604400634766, "test_loss": 5.41750431060791, "shapley_value_0": -1.4510897994041434, "selection_0": 0, "shapley_value_1": 2.277557026256215, "selection_1": 0, "shapley_value_2": 2.505533590912819, "selection_2": 0, "shapley_value_3": 1.7501198924504797, "selection_3": 0, "shapley_value_4": 0.9565497239430751, "selection_4": 0, "shapley_value_5": 1.1079177608092627, "selection_5": 0, "shapley_value_6": -6.186344623565674, "selection_6": 0, "shapley_value_7": -1.7646772861480704, "selection_7": 0, "shapley_value_8": 2.011433510316743, "selection_8": 0, "shapley_value_9": -6.0468995571136475, "selection_9": 0, "shapley_value_10": -1.44093053539594, "selection_10": 0, "shapley_value_11": -7.260364174842831, "selection_11": 0, "shapley_value_12": 0.8427832027276361, "selection_12": 0, "shapley_value_13": -9.471637606620787, "selection_13": 0, "shapley_value_14": -3.9874430497487374, "selection_14": 0, "shapley_value_15": 1.0330338120460507, "selection_15": 0, "shapley_value_16": 0, "selection_16": 0, "shapley_value_17": 3.889450328844087, "selection_17": 1, "shapley_value_18": 1.890036949089595, "selection_18": 0, "shapley_value_19": -1.7855643232663487, "selection_19": 0, "shapley_value_20": 1.9731137922831947, "selection_20": 1, "shapley_value_21": 1.9475159909990094, "selection_21": 0, "shapley_value_22": 1.9846931298573809, "selection_22": 0, "shapley_value_23": -9.942636330922443, "selection_23": 0, "shapley_value_24": 0.18098068237304688, "selection_24": 0, "shapley_value_25": -12.149095932642616, "selection_25": 0, "shapley_value_26": -9.981105585892994, "selection_26": 0, "shapley_value_27": 2.149308066992533, "selection_27": 0, "shapley_value_28": -2.5544180075327567, "selection_28": 0, "shapley_value_29": -5.694574316342674, "selection_29": 0, "shapley_value_30": 3.7746855086750464, "selection_30": 1, "shapley_value_31": 2.7464724828799576, "selection_31": 1, "shapley_value_32": -4.10346774260203, "selection_32": 0, "shapley_value_33": 0.6407711505889895, "selection_33": 0, "shapley_value_34": 1.0258399009704589, "selection_34": 0, "shapley_value_35": 0, "selection_35": 0, "shapley_value_36": 4.5152741194695425, "selection_36": 1, "shapley_value_37": 2.567145229150088, "selection_37": 0, "shapley_value_38": 0, "selection_38": 0, "shapley_value_39": 0, "selection_39": 0, "shapley_value_40": -2.0720200538635254, "selection_40": 0, "shapley_value_41": 2.83193265332116, "selection_41": 0, "shapley_value_42": 0, "selection_42": 0, "shapley_value_43": 2.443399504474972, "selection_43": 0, "shapley_value_44": 2.340154522504562, "selection_44": 0, "shapley_value_45": -11.740709662437439, "selection_45": 0, "shapley_value_46": 2.499792766571044, "selection_46": 0, "shapley_value_47": 2.225177943706512, "selection_47": 0, "shapley_value_48": -10.070514837900795, "selection_48": 0, "shapley_value_49": 3.612365654936421, "selection_49": 0, "_timestamp": 1688391179.6151175, "_runtime": 110.84385061264038, "_step": 99, "_wandb": {"runtime": 109}}