{"loss": 0.7047067880630493, "accuracy": 0.7777999639511108, "average_active_clients": 0.8375000000000002, "_timestamp": 1686735407.2328398, "_runtime": 21.7112557888031, "_step": 399, "_wandb": {"runtime": 18}}