{"accuracy": 0.8399186730384827, "val_loss": 0.5326498746871948, "test_loss": 0.5367424488067627, "_timestamp": 1687974777.2369592, "_runtime": 92.43453431129456, "_step": 99, "_wandb": {"runtime": 90}}