{"accuracy": 0.8357841372489929, "val_loss": 0.5410656332969666, "test_loss": 0.538911759853363, "shapley_value_0": -1.5658926996919842, "selection_0": 0, "shapley_value_1": -1.0606780377301304, "selection_1": 0, "shapley_value_2": -1.257026195526123, "selection_2": 0, "shapley_value_3": -0.9629152541359266, "selection_3": 0, "shapley_value_4": -1.308200039245464, "selection_4": 0, "shapley_value_5": -1.2535607881016202, "selection_5": 0, "shapley_value_6": -1.3333354704082014, "selection_6": 0, "shapley_value_7": -1.3615942308397004, "selection_7": 0, "shapley_value_8": -1.2791762902186468, "selection_8": 0, "shapley_value_9": -1.0392776565118271, "selection_9": 0, "shapley_value_10": -1.6436402367220986, "selection_10": 0, "shapley_value_11": -1.3495638392589713, "selection_11": 0, "shapley_value_12": -1.2716370671987531, "selection_12": 0, "shapley_value_13": -1.143696165084839, "selection_13": 0, "shapley_value_14": -1.4322261095047, "selection_14": 0, "shapley_value_15": -1.2671116413893526, "selection_15": 0, "shapley_value_16": -1.2108046039938927, "selection_16": 0, "shapley_value_17": -1.2421387235323587, "selection_17": 0, "shapley_value_18": -1.4139379229810503, "selection_18": 0, "shapley_value_19": -1.2686992287635803, "selection_19": 0, "shapley_value_20": -1.408626325202711, "selection_20": 0, "shapley_value_21": -1.2295696020126343, "selection_21": 0, "shapley_value_22": -1.437591436363402, "selection_22": 0, "shapley_value_23": -0.947148905511488, "selection_23": 1, "shapley_value_24": -1.2178574977097685, "selection_24": 0, "shapley_value_25": -1.3105695313877532, "selection_25": 1, "shapley_value_26": -1.3855428318182628, "selection_26": 0, "shapley_value_27": -0.9695585663356476, "selection_27": 0, "shapley_value_28": -1.0990671587712837, "selection_28": 0, "shapley_value_29": -1.389384713437822, "selection_29": 0, "shapley_value_30": -1.51831537882487, "selection_30": 0, "shapley_value_31": -1.553007676487877, "selection_31": 1, "shapley_value_32": -1.0229091567870898, "selection_32": 0, "shapley_value_33": -1.2904152489370773, "selection_33": 1, "shapley_value_34": -1.1925365894268718, "selection_34": 0, "shapley_value_35": -1.5470386296510696, "selection_35": 0, "shapley_value_36": -1.141654893463733, "selection_36": 0, "shapley_value_37": -1.2451405599713326, "selection_37": 0, "shapley_value_38": -1.4785342017809544, "selection_38": 0, "shapley_value_39": -0.9832590579986572, "selection_39": 0, "_timestamp": 1687985785.738611, "_runtime": 73.13460993766785, "_step": 99, "_wandb": {"runtime": 71}}