{"loss": 1.9049267768859863, "accuracy": 0.301800012588501, "average_active_clients": 10.0, "client_values_0": 0.22280587255954742, "client_values_1": 0.02222040295600891, "client_values_2": -0.07054324448108673, "client_values_3": -0.7268968820571899, "client_values_4": 0.02208428829908371, "client_values_5": -0.2249024510383606, "client_values_6": -0.05995570868253708, "client_values_7": -0.12275756895542145, "client_values_8": -0.7779333591461182, "client_values_9": 0.03700973093509674, "client_values_10": -0.04513447359204292, "client_values_11": -0.7816067934036255, "client_values_12": -1.1318312883377075, "client_values_13": -0.16546602547168732, "client_values_14": -0.20248602330684662, "client_values_15": -0.23681560158729553, "client_values_16": -0.5789963603019714, "client_values_17": -0.005567483603954315, "client_values_18": 0.092561274766922, "client_values_19": -0.04451034963130951, "client_values_20": 0.0975552350282669, "client_values_21": -0.1309206485748291, "client_values_22": -0.2535007894039154, "client_values_23": 0.07246540486812592, "client_values_24": -0.06383097916841507, "client_values_25": -0.08189482986927032, "client_values_26": -0.19151075184345245, "client_values_27": -0.004514506086707115, "client_values_28": -0.020746435970067978, "client_values_29": -0.03452378511428833, "client_values_30": 0.018627092242240906, "client_values_31": -0.09249792248010635, "client_values_32": -0.8946284055709839, "client_values_33": -0.23326443135738373, "client_values_34": -0.19975240528583527, "client_values_35": -0.1656225621700287, "client_values_36": -0.2245946079492569, "client_values_37": 0.1388758420944214, "client_values_38": -0.4028662443161011, "client_values_39": -0.1115177571773529, "client_values_40": -0.1164626032114029, "client_values_41": -0.4256913363933563, "client_values_42": -0.2811480760574341, "client_values_43": -0.23789475858211517, "client_values_44": -1.5407177209854126, "client_values_45": -0.13676202297210693, "client_values_46": -0.14090695977210999, "client_values_47": -0.04348551481962204, "client_values_48": -0.1018679067492485, "client_values_49": -0.02831842564046383, "client_values_50": 0.09870123863220215, "client_values_51": -0.32931220531463623, "client_values_52": 0.20072336494922638, "client_values_53": 0.1808527410030365, "client_values_54": -0.05379349738359451, "client_values_55": 0.12058017402887344, "client_values_56": 0.22359924018383026, "client_values_57": -0.37927761673927307, "client_values_58": -0.11971995234489441, "client_values_59": -0.12399666756391525, "client_values_60": -0.21929040551185608, "client_values_61": 0.44109636545181274, "client_values_62": -0.0025505335070192814, "client_values_63": -0.03979775309562683, "client_values_64": -0.27308836579322815, "client_values_65": 0.12186004221439362, "client_values_66": 0.20033881068229675, "client_values_67": -0.9151025414466858, "client_values_68": 0.2273484617471695, "client_values_69": -0.432586133480072, "client_values_70": 0.1965467631816864, "client_values_71": 0.3056616187095642, "client_values_72": 0.38695257902145386, "client_values_73": -0.016335301101207733, "client_values_74": 0.2720521092414856, "client_values_75": -0.08354747295379639, "client_values_76": -0.22994036972522736, "client_values_77": -0.17525050044059753, "client_values_78": 0.04770304262638092, "client_values_79": -0.7535212635993958, "client_values_80": -0.060348477214574814, "client_values_81": 0.14559659361839294, "client_values_82": 0.4210728406906128, "client_values_83": 0.24054352939128876, "client_values_84": 0.05705130472779274, "client_values_85": -0.08001405000686646, "client_values_86": 0.03633607178926468, "client_values_87": -0.3179484009742737, "client_values_88": 0.2224852740764618, "client_values_89": -0.3031851649284363, "client_values_90": 0.10982824862003326, "client_values_91": 0.27696388959884644, "client_values_92": -0.2847442924976349, "client_values_93": 0.17202341556549072, "client_values_94": 0.1493249237537384, "client_values_95": -0.20339688658714294, "client_values_96": 0.03512531518936157, "client_values_97": -0.6934576034545898, "client_values_98": 0.4304465651512146, "client_values_99": 0.1569983959197998, "_timestamp": 1687339955.236599, "_runtime": 2289.457228899002, "_step": 99, "_wandb": {"runtime": 2288}}