{"accuracy": 0.8182788491249084, "val_loss": 0.5213062167167664, "test_loss": 0.5186799168586731, "_timestamp": 1687973870.8152728, "_runtime": 82.61187982559204, "_step": 99, "_wandb": {"runtime": 80}}