{"accuracy": 0.19059999287128448, "val_loss": 2.4481656551361084, "test_loss": 2.496722936630249, "_timestamp": 1688402873.817923, "_runtime": 92.47748708724976, "_step": 99, "_wandb": {"runtime": 90}}