{"loss": 2.3065667152404785, "accuracy": 0.0997999981045723, "average_active_clients": 0.0, "_timestamp": 1686666058.3994217, "_runtime": 9.876056671142578, "_step": 95, "_wandb": {"runtime": 83}}