{"loss": 0.2949817478656769, "accuracy": 0.9095999598503113, "average_active_clients": 6.0, "_timestamp": 1686744402.7946064, "_runtime": 48.61025643348694, "_step": 399, "_wandb": {"runtime": 46}}