{"accuracy": 0.9161999821662903, "val_loss": 0.30192893743515015, "test_loss": 0.2743513286113739, "shapley_value_0": -1.759144651889801, "selection_0": 0, "shapley_value_1": -1.594483532688834, "selection_1": 1, "shapley_value_2": -1.7962875048319495, "selection_2": 0, "shapley_value_3": -1.736151232322057, "selection_3": 0, "shapley_value_4": -1.8355059901873267, "selection_4": 0, "shapley_value_5": -1.7797855158646905, "selection_5": 0, "shapley_value_6": -1.7345185577869415, "selection_6": 0, "shapley_value_7": -1.7786051521698636, "selection_7": 0, "shapley_value_8": -1.7282655745744706, "selection_8": 0, "shapley_value_9": -1.7038536926110583, "selection_9": 0, "shapley_value_10": -1.8221111913522083, "selection_10": 0, "shapley_value_11": -1.7690115918715796, "selection_11": 0, "shapley_value_12": -1.702515400449435, "selection_12": 0, "shapley_value_13": -1.7130475064118706, "selection_13": 0, "shapley_value_14": -1.8300343851248424, "selection_14": 0, "shapley_value_15": -1.8025252858797711, "selection_15": 0, "shapley_value_16": -1.7098612189292912, "selection_16": 0, "shapley_value_17": -1.8407005369663243, "selection_17": 0, "shapley_value_18": -1.9040622492631278, "selection_18": 0, "shapley_value_19": -1.8096071024735771, "selection_19": 0, "shapley_value_20": -1.8362784107526142, "selection_20": 0, "shapley_value_21": -1.6956398010253906, "selection_21": 0, "shapley_value_22": -1.7993084480365116, "selection_22": 0, "shapley_value_23": -1.891394363840421, "selection_23": 0, "shapley_value_24": -1.7153665393590927, "selection_24": 0, "shapley_value_25": -1.8875001500050224, "selection_25": 0, "shapley_value_26": -1.9502636005481087, "selection_26": 1, "shapley_value_27": -1.885146621863047, "selection_27": 0, "shapley_value_28": -1.735182969768842, "selection_28": 0, "shapley_value_29": -1.9044055859247844, "selection_29": 0, "shapley_value_30": -1.7625000675519307, "selection_30": 0, "shapley_value_31": -1.9453627400928073, "selection_31": 0, "shapley_value_32": -1.5403968746011907, "selection_32": 1, "shapley_value_33": -1.81852932870388, "selection_33": 0, "shapley_value_34": -1.8845799823602043, "selection_34": 0, "shapley_value_35": -1.8432377427816387, "selection_35": 0, "shapley_value_36": -1.9212268879016239, "selection_36": 1, "shapley_value_37": -1.722580656409264, "selection_37": 0, "shapley_value_38": -1.7209973404804864, "selection_38": 0, "shapley_value_39": -2.008436987797419, "selection_39": 0, "_timestamp": 1687991035.4610584, "_runtime": 81.26902747154236, "_step": 99, "_wandb": {"runtime": 79}}