{"accuracy": 0.13840000331401825, "val_loss": 4.691776275634766, "test_loss": 4.760086536407471, "_timestamp": 1688403887.798152, "_runtime": 144.7490940093994, "_step": 99, "_wandb": {"runtime": 143}}