{"accuracy": 0.9319999814033508, "val_loss": 0.25708118081092834, "test_loss": 0.2407086193561554, "shapley_value_0": 0.0018050527572631835, "selection_0": 0, "shapley_value_1": -9.5367431640625e-08, "selection_1": 0, "shapley_value_2": 0.0016844415664672848, "selection_2": 0, "shapley_value_3": 0.0014166688919067382, "selection_3": 0, "shapley_value_4": 0.0012888526916503907, "selection_4": 0, "shapley_value_5": 0.07306360542774198, "selection_5": 0, "shapley_value_6": 0.0013123321533203124, "selection_6": 0, "shapley_value_7": 0.05856262862682345, "selection_7": 0, "shapley_value_8": 0.0011485862731933595, "selection_8": 0, "shapley_value_9": 0.0009106969833374023, "selection_9": 0, "shapley_value_10": 0.00734243392944336, "selection_10": 0, "shapley_value_11": 0.0045502567291259765, "selection_11": 0, "shapley_value_12": 0.007332124710083008, "selection_12": 0, "shapley_value_13": 0.005363826751708982, "selection_13": 0, "shapley_value_14": 0.0010957431793212893, "selection_14": 0, "shapley_value_15": 0.0029757022857666016, "selection_15": 0, "shapley_value_16": 0.004209775924682618, "selection_16": 0, "shapley_value_17": 0.003218817710876465, "selection_17": 0, "shapley_value_18": 0.006084074974060058, "selection_18": 0, "shapley_value_19": 0.0049456977844238295, "selection_19": 0, "shapley_value_20": 0.0031005096435546874, "selection_20": 0, "shapley_value_21": 0.009580750465393067, "selection_21": 0, "shapley_value_22": 0.013211064338684082, "selection_22": 0, "shapley_value_23": 0.06249659895896913, "selection_23": 0, "shapley_value_24": 0.006396284103393557, "selection_24": 0, "shapley_value_25": 0.0062361001968383786, "selection_25": 0, "shapley_value_26": 0.008897824287414553, "selection_26": 0, "shapley_value_27": 0.010443754196166992, "selection_27": 0, "shapley_value_28": 0.010368642807006832, "selection_28": 0, "shapley_value_29": 0.014614911079406736, "selection_29": 0, "shapley_value_30": -0.00013124315362227591, "selection_30": 0, "shapley_value_31": 0.017375950813293458, "selection_31": 0, "shapley_value_32": 0.011052179336547851, "selection_32": 0, "shapley_value_33": 0.02443507194519043, "selection_33": 0, "shapley_value_34": 0.012808647155761717, "selection_34": 0, "shapley_value_35": 0.013518900871276858, "selection_35": 0, "shapley_value_36": 0.014156622886657715, "selection_36": 0, "shapley_value_37": 0.2349001969190969, "selection_37": 1, "shapley_value_38": 0.019077463150024412, "selection_38": 0, "shapley_value_39": 0.008231368064880373, "selection_39": 0, "shapley_value_40": 0.03271143436431884, "selection_40": 0, "shapley_value_41": 0.01814850330352783, "selection_41": 0, "shapley_value_42": 0.008984766006469726, "selection_42": 0, "shapley_value_43": 0.15320794141292574, "selection_43": 0, "shapley_value_44": -0.0008922376130756579, "selection_44": 0, "shapley_value_45": 0.16279111199080945, "selection_45": 0, "shapley_value_46": 0.039823329746723174, "selection_46": 0, "shapley_value_47": 0.01963213443756103, "selection_47": 0, "shapley_value_48": 0.17774614373842873, "selection_48": 1, "shapley_value_49": 0.07215322136878968, "selection_49": 0, "shapley_value_50": 0.20869101962150885, "selection_50": 0, "shapley_value_51": 0.21861852300663784, "selection_51": 0, "shapley_value_52": 0.19728425244490302, "selection_52": 1, "shapley_value_53": 0.2467325414078576, "selection_53": 1, "shapley_value_54": 0.02332643747329712, "selection_54": 0, "shapley_value_55": 0.05082498610019684, "selection_55": 0, "shapley_value_56": 0.08849635064601898, "selection_56": 0, "shapley_value_57": 0.22569267886025562, "selection_57": 1, "shapley_value_58": 0.22737915373510786, "selection_58": 1, "shapley_value_59": 0.01592943668365479, "selection_59": 0, "shapley_value_60": -0.0009148497330515008, "selection_60": 0, "shapley_value_61": 0.19237709804375966, "selection_61": 0, "shapley_value_62": 0.22916958259211656, "selection_62": 1, "shapley_value_63": 0.08443433627747654, "selection_63": 0, "shapley_value_64": 0.18112271473957942, "selection_64": 0, "shapley_value_65": 0.20331373114585877, "selection_65": 0, "shapley_value_66": 0.12814233556389806, "selection_66": 0, "shapley_value_67": 0.02348283529281616, "selection_67": 0, "shapley_value_68": 0.1679285873685564, "selection_68": 0, "shapley_value_69": 0.18451497150318966, "selection_69": 0, "shapley_value_70": 0.19077939300608812, "selection_70": 0, "shapley_value_71": 0.13566885352134703, "selection_71": 0, "shapley_value_72": 0.0010167694091796876, "selection_72": 0, "shapley_value_73": 0.2174770675897599, "selection_73": 0, "shapley_value_74": 0.16455418484551565, "selection_74": 0, "shapley_value_75": 0.03362922906875609, "selection_75": 0, "shapley_value_76": 0.21714275867355104, "selection_76": 0, "shapley_value_77": 0.23836353727749404, "selection_77": 1, "shapley_value_78": -0.00011944770812988281, "selection_78": 0, "shapley_value_79": 0.20666214414274953, "selection_79": 0, "shapley_value_80": 0.18682423755526542, "selection_80": 0, "shapley_value_81": 0.21564764318421664, "selection_81": 1, "shapley_value_82": 0.19400959071948343, "selection_82": 0, "shapley_value_83": 0.1665749390680987, "selection_83": 0, "shapley_value_84": 0.1941327188163996, "selection_84": 0, "shapley_value_85": 0.13548393359309746, "selection_85": 0, "shapley_value_86": 0.17361048199236392, "selection_86": 0, "shapley_value_87": 0.13498450875282286, "selection_87": 0, "shapley_value_88": 0.15807671517133712, "selection_88": 0, "shapley_value_89": 0.22369726197841844, "selection_89": 1, "shapley_value_90": 0.21168875579898422, "selection_90": 0, "shapley_value_91": 0.18658465027809143, "selection_91": 0, "shapley_value_92": 0.11181548813978832, "selection_92": 0, "shapley_value_93": 0.14206453919410705, "selection_93": 0, "shapley_value_94": 0.20291287086904053, "selection_94": 0, "shapley_value_95": 0.12504812757174175, "selection_95": 0, "shapley_value_96": 0.22182891803686736, "selection_96": 0, "shapley_value_97": 0.21269230266722985, "selection_97": 0, "shapley_value_98": -0.0010947804701955694, "selection_98": 0, "shapley_value_99": 0.11503397425015771, "selection_99": 0, "_timestamp": 1687912157.4102473, "_runtime": 310.47710132598877, "_step": 99, "_wandb": {"runtime": 308}}