{"accuracy": 0.9213999509811401, "val_loss": 0.2960001826286316, "test_loss": 0.27477899193763733, "shapley_value_0": 0.0031994771957397456, "selection_0": 0, "shapley_value_1": 0.07920209825038908, "selection_1": 0, "shapley_value_2": 0.0015592479705810547, "selection_2": 0, "shapley_value_3": 0.0036052417755126948, "selection_3": 0, "shapley_value_4": 0.09539020001888275, "selection_4": 0, "shapley_value_5": 0.0020808124542236327, "selection_5": 0, "shapley_value_6": 0.0051208877563476566, "selection_6": 0, "shapley_value_7": 0.0035982942581176762, "selection_7": 0, "shapley_value_8": 0.14142143964767462, "selection_8": 0, "shapley_value_9": 0.0035818815231323242, "selection_9": 0, "shapley_value_10": 0.012142505645751957, "selection_10": 0, "shapley_value_11": 0.004039397239685058, "selection_11": 0, "shapley_value_12": 0.0050964546203613285, "selection_12": 0, "shapley_value_13": 0.08137769281864164, "selection_13": 0, "shapley_value_14": 0.007201089859008791, "selection_14": 0, "shapley_value_15": 0.007868666648864747, "selection_15": 0, "shapley_value_16": 0.0072040843963623044, "selection_16": 0, "shapley_value_17": 0.05013313531875609, "selection_17": 0, "shapley_value_18": -4.8286036441200655e-05, "selection_18": 0, "shapley_value_19": 0.01179872989654541, "selection_19": 0, "shapley_value_20": 0.010888915061950687, "selection_20": 0, "shapley_value_21": 0.02183408260345459, "selection_21": 0, "shapley_value_22": 0.008977966308593752, "selection_22": 0, "shapley_value_23": 0.011070585250854493, "selection_23": 0, "shapley_value_24": 0.016311817169189457, "selection_24": 0, "shapley_value_25": 0.01833227157592773, "selection_25": 0, "shapley_value_26": -0.0006241045500102796, "selection_26": 0, "shapley_value_27": 0.010241203308105469, "selection_27": 0, "shapley_value_28": 0.010418157577514648, "selection_28": 0, "shapley_value_29": 0.01345454216003418, "selection_29": 0, "shapley_value_30": 0.03462460041046142, "selection_30": 0, "shapley_value_31": 0.035223069190979006, "selection_31": 0, "shapley_value_32": 0.04181591987609863, "selection_32": 0, "shapley_value_33": 0.013894209861755371, "selection_33": 0, "shapley_value_34": 0.008523263931274415, "selection_34": 0, "shapley_value_35": 0.02810732364654541, "selection_35": 0, "shapley_value_36": -0.0009791976527163857, "selection_36": 0, "shapley_value_37": 0.028282618522644052, "selection_37": 0, "shapley_value_38": 0.029133610725402832, "selection_38": 0, "shapley_value_39": 0.013430604934692381, "selection_39": 0, "shapley_value_40": 0.022647702693939214, "selection_40": 0, "shapley_value_41": -9.856098576595909e-05, "selection_41": 0, "shapley_value_42": 0.06301655530929563, "selection_42": 0, "shapley_value_43": 0.03912617921829223, "selection_43": 0, "shapley_value_44": 0.07566732645034789, "selection_44": 0, "shapley_value_45": 0.05458172321319583, "selection_45": 0, "shapley_value_46": 0.06926760017871858, "selection_46": 0, "shapley_value_47": 0.06307508707046507, "selection_47": 0, "shapley_value_48": 0.06425626039505007, "selection_48": 0, "shapley_value_49": 0.03852302074432372, "selection_49": 0, "shapley_value_50": 0.03638576507568359, "selection_50": 0, "shapley_value_51": -0.0005098518572355572, "selection_51": 0, "shapley_value_52": -0.00012759158485814144, "selection_52": 0, "shapley_value_53": 0.03717946052551269, "selection_53": 0, "shapley_value_54": 0.048662588596343995, "selection_54": 0, "shapley_value_55": -0.0007424103586297287, "selection_55": 0, "shapley_value_56": 0.09653576135635376, "selection_56": 0, "shapley_value_57": 0.03687170028686522, "selection_57": 0, "shapley_value_58": 0.10751500129699706, "selection_58": 0, "shapley_value_59": 0.0720554637908935, "selection_59": 0, "shapley_value_60": 0.08491182804107666, "selection_60": 0, "shapley_value_61": 0.06828932523727421, "selection_61": 0, "shapley_value_62": 0.2181898415356539, "selection_62": 1, "shapley_value_63": 0.08715217590332029, "selection_63": 0, "shapley_value_64": 0.15566389322280882, "selection_64": 0, "shapley_value_65": 0.06696544170379641, "selection_65": 0, "shapley_value_66": 0.05091578006744385, "selection_66": 0, "shapley_value_67": 0.0700967812538147, "selection_67": 0, "shapley_value_68": 0.03709340095520019, "selection_68": 0, "shapley_value_69": 0.12095101833343506, "selection_69": 0, "shapley_value_70": 0.04505585670471191, "selection_70": 0, "shapley_value_71": 0.002338149547576904, "selection_71": 0, "shapley_value_72": 0.13449432849884027, "selection_72": 0, "shapley_value_73": 0.14073679625988, "selection_73": 0, "shapley_value_74": 0.22417515532354299, "selection_74": 1, "shapley_value_75": 0.13422054290771482, "selection_75": 0, "shapley_value_76": -0.0029890160811574837, "selection_76": 0, "shapley_value_77": 0.21775927299464481, "selection_77": 1, "shapley_value_78": 0.11189705133438106, "selection_78": 0, "shapley_value_79": 0.12129383764768902, "selection_79": 0, "shapley_value_80": 0.10703486204147339, "selection_80": 0, "shapley_value_81": 0.10620063543319701, "selection_81": 0, "shapley_value_82": 0.23395066240329754, "selection_82": 1, "shapley_value_83": 0.15007017334302267, "selection_83": 0, "shapley_value_84": 0.13193230509757994, "selection_84": 0, "shapley_value_85": 0.22760975854264365, "selection_85": 1, "shapley_value_86": 0.10353424191474915, "selection_86": 0, "shapley_value_87": 0.12966099023818972, "selection_87": 0, "shapley_value_88": 0.20979510110685198, "selection_88": 1, "shapley_value_89": 0.1424951285123825, "selection_89": 0, "shapley_value_90": 0.14955242335796354, "selection_90": 0, "shapley_value_91": 0.21171211424609374, "selection_91": 1, "shapley_value_92": 0.22162481615278457, "selection_92": 1, "shapley_value_93": 0.11693425178527832, "selection_93": 0, "shapley_value_94": 0.21039816430089078, "selection_94": 1, "shapley_value_95": 0.15536210298538208, "selection_95": 0, "shapley_value_96": -0.00022721290588378906, "selection_96": 0, "shapley_value_97": 0.2094863702335955, "selection_97": 1, "shapley_value_98": 0.11603309988975524, "selection_98": 0, "shapley_value_99": 0.08751888751983643, "selection_99": 0, "_timestamp": 1687943794.0953653, "_runtime": 313.36286520957947, "_step": 99, "_wandb": {"runtime": 311}}