{"loss": 1.4222403764724731, "accuracy": 0.6904000043869019, "average_active_clients": 2.0, "client_values_0": -0.02319820038974285, "client_values_1": 0.0016677659004926682, "client_values_2": -0.020304515957832336, "client_values_3": 0.005973659921437502, "client_values_4": -0.014966964721679688, "client_values_5": -0.05312163382768631, "client_values_6": -0.001995821949094534, "client_values_7": -0.0008917463710531592, "client_values_8": 0.0006479714065790176, "client_values_9": -0.020591970533132553, "client_values_10": -0.01957728900015354, "client_values_11": -0.005403208080679178, "client_values_12": -0.0031873146072030067, "client_values_13": -0.09609219431877136, "client_values_14": -0.02012171968817711, "client_values_15": -0.02718633972108364, "client_values_16": -0.037197746336460114, "client_values_17": 0.007264498621225357, "client_values_18": 1.402486801147461, "client_values_19": 1.6559350490570068, "_timestamp": 1687181488.4096646, "_runtime": 149.47981762886047, "_step": 99, "_wandb": {"runtime": 148}}