{"accuracy": 0.12919999659061432, "val_loss": 2.9459893703460693, "test_loss": 2.981987953186035, "_timestamp": 1688409150.2329872, "_runtime": 144.55809617042542, "_step": 99, "_wandb": {"runtime": 143}}