{"accuracy": 0.17479999363422394, "val_loss": 2.230241060256958, "test_loss": 2.2332470417022705, "_timestamp": 1687967683.901412, "_runtime": 132.36780309677124, "_step": 99, "_wandb": {"runtime": 130}}