{"accuracy": 0.0997999981045723, "val_loss": 4.756214618682861, "test_loss": 4.782468318939209, "shapley_value_0": 2.01108443807988, "selection_0": 0, "shapley_value_1": -0.635704870025317, "selection_1": 0, "shapley_value_2": -1.0462879687547686, "selection_2": 0, "shapley_value_3": 4.133186571205717, "selection_3": 1, "shapley_value_4": -14.625824173291527, "selection_4": 0, "shapley_value_5": 1.142744908730189, "selection_5": 0, "shapley_value_6": -0.22636025150616979, "selection_6": 0, "shapley_value_7": -7.781867980957031, "selection_7": 0, "shapley_value_8": 4.460120944912863, "selection_8": 1, "shapley_value_9": -5.344334761301681, "selection_9": 0, "shapley_value_10": -2.7057862679163627, "selection_10": 0, "shapley_value_11": 1.0008187282968448, "selection_11": 1, "shapley_value_12": 0, "selection_12": 0, "shapley_value_13": -11.257772306601204, "selection_13": 0, "shapley_value_14": 0.7421848376591988, "selection_14": 0, "shapley_value_15": 1.3795408189296723, "selection_15": 0, "shapley_value_16": 0.2281921009222665, "selection_16": 0, "shapley_value_17": 0, "selection_17": 0, "shapley_value_18": 1.2970499873161319, "selection_18": 0, "shapley_value_19": -1.3166560133298235, "selection_19": 0, "shapley_value_20": 1.8239161479167456, "selection_20": 0, "shapley_value_21": -0.051097313563030156, "selection_21": 0, "shapley_value_22": 0, "selection_22": 0, "shapley_value_23": -8.388633410135904, "selection_23": 0, "shapley_value_24": -10.141427417596176, "selection_24": 0, "shapley_value_25": -0.25049883127212613, "selection_25": 0, "shapley_value_26": -6.528879473606746, "selection_26": 0, "shapley_value_27": -8.52313506603241, "selection_27": 0, "shapley_value_28": 1.9183214836650422, "selection_28": 0, "shapley_value_29": -4.292686661084492, "selection_29": 0, "shapley_value_30": 1.824910794695218, "selection_30": 0, "shapley_value_31": 0, "selection_31": 0, "shapley_value_32": 1.8773971680137838, "selection_32": 0, "shapley_value_33": 4.25763494624355, "selection_33": 1, "shapley_value_34": 0, "selection_34": 0, "shapley_value_35": 1.6536615292231245, "selection_35": 0, "shapley_value_36": 0, "selection_36": 0, "shapley_value_37": 0.08276574148072147, "selection_37": 0, "shapley_value_38": 0.732702546649509, "selection_38": 0, "shapley_value_39": -4.412103096644081, "selection_39": 0, "shapley_value_40": 0.3625815875000417, "selection_40": 0, "shapley_value_41": -1.752085705598196, "selection_41": 0, "shapley_value_42": 4.116453398852589, "selection_42": 1, "shapley_value_43": -1.8599343299865723, "selection_43": 0, "shapley_value_44": 0, "selection_44": 0, "shapley_value_45": 0, "selection_45": 0, "shapley_value_46": 0.23084632555643836, "selection_46": 0, "shapley_value_47": -3.281186819076538, "selection_47": 0, "shapley_value_48": -7.650557239850361, "selection_48": 0, "shapley_value_49": 1.750437331199646, "selection_49": 0, "_timestamp": 1688393201.9873319, "_runtime": 115.64534378051758, "_step": 99, "_wandb": {"runtime": 114}}