{"accuracy": 0.9350000023841858, "val_loss": 0.2293892651796341, "test_loss": 0.2151516079902649, "_timestamp": 1688025843.9347248, "_runtime": 139.8072738647461, "_step": 99, "_wandb": {"runtime": 138}}