{"accuracy": 0.09719999879598618, "val_loss": 12.034581184387207, "test_loss": 12.151199340820312, "shapley_value_0": -1.5139405330022178, "selection_0": 0, "shapley_value_1": 10.931516497600366, "selection_1": 1, "shapley_value_2": 0.2628078262011204, "selection_2": 0, "shapley_value_3": -0.129141290982564, "selection_3": 0, "shapley_value_4": -2.384826123714447, "selection_4": 0, "shapley_value_5": -0.5140226433674497, "selection_5": 0, "shapley_value_6": -4.000000377496082, "selection_6": 0, "shapley_value_7": 0.7835785796244945, "selection_7": 0, "shapley_value_8": 0.8185394406318665, "selection_8": 0, "shapley_value_9": 0.8545997540156058, "selection_9": 0, "shapley_value_10": -2.241453111171723, "selection_10": 0, "shapley_value_11": -2.5269443525208373, "selection_11": 0, "shapley_value_12": -9.217329204082489, "selection_12": 0, "shapley_value_13": -6.405235002438225, "selection_13": 0, "shapley_value_14": -2.234605838855108, "selection_14": 0, "shapley_value_15": 0.22579630215962787, "selection_15": 0, "shapley_value_16": 10.044244760937158, "selection_16": 1, "shapley_value_17": -1.623444745937983, "selection_17": 0, "shapley_value_18": 10.495420264093966, "selection_18": 1, "shapley_value_19": -2.8125013907750436, "selection_19": 0, "shapley_value_20": 0.3218640287717185, "selection_20": 0, "shapley_value_21": 0.017132202784220674, "selection_21": 0, "shapley_value_22": -4.243418852488199, "selection_22": 0, "shapley_value_23": -0.8550818165143341, "selection_23": 0, "shapley_value_24": -3.0351263880729675, "selection_24": 0, "shapley_value_25": -1.7499311168988552, "selection_25": 0, "shapley_value_26": 0.10273631413777595, "selection_26": 0, "shapley_value_27": 0.8684623837471017, "selection_27": 0, "shapley_value_28": -2.7140567203362767, "selection_28": 0, "shapley_value_29": -7.087101687987646, "selection_29": 0, "shapley_value_30": -0.5306903719902039, "selection_30": 0, "shapley_value_31": 0.08685620625813772, "selection_31": 0, "shapley_value_32": 0.10994708538055487, "selection_32": 0, "shapley_value_33": 0.13949942588806152, "selection_33": 0, "shapley_value_34": 0.6938299735387163, "selection_34": 0, "shapley_value_35": -5.362269282341003, "selection_35": 0, "shapley_value_36": 1.1684618504747504, "selection_36": 1, "shapley_value_37": 0.15875687201817712, "selection_37": 0, "shapley_value_38": -2.5939242574903694, "selection_38": 0, "shapley_value_39": 11.2882539942151, "selection_39": 1, "shapley_value_40": -0.6090496381123858, "selection_40": 0, "shapley_value_41": -1.7714535593986511, "selection_41": 0, "shapley_value_42": 0.02346630891164203, "selection_42": 0, "shapley_value_43": -0.24716331561406246, "selection_43": 0, "shapley_value_44": 1.101453926828173, "selection_44": 0, "shapley_value_45": -2.416026771068573, "selection_45": 0, "shapley_value_46": -9.286235173543295, "selection_46": 0, "shapley_value_47": -2.6563744147618604, "selection_47": 0, "shapley_value_48": -1.3728926380475368, "selection_48": 0, "shapley_value_49": -4.480066100756325, "selection_49": 0, "_timestamp": 1688377639.2023273, "_runtime": 108.42023229598999, "_step": 99, "_wandb": {"runtime": 106}}