{"accuracy": 0.7610616683959961, "val_loss": 0.707564651966095, "test_loss": 0.7021171450614929, "shapley_value_0": -1.1204618679152594, "selection_0": 0, "shapley_value_1": -1.1229095955689747, "selection_1": 1, "shapley_value_2": -1.0853966958820824, "selection_2": 0, "shapley_value_3": -1.0960333325244762, "selection_3": 1, "shapley_value_4": -1.1222791031554893, "selection_4": 0, "shapley_value_5": -1.101684216297034, "selection_5": 0, "shapley_value_6": -1.103382489747471, "selection_6": 0, "shapley_value_7": -1.1232611139615374, "selection_7": 0, "shapley_value_8": -1.098397449368522, "selection_8": 0, "shapley_value_9": -1.1026729676458573, "selection_9": 0, "shapley_value_10": -1.3074770238664413, "selection_10": 0, "shapley_value_11": -1.1362698574860894, "selection_11": 0, "shapley_value_12": -1.123494981191097, "selection_12": 1, "shapley_value_13": -1.112215416772025, "selection_13": 0, "shapley_value_14": -1.1310279426120573, "selection_14": 0, "shapley_value_15": -1.27417009572188, "selection_15": 0, "shapley_value_16": -1.1306551535924274, "selection_16": 0, "shapley_value_17": -1.1001496160471882, "selection_17": 0, "shapley_value_18": -1.168240455786387, "selection_18": 0, "shapley_value_19": -1.1014428536097207, "selection_19": 0, "shapley_value_20": -1.0994344317551816, "selection_20": 0, "shapley_value_21": -1.1385434617598849, "selection_21": 0, "shapley_value_22": -1.2076278328895569, "selection_22": 1, "shapley_value_23": -1.0540853861375903, "selection_23": 0, "shapley_value_24": -1.3503724137941995, "selection_24": 0, "shapley_value_25": -1.1345675339301424, "selection_25": 0, "shapley_value_26": -1.163315032919248, "selection_26": 0, "shapley_value_27": -1.0748240194822611, "selection_27": 0, "shapley_value_28": -1.0836903083892095, "selection_28": 0, "shapley_value_29": -1.1606644739707312, "selection_29": 0, "shapley_value_30": -1.15426950984531, "selection_30": 0, "shapley_value_31": -1.269880399107933, "selection_31": 0, "shapley_value_32": -1.0643306045696657, "selection_32": 0, "shapley_value_33": -1.1460449828041925, "selection_33": 0, "shapley_value_34": -1.1576959570248924, "selection_34": 0, "shapley_value_35": -1.3322937587896986, "selection_35": 0, "shapley_value_36": -1.0632732687961488, "selection_36": 0, "shapley_value_37": -1.3840705818600127, "selection_37": 0, "shapley_value_38": -1.116906193892161, "selection_38": 0, "shapley_value_39": -1.0873949820535227, "selection_39": 0, "_timestamp": 1687984357.1615908, "_runtime": 77.67966675758362, "_step": 99, "_wandb": {"runtime": 75}}