{"accuracy": 0.9267999529838562, "val_loss": 0.2686399817466736, "test_loss": 0.23989607393741608, "shapley_value_0": 0.0007289552688598633, "selection_0": 0, "shapley_value_1": -2.684091266832853e-05, "selection_1": 0, "shapley_value_2": 0.0018803834915161132, "selection_2": 0, "shapley_value_3": 0.0007944774627685545, "selection_3": 0, "shapley_value_4": 0.07293411910533906, "selection_4": 0, "shapley_value_5": 0.0020859766006469725, "selection_5": 0, "shapley_value_6": 0.0011092710494995117, "selection_6": 0, "shapley_value_7": 0.001317687034606934, "selection_7": 0, "shapley_value_8": 0.0014614057540893555, "selection_8": 0, "shapley_value_9": 0.0009213304519653325, "selection_9": 0, "shapley_value_10": 0.0022394084930419935, "selection_10": 0, "shapley_value_11": 0.002368922233581543, "selection_11": 0, "shapley_value_12": 0.006604719161987305, "selection_12": 0, "shapley_value_13": 0.0024815753886574194, "selection_13": 0, "shapley_value_14": 0.0032572460174560545, "selection_14": 0, "shapley_value_15": 0.0059026718139648425, "selection_15": 0, "shapley_value_16": 0.0035172653198242186, "selection_16": 0, "shapley_value_17": -0.00031884093033640007, "selection_17": 0, "shapley_value_18": 0.18000365376472474, "selection_18": 0, "shapley_value_19": 0.0020551490783691406, "selection_19": 0, "shapley_value_20": 0.00766408920288086, "selection_20": 0, "shapley_value_21": 0.009520349502563476, "selection_21": 0, "shapley_value_22": 0.005733551979064941, "selection_22": 0, "shapley_value_23": 0.00639500617980957, "selection_23": 0, "shapley_value_24": 0.004856090545654296, "selection_24": 0, "shapley_value_25": 0.007816348075866699, "selection_25": 0, "shapley_value_26": 0.004458289146423339, "selection_26": 0, "shapley_value_27": 0.005853433609008788, "selection_27": 0, "shapley_value_28": 0.008944926261901853, "selection_28": 0, "shapley_value_29": 0.007118511199951173, "selection_29": 0, "shapley_value_30": 0.00806868076324463, "selection_30": 0, "shapley_value_31": 0.017191352844238283, "selection_31": 0, "shapley_value_32": 0.01090961456298828, "selection_32": 0, "shapley_value_33": 0.013549308776855468, "selection_33": 0, "shapley_value_34": 0.020689315795898437, "selection_34": 0, "shapley_value_35": 0.043896890031664, "selection_35": 0, "shapley_value_36": 0.01701456546783447, "selection_36": 0, "shapley_value_37": 0.008741302490234375, "selection_37": 0, "shapley_value_38": 0.010806164741516112, "selection_38": 0, "shapley_value_39": 0.01913027286529541, "selection_39": 0, "shapley_value_40": 0.23407912753025695, "selection_40": 1, "shapley_value_41": 0.013371152877807624, "selection_41": 0, "shapley_value_42": 0.047118875980377194, "selection_42": 0, "shapley_value_43": 0.1709954847229852, "selection_43": 0, "shapley_value_44": 0.027361893653869637, "selection_44": 0, "shapley_value_45": 0.24125304629553615, "selection_45": 1, "shapley_value_46": 0.23860495991706848, "selection_46": 1, "shapley_value_47": 0.02464456558227539, "selection_47": 0, "shapley_value_48": 0.023556008338928222, "selection_48": 0, "shapley_value_49": 0.014595632553100583, "selection_49": 0, "shapley_value_50": 0.02965012788772583, "selection_50": 0, "shapley_value_51": 0.08333621740341188, "selection_51": 0, "shapley_value_52": 0.11138159170746802, "selection_52": 0, "shapley_value_53": 0.1935185235407617, "selection_53": 0, "shapley_value_54": 0.17576501412825152, "selection_54": 0, "shapley_value_55": 0.07018635630607604, "selection_55": 0, "shapley_value_56": 0.23384607912256172, "selection_56": 1, "shapley_value_57": 0.1063926782210668, "selection_57": 0, "shapley_value_58": 0.023624348640441894, "selection_58": 0, "shapley_value_59": 0.18836449734369906, "selection_59": 0, "shapley_value_60": 0.13456833630800247, "selection_60": 0, "shapley_value_61": 0.21464325154081304, "selection_61": 0, "shapley_value_62": 0.23100904516104998, "selection_62": 1, "shapley_value_63": 0.11970371325810751, "selection_63": 0, "shapley_value_64": 0.21998435797659974, "selection_64": 1, "shapley_value_65": 0.1382822085916996, "selection_65": 0, "shapley_value_66": 0.12459161798159275, "selection_66": 0, "shapley_value_67": 0.12433759371439614, "selection_67": 0, "shapley_value_68": 0.08361939609050749, "selection_68": 0, "shapley_value_69": 0.22789587509173614, "selection_69": 1, "shapley_value_70": 0.18015760585605373, "selection_70": 0, "shapley_value_71": 0.08498410046100616, "selection_71": 0, "shapley_value_72": 0.20082039368152618, "selection_72": 0, "shapley_value_73": 0.14249648849169413, "selection_73": 0, "shapley_value_74": 0.1587192510707038, "selection_74": 0, "shapley_value_75": -0.0004311737261320415, "selection_75": 0, "shapley_value_76": 0.19209209209138692, "selection_76": 0, "shapley_value_77": 0.08416453421115874, "selection_77": 0, "shapley_value_78": 0.2385908741322723, "selection_78": 1, "shapley_value_79": 0.09997930333018301, "selection_79": 0, "shapley_value_80": 0.20007444529533389, "selection_80": 0, "shapley_value_81": 0.10822036107381187, "selection_81": 0, "shapley_value_82": 0.2268157624502749, "selection_82": 1, "shapley_value_83": 0.1917778819172006, "selection_83": 0, "shapley_value_84": 0.167140306904912, "selection_84": 0, "shapley_value_85": 0.1397761854529381, "selection_85": 0, "shapley_value_86": 0.1396626417338848, "selection_86": 0, "shapley_value_87": 0.19260166742299734, "selection_87": 0, "shapley_value_88": 0.09432331681251525, "selection_88": 0, "shapley_value_89": 0.08925084114074705, "selection_89": 0, "shapley_value_90": 0.09514222741127014, "selection_90": 0, "shapley_value_91": 0.1586748790740967, "selection_91": 0, "shapley_value_92": 0.18756270628422503, "selection_92": 0, "shapley_value_93": 0.17758623002652538, "selection_93": 0, "shapley_value_94": 0.2053635827501615, "selection_94": 0, "shapley_value_95": 0.20271303303113283, "selection_95": 0, "shapley_value_96": 0.22629998715150926, "selection_96": 1, "shapley_value_97": 0.18759641753775733, "selection_97": 0, "shapley_value_98": 0.1861853839018766, "selection_98": 0, "shapley_value_99": 0.14971702218055727, "selection_99": 0, "_timestamp": 1687912472.0092766, "_runtime": 309.3204576969147, "_step": 99, "_wandb": {"runtime": 307}}