{"accuracy": 0.3953999876976013, "val_loss": 1.7430572509765625, "test_loss": 1.7670739889144897, "shapley_value_0": -0.6185221672058105, "selection_0": 0, "shapley_value_1": -0.3730206489562987, "selection_1": 1, "shapley_value_2": -1.173751980066299, "selection_2": 0, "shapley_value_3": -0.8104192529405866, "selection_3": 0, "shapley_value_4": -0.7850613726509943, "selection_4": 0, "shapley_value_5": -0.747388964607602, "selection_5": 0, "shapley_value_6": -0.7656420923414687, "selection_6": 0, "shapley_value_7": -0.9395328760147095, "selection_7": 0, "shapley_value_8": -0.8201877474784854, "selection_8": 0, "shapley_value_9": -0.9106065909067788, "selection_9": 0, "shapley_value_10": -1.0433640400568642, "selection_10": 0, "shapley_value_11": -0.7144873653139386, "selection_11": 0, "shapley_value_12": -0.629403997350622, "selection_12": 0, "shapley_value_13": -0.5178042541850696, "selection_13": 0, "shapley_value_14": -0.6752075183959233, "selection_14": 0, "shapley_value_15": -1.211490422487259, "selection_15": 0, "shapley_value_16": -0.8022685675393968, "selection_16": 0, "shapley_value_17": -1.1268104871114095, "selection_17": 0, "shapley_value_18": -0.9940593640009561, "selection_18": 0, "shapley_value_19": -0.6297169675429664, "selection_19": 0, "shapley_value_20": -0.9599648952484131, "selection_20": 0, "shapley_value_21": -0.36529633005460094, "selection_21": 1, "shapley_value_22": -0.38522736231485993, "selection_22": 0, "shapley_value_23": -0.7437795514152165, "selection_23": 0, "shapley_value_24": -0.5587975939114889, "selection_24": 0, "shapley_value_25": -0.8066373070081077, "selection_25": 0, "shapley_value_26": -1.1473614772160847, "selection_26": 0, "shapley_value_27": -0.37584276552553547, "selection_27": 0, "shapley_value_28": -0.3018818298975625, "selection_28": 0, "shapley_value_29": -1.1319685512118869, "selection_29": 0, "shapley_value_30": -0.3995716739119146, "selection_30": 1, "shapley_value_31": -1.1180538468890722, "selection_31": 0, "shapley_value_32": 0.14457031724533606, "selection_32": 1, "shapley_value_33": -0.7213476697603862, "selection_33": 0, "shapley_value_34": -0.808106263478597, "selection_34": 0, "shapley_value_35": -0.8334203799565637, "selection_35": 0, "shapley_value_36": -0.73347997097742, "selection_36": 0, "shapley_value_37": -0.5674400488535564, "selection_37": 0, "shapley_value_38": -0.47066179911295575, "selection_38": 0, "shapley_value_39": -1.0523919761180878, "selection_39": 0, "_timestamp": 1687960579.1390529, "_runtime": 93.34695291519165, "_step": 99, "_wandb": {"runtime": 91}}