{"loss": 0.29517364501953125, "accuracy": 0.9128000140190125, "average_active_clients": 10.0, "client_values_0": -0.000432746484875679, "client_values_1": -0.016352318227291107, "client_values_2": -0.031764253973960876, "client_values_3": -0.0488421693444252, "client_values_4": -0.09526237845420837, "client_values_5": -0.001968884840607643, "client_values_6": -0.009612629190087318, "client_values_7": -0.010444464161992073, "client_values_8": -0.1552058905363083, "client_values_9": -0.06680350750684738, "client_values_10": 0.002862470457330346, "client_values_11": 0.0006716008065268397, "client_values_12": -7.45429570088163e-05, "client_values_13": 0.004268886987119913, "client_values_14": 0.0016179601661860943, "client_values_15": 0.005768279545009136, "client_values_16": 0.0041858418844640255, "client_values_17": 0.004876431077718735, "client_values_18": 0.003235511016100645, "client_values_19": 0.0009379928815178573, "_timestamp": 1687189296.970236, "_runtime": 1331.5595660209656, "_step": 52, "_wandb": {"runtime": 1336}}