{"accuracy": 0.9225999712944031, "val_loss": 0.29899993538856506, "test_loss": 0.26283958554267883, "shapley_value_0": 0.0016367769241333009, "selection_0": 0, "shapley_value_1": 0.0015472984313964844, "selection_1": 0, "shapley_value_2": 0.0014440107345581054, "selection_2": 0, "shapley_value_3": 0.0014495325088500976, "selection_3": 0, "shapley_value_4": 0.0015033769607543945, "selection_4": 0, "shapley_value_5": 0.0017441606521606445, "selection_5": 0, "shapley_value_6": 0.0008751678466796872, "selection_6": 0, "shapley_value_7": 0.001986880302429198, "selection_7": 0, "shapley_value_8": 0.0008688068389892578, "selection_8": 0, "shapley_value_9": 0.0008714485168457034, "selection_9": 0, "shapley_value_10": 0.007283830642700195, "selection_10": 0, "shapley_value_11": 0.0031120252609252936, "selection_11": 0, "shapley_value_12": 0.00012746334075927732, "selection_12": 0, "shapley_value_13": 0.003140993118286133, "selection_13": 0, "shapley_value_14": 0.0032904720306396484, "selection_14": 0, "shapley_value_15": 0.00658597469329834, "selection_15": 0, "shapley_value_16": 0.0028287172317504883, "selection_16": 0, "shapley_value_17": -0.0004200056979530736, "selection_17": 0, "shapley_value_18": 0.0024670553207397448, "selection_18": 0, "shapley_value_19": 0.004989867210388184, "selection_19": 0, "shapley_value_20": 0.04970414042472839, "selection_20": 0, "shapley_value_21": 0.00959476470947266, "selection_21": 0, "shapley_value_22": 0.008729109764099123, "selection_22": 0, "shapley_value_23": 0.007942552566528318, "selection_23": 0, "shapley_value_24": 0.011075978279113769, "selection_24": 0, "shapley_value_25": 0.1187418383359909, "selection_25": 0, "shapley_value_26": 0.009032773971557616, "selection_26": 0, "shapley_value_27": 0.005985269546508789, "selection_27": 0, "shapley_value_28": -0.00016696829544870476, "selection_28": 0, "shapley_value_29": 0.007159929275512695, "selection_29": 0, "shapley_value_30": 0.01076967716217041, "selection_30": 0, "shapley_value_31": 0.019969086647033688, "selection_31": 0, "shapley_value_32": 0.013804521560668945, "selection_32": 0, "shapley_value_33": 0.01353477954864502, "selection_33": 0, "shapley_value_34": 0.08745595335960389, "selection_34": 0, "shapley_value_35": 0.01916623592376709, "selection_35": 0, "shapley_value_36": 0.014330091476440427, "selection_36": 0, "shapley_value_37": 0.019838428497314455, "selection_37": 0, "shapley_value_38": 0.024653539657592774, "selection_38": 0, "shapley_value_39": 0.013513240814208984, "selection_39": 0, "shapley_value_40": 0.023459463119506842, "selection_40": 0, "shapley_value_41": 0.022679214477539063, "selection_41": 0, "shapley_value_42": 0.023077983856201172, "selection_42": 0, "shapley_value_43": 0.019087352752685544, "selection_43": 0, "shapley_value_44": 0.013376750946044923, "selection_44": 0, "shapley_value_45": 0.02939924240112305, "selection_45": 0, "shapley_value_46": 0.03686977863311767, "selection_46": 0, "shapley_value_47": 0.029482245445251465, "selection_47": 0, "shapley_value_48": 0.122140740553538, "selection_48": 0, "shapley_value_49": 0.024003129005432132, "selection_49": 0, "shapley_value_50": 0.022102258205413818, "selection_50": 0, "shapley_value_51": 0.05492733240127563, "selection_51": 0, "shapley_value_52": 0.036768770217895506, "selection_52": 0, "shapley_value_53": 0.06973947048187254, "selection_53": 0, "shapley_value_54": 0.04636067867279053, "selection_54": 0, "shapley_value_55": 0.0545206618309021, "selection_55": 0, "shapley_value_56": 0.05414756536483765, "selection_56": 0, "shapley_value_57": 0.055169403553009026, "selection_57": 0, "shapley_value_58": 0.04671048402786255, "selection_58": 0, "shapley_value_59": 0.023919949531555185, "selection_59": 0, "shapley_value_60": -0.001069715148524234, "selection_60": 0, "shapley_value_61": 0.07139633417129518, "selection_61": 0, "shapley_value_62": -0.00012245303706118934, "selection_62": 0, "shapley_value_63": 0.04785292387008667, "selection_63": 0, "shapley_value_64": 0.09345311641693116, "selection_64": 0, "shapley_value_65": 0.08311391055583954, "selection_65": 0, "shapley_value_66": 0.06027303457260132, "selection_66": 0, "shapley_value_67": 0.047601237297058126, "selection_67": 0, "shapley_value_68": 0.11912158846855163, "selection_68": 0, "shapley_value_69": 0.049370498657226564, "selection_69": 0, "shapley_value_70": 0.11665198683738709, "selection_70": 0, "shapley_value_71": 0.20934145588299316, "selection_71": 1, "shapley_value_72": 0.03539252281188964, "selection_72": 0, "shapley_value_73": 0.08514499187469482, "selection_73": 0, "shapley_value_74": 0.21101680614838472, "selection_74": 1, "shapley_value_75": 0.05078822135925295, "selection_75": 0, "shapley_value_76": 0.054961504936218264, "selection_76": 0, "shapley_value_77": 0.0494746994972229, "selection_77": 0, "shapley_value_78": 0.11996963500976562, "selection_78": 0, "shapley_value_79": 0.11819340705871582, "selection_79": 0, "shapley_value_80": 0.11142541170120236, "selection_80": 0, "shapley_value_81": 0.12411627829074859, "selection_81": 0, "shapley_value_82": 0.0866412329673767, "selection_82": 0, "shapley_value_83": 0.09036922693252564, "selection_83": 0, "shapley_value_84": 0.11778949492856075, "selection_84": 0, "shapley_value_85": 0.08892355442047119, "selection_85": 0, "shapley_value_86": 0.09102491617202758, "selection_86": 0, "shapley_value_87": 0.11281300783157347, "selection_87": 0, "shapley_value_88": 0.24299853647803213, "selection_88": 1, "shapley_value_89": 0.11111298322677612, "selection_89": 0, "shapley_value_90": 0.2009495627730213, "selection_90": 1, "shapley_value_91": 0.20664275880698318, "selection_91": 1, "shapley_value_92": 0.2231545718947611, "selection_92": 1, "shapley_value_93": -0.0008175906382108989, "selection_93": 0, "shapley_value_94": 0.21382818447066176, "selection_94": 1, "shapley_value_95": 0.08561598479747773, "selection_95": 0, "shapley_value_96": 0.2266169878575536, "selection_96": 1, "shapley_value_97": 0.07932903885841369, "selection_97": 0, "shapley_value_98": 0.2211094325379039, "selection_98": 1, "shapley_value_99": 0.22365671681695506, "selection_99": 1, "_timestamp": 1687907983.424739, "_runtime": 311.9746129512787, "_step": 99, "_wandb": {"runtime": 310}}