{"accuracy": 0.4973999857902527, "val_loss": 1.3992900848388672, "test_loss": 1.4245095252990723, "_timestamp": 1687966081.1013112, "_runtime": 83.31744718551636, "_step": 99, "_wandb": {"runtime": 81}}