{"accuracy": 0.8399520516395569, "val_loss": 0.5322703123092651, "test_loss": 0.5363536477088928, "_timestamp": 1687974472.4545643, "_runtime": 93.07311344146729, "_step": 99, "_wandb": {"runtime": 91}}