{"accuracy": 0.5027999877929688, "val_loss": 1.385189414024353, "test_loss": 1.397547721862793, "shapley_value_0": -0.5056120662978203, "selection_0": 0, "shapley_value_1": -0.3549421098497179, "selection_1": 0, "shapley_value_2": -1.0703967114289599, "selection_2": 0, "shapley_value_3": -0.9088683446248375, "selection_3": 0, "shapley_value_4": -0.9847843199968338, "selection_4": 0, "shapley_value_5": -0.5499399900436401, "selection_5": 0, "shapley_value_6": -0.8031844099362689, "selection_6": 0, "shapley_value_7": -0.9990924994150799, "selection_7": 0, "shapley_value_8": -0.7886149883270264, "selection_8": 0, "shapley_value_9": -0.7240720907847084, "selection_9": 0, "shapley_value_10": -0.9568048053317598, "selection_10": 0, "shapley_value_11": -0.6856863419214886, "selection_11": 0, "shapley_value_12": -0.5197793281439581, "selection_12": 0, "shapley_value_13": -0.36969248148111195, "selection_13": 0, "shapley_value_14": -0.786122350465684, "selection_14": 0, "shapley_value_15": -0.7866151276088894, "selection_15": 0, "shapley_value_16": -0.819615341368176, "selection_16": 1, "shapley_value_17": -0.8239065408706666, "selection_17": 0, "shapley_value_18": -1.1307108118420557, "selection_18": 0, "shapley_value_19": -0.6268406152725221, "selection_19": 0, "shapley_value_20": -0.44086410822691735, "selection_20": 0, "shapley_value_21": -0.10313200114066136, "selection_21": 0, "shapley_value_22": -0.2893645068009693, "selection_22": 0, "shapley_value_23": -0.6017783459495096, "selection_23": 0, "shapley_value_24": -0.5796230083856828, "selection_24": 0, "shapley_value_25": -0.8470830281575523, "selection_25": 0, "shapley_value_26": -1.1144564151763912, "selection_26": 0, "shapley_value_27": -0.27834015800839385, "selection_27": 0, "shapley_value_28": -0.25300383334066334, "selection_28": 1, "shapley_value_29": -0.9588983615239464, "selection_29": 0, "shapley_value_30": -0.22498780839583438, "selection_30": 0, "shapley_value_31": -1.2281049004307496, "selection_31": 0, "shapley_value_32": -0.10494120915730792, "selection_32": 1, "shapley_value_33": -0.6138772258052119, "selection_33": 0, "shapley_value_34": -0.6722022019899808, "selection_34": 1, "shapley_value_35": -0.7087678739002768, "selection_35": 0, "shapley_value_36": -0.7964082757631937, "selection_36": 0, "shapley_value_37": -0.393330430984497, "selection_37": 0, "shapley_value_38": -0.3598865071932473, "selection_38": 0, "shapley_value_39": -0.7686818970574273, "selection_39": 0, "_timestamp": 1687961620.9594128, "_runtime": 85.6818299293518, "_step": 99, "_wandb": {"runtime": 84}}