{"accuracy": 0.47839999198913574, "val_loss": 1.4262973070144653, "test_loss": 1.4272069931030273, "_timestamp": 1687964633.689492, "_runtime": 73.8127989768982, "_step": 99, "_wandb": {"runtime": 72}}