{"accuracy": 0.9307999610900879, "val_loss": 0.2581987977027893, "test_loss": 0.23651188611984253, "shapley_value_0": -1.7886490012918201, "selection_0": 0, "shapley_value_1": -1.6217330371340115, "selection_1": 0, "shapley_value_2": -1.9419938491450413, "selection_2": 0, "shapley_value_3": -2.0144988066620297, "selection_3": 0, "shapley_value_4": -2.02191593959218, "selection_4": 0, "shapley_value_5": -1.9980484999361494, "selection_5": 0, "shapley_value_6": -1.8110486884911854, "selection_6": 0, "shapley_value_7": -2.0070238212744393, "selection_7": 0, "shapley_value_8": -1.7499283836947546, "selection_8": 1, "shapley_value_9": -1.9397331163996743, "selection_9": 0, "shapley_value_10": -1.8522571316271124, "selection_10": 0, "shapley_value_11": -1.6303356852796345, "selection_11": 0, "shapley_value_12": -1.6286372996511915, "selection_12": 0, "shapley_value_13": -1.8604192733764648, "selection_13": 0, "shapley_value_14": -1.9375706072206853, "selection_14": 1, "shapley_value_15": -1.5081248102766092, "selection_15": 0, "shapley_value_16": -1.5866799881825078, "selection_16": 0, "shapley_value_17": -1.7105460734594438, "selection_17": 0, "shapley_value_18": -2.1418843547503155, "selection_18": 0, "shapley_value_19": -1.732790416631943, "selection_19": 0, "shapley_value_20": -1.7970388708291232, "selection_20": 0, "shapley_value_21": -1.6306267983856653, "selection_21": 0, "shapley_value_22": -1.8786056650181613, "selection_22": 0, "shapley_value_23": -1.9069986895278643, "selection_23": 0, "shapley_value_24": -1.6901521077661803, "selection_24": 1, "shapley_value_25": -1.8485410039623578, "selection_25": 0, "shapley_value_26": -2.038495186716318, "selection_26": 1, "shapley_value_27": -1.9117366472880042, "selection_27": 0, "shapley_value_28": -1.8389888977011046, "selection_28": 0, "shapley_value_29": -1.76489347361383, "selection_29": 0, "shapley_value_30": -1.8942264939347904, "selection_30": 0, "shapley_value_31": -1.9374233663082123, "selection_31": 0, "shapley_value_32": -1.3944600106527405, "selection_32": 0, "shapley_value_33": -1.73841424963691, "selection_33": 0, "shapley_value_34": -1.7987432868944273, "selection_34": 0, "shapley_value_35": -1.8203180966277912, "selection_35": 0, "shapley_value_36": -1.9023848474025726, "selection_36": 0, "shapley_value_37": -1.8136238018671669, "selection_37": 0, "shapley_value_38": -1.6909655747991614, "selection_38": 0, "shapley_value_39": -2.0392254119118056, "selection_39": 0, "_timestamp": 1687992140.1443875, "_runtime": 79.85153150558472, "_step": 99, "_wandb": {"runtime": 78}}