{"accuracy": 0.5023999810218811, "val_loss": 1.3643288612365723, "test_loss": 1.3887606859207153, "_timestamp": 1688032905.9242163, "_runtime": 99.21927618980408, "_step": 99, "_wandb": {"runtime": 97}}