{"accuracy": 0.9210000038146973, "val_loss": 0.294278085231781, "test_loss": 0.2811400890350342, "shapley_value_0": 0.0036648130416870118, "selection_0": 0, "shapley_value_1": 0.003522791862487793, "selection_1": 0, "shapley_value_2": 0.003026480674743653, "selection_2": 0, "shapley_value_3": 0.003531632423400879, "selection_3": 0, "shapley_value_4": 0.0029088640213012695, "selection_4": 0, "shapley_value_5": 0.002152972221374512, "selection_5": 0, "shapley_value_6": 0.003099265098571777, "selection_6": 0, "shapley_value_7": -0.0004222644002814042, "selection_7": 0, "shapley_value_8": 0.00217759132385254, "selection_8": 0, "shapley_value_9": 0.002321004867553711, "selection_9": 0, "shapley_value_10": 0.010562691688537598, "selection_10": 0, "shapley_value_11": 0.007805609703063966, "selection_11": 0, "shapley_value_12": 0.007848258018493648, "selection_12": 0, "shapley_value_13": 0.009439373016357423, "selection_13": 0, "shapley_value_14": 0.011326842308044432, "selection_14": 0, "shapley_value_15": 0.006649527549743652, "selection_15": 0, "shapley_value_16": 0.004603071212768554, "selection_16": 0, "shapley_value_17": 0.0019087934494018556, "selection_17": 0, "shapley_value_18": 0.006750612258911133, "selection_18": 0, "shapley_value_19": 0.10995268046855926, "selection_19": 0, "shapley_value_20": 0.018916034698486333, "selection_20": 0, "shapley_value_21": 0.01648921012878418, "selection_21": 0, "shapley_value_22": 0.014424729347229, "selection_22": 0, "shapley_value_23": 0.013690056800842286, "selection_23": 0, "shapley_value_24": 0.005512456893920898, "selection_24": 0, "shapley_value_25": 0.015678467750549315, "selection_25": 0, "shapley_value_26": -0.0005298037278024774, "selection_26": 0, "shapley_value_27": 0.07191429316997527, "selection_27": 0, "shapley_value_28": 0.010497188568115235, "selection_28": 0, "shapley_value_29": 0.024101295471191407, "selection_29": 0, "shapley_value_30": 0.015292735099792471, "selection_30": 0, "shapley_value_31": 0.02078120708465576, "selection_31": 0, "shapley_value_32": 0.018554606437683106, "selection_32": 0, "shapley_value_33": 0.02315101623535156, "selection_33": 0, "shapley_value_34": 0.022739319801330572, "selection_34": 0, "shapley_value_35": 0.027875227928161616, "selection_35": 0, "shapley_value_36": 0.017832884788513182, "selection_36": 0, "shapley_value_37": 0.013911614418029785, "selection_37": 0, "shapley_value_38": 0.07676979660987855, "selection_38": 0, "shapley_value_39": 0.013373517990112306, "selection_39": 0, "shapley_value_40": 0.030717601776123052, "selection_40": 0, "shapley_value_41": 0.03848240613937379, "selection_41": 0, "shapley_value_42": 0.06307197570800778, "selection_42": 0, "shapley_value_43": 0.08555493354797365, "selection_43": 0, "shapley_value_44": 0.2169187861480704, "selection_44": 1, "shapley_value_45": 0.061900837421417255, "selection_45": 0, "shapley_value_46": 0.04532426357269286, "selection_46": 0, "shapley_value_47": 0.11762422263622285, "selection_47": 0, "shapley_value_48": 0.04098010301589966, "selection_48": 0, "shapley_value_49": 0.05392067909240723, "selection_49": 0, "shapley_value_50": 0.024292664527893068, "selection_50": 0, "shapley_value_51": 0.08576004803180697, "selection_51": 0, "shapley_value_52": 0.05993917942047118, "selection_52": 0, "shapley_value_53": 0.0736164665222168, "selection_53": 0, "shapley_value_54": 0.04865975618362427, "selection_54": 0, "shapley_value_55": -0.0004814298529373972, "selection_55": 0, "shapley_value_56": 0.0724555778503418, "selection_56": 0, "shapley_value_57": 0.037197108268737795, "selection_57": 0, "shapley_value_58": 0.08356385469436646, "selection_58": 0, "shapley_value_59": 0.0482311749458313, "selection_59": 0, "shapley_value_60": 0.08507624626159664, "selection_60": 0, "shapley_value_61": 0.22808110133011672, "selection_61": 1, "shapley_value_62": 0.051054902076721184, "selection_62": 0, "shapley_value_63": 0.21250496037801095, "selection_63": 1, "shapley_value_64": 0.13224949757258098, "selection_64": 0, "shapley_value_65": 0.06710331916809083, "selection_65": 0, "shapley_value_66": 0.06134356489307004, "selection_66": 0, "shapley_value_67": 0.10440698623657227, "selection_67": 0, "shapley_value_68": 0.08897524118423462, "selection_68": 0, "shapley_value_69": 0.0522818660736084, "selection_69": 0, "shapley_value_70": 0.20253919609387724, "selection_70": 1, "shapley_value_71": 0.14953424131661128, "selection_71": 0, "shapley_value_72": 0.08980953931808472, "selection_72": 0, "shapley_value_73": 0.022430720329284667, "selection_73": 0, "shapley_value_74": 0.06891963720321656, "selection_74": 0, "shapley_value_75": 0.06697258710861206, "selection_75": 0, "shapley_value_76": 0.06488465070724486, "selection_76": 0, "shapley_value_77": 0.09074965238571167, "selection_77": 0, "shapley_value_78": 0.1338153076171875, "selection_78": 0, "shapley_value_79": 0.08791583538055417, "selection_79": 0, "shapley_value_80": 0.08103649854660032, "selection_80": 0, "shapley_value_81": 0.20555770162831657, "selection_81": 1, "shapley_value_82": 0.1328805911540985, "selection_82": 0, "shapley_value_83": 0.22123601469728674, "selection_83": 1, "shapley_value_84": 0.131963107585907, "selection_84": 0, "shapley_value_85": 0.053553818464279174, "selection_85": 0, "shapley_value_86": 0.21475222953919618, "selection_86": 1, "shapley_value_87": 0.10439169168472294, "selection_87": 0, "shapley_value_88": 0.12990529596805572, "selection_88": 0, "shapley_value_89": 0.13124667763710016, "selection_89": 0, "shapley_value_90": 0.08952328085899351, "selection_90": 0, "shapley_value_91": 0.20054972614252084, "selection_91": 1, "shapley_value_92": 0.0924441251942986, "selection_92": 0, "shapley_value_93": 0.1470139574011167, "selection_93": 0, "shapley_value_94": 0.12690928041934968, "selection_94": 0, "shapley_value_95": 0.05862096190452577, "selection_95": 0, "shapley_value_96": 0.10174128297128175, "selection_96": 0, "shapley_value_97": 0.14424285978078843, "selection_97": 0, "shapley_value_98": 0.21295481956553186, "selection_98": 1, "shapley_value_99": 0.21998659037573393, "selection_99": 1, "_timestamp": 1687949209.2981882, "_runtime": 293.6161823272705, "_step": 99, "_wandb": {"runtime": 292}}