{"accuracy": 0.12879998981952667, "val_loss": 2.9917678833007812, "test_loss": 3.0248310565948486, "_timestamp": 1688399084.0143857, "_runtime": 104.25477075576782, "_step": 99, "_wandb": {"runtime": 102}}