{"loss": 0.44194889068603516, "accuracy": 0.8707999587059021, "average_active_clients": 4.0, "_timestamp": 1686667683.2484581, "_runtime": 13.673761129379272, "_step": 399, "_wandb": {"runtime": 11}}