{"accuracy": 0.09719999879598618, "val_loss": 12.159781455993652, "test_loss": 12.285079002380371, "shapley_value_0": -1.683013985554377, "selection_0": 0, "shapley_value_1": 11.162123910429182, "selection_1": 1, "shapley_value_2": 0.30287392934163293, "selection_2": 0, "shapley_value_3": -0.27512651681900024, "selection_3": 0, "shapley_value_4": -2.2101173996925354, "selection_4": 0, "shapley_value_5": -1.424667100111644, "selection_5": 0, "shapley_value_6": -4.456863681475323, "selection_6": 0, "shapley_value_7": -2.7668389081954947, "selection_7": 0, "shapley_value_8": 0.840184211730957, "selection_8": 0, "shapley_value_9": -0.7658153474330911, "selection_9": 0, "shapley_value_10": -0.5580830276012423, "selection_10": 0, "shapley_value_11": 0.00785757104555973, "selection_11": 0, "shapley_value_12": -8.134094695250194, "selection_12": 0, "shapley_value_13": 0.9404272337754569, "selection_13": 0, "shapley_value_14": -4.6416718165079764, "selection_14": 0, "shapley_value_15": 0.027550379435220762, "selection_15": 0, "shapley_value_16": 10.026280448677838, "selection_16": 1, "shapley_value_17": -4.320234964291255, "selection_17": 0, "shapley_value_18": 10.473937044652665, "selection_18": 1, "shapley_value_19": -2.3644773960113508, "selection_19": 0, "shapley_value_20": -0.7047303398450211, "selection_20": 0, "shapley_value_21": -0.375420192877451, "selection_21": 0, "shapley_value_22": -2.887730439503988, "selection_22": 0, "shapley_value_23": 0.16301846504211603, "selection_23": 0, "shapley_value_24": -3.041220148404438, "selection_24": 0, "shapley_value_25": -0.9644794066747036, "selection_25": 0, "shapley_value_26": -0.22273586193720574, "selection_26": 0, "shapley_value_27": 0.7383724451065063, "selection_27": 0, "shapley_value_28": -2.2043259044488286, "selection_28": 0, "shapley_value_29": 1.016318142414093, "selection_29": 0, "shapley_value_30": -0.26427301764488176, "selection_30": 0, "shapley_value_31": 0.19153626759847064, "selection_31": 0, "shapley_value_32": -0.15507625540097547, "selection_32": 0, "shapley_value_33": -0.021069626013437315, "selection_33": 0, "shapley_value_34": 0.8234574596087132, "selection_34": 0, "shapley_value_35": -5.98298317193985, "selection_35": 0, "shapley_value_36": 1.1542809826356402, "selection_36": 1, "shapley_value_37": 0.35219107071558575, "selection_37": 0, "shapley_value_38": -8.44895491997401, "selection_38": 0, "shapley_value_39": 11.166126491942839, "selection_39": 1, "shapley_value_40": -0.4482432603836055, "selection_40": 0, "shapley_value_41": -2.0764240026474, "selection_41": 0, "shapley_value_42": -0.04359666506449322, "selection_42": 0, "shapley_value_43": -0.1951136589050284, "selection_43": 0, "shapley_value_44": 1.1492456272244465, "selection_44": 0, "shapley_value_45": -2.9721919298171997, "selection_45": 0, "shapley_value_46": -1.1852963831689618, "selection_46": 0, "shapley_value_47": -0.03392562270164445, "selection_47": 0, "shapley_value_48": -1.395108461380004, "selection_48": 0, "shapley_value_49": -1.3555798431237531, "selection_49": 0, "_timestamp": 1688380642.9621396, "_runtime": 110.09425449371338, "_step": 99, "_wandb": {"runtime": 108}}