{"accuracy": 0.08639999479055405, "val_loss": 2.304187059402466, "test_loss": 2.3042354583740234, "_timestamp": 1688035629.6179678, "_runtime": 146.3143367767334, "_step": 99, "_wandb": {"runtime": 144}}