{"loss": 2.2875852584838867, "accuracy": 0.10539999604225159, "average_active_clients": 10.0, "client_values_0": 0.0342082753777504, "client_values_1": 0.05, "client_values_2": 0.03341887146234512, "client_values_3": 0.05, "client_values_4": 0.03701052814722061, "client_values_5": 0.03472042828798294, "client_values_6": 0.0348130539059639, "client_values_7": 0.05, "client_values_8": 0.0369965024292469, "client_values_9": 0.05, "client_values_10": 0.05169348791241646, "client_values_11": 0.05, "client_values_12": 0.05187883973121643, "client_values_13": 0.048464663326740265, "client_values_14": 0.05, "client_values_15": 0.04970429465174675, "client_values_16": 0.05, "client_values_17": 0.05, "client_values_18": 0.05, "client_values_19": 0.05, "_timestamp": 1687255125.1829557, "_runtime": 15.16803765296936, "_step": 0}