{"loss": 0.414962500333786, "accuracy": 0.8739999532699585, "average_active_clients": 2.0, "_timestamp": 1686735225.7555945, "_runtime": 22.167251586914062, "_step": 399, "_wandb": {"runtime": 19}}