{"accuracy": 0.09439999610185623, "val_loss": 2.376513719558716, "test_loss": 2.3900487422943115, "_timestamp": 1688027469.1025376, "_runtime": 141.23691272735596, "_step": 99, "_wandb": {"runtime": 139}}