{"accuracy": 0.9205999970436096, "val_loss": 0.2581002116203308, "test_loss": 0.2808226943016052, "_timestamp": 1687870736.4499898, "_runtime": 415.13609790802, "_step": 99, "_wandb": {"runtime": 413}}