{"accuracy": 0.0965999960899353, "val_loss": 6.398730278015137, "test_loss": 6.445877552032471, "shapley_value_0": -1.4510909120241795, "selection_0": 0, "shapley_value_1": 0, "selection_1": 0, "shapley_value_2": 0.5962074200312295, "selection_2": 0, "shapley_value_3": 3.4032754389444992, "selection_3": 0, "shapley_value_4": -0.47273576259613037, "selection_4": 0, "shapley_value_5": 1.6250353356202445, "selection_5": 0, "shapley_value_6": 0, "selection_6": 0, "shapley_value_7": -1.7646769086519871, "selection_7": 0, "shapley_value_8": 4.245931638806475, "selection_8": 1, "shapley_value_9": -3.49087389310201, "selection_9": 0, "shapley_value_10": 0, "selection_10": 0, "shapley_value_11": -8.663500626881918, "selection_11": 0, "shapley_value_12": -0.33883226911226916, "selection_12": 0, "shapley_value_13": -2.3829306165377293, "selection_13": 0, "shapley_value_14": -5.708635250727335, "selection_14": 0, "shapley_value_15": 1.8409130387836032, "selection_15": 0, "shapley_value_16": 2.0557143945319982, "selection_16": 0, "shapley_value_17": 0.7275132305092283, "selection_17": 0, "shapley_value_18": 0.8547872834735447, "selection_18": 0, "shapley_value_19": 0.007561237723739388, "selection_19": 0, "shapley_value_20": 1.359215616494761, "selection_20": 0, "shapley_value_21": 1.8933482103877595, "selection_21": 0, "shapley_value_22": 0.9339858955807164, "selection_22": 1, "shapley_value_23": -5.540619095166523, "selection_23": 0, "shapley_value_24": -4.611612915992735, "selection_24": 0, "shapley_value_25": -7.8337602217992135, "selection_25": 0, "shapley_value_26": -3.783622801303864, "selection_26": 0, "shapley_value_27": 1.8996832966804504, "selection_27": 0, "shapley_value_28": 1.285305186554238, "selection_28": 0, "shapley_value_29": -0.8243881464004517, "selection_29": 0, "shapley_value_30": 1.5058840049637685, "selection_30": 0, "shapley_value_31": -3.0784969329833984, "selection_31": 0, "shapley_value_32": 0.95109232266744, "selection_32": 0, "shapley_value_33": 4.562154156190378, "selection_33": 1, "shapley_value_34": 0, "selection_34": 0, "shapley_value_35": 0, "selection_35": 0, "shapley_value_36": 4.639776858436319, "selection_36": 1, "shapley_value_37": 0, "selection_37": 0, "shapley_value_38": 2.440114027372113, "selection_38": 0, "shapley_value_39": 1.7462311718198993, "selection_39": 0, "shapley_value_40": -5.2162234981854745, "selection_40": 0, "shapley_value_41": -1.7426922023296352, "selection_41": 0, "shapley_value_42": 4.008634699715507, "selection_42": 0, "shapley_value_43": 1.889624303295499, "selection_43": 0, "shapley_value_44": 0.26602951288223337, "selection_44": 0, "shapley_value_45": -12.907567918300629, "selection_45": 0, "shapley_value_46": 4.087685784468284, "selection_46": 1, "shapley_value_47": 0, "selection_47": 0, "shapley_value_48": 0.2959379156430568, "selection_48": 0, "shapley_value_49": -4.022313356399536, "selection_49": 0, "_timestamp": 1688387728.5024362, "_runtime": 105.20080709457397, "_step": 99, "_wandb": {"runtime": 103}}