{"accuracy": 0.4919317066669464, "val_loss": 1.5075515508651733, "test_loss": 1.5073612928390503, "_timestamp": 1688039521.3717413, "_runtime": 11.546556234359741, "_step": 5}