{"accuracy": 0.09719999879598618, "val_loss": 12.181462287902832, "test_loss": 12.274210929870605, "shapley_value_0": -1.2309615314006803, "selection_0": 0, "shapley_value_1": 11.28830859877847, "selection_1": 1, "shapley_value_2": 0.35792893171310425, "selection_2": 0, "shapley_value_3": -0.42304648955663104, "selection_3": 0, "shapley_value_4": -2.079777856667837, "selection_4": 0, "shapley_value_5": 0.8440416521496245, "selection_5": 0, "shapley_value_6": -4.0866037011146545, "selection_6": 0, "shapley_value_7": 0.8864850650231046, "selection_7": 0, "shapley_value_8": 0.9984823266665144, "selection_8": 0, "shapley_value_9": 0.27516506115595263, "selection_9": 0, "shapley_value_10": -3.725846489270528, "selection_10": 0, "shapley_value_11": -0.5942507187525439, "selection_11": 0, "shapley_value_12": -4.051958958307901, "selection_12": 0, "shapley_value_13": 0.2807539105415344, "selection_13": 0, "shapley_value_14": -5.029947678248089, "selection_14": 0, "shapley_value_15": 0.07961165904998779, "selection_15": 0, "shapley_value_16": 10.097056916466466, "selection_16": 1, "shapley_value_17": -3.5016991496086134, "selection_17": 0, "shapley_value_18": 10.557638823986052, "selection_18": 1, "shapley_value_19": 0.8121061921119694, "selection_19": 0, "shapley_value_20": -0.23818626999854953, "selection_20": 0, "shapley_value_21": -0.06646188100179007, "selection_21": 0, "shapley_value_22": -2.409193128347396, "selection_22": 0, "shapley_value_23": 0.381931453943253, "selection_23": 0, "shapley_value_24": -3.8960118293762207, "selection_24": 0, "shapley_value_25": -1.5575171907742824, "selection_25": 0, "shapley_value_26": -0.08525047699610466, "selection_26": 0, "shapley_value_27": 0.6149988969167062, "selection_27": 0, "shapley_value_28": -1.9976771473884576, "selection_28": 0, "shapley_value_29": -6.942408363024397, "selection_29": 0, "shapley_value_30": -0.7158038020133979, "selection_30": 0, "shapley_value_31": 0.22892165184020996, "selection_31": 0, "shapley_value_32": -1.6109453042348227, "selection_32": 0, "shapley_value_33": 0.1409052610397339, "selection_33": 0, "shapley_value_34": 0.6631800333658866, "selection_34": 0, "shapley_value_35": -1.0543754200140634, "selection_35": 0, "shapley_value_36": 1.1014507263285638, "selection_36": 1, "shapley_value_37": 0.2371401588122044, "selection_37": 0, "shapley_value_38": -9.218844135602314, "selection_38": 0, "shapley_value_39": 11.309220599379513, "selection_39": 1, "shapley_value_40": -0.49364290634791086, "selection_40": 0, "shapley_value_41": -1.6301986773808803, "selection_41": 0, "shapley_value_42": -0.10284187396367361, "selection_42": 0, "shapley_value_43": -0.2653103272120161, "selection_43": 0, "shapley_value_44": 0.9382598606745409, "selection_44": 0, "shapley_value_45": -2.4488229552904777, "selection_45": 0, "shapley_value_46": -5.986518273750943, "selection_46": 0, "shapley_value_47": -1.1108676691850037, "selection_47": 0, "shapley_value_48": -2.004139622052512, "selection_48": 0, "shapley_value_49": -2.187218974033989, "selection_49": 0, "_timestamp": 1688379020.4944983, "_runtime": 103.86074829101562, "_step": 99, "_wandb": {"runtime": 102}}