{"accuracy": 0.9350000023841858, "val_loss": 0.22972455620765686, "test_loss": 0.21628721058368683, "shapley_value_0": -1.6009714286296792, "selection_0": 0, "shapley_value_1": -1.8493858966089431, "selection_1": 0, "shapley_value_2": -1.9278899442266533, "selection_2": 0, "shapley_value_3": -1.7944165617227554, "selection_3": 0, "shapley_value_4": -1.7748918625570476, "selection_4": 0, "shapley_value_5": -1.945238430052996, "selection_5": 0, "shapley_value_6": -1.8411432728171349, "selection_6": 0, "shapley_value_7": -1.900391853517956, "selection_7": 0, "shapley_value_8": -1.9216659969339769, "selection_8": 1, "shapley_value_9": -1.801855852206548, "selection_9": 0, "shapley_value_10": -1.988048353542884, "selection_10": 0, "shapley_value_11": -1.7519309038207644, "selection_11": 0, "shapley_value_12": -1.9663386543591819, "selection_12": 1, "shapley_value_13": -1.9710536847511928, "selection_13": 0, "shapley_value_14": -1.9368824816885446, "selection_14": 0, "shapley_value_15": -1.7146523535724671, "selection_15": 1, "shapley_value_16": -1.8052784768920958, "selection_16": 0, "shapley_value_17": -1.9902936329444247, "selection_17": 0, "shapley_value_18": -1.7821552509611303, "selection_18": 0, "shapley_value_19": -1.740154137978187, "selection_19": 0, "shapley_value_20": -1.94315434495608, "selection_20": 0, "shapley_value_21": -1.7216330532516755, "selection_21": 0, "shapley_value_22": -1.5880866025884948, "selection_22": 0, "shapley_value_23": -1.904062644098744, "selection_23": 0, "shapley_value_24": -1.7922106557167494, "selection_24": 0, "shapley_value_25": -1.9504562877118587, "selection_25": 0, "shapley_value_26": -1.979092579955856, "selection_26": 1, "shapley_value_27": -1.43149134516716, "selection_27": 0, "shapley_value_28": -1.608209594587485, "selection_28": 0, "shapley_value_29": -1.9945646412670612, "selection_29": 0, "shapley_value_30": -1.6177974257204268, "selection_30": 0, "shapley_value_31": -1.994002676672406, "selection_31": 0, "shapley_value_32": -1.9877840443736032, "selection_32": 0, "shapley_value_33": -1.965009838342667, "selection_33": 0, "shapley_value_34": -1.9905458955715098, "selection_34": 0, "shapley_value_35": -1.7747640651133325, "selection_35": 0, "shapley_value_36": -1.9300373527738783, "selection_36": 0, "shapley_value_37": -1.8535000031644644, "selection_37": 0, "shapley_value_38": -1.7016818638031301, "selection_38": 0, "shapley_value_39": -1.8270486493905385, "selection_39": 0, "_timestamp": 1688023202.132354, "_runtime": 84.48404502868652, "_step": 99, "_wandb": {"runtime": 82}}