{"accuracy": 0.8339502215385437, "val_loss": 0.535305380821228, "test_loss": 0.5383312106132507, "shapley_value_0": -1.24307272500462, "selection_0": 0, "shapley_value_1": -1.2431442119457106, "selection_1": 0, "shapley_value_2": -1.0343462503873384, "selection_2": 0, "shapley_value_3": -1.2150610202834724, "selection_3": 0, "shapley_value_4": -0.9948907295862833, "selection_4": 0, "shapley_value_5": -1.555692441535718, "selection_5": 0, "shapley_value_6": -1.543058074437655, "selection_6": 0, "shapley_value_7": -1.040461812700544, "selection_7": 0, "shapley_value_8": -1.2912944970708906, "selection_8": 0, "shapley_value_9": -1.5656366546948748, "selection_9": 0, "shapley_value_10": -1.0824212084213893, "selection_10": 0, "shapley_value_11": -1.555893055030278, "selection_11": 0, "shapley_value_12": -1.1439650634924572, "selection_12": 0, "shapley_value_13": -1.4381124840842352, "selection_13": 0, "shapley_value_14": -1.0237181094976573, "selection_14": 0, "shapley_value_15": -1.2468648101344253, "selection_15": 0, "shapley_value_16": -1.332164396842321, "selection_16": 0, "shapley_value_17": -1.6088184118270878, "selection_17": 0, "shapley_value_18": -1.3080653607845307, "selection_18": 0, "shapley_value_19": -1.3160089430985626, "selection_19": 0, "shapley_value_20": -1.1825329336253079, "selection_20": 0, "shapley_value_21": -1.2033071749740176, "selection_21": 1, "shapley_value_22": -1.315893610318502, "selection_22": 0, "shapley_value_23": -1.1471323948917966, "selection_23": 0, "shapley_value_24": -1.4469335888113295, "selection_24": 1, "shapley_value_25": -1.1934601178875672, "selection_25": 1, "shapley_value_26": -1.4315875353235186, "selection_26": 0, "shapley_value_27": -1.1672227084636688, "selection_27": 0, "shapley_value_28": -1.1295725612929375, "selection_28": 0, "shapley_value_29": -1.29769039515293, "selection_29": 0, "shapley_value_30": -1.4702772249778113, "selection_30": 0, "shapley_value_31": -1.394488311476178, "selection_31": 0, "shapley_value_32": -0.9789049043541862, "selection_32": 0, "shapley_value_33": -1.3180059442917504, "selection_33": 0, "shapley_value_34": -1.37462236178227, "selection_34": 1, "shapley_value_35": -1.3147638489802678, "selection_35": 0, "shapley_value_36": -1.673372844854991, "selection_36": 0, "shapley_value_37": -1.1701549755202398, "selection_37": 0, "shapley_value_38": -1.1958529190583662, "selection_38": 0, "shapley_value_39": -1.2483001632822883, "selection_39": 0, "_timestamp": 1687971535.7596931, "_runtime": 82.59558916091919, "_step": 99, "_wandb": {"runtime": 81}}