{"accuracy": 0.10239999741315842, "val_loss": 13.089059829711914, "test_loss": 13.037069320678711, "shapley_value_0": 2.5990412759058388, "selection_0": 0, "shapley_value_1": 0.9123107478732155, "selection_1": 0, "shapley_value_2": 2.333475889431106, "selection_2": 0, "shapley_value_3": 7.580830483582981, "selection_3": 1, "shapley_value_4": -4.293620838059319, "selection_4": 0, "shapley_value_5": 4.180074562629063, "selection_5": 0, "shapley_value_6": -3.1520291368166604, "selection_6": 0, "shapley_value_7": 4.620411240061123, "selection_7": 0, "shapley_value_8": 7.636656842979731, "selection_8": 1, "shapley_value_9": 1.013213143462226, "selection_9": 0, "shapley_value_10": -0.06722732782363919, "selection_10": 0, "shapley_value_11": -1.8841917216777802, "selection_11": 0, "shapley_value_12": -1.4065227111180625, "selection_12": 0, "shapley_value_13": -0.9630273381868999, "selection_13": 0, "shapley_value_14": -3.8676612906985812, "selection_14": 0, "shapley_value_15": 0.18488855361938486, "selection_15": 0, "shapley_value_16": 2.9380362550417587, "selection_16": 0, "shapley_value_17": 0.6694987780518002, "selection_17": 0, "shapley_value_18": 1.94084667075764, "selection_18": 0, "shapley_value_19": -2.711012199521064, "selection_19": 0, "shapley_value_20": -0.5047284086545314, "selection_20": 0, "shapley_value_21": 2.695825254917145, "selection_21": 0, "shapley_value_22": 0.026506654421488564, "selection_22": 0, "shapley_value_23": -1.9630854427814477, "selection_23": 0, "shapley_value_24": -5.371572623650235, "selection_24": 0, "shapley_value_25": -3.9752638207541575, "selection_25": 0, "shapley_value_26": -2.4694684942563376, "selection_26": 0, "shapley_value_27": -1.9292405479484127, "selection_27": 0, "shapley_value_28": -0.08272025651401978, "selection_28": 0, "shapley_value_29": -2.386245374878248, "selection_29": 0, "shapley_value_30": 1.96843484044075, "selection_30": 0, "shapley_value_31": -2.013790599505107, "selection_31": 0, "shapley_value_32": 2.350644472572538, "selection_32": 0, "shapley_value_33": 7.5446712502047575, "selection_33": 1, "shapley_value_34": -0.1150806177230105, "selection_34": 0, "shapley_value_35": -3.0687849322954803, "selection_35": 0, "shapley_value_36": 4.3634513838618405, "selection_36": 0, "shapley_value_37": 0.020268599192301194, "selection_37": 0, "shapley_value_38": -0.2383692363897958, "selection_38": 0, "shapley_value_39": 2.064486400286357, "selection_39": 0, "shapley_value_40": -2.6057704819573293, "selection_40": 0, "shapley_value_41": -1.2104033877452216, "selection_41": 0, "shapley_value_42": 7.50757724046707, "selection_42": 1, "shapley_value_43": 4.870099064550901, "selection_43": 0, "shapley_value_44": 4.444575650824443, "selection_44": 0, "shapley_value_45": -1.340993036826452, "selection_45": 0, "shapley_value_46": 7.837449298663574, "selection_46": 1, "shapley_value_47": 0.7060193618138637, "selection_47": 0, "shapley_value_48": -2.098222677906355, "selection_48": 0, "shapley_value_49": -0.2899090534164791, "selection_49": 0, "_timestamp": 1688383422.533547, "_runtime": 110.33294796943665, "_step": 99, "_wandb": {"runtime": 108}}