{"accuracy": 0.9350000023841858, "val_loss": 0.2293892651796341, "test_loss": 0.2151516079902649, "_timestamp": 1688025696.2282374, "_runtime": 138.00618743896484, "_step": 99, "_wandb": {"runtime": 136}}