{"accuracy": 0.14180000126361847, "val_loss": 2.9140398502349854, "test_loss": 2.945453643798828, "_timestamp": 1688409454.2809618, "_runtime": 146.29265666007996, "_step": 99, "_wandb": {"runtime": 144}}