{"accuracy": 0.10019999742507935, "val_loss": 4.27316951751709, "test_loss": 4.279166221618652, "shapley_value_0": 4.401266135509661, "selection_0": 1, "shapley_value_1": 0, "selection_1": 0, "shapley_value_2": 2.52927650298391, "selection_2": 1, "shapley_value_3": 0, "selection_3": 0, "shapley_value_4": 0.5217750602298309, "selection_4": 0, "shapley_value_5": 2.639963082823099, "selection_5": 0, "shapley_value_6": -0.9149832328160603, "selection_6": 0, "shapley_value_7": 2.346389600524196, "selection_7": 0, "shapley_value_8": 1.8103544144403367, "selection_8": 0, "shapley_value_9": 0, "selection_9": 0, "shapley_value_10": -4.81735905011495, "selection_10": 0, "shapley_value_11": -8.428643186887106, "selection_11": 0, "shapley_value_12": 0.280664066473643, "selection_12": 0, "shapley_value_13": -3.7196672360102347, "selection_13": 0, "shapley_value_14": -0.21587886412938406, "selection_14": 0, "shapley_value_15": 1.7950046429267297, "selection_15": 0, "shapley_value_16": -0.21706253290176392, "selection_16": 0, "shapley_value_17": 0, "selection_17": 0, "shapley_value_18": 0, "selection_18": 0, "shapley_value_19": -1.8182019988695757, "selection_19": 0, "shapley_value_20": 2.014388753308191, "selection_20": 0, "shapley_value_21": 0, "selection_21": 0, "shapley_value_22": 0.5353839619954419, "selection_22": 0, "shapley_value_23": -8.33086218436559, "selection_23": 0, "shapley_value_24": -6.285536289215088, "selection_24": 0, "shapley_value_25": -5.0781919558842965, "selection_25": 0, "shapley_value_26": -2.5759324232737235, "selection_26": 0, "shapley_value_27": 2.4697481773116374, "selection_27": 0, "shapley_value_28": 1.545971830685933, "selection_28": 0, "shapley_value_29": 3.1027539471785235, "selection_29": 0, "shapley_value_30": 0.940500358740489, "selection_30": 0, "shapley_value_31": -0.6054113904635106, "selection_31": 0, "shapley_value_32": 2.8041092363141833, "selection_32": 0, "shapley_value_33": 1.7788692801086985, "selection_33": 0, "shapley_value_34": 1.9682682991027831, "selection_34": 0, "shapley_value_35": 0, "selection_35": 0, "shapley_value_36": -2.387492020924885, "selection_36": 0, "shapley_value_37": 1.241319521268209, "selection_37": 0, "shapley_value_38": 2.039875303942059, "selection_38": 0, "shapley_value_39": -3.4719612797101327, "selection_39": 0, "shapley_value_40": 1.4773481921716174, "selection_40": 1, "shapley_value_41": -4.382905066013336, "selection_41": 0, "shapley_value_42": 2.1566608244912664, "selection_42": 0, "shapley_value_43": -0.25146694978078266, "selection_43": 0, "shapley_value_44": 4.661708750081866, "selection_44": 1, "shapley_value_45": -4.08894350131353, "selection_45": 0, "shapley_value_46": 2.7754508013366377, "selection_46": 1, "shapley_value_47": 0, "selection_47": 0, "shapley_value_48": 0, "selection_48": 0, "shapley_value_49": -1.3213321765263881, "selection_49": 0, "_timestamp": 1688390602.2851698, "_runtime": 107.79938888549805, "_step": 99, "_wandb": {"runtime": 106}}