{"accuracy": 0.10439999401569366, "val_loss": 4.8521952629089355, "test_loss": 4.79681396484375, "_timestamp": 1688036542.057577, "_runtime": 141.15174984931946, "_step": 99, "_wandb": {"runtime": 139}}