{"loss": 0.38773593306541443, "accuracy": 0.8840000033378601, "average_active_clients": 2.0, "_timestamp": 1686735564.0402353, "_runtime": 22.41308617591858, "_step": 399, "_wandb": {"runtime": 18}}