{"accuracy": 0.9351999759674072, "val_loss": 0.23068279027938843, "test_loss": 0.2157188057899475, "shapley_value_0": -1.8342525863813028, "selection_0": 0, "shapley_value_1": -1.6821211983760198, "selection_1": 0, "shapley_value_2": -1.7917529332141084, "selection_2": 0, "shapley_value_3": -1.79053396096936, "selection_3": 0, "shapley_value_4": -2.0049880047639212, "selection_4": 0, "shapley_value_5": -1.779745691904315, "selection_5": 1, "shapley_value_6": -1.8875214383006094, "selection_6": 0, "shapley_value_7": -1.9598842412233353, "selection_7": 1, "shapley_value_8": -1.6473082637503034, "selection_8": 0, "shapley_value_9": -1.7397997589023024, "selection_9": 0, "shapley_value_10": -1.7792944301057747, "selection_10": 0, "shapley_value_11": -2.0172828058401744, "selection_11": 0, "shapley_value_12": -1.66991629745021, "selection_12": 0, "shapley_value_13": -2.0095182822810274, "selection_13": 0, "shapley_value_14": -1.9848262899451787, "selection_14": 0, "shapley_value_15": -1.8024003316055646, "selection_15": 0, "shapley_value_16": -1.6531411718439173, "selection_16": 0, "shapley_value_17": -1.5340879728396735, "selection_17": 0, "shapley_value_18": -1.994917408341453, "selection_18": 0, "shapley_value_19": -1.8643081702969295, "selection_19": 0, "shapley_value_20": -1.7280525385569305, "selection_20": 0, "shapley_value_21": -1.6134529131831548, "selection_21": 0, "shapley_value_22": -1.9750961278166084, "selection_22": 0, "shapley_value_23": -1.9833449346549583, "selection_23": 0, "shapley_value_24": -1.7559271923921724, "selection_24": 1, "shapley_value_25": -1.7860723942518235, "selection_25": 0, "shapley_value_26": -1.9821961842201377, "selection_26": 0, "shapley_value_27": -1.8746200526754062, "selection_27": 0, "shapley_value_28": -1.9735852206746738, "selection_28": 0, "shapley_value_29": -1.7271630236735713, "selection_29": 0, "shapley_value_30": -1.8033745785554247, "selection_30": 0, "shapley_value_31": -1.759522054231528, "selection_31": 0, "shapley_value_32": -1.893379975689782, "selection_32": 0, "shapley_value_33": -1.67199615185911, "selection_33": 0, "shapley_value_34": -1.999416828569439, "selection_34": 0, "shapley_value_35": -1.9077224240948756, "selection_35": 1, "shapley_value_36": -1.882387687380497, "selection_36": 0, "shapley_value_37": -1.6652265787124634, "selection_37": 0, "shapley_value_38": -1.8233601359857452, "selection_38": 0, "shapley_value_39": -1.870309575628012, "selection_39": 0, "_timestamp": 1688023111.5666633, "_runtime": 84.35805630683899, "_step": 99, "_wandb": {"runtime": 82}}