{"accuracy": 0.9373999834060669, "val_loss": 0.23058420419692993, "test_loss": 0.2151389867067337, "_timestamp": 1688023950.7959673, "_runtime": 82.26541328430176, "_step": 99, "_wandb": {"runtime": 80}}