{"accuracy": 0.9174000024795532, "val_loss": 0.2993675470352173, "test_loss": 0.28272032737731934, "_timestamp": 1688026577.0895076, "_runtime": 141.25568962097168, "_step": 99, "_wandb": {"runtime": 139}}