{"accuracy": 0.9235999584197998, "val_loss": 0.27851593494415283, "test_loss": 0.25556907057762146, "shapley_value_0": -1.753573054075241, "selection_0": 0, "shapley_value_1": -1.5911270948973568, "selection_1": 1, "shapley_value_2": -1.798068243265152, "selection_2": 0, "shapley_value_3": -1.7357627491156258, "selection_3": 0, "shapley_value_4": -1.8270789186159768, "selection_4": 0, "shapley_value_5": -1.7878534416357674, "selection_5": 0, "shapley_value_6": -1.755203062295914, "selection_6": 0, "shapley_value_7": -1.7636236846446995, "selection_7": 0, "shapley_value_8": -1.7383464237054187, "selection_8": 0, "shapley_value_9": -1.7171143710613255, "selection_9": 0, "shapley_value_10": -1.8485547562440232, "selection_10": 0, "shapley_value_11": -1.770026353995005, "selection_11": 0, "shapley_value_12": -1.6979386081298191, "selection_12": 0, "shapley_value_13": -1.7458968500296272, "selection_13": 0, "shapley_value_14": -1.8066547453403472, "selection_14": 0, "shapley_value_15": -1.7737414012352626, "selection_15": 0, "shapley_value_16": -1.7129382093747456, "selection_16": 0, "shapley_value_17": -1.8573916286230088, "selection_17": 0, "shapley_value_18": -1.9063370456298194, "selection_18": 0, "shapley_value_19": -1.7912409285704296, "selection_19": 0, "shapley_value_20": -1.8397475798924763, "selection_20": 0, "shapley_value_21": -1.7012116024891533, "selection_21": 0, "shapley_value_22": -1.7639849702517185, "selection_22": 0, "shapley_value_23": -1.8839348147312802, "selection_23": 0, "shapley_value_24": -1.783758447567622, "selection_24": 0, "shapley_value_25": -1.881133444110553, "selection_25": 0, "shapley_value_26": -1.9420700897773109, "selection_26": 1, "shapley_value_27": -1.8807571351528167, "selection_27": 0, "shapley_value_28": -1.7656435201565426, "selection_28": 0, "shapley_value_29": -1.923409919937452, "selection_29": 1, "shapley_value_30": -1.7122111479441326, "selection_30": 0, "shapley_value_31": -1.9602831811816601, "selection_31": 0, "shapley_value_32": -1.5808978568423881, "selection_32": 1, "shapley_value_33": -1.7141921738783517, "selection_33": 0, "shapley_value_34": -1.8938063571850456, "selection_34": 0, "shapley_value_35": -1.842532233397166, "selection_35": 0, "shapley_value_36": -1.8880742559830346, "selection_36": 0, "shapley_value_37": -1.7967037240664165, "selection_37": 0, "shapley_value_38": -1.6985387414693833, "selection_38": 0, "shapley_value_39": -1.9986181755860646, "selection_39": 0, "_timestamp": 1687990948.615295, "_runtime": 78.44580388069153, "_step": 99, "_wandb": {"runtime": 76}}