{"accuracy": 0.13840000331401825, "val_loss": 4.693106651306152, "test_loss": 4.761501789093018, "_timestamp": 1688404190.608255, "_runtime": 146.37476587295532, "_step": 99, "_wandb": {"runtime": 144}}