{"accuracy": 0.10239999741315842, "val_loss": 4.04306173324585, "test_loss": 4.1048479080200195, "shapley_value_0": 1.9908654923949922, "selection_0": 0, "shapley_value_1": 5.186235209968355, "selection_1": 1, "shapley_value_2": 0, "selection_2": 0, "shapley_value_3": 0.21220156550407432, "selection_3": 0, "shapley_value_4": -2.994493643442789, "selection_4": 0, "shapley_value_5": 0.2415546576182055, "selection_5": 0, "shapley_value_6": 0, "selection_6": 0, "shapley_value_7": 2.72510440227313, "selection_7": 0, "shapley_value_8": -0.2548362811406455, "selection_8": 1, "shapley_value_9": -1.0406485348939905, "selection_9": 0, "shapley_value_10": -2.418780505657196, "selection_10": 0, "shapley_value_11": 1.8938680688540148, "selection_11": 0, "shapley_value_12": -0.8939193718963198, "selection_12": 0, "shapley_value_13": -5.558595776557924, "selection_13": 0, "shapley_value_14": -6.480483770370482, "selection_14": 0, "shapley_value_15": 0, "selection_15": 0, "shapley_value_16": 5.113242525956158, "selection_16": 1, "shapley_value_17": 2.9938175518025645, "selection_17": 0, "shapley_value_18": 5.15870457238112, "selection_18": 0, "shapley_value_19": -2.4659417867660522, "selection_19": 0, "shapley_value_20": -2.365588506062826, "selection_20": 0, "shapley_value_21": 2.200242181619007, "selection_21": 0, "shapley_value_22": 0, "selection_22": 0, "shapley_value_23": 1.802083677715725, "selection_23": 0, "shapley_value_24": -5.893490691979727, "selection_24": 0, "shapley_value_25": -11.647057135899864, "selection_25": 0, "shapley_value_26": -12.839250922203064, "selection_26": 0, "shapley_value_27": 2.719766682670229, "selection_27": 1, "shapley_value_28": 3.7463983694712333, "selection_28": 0, "shapley_value_29": 2.299016267061233, "selection_29": 0, "shapley_value_30": 2.497533288739976, "selection_30": 0, "shapley_value_31": 2.4690656065940857, "selection_31": 0, "shapley_value_32": 1.4390609147501927, "selection_32": 0, "shapley_value_33": 2.8336264550685875, "selection_33": 0, "shapley_value_34": -7.299914479255676, "selection_34": 0, "shapley_value_35": -1.489441189501022, "selection_35": 0, "shapley_value_36": 2.5688114386421064, "selection_36": 0, "shapley_value_37": -0.9363795518875122, "selection_37": 0, "shapley_value_38": 0, "selection_38": 0, "shapley_value_39": 0.029303153355915157, "selection_39": 0, "shapley_value_40": 0, "selection_40": 0, "shapley_value_41": -7.5443586508433, "selection_41": 0, "shapley_value_42": -5.306615908940632, "selection_42": 0, "shapley_value_43": 0, "selection_43": 0, "shapley_value_44": 0, "selection_44": 0, "shapley_value_45": 0, "selection_45": 0, "shapley_value_46": 0, "selection_46": 0, "shapley_value_47": 1.5650032120091577, "selection_47": 0, "shapley_value_48": 0, "selection_48": 0, "shapley_value_49": 1.793440824084811, "selection_49": 1, "_timestamp": 1688392483.573452, "_runtime": 114.50389695167542, "_step": 99, "_wandb": {"runtime": 112}}