{"accuracy": 0.9273999929428101, "val_loss": 0.2670818567276001, "test_loss": 0.249407097697258, "shapley_value_0": -1.7541216611862183, "selection_0": 0, "shapley_value_1": -1.5637804269790645, "selection_1": 0, "shapley_value_2": -1.7980308492978412, "selection_2": 0, "shapley_value_3": -1.738027322292328, "selection_3": 0, "shapley_value_4": -1.8270262211561203, "selection_4": 0, "shapley_value_5": -1.7875274697939556, "selection_5": 0, "shapley_value_6": -1.7545962949593865, "selection_6": 0, "shapley_value_7": -1.7631799379984539, "selection_7": 0, "shapley_value_8": -1.7390072147051492, "selection_8": 0, "shapley_value_9": -1.7166683554649356, "selection_9": 0, "shapley_value_10": -1.8485880146423974, "selection_10": 0, "shapley_value_11": -1.7695519804954525, "selection_11": 0, "shapley_value_12": -1.7017611265182495, "selection_12": 0, "shapley_value_13": -1.7432015538215633, "selection_13": 0, "shapley_value_14": -1.806631584962209, "selection_14": 0, "shapley_value_15": -1.77453410923481, "selection_15": 0, "shapley_value_16": -1.7140637010335922, "selection_16": 0, "shapley_value_17": -1.8573393285274507, "selection_17": 0, "shapley_value_18": -1.8999867916107178, "selection_18": 1, "shapley_value_19": -1.7912329892317456, "selection_19": 0, "shapley_value_20": -1.8397449721892674, "selection_20": 0, "shapley_value_21": -1.6999580880006153, "selection_21": 0, "shapley_value_22": -1.7642328540484105, "selection_22": 0, "shapley_value_23": -1.8838012039661407, "selection_23": 0, "shapley_value_24": -1.7837976515293121, "selection_24": 0, "shapley_value_25": -1.881103756030401, "selection_25": 0, "shapley_value_26": -1.921554407477379, "selection_26": 1, "shapley_value_27": -1.880794134736061, "selection_27": 0, "shapley_value_28": -1.7651610642671585, "selection_28": 0, "shapley_value_29": -1.8999972969293595, "selection_29": 0, "shapley_value_30": -1.7123075435558957, "selection_30": 0, "shapley_value_31": -1.964952610929807, "selection_31": 1, "shapley_value_32": -1.5702835013469063, "selection_32": 0, "shapley_value_33": -1.7145506848891574, "selection_33": 0, "shapley_value_34": -1.8938636998335519, "selection_34": 0, "shapley_value_35": -1.8425727158784866, "selection_35": 0, "shapley_value_36": -1.890299210945765, "selection_36": 0, "shapley_value_37": -1.7967307180166245, "selection_37": 0, "shapley_value_38": -1.7081983625888824, "selection_38": 0, "shapley_value_39": -1.9755266815423969, "selection_39": 1, "_timestamp": 1687991199.676087, "_runtime": 75.31300783157349, "_step": 99, "_wandb": {"runtime": 73}}