{"accuracy": 0.9389999508857727, "val_loss": 0.23409751057624817, "test_loss": 0.21975256502628326, "shapley_value_0": 0.2063715152144432, "selection_0": 0, "shapley_value_1": 0.1850468335747719, "selection_1": 0, "shapley_value_2": 0.17396322470903397, "selection_2": 0, "shapley_value_3": 0.17039556536078457, "selection_3": 0, "shapley_value_4": 0.22094610208272933, "selection_4": 0, "shapley_value_5": 0.18124751070141792, "selection_5": 0, "shapley_value_6": 0.17288117477297787, "selection_6": 0, "shapley_value_7": 0.2153733271956444, "selection_7": 0, "shapley_value_8": 0.2055402564406395, "selection_8": 0, "shapley_value_9": 0.17063483813405037, "selection_9": 1, "shapley_value_10": 0.18215252774953844, "selection_10": 0, "shapley_value_11": 0.18960838574171063, "selection_11": 0, "shapley_value_12": 0.19002853539586068, "selection_12": 0, "shapley_value_13": 0.14242521691322327, "selection_13": 1, "shapley_value_14": 0.14645894679427146, "selection_14": 1, "shapley_value_15": 0.20708256950974463, "selection_15": 0, "shapley_value_16": 0.22484000736474993, "selection_16": 0, "shapley_value_17": 0.18911313417553902, "selection_17": 0, "shapley_value_18": 0.19260466226935385, "selection_18": 0, "shapley_value_19": 0.21382602359425454, "selection_19": 0, "shapley_value_20": 0.20234109282179888, "selection_20": 0, "shapley_value_21": 0.2005195206701756, "selection_21": 0, "shapley_value_22": 0.2381617775857448, "selection_22": 0, "shapley_value_23": 0.17684529691934586, "selection_23": 0, "shapley_value_24": 0.22238688969612125, "selection_24": 0, "shapley_value_25": 0.23131419068574907, "selection_25": 0, "shapley_value_26": 0.16108317700028418, "selection_26": 1, "shapley_value_27": 0.21478937458992003, "selection_27": 0, "shapley_value_28": 0.1697435666322708, "selection_28": 0, "shapley_value_29": 0.19140700418227596, "selection_29": 0, "shapley_value_30": 0.23355332669615744, "selection_30": 0, "shapley_value_31": 0.21373192554712298, "selection_31": 0, "shapley_value_32": 0.2268262240588665, "selection_32": 0, "shapley_value_33": 0.17563490352034566, "selection_33": 0, "shapley_value_34": 0.20101781153678897, "selection_34": 0, "shapley_value_35": 0.19413114058971404, "selection_35": 0, "shapley_value_36": 0.23953912419080736, "selection_36": 0, "shapley_value_37": 0.17687349176406858, "selection_37": 0, "shapley_value_38": 0.1997741170823574, "selection_38": 0, "shapley_value_39": 0.16336781749129298, "selection_39": 0, "shapley_value_40": 0.21781561532616617, "selection_40": 0, "shapley_value_41": 0.16252636978030205, "selection_41": 0, "shapley_value_42": 0.17340255359285758, "selection_42": 0, "shapley_value_43": 0.1939679572582245, "selection_43": 0, "shapley_value_44": 0.23294843852519986, "selection_44": 0, "shapley_value_45": 0.19490813633799556, "selection_45": 0, "shapley_value_46": 0.18913762316107746, "selection_46": 0, "shapley_value_47": 0.22553491169214257, "selection_47": 0, "shapley_value_48": 0.2577739227712154, "selection_48": 0, "shapley_value_49": 0.22800487112998963, "selection_49": 0, "shapley_value_50": 0.22972376820445062, "selection_50": 0, "shapley_value_51": 0.20747962731122968, "selection_51": 0, "shapley_value_52": 0.20888030970096588, "selection_52": 0, "shapley_value_53": 0.19418993143972596, "selection_53": 0, "shapley_value_54": 0.17864221826195714, "selection_54": 0, "shapley_value_55": 0.1842814826667309, "selection_55": 0, "shapley_value_56": 0.18332491284608846, "selection_56": 0, "shapley_value_57": 0.21981663459539416, "selection_57": 0, "shapley_value_58": 0.17252291166939232, "selection_58": 1, "shapley_value_59": 0.21853841769695279, "selection_59": 0, "shapley_value_60": 0.20708697271347046, "selection_60": 0, "shapley_value_61": 0.21163122308254242, "selection_61": 0, "shapley_value_62": 0.20526547908782958, "selection_62": 0, "shapley_value_63": 0.20294096201658246, "selection_63": 0, "shapley_value_64": 0.2103267202079296, "selection_64": 0, "shapley_value_65": 0.14379984080477767, "selection_65": 1, "shapley_value_66": 0.19200650912680123, "selection_66": 0, "shapley_value_67": 0.2317229812443256, "selection_67": 0, "shapley_value_68": 0.18167319604754448, "selection_68": 0, "shapley_value_69": 0.19402172267436987, "selection_69": 0, "shapley_value_70": 0.2132032796442509, "selection_70": 0, "shapley_value_71": 0.16038233122072726, "selection_71": 1, "shapley_value_72": 0.2201459104716778, "selection_72": 0, "shapley_value_73": 0.20580878368020059, "selection_73": 0, "shapley_value_74": 0.23854405614733695, "selection_74": 0, "shapley_value_75": 0.2135412597358227, "selection_75": 0, "shapley_value_76": 0.19851731762290004, "selection_76": 0, "shapley_value_77": 0.2035485601534969, "selection_77": 0, "shapley_value_78": 0.22738198414444924, "selection_78": 0, "shapley_value_79": 0.2057530421614647, "selection_79": 0, "shapley_value_80": 0.21988867646455765, "selection_80": 0, "shapley_value_81": 0.23059345343708998, "selection_81": 0, "shapley_value_82": 0.1681574507951736, "selection_82": 0, "shapley_value_83": 0.22325013312697414, "selection_83": 0, "shapley_value_84": 0.20364341232180597, "selection_84": 0, "shapley_value_85": 0.14565962466597557, "selection_85": 1, "shapley_value_86": 0.2582775791287421, "selection_86": 0, "shapley_value_87": 0.17718931636214258, "selection_87": 0, "shapley_value_88": 0.20930738800764087, "selection_88": 0, "shapley_value_89": 0.20983820259571076, "selection_89": 0, "shapley_value_90": 0.22864492702484127, "selection_90": 0, "shapley_value_91": 0.2393855072557926, "selection_91": 0, "shapley_value_92": 0.23200266343355183, "selection_92": 0, "shapley_value_93": 0.21625665125250815, "selection_93": 0, "shapley_value_94": 0.20027322533726694, "selection_94": 0, "shapley_value_95": 0.17516383531689644, "selection_95": 0, "shapley_value_96": 0.12557370528578757, "selection_96": 1, "shapley_value_97": 0.1489449650833481, "selection_97": 1, "shapley_value_98": 0.23465832671523099, "selection_98": 0, "shapley_value_99": 0.2400690504610538, "selection_99": 0, "_timestamp": 1687959621.173922, "_runtime": 316.754821062088, "_step": 99, "_wandb": {"runtime": 315}}