{"accuracy": 0.9377999901771545, "val_loss": 0.2334727793931961, "test_loss": 0.21070805191993713, "shapley_value_0": 0.2153563584089279, "selection_0": 0, "shapley_value_1": 0.1925447014225157, "selection_1": 0, "shapley_value_2": 0.24514665770033991, "selection_2": 0, "shapley_value_3": 0.20370692694187165, "selection_3": 0, "shapley_value_4": 0.1585577878233982, "selection_4": 0, "shapley_value_5": 0.1694104105234146, "selection_5": 0, "shapley_value_6": 0.2103077067434788, "selection_6": 0, "shapley_value_7": 0.19991745176911352, "selection_7": 0, "shapley_value_8": 0.16580794248316025, "selection_8": 0, "shapley_value_9": 0.2121994967162609, "selection_9": 0, "shapley_value_10": 0.22413986514915119, "selection_10": 0, "shapley_value_11": 0.15808047068746467, "selection_11": 0, "shapley_value_12": 0.20010208672285076, "selection_12": 0, "shapley_value_13": 0.13577323025190516, "selection_13": 0, "shapley_value_14": 0.2309264556386254, "selection_14": 0, "shapley_value_15": 0.16591210159990524, "selection_15": 0, "shapley_value_16": 0.17844086217880245, "selection_16": 0, "shapley_value_17": 0.22648206511325245, "selection_17": 0, "shapley_value_18": 0.1925705147683621, "selection_18": 1, "shapley_value_19": 0.2029109736382962, "selection_19": 0, "shapley_value_20": 0.21367643895745275, "selection_20": 0, "shapley_value_21": 0.13360670536756517, "selection_21": 0, "shapley_value_22": 0.2212789073586464, "selection_22": 1, "shapley_value_23": 0.28410541644463183, "selection_23": 1, "shapley_value_24": 0.19126361671090125, "selection_24": 0, "shapley_value_25": 0.17893270634942582, "selection_25": 0, "shapley_value_26": 0.1705376241604487, "selection_26": 0, "shapley_value_27": 0.1670793841944801, "selection_27": 0, "shapley_value_28": 0.2001560122072697, "selection_28": 0, "shapley_value_29": 0.19438773557543754, "selection_29": 0, "shapley_value_30": 0.17654239588313633, "selection_30": 0, "shapley_value_31": 0.19940825927257536, "selection_31": 0, "shapley_value_32": 0.21627767893671992, "selection_32": 0, "shapley_value_33": 0.17564500974284275, "selection_33": 0, "shapley_value_34": 0.2095084007761695, "selection_34": 1, "shapley_value_35": 0.16421625803959994, "selection_35": 0, "shapley_value_36": 0.2123110587596893, "selection_36": 0, "shapley_value_37": 0.13307051710784434, "selection_37": 0, "shapley_value_38": 0.18687808188796043, "selection_38": 0, "shapley_value_39": 0.1505917232566409, "selection_39": 0, "shapley_value_40": 0.1826054469347, "selection_40": 0, "shapley_value_41": 0.19110282820463184, "selection_41": 0, "shapley_value_42": 0.21726593253287402, "selection_42": 0, "shapley_value_43": 0.21331831440329552, "selection_43": 0, "shapley_value_44": 0.1414575292335616, "selection_44": 0, "shapley_value_45": 0.1779332083761692, "selection_45": 1, "shapley_value_46": 0.205797267049551, "selection_46": 0, "shapley_value_47": 0.21168324705958366, "selection_47": 0, "shapley_value_48": 0.25300192455450693, "selection_48": 0, "shapley_value_49": 0.173706657257345, "selection_49": 0, "shapley_value_50": 0.20038988435268398, "selection_50": 0, "shapley_value_51": 0.24888631267981098, "selection_51": 0, "shapley_value_52": 0.20810433918237686, "selection_52": 0, "shapley_value_53": 0.19341648277640341, "selection_53": 0, "shapley_value_54": 0.25377515288690733, "selection_54": 1, "shapley_value_55": 0.17707215312123298, "selection_55": 1, "shapley_value_56": 0.1791159142057101, "selection_56": 0, "shapley_value_57": 0.23322870593179354, "selection_57": 0, "shapley_value_58": 0.19905244028568264, "selection_58": 0, "shapley_value_59": 0.18091319739818573, "selection_59": 1, "shapley_value_60": 0.2406495439464396, "selection_60": 0, "shapley_value_61": 0.21169097992464114, "selection_61": 0, "shapley_value_62": 0.1949007203578949, "selection_62": 1, "shapley_value_63": 0.22819710409099397, "selection_63": 0, "shapley_value_64": 0.1797151110238499, "selection_64": 0, "shapley_value_65": 0.17066433174742593, "selection_65": 0, "shapley_value_66": 0.16614410963323378, "selection_66": 0, "shapley_value_67": 0.22348201356150887, "selection_67": 0, "shapley_value_68": 0.19876675119996073, "selection_68": 0, "shapley_value_69": 0.1755241552657551, "selection_69": 0, "shapley_value_70": 0.25714719501634437, "selection_70": 0, "shapley_value_71": 0.20356354543566701, "selection_71": 0, "shapley_value_72": 0.21328296908736227, "selection_72": 0, "shapley_value_73": 0.19207939994335177, "selection_73": 0, "shapley_value_74": 0.2456239665909247, "selection_74": 0, "shapley_value_75": 0.22494275182628173, "selection_75": 0, "shapley_value_76": 0.19908401048183438, "selection_76": 0, "shapley_value_77": 0.21403437319397928, "selection_77": 0, "shapley_value_78": 0.15945553862386286, "selection_78": 0, "shapley_value_79": 0.1722129627016553, "selection_79": 0, "shapley_value_80": 0.21064498248696326, "selection_80": 0, "shapley_value_81": 0.2032963366508484, "selection_81": 0, "shapley_value_82": 0.24223181407559996, "selection_82": 0, "shapley_value_83": 0.16389471696831331, "selection_83": 0, "shapley_value_84": 0.17975748578707376, "selection_84": 0, "shapley_value_85": 0.17930439598030515, "selection_85": 0, "shapley_value_86": 0.17979760530922148, "selection_86": 0, "shapley_value_87": 0.2275611846013503, "selection_87": 0, "shapley_value_88": 0.21702625542879103, "selection_88": 0, "shapley_value_89": 0.19008994013071062, "selection_89": 0, "shapley_value_90": 0.2364413789998401, "selection_90": 0, "shapley_value_91": 0.22667536667802118, "selection_91": 0, "shapley_value_92": 0.18519134405255316, "selection_92": 1, "shapley_value_93": 0.21278174805641176, "selection_93": 0, "shapley_value_94": 0.2317207564549012, "selection_94": 0, "shapley_value_95": 0.2115346624098326, "selection_95": 0, "shapley_value_96": 0.1898871646821499, "selection_96": 0, "shapley_value_97": 0.24165198223157364, "selection_97": 0, "shapley_value_98": 0.23370742321014404, "selection_98": 0, "shapley_value_99": 0.20737878939509397, "selection_99": 0, "_timestamp": 1687915650.4708269, "_runtime": 304.88823080062866, "_step": 99, "_wandb": {"runtime": 303}}