{"accuracy": 0.9257999658584595, "val_loss": 0.2663993835449219, "test_loss": 0.2456510066986084, "shapley_value_0": 0.0015809488296508788, "selection_0": 0, "shapley_value_1": 0.0015688753128051756, "selection_1": 0, "shapley_value_2": 0.0024104404449462884, "selection_2": 0, "shapley_value_3": -9.30836326197574e-05, "selection_3": 0, "shapley_value_4": 0.0013002634048461914, "selection_4": 0, "shapley_value_5": -0.00014731758519222863, "selection_5": 0, "shapley_value_6": 0.0013097381591796874, "selection_6": 0, "shapley_value_7": 0.0013788700103759765, "selection_7": 0, "shapley_value_8": 0.06273151218891147, "selection_8": 0, "shapley_value_9": 0.001281890869140625, "selection_9": 0, "shapley_value_10": 0.005483131408691408, "selection_10": 0, "shapley_value_11": 0.005761232376098635, "selection_11": 0, "shapley_value_12": 0.006830377578735352, "selection_12": 0, "shapley_value_13": 0.005460982322692871, "selection_13": 0, "shapley_value_14": 0.2005366357498699, "selection_14": 0, "shapley_value_15": -0.00014666507118626644, "selection_15": 0, "shapley_value_16": 0.0949231195449829, "selection_16": 0, "shapley_value_17": 0.005172743797302246, "selection_17": 0, "shapley_value_18": 0.003926959037780763, "selection_18": 0, "shapley_value_19": 0.005844554901123047, "selection_19": 0, "shapley_value_20": 0.014466133117675781, "selection_20": 0, "shapley_value_21": 0.0077240514755249024, "selection_21": 0, "shapley_value_22": 0.00439763069152832, "selection_22": 0, "shapley_value_23": 0.008507122993469238, "selection_23": 0, "shapley_value_24": 0.09901758074760438, "selection_24": 0, "shapley_value_25": 0.009313688278198246, "selection_25": 0, "shapley_value_26": -0.0005303809517308286, "selection_26": 0, "shapley_value_27": 0.01680654048919678, "selection_27": 0, "shapley_value_28": 0.01718137264251709, "selection_28": 0, "shapley_value_29": 0.19189530578943395, "selection_29": 0, "shapley_value_30": 0.01845131874084472, "selection_30": 0, "shapley_value_31": 0.023734893798828115, "selection_31": 0, "shapley_value_32": 0.018357686996459968, "selection_32": 0, "shapley_value_33": 0.02145331382751465, "selection_33": 0, "shapley_value_34": 0.02188196182250976, "selection_34": 0, "shapley_value_35": 0.018096518516540518, "selection_35": 0, "shapley_value_36": 0.010807385444641113, "selection_36": 0, "shapley_value_37": 0.01770948886871338, "selection_37": 0, "shapley_value_38": 0.17489938773214816, "selection_38": 0, "shapley_value_39": 0.034179105758666985, "selection_39": 0, "shapley_value_40": 0.012873106002807617, "selection_40": 0, "shapley_value_41": 0.08482471853494644, "selection_41": 0, "shapley_value_42": 0.2187697991801472, "selection_42": 1, "shapley_value_43": 0.00024018287658691406, "selection_43": 0, "shapley_value_44": 0.12237730423609412, "selection_44": 0, "shapley_value_45": 0.2536073945697986, "selection_45": 1, "shapley_value_46": 0.030438945293426514, "selection_46": 0, "shapley_value_47": 0.01892821073532104, "selection_47": 0, "shapley_value_48": 0.026476209163665766, "selection_48": 0, "shapley_value_49": 0.14489516439406497, "selection_49": 0, "shapley_value_50": 0.02031870126724243, "selection_50": 0, "shapley_value_51": 0.210128414940834, "selection_51": 0, "shapley_value_52": 0.21505191150833577, "selection_52": 0, "shapley_value_53": 0.22092681419104349, "selection_53": 1, "shapley_value_54": 0.13282406404614447, "selection_54": 0, "shapley_value_55": 0.019695241451263428, "selection_55": 0, "shapley_value_56": 0.23457810012499486, "selection_56": 1, "shapley_value_57": 0.1389193379878998, "selection_57": 0, "shapley_value_58": -0.0007510247983430561, "selection_58": 0, "shapley_value_59": 0.24098641708003204, "selection_59": 1, "shapley_value_60": 0.16652862642492572, "selection_60": 0, "shapley_value_61": 0.1537067151069641, "selection_61": 0, "shapley_value_62": -0.002105995228416041, "selection_62": 0, "shapley_value_63": 0.21066589178425285, "selection_63": 0, "shapley_value_64": 0.21967873818734113, "selection_64": 1, "shapley_value_65": 0.17150110654532907, "selection_65": 0, "shapley_value_66": 0.03101340293884277, "selection_66": 0, "shapley_value_67": 0.1238400669892629, "selection_67": 0, "shapley_value_68": 0.11913450141747793, "selection_68": 0, "shapley_value_69": 0.1651241796357291, "selection_69": 0, "shapley_value_70": 0.10069338986748144, "selection_70": 0, "shapley_value_71": 0.21347034162090667, "selection_71": 0, "shapley_value_72": 0.13976275813579558, "selection_72": 0, "shapley_value_73": 0.19421899990240735, "selection_73": 0, "shapley_value_74": 0.20752115745436067, "selection_74": 0, "shapley_value_75": 0.13749215364456177, "selection_75": 0, "shapley_value_76": 0.233838272681742, "selection_76": 1, "shapley_value_77": 0.21112077860161668, "selection_77": 0, "shapley_value_78": 0.07641727209091187, "selection_78": 0, "shapley_value_79": 0.1264094849427541, "selection_79": 0, "shapley_value_80": 0.23550685380186348, "selection_80": 1, "shapley_value_81": 0.19761030268669127, "selection_81": 0, "shapley_value_82": 0.2161089118042884, "selection_82": 0, "shapley_value_83": 0.20026516209046044, "selection_83": 0, "shapley_value_84": 0.24111944764852522, "selection_84": 1, "shapley_value_85": 0.18443188678134573, "selection_85": 0, "shapley_value_86": 0.17649583154916762, "selection_86": 0, "shapley_value_87": 0.220107701447877, "selection_87": 1, "shapley_value_88": 0.14609256237745283, "selection_88": 0, "shapley_value_89": 0.1950047459772655, "selection_89": 0, "shapley_value_90": 0.15956448962291078, "selection_90": 0, "shapley_value_91": 0.19939655620604754, "selection_91": 0, "shapley_value_92": 0.22593526549637313, "selection_92": 0, "shapley_value_93": 0.2153290340033445, "selection_93": 0, "shapley_value_94": 0.20751866811853759, "selection_94": 0, "shapley_value_95": 0.20840035011370975, "selection_95": 0, "shapley_value_96": 0.1580913425343377, "selection_96": 0, "shapley_value_97": 0.1762766619771719, "selection_97": 0, "shapley_value_98": 0.18556617122888563, "selection_98": 0, "shapley_value_99": 0.1333087640216476, "selection_99": 0, "_timestamp": 1687869095.6933494, "_runtime": 345.7312662601471, "_step": 99, "_wandb": {"runtime": 344}}