{"accuracy": 0.09719999879598618, "val_loss": 5.157711982727051, "test_loss": 5.219239711761475, "shapley_value_0": 1.320620296579419, "selection_0": 0, "shapley_value_1": 2.51291791388863, "selection_1": 1, "shapley_value_2": 4.565460601117876, "selection_2": 1, "shapley_value_3": 0, "selection_3": 0, "shapley_value_4": -0.6582218805948896, "selection_4": 0, "shapley_value_5": 3.219216285149257, "selection_5": 0, "shapley_value_6": -2.762574897872076, "selection_6": 0, "shapley_value_7": 3.629522262197551, "selection_7": 0, "shapley_value_8": 1.5263672967751816, "selection_8": 0, "shapley_value_9": 0, "selection_9": 0, "shapley_value_10": -0.8145532210667916, "selection_10": 0, "shapley_value_11": 1.1865932742754608, "selection_11": 0, "shapley_value_12": -2.0080219507217407, "selection_12": 0, "shapley_value_13": -5.128119746843975, "selection_13": 0, "shapley_value_14": -12.18274474143982, "selection_14": 0, "shapley_value_15": 0, "selection_15": 0, "shapley_value_16": 2.2655517734014077, "selection_16": 1, "shapley_value_17": 1.5489306847254436, "selection_17": 0, "shapley_value_18": 2.1242945492267613, "selection_18": 0, "shapley_value_19": -1.5182512601216622, "selection_19": 0, "shapley_value_20": 0.20038945476214054, "selection_20": 0, "shapley_value_21": 4.0134676468248145, "selection_21": 1, "shapley_value_22": 0, "selection_22": 0, "shapley_value_23": -6.386896113554638, "selection_23": 0, "shapley_value_24": -3.896405955155691, "selection_24": 0, "shapley_value_25": -4.038232783476512, "selection_25": 0, "shapley_value_26": 0, "selection_26": 0, "shapley_value_27": 2.4168077780140766, "selection_27": 0, "shapley_value_28": 0.6305876572926843, "selection_28": 0, "shapley_value_29": -0.15522181987762562, "selection_29": 0, "shapley_value_30": -4.083836158116657, "selection_30": 0, "shapley_value_31": -2.676720082759857, "selection_31": 0, "shapley_value_32": 0, "selection_32": 0, "shapley_value_33": 1.9162314423808344, "selection_33": 0, "shapley_value_34": 0, "selection_34": 0, "shapley_value_35": 0, "selection_35": 0, "shapley_value_36": 0.1449030637741091, "selection_36": 0, "shapley_value_37": -5.136087894439697, "selection_37": 0, "shapley_value_38": 0, "selection_38": 0, "shapley_value_39": 0, "selection_39": 0, "shapley_value_40": 1.8810609579086304, "selection_40": 0, "shapley_value_41": 1.240442315737405, "selection_41": 0, "shapley_value_42": 3.28172641141074, "selection_42": 0, "shapley_value_43": 4.038883176282489, "selection_43": 1, "shapley_value_44": 0, "selection_44": 0, "shapley_value_45": 0.7685637523730593, "selection_45": 0, "shapley_value_46": 2.1321783682756252, "selection_46": 0, "shapley_value_47": 0, "selection_47": 0, "shapley_value_48": -1.5582267443339042, "selection_48": 0, "shapley_value_49": 1.5013051827748622, "selection_49": 0, "_timestamp": 1688388649.9018455, "_runtime": 106.35241651535034, "_step": 99, "_wandb": {"runtime": 104}}