{"accuracy": 0.917199969291687, "val_loss": 0.29889556765556335, "test_loss": 0.271599143743515, "shapley_value_0": -1.7492354373137153, "selection_0": 0, "shapley_value_1": -1.5914946469393647, "selection_1": 1, "shapley_value_2": -1.8218960354725522, "selection_2": 0, "shapley_value_3": -1.7375081201394402, "selection_3": 0, "shapley_value_4": -1.8131229579448696, "selection_4": 0, "shapley_value_5": -1.7940578172604245, "selection_5": 0, "shapley_value_6": -1.7400830507278442, "selection_6": 0, "shapley_value_7": -1.7754118263721466, "selection_7": 0, "shapley_value_8": -1.7260685871044792, "selection_8": 0, "shapley_value_9": -1.715052956342697, "selection_9": 0, "shapley_value_10": -1.8368574023246769, "selection_10": 0, "shapley_value_11": -1.7971288571755089, "selection_11": 0, "shapley_value_12": -1.7013235429922742, "selection_12": 0, "shapley_value_13": -1.729201291004817, "selection_13": 0, "shapley_value_14": -1.8113952040672305, "selection_14": 0, "shapley_value_15": -1.7874028245608014, "selection_15": 0, "shapley_value_16": -1.7068617204825085, "selection_16": 0, "shapley_value_17": -1.8317409525314965, "selection_17": 0, "shapley_value_18": -1.8985616614421208, "selection_18": 0, "shapley_value_19": -1.7965440710385638, "selection_19": 0, "shapley_value_20": -1.7738964289426804, "selection_20": 0, "shapley_value_21": -1.702657332022985, "selection_21": 0, "shapley_value_22": -1.7537055701017379, "selection_22": 0, "shapley_value_23": -1.8859011044104892, "selection_23": 0, "shapley_value_24": -1.7192384630441666, "selection_24": 0, "shapley_value_25": -1.8900377929210663, "selection_25": 0, "shapley_value_26": -1.9483379671971004, "selection_26": 1, "shapley_value_27": -1.8614437560240424, "selection_27": 0, "shapley_value_28": -1.724862054983775, "selection_28": 0, "shapley_value_29": -1.894441857933998, "selection_29": 0, "shapley_value_30": -1.7607549488544467, "selection_30": 0, "shapley_value_31": -1.9615602515361925, "selection_31": 0, "shapley_value_32": -1.5374873190215141, "selection_32": 1, "shapley_value_33": -1.7900263796250022, "selection_33": 0, "shapley_value_34": -1.8845081984996797, "selection_34": 0, "shapley_value_35": -1.8483656545480094, "selection_35": 0, "shapley_value_36": -1.917701810598373, "selection_36": 1, "shapley_value_37": -1.7252154419819519, "selection_37": 0, "shapley_value_38": -1.772174386183421, "selection_38": 0, "shapley_value_39": -2.001948447139175, "selection_39": 0, "_timestamp": 1687991119.3144772, "_runtime": 77.80382823944092, "_step": 99, "_wandb": {"runtime": 76}}