{"accuracy": 0.5, "val_loss": 1.3835731744766235, "test_loss": 1.3899869918823242, "shapley_value_0": -0.41791732744737103, "selection_0": 1, "shapley_value_1": -0.3343930517633757, "selection_1": 0, "shapley_value_2": -1.1390874147415164, "selection_2": 0, "shapley_value_3": -0.9395435253779093, "selection_3": 0, "shapley_value_4": -0.9142242405149671, "selection_4": 0, "shapley_value_5": -0.6923962389981305, "selection_5": 0, "shapley_value_6": -0.7556045736585345, "selection_6": 0, "shapley_value_7": -1.1416821430126824, "selection_7": 0, "shapley_value_8": -0.8018235067526498, "selection_8": 0, "shapley_value_9": -0.8910471628873775, "selection_9": 1, "shapley_value_10": -0.8680819736586677, "selection_10": 0, "shapley_value_11": -0.7381167941623263, "selection_11": 0, "shapley_value_12": -0.6845148801803591, "selection_12": 0, "shapley_value_13": -0.38439438740412374, "selection_13": 0, "shapley_value_14": -0.7990117073059086, "selection_14": 0, "shapley_value_15": -0.88964991569519, "selection_15": 0, "shapley_value_16": -0.596925351354811, "selection_16": 0, "shapley_value_17": -1.0552856061193678, "selection_17": 0, "shapley_value_18": -0.9232214609781899, "selection_18": 1, "shapley_value_19": -0.6654248281761451, "selection_19": 1, "shapley_value_20": -0.7626411053869457, "selection_20": 0, "shapley_value_21": -0.26446247895558705, "selection_21": 0, "shapley_value_22": -0.39740706341607257, "selection_22": 0, "shapley_value_23": -0.8180609047412875, "selection_23": 0, "shapley_value_24": -0.6692073504130047, "selection_24": 0, "shapley_value_25": -0.6832764091945831, "selection_25": 0, "shapley_value_26": -1.330145431889428, "selection_26": 0, "shapley_value_27": -0.20308561523755383, "selection_27": 0, "shapley_value_28": -0.12406870391633795, "selection_28": 0, "shapley_value_29": -0.9092727435959708, "selection_29": 0, "shapley_value_30": -0.23057534839167718, "selection_30": 0, "shapley_value_31": -1.230165651866368, "selection_31": 0, "shapley_value_32": 0.047915601730346834, "selection_32": 0, "shapley_value_33": -0.9413600308554511, "selection_33": 0, "shapley_value_34": -0.5513890584309897, "selection_34": 0, "shapley_value_35": -0.7582299709320067, "selection_35": 0, "shapley_value_36": -0.6354716309794671, "selection_36": 0, "shapley_value_37": -0.49112129211425815, "selection_37": 0, "shapley_value_38": -0.2429257561178769, "selection_38": 0, "shapley_value_39": -0.5651854226986566, "selection_39": 0, "_timestamp": 1687962127.608569, "_runtime": 98.21339082717896, "_step": 99, "_wandb": {"runtime": 96}}