{"accuracy": 0.5081999897956848, "val_loss": 1.3641189336776733, "test_loss": 1.3773548603057861, "shapley_value_0": -0.681236211458842, "selection_0": 0, "shapley_value_1": -0.65721880197525, "selection_1": 0, "shapley_value_2": -0.6779635588328041, "selection_2": 0, "shapley_value_3": -0.6855206489562988, "selection_3": 0, "shapley_value_4": -0.687951970100403, "selection_4": 0, "shapley_value_5": -0.7020598014195759, "selection_5": 0, "shapley_value_6": -0.6795812924702964, "selection_6": 0, "shapley_value_7": -0.6897893786430359, "selection_7": 0, "shapley_value_8": -0.6859401067097982, "selection_8": 0, "shapley_value_9": -0.6883664766947427, "selection_9": 0, "shapley_value_10": -0.7205890814463296, "selection_10": 0, "shapley_value_11": -0.7110534628232317, "selection_11": 0, "shapley_value_12": -0.6881849408149717, "selection_12": 0, "shapley_value_13": -0.7222040891647339, "selection_13": 0, "shapley_value_14": -0.693655320008596, "selection_14": 0, "shapley_value_15": -0.701064721743266, "selection_15": 0, "shapley_value_16": -0.7464442491531371, "selection_16": 0, "shapley_value_17": -0.7322180112202964, "selection_17": 0, "shapley_value_18": -0.7452179630597433, "selection_18": 0, "shapley_value_19": -0.6988097111384071, "selection_19": 0, "shapley_value_20": -0.7410943786303205, "selection_20": 0, "shapley_value_21": -0.7074932416280111, "selection_21": 0, "shapley_value_22": -0.7553136507670082, "selection_22": 0, "shapley_value_23": -0.6910124222437541, "selection_23": 0, "shapley_value_24": -0.7337653954823811, "selection_24": 0, "shapley_value_25": -0.7430829087893168, "selection_25": 0, "shapley_value_26": -0.7177922328313191, "selection_26": 0, "shapley_value_27": -0.7157046437263489, "selection_27": 0, "shapley_value_28": -0.7230564117431639, "selection_28": 0, "shapley_value_29": -0.7557193477948505, "selection_29": 0, "shapley_value_30": -0.7506841421127323, "selection_30": 0, "shapley_value_31": -0.7398642460505167, "selection_31": 0, "shapley_value_32": -0.7664770483970645, "selection_32": 0, "shapley_value_33": -0.7569913625717164, "selection_33": 0, "shapley_value_34": -0.7587473074595134, "selection_34": 0, "shapley_value_35": -0.7707297722498578, "selection_35": 1, "shapley_value_36": -0.7590358376502989, "selection_36": 1, "shapley_value_37": -0.7661276698112489, "selection_37": 1, "shapley_value_38": -0.7445013682047523, "selection_38": 0, "shapley_value_39": -0.7769684672355652, "selection_39": 1, "_timestamp": 1688030248.1994388, "_runtime": 93.55286979675293, "_step": 99, "_wandb": {"runtime": 92}}