{"accuracy": 0.9259999990463257, "val_loss": 0.29426026344299316, "test_loss": 0.2677900791168213, "shapley_value_0": 0.0017764711380004888, "selection_0": 0, "shapley_value_1": 0.0029992246627807617, "selection_1": 0, "shapley_value_2": 0.0034441184997558594, "selection_2": 0, "shapley_value_3": 0.0019155693054199218, "selection_3": 0, "shapley_value_4": -0.0002960405851665296, "selection_4": 0, "shapley_value_5": 0.004458756446838379, "selection_5": 0, "shapley_value_6": 0.001251985838538722, "selection_6": 0, "shapley_value_7": 0.0022760152816772464, "selection_7": 0, "shapley_value_8": 0.0037769079208374023, "selection_8": 0, "shapley_value_9": 0.0023517370223999023, "selection_9": 0, "shapley_value_10": 0.006696372032165527, "selection_10": 0, "shapley_value_11": 0.006602849960327149, "selection_11": 0, "shapley_value_12": 0.14471443414688112, "selection_12": 0, "shapley_value_13": 0.006862010955810547, "selection_13": 0, "shapley_value_14": 0.004455981254577637, "selection_14": 0, "shapley_value_15": 0.010625147819519041, "selection_15": 0, "shapley_value_16": 0.0832797348499298, "selection_16": 0, "shapley_value_17": 0.004315829277038573, "selection_17": 0, "shapley_value_18": 0.011755585670471191, "selection_18": 0, "shapley_value_19": 0.0051936817169189456, "selection_19": 0, "shapley_value_20": 0.10686644554138183, "selection_20": 0, "shapley_value_21": 0.013694868087768555, "selection_21": 0, "shapley_value_22": 0.016908712387084957, "selection_22": 0, "shapley_value_23": 0.018959555625915524, "selection_23": 0, "shapley_value_24": 0.01625373363494873, "selection_24": 0, "shapley_value_25": -3.5336143092105265e-05, "selection_25": 0, "shapley_value_26": 0.07288533091545105, "selection_26": 0, "shapley_value_27": 0.018030881881713867, "selection_27": 0, "shapley_value_28": 0.10890711285566028, "selection_28": 0, "shapley_value_29": 0.013364400863647461, "selection_29": 0, "shapley_value_30": 0.010371432304382325, "selection_30": 0, "shapley_value_31": 0.03984823226928711, "selection_31": 0, "shapley_value_32": 0.027594308853149414, "selection_32": 0, "shapley_value_33": -0.0003055773283305921, "selection_33": 0, "shapley_value_34": 0.06057676613330842, "selection_34": 0, "shapley_value_35": 0.014093003273010251, "selection_35": 0, "shapley_value_36": 0.03168324947357176, "selection_36": 0, "shapley_value_37": 0.0468148136138916, "selection_37": 0, "shapley_value_38": 0.019517631530761723, "selection_38": 0, "shapley_value_39": -0.000732647745232833, "selection_39": 0, "shapley_value_40": 0.04616477727890014, "selection_40": 0, "shapley_value_41": -0.00019392214323344983, "selection_41": 0, "shapley_value_42": 0.06300660610198973, "selection_42": 0, "shapley_value_43": 0.007990593910217286, "selection_43": 0, "shapley_value_44": 0.02165175437927246, "selection_44": 0, "shapley_value_45": 0.031065807342529297, "selection_45": 0, "shapley_value_46": 0.05305282831192017, "selection_46": 0, "shapley_value_47": 0.024034569263458247, "selection_47": 0, "shapley_value_48": 0.07211294174194338, "selection_48": 0, "shapley_value_49": 0.07710237979888915, "selection_49": 0, "shapley_value_50": 0.07242923021316529, "selection_50": 0, "shapley_value_51": 0.047017886638641364, "selection_51": 0, "shapley_value_52": 0.08373953819274903, "selection_52": 0, "shapley_value_53": 0.13925724029541017, "selection_53": 0, "shapley_value_54": 0.024630136489868164, "selection_54": 0, "shapley_value_55": -0.0005672228963751544, "selection_55": 0, "shapley_value_56": 0.07286624431610107, "selection_56": 0, "shapley_value_57": 0.06121208429336548, "selection_57": 0, "shapley_value_58": 0.08375987529754639, "selection_58": 0, "shapley_value_59": 0.10772021055221558, "selection_59": 0, "shapley_value_60": 0.10183951139450073, "selection_60": 0, "shapley_value_61": 0.06843081712722782, "selection_61": 0, "shapley_value_62": 0.1364157545566559, "selection_62": 0, "shapley_value_63": 0.08744001865386963, "selection_63": 0, "shapley_value_64": 0.06959281921386719, "selection_64": 0, "shapley_value_65": 0.1348457026481628, "selection_65": 0, "shapley_value_66": 0.2090328456604025, "selection_66": 1, "shapley_value_67": 0.06986157894134523, "selection_67": 0, "shapley_value_68": 0.05368964672088623, "selection_68": 0, "shapley_value_69": 0.08120900392532349, "selection_69": 0, "shapley_value_70": 0.2213970315787527, "selection_70": 1, "shapley_value_71": 0.13672857046127318, "selection_71": 0, "shapley_value_72": 0.13405888080596923, "selection_72": 0, "shapley_value_73": 0.11144482612609863, "selection_73": 0, "shapley_value_74": 0.11082105159759524, "selection_74": 0, "shapley_value_75": 0.13226765289902684, "selection_75": 0, "shapley_value_76": 0.06475244760513307, "selection_76": 0, "shapley_value_77": 0.11310485124588013, "selection_77": 0, "shapley_value_78": 0.11159762620925903, "selection_78": 0, "shapley_value_79": 0.08723678350448609, "selection_79": 0, "shapley_value_80": 0.2218451309683679, "selection_80": 1, "shapley_value_81": 0.21909051757912298, "selection_81": 1, "shapley_value_82": 0.13320056200027466, "selection_82": 0, "shapley_value_83": 0.0825440239906311, "selection_83": 0, "shapley_value_84": 0.14174544990062712, "selection_84": 0, "shapley_value_85": 0.23197090781136845, "selection_85": 1, "shapley_value_86": 0.2199066946747597, "selection_86": 1, "shapley_value_87": -0.0008677401040729723, "selection_87": 0, "shapley_value_88": 0.10349931240081789, "selection_88": 0, "shapley_value_89": 0.13059389829635618, "selection_89": 0, "shapley_value_90": 0.21961990300227294, "selection_90": 1, "shapley_value_91": 0.20534030718378157, "selection_91": 1, "shapley_value_92": 0.22684408377729667, "selection_92": 1, "shapley_value_93": 0.058606916666030885, "selection_93": 0, "shapley_value_94": 0.13570381244023644, "selection_94": 0, "shapley_value_95": 0.11597357392311095, "selection_95": 0, "shapley_value_96": 0.13090272076506362, "selection_96": 0, "shapley_value_97": 0.13615579517264115, "selection_97": 0, "shapley_value_98": 0.22655300411913126, "selection_98": 1, "shapley_value_99": 0.14599902749061583, "selection_99": 0, "_timestamp": 1687945712.7448838, "_runtime": 306.49641275405884, "_step": 99, "_wandb": {"runtime": 304}}