{"accuracy": 0.7954394221305847, "val_loss": 0.6021404266357422, "test_loss": 0.6022944450378418, "shapley_value_0": 0.06888208091259003, "selection_0": 0, "shapley_value_1": -0.001159046825609709, "selection_1": 0, "shapley_value_2": -0.0027457758000022487, "selection_2": 1, "shapley_value_3": 0.003979860544204712, "selection_3": 0, "shapley_value_4": 0.06728496074676511, "selection_4": 0, "shapley_value_5": 0.09982721388339996, "selection_5": 0, "shapley_value_6": -0.001588059099097001, "selection_6": 0, "shapley_value_7": 0.0678441083431244, "selection_7": 0, "shapley_value_8": -0.0014246200260363128, "selection_8": 1, "shapley_value_9": 0.09733017683029174, "selection_9": 0, "shapley_value_10": 0.06551093220710755, "selection_10": 0, "shapley_value_11": 0.03320227384567263, "selection_11": 0, "shapley_value_12": 0.10100680947303772, "selection_12": 0, "shapley_value_13": 0.13404225409030912, "selection_13": 0, "shapley_value_14": 0.17270785212516784, "selection_14": 0, "shapley_value_15": -0.00017533490532322933, "selection_15": 0, "shapley_value_16": 0.10172961592674255, "selection_16": 0, "shapley_value_17": 0.06650780498981475, "selection_17": 0, "shapley_value_18": 0.17026859521865853, "selection_18": 0, "shapley_value_19": -0.0002993847194470857, "selection_19": 0, "_timestamp": 1687793534.3312867, "_runtime": 933.2213625907898, "_step": 99, "_wandb": {"runtime": 932}}