{"accuracy": 0.9305999875068665, "val_loss": 0.26576340198516846, "test_loss": 0.24126867949962616, "shapley_value_0": 0.0016367769241333009, "selection_0": 0, "shapley_value_1": 0.0015472984313964844, "selection_1": 0, "shapley_value_2": 0.0014440107345581054, "selection_2": 0, "shapley_value_3": 0.0014495325088500976, "selection_3": 0, "shapley_value_4": 0.0015033769607543945, "selection_4": 0, "shapley_value_5": 0.0017441606521606445, "selection_5": 0, "shapley_value_6": 0.0008751678466796872, "selection_6": 0, "shapley_value_7": 0.001986880302429198, "selection_7": 0, "shapley_value_8": 0.0008688068389892578, "selection_8": 0, "shapley_value_9": 0.0008714485168457034, "selection_9": 0, "shapley_value_10": 0.007283830642700195, "selection_10": 0, "shapley_value_11": 0.0031120252609252936, "selection_11": 0, "shapley_value_12": 0.00012746334075927732, "selection_12": 0, "shapley_value_13": 0.003140993118286133, "selection_13": 0, "shapley_value_14": 0.0032904720306396484, "selection_14": 0, "shapley_value_15": 0.00658597469329834, "selection_15": 0, "shapley_value_16": 0.0028287172317504883, "selection_16": 0, "shapley_value_17": -0.0004200056979530736, "selection_17": 0, "shapley_value_18": 0.0024670553207397448, "selection_18": 0, "shapley_value_19": 0.004989867210388184, "selection_19": 0, "shapley_value_20": 0.04970414042472839, "selection_20": 0, "shapley_value_21": 0.00959476470947266, "selection_21": 0, "shapley_value_22": 0.008729109764099123, "selection_22": 0, "shapley_value_23": 0.007942552566528318, "selection_23": 0, "shapley_value_24": 0.011075978279113769, "selection_24": 0, "shapley_value_25": 0.15528300255537034, "selection_25": 0, "shapley_value_26": 0.009032773971557616, "selection_26": 0, "shapley_value_27": 0.005985269546508789, "selection_27": 0, "shapley_value_28": -0.00016696829544870476, "selection_28": 0, "shapley_value_29": 0.007159929275512695, "selection_29": 0, "shapley_value_30": 0.01076967716217041, "selection_30": 0, "shapley_value_31": 0.019969086647033688, "selection_31": 0, "shapley_value_32": 0.013804521560668945, "selection_32": 0, "shapley_value_33": 0.01353477954864502, "selection_33": 0, "shapley_value_34": 0.08745595335960389, "selection_34": 0, "shapley_value_35": 0.01916623592376709, "selection_35": 0, "shapley_value_36": 0.014330091476440427, "selection_36": 0, "shapley_value_37": 0.019838428497314455, "selection_37": 0, "shapley_value_38": 0.024653539657592774, "selection_38": 0, "shapley_value_39": 0.013513240814208984, "selection_39": 0, "shapley_value_40": 0.023459463119506842, "selection_40": 0, "shapley_value_41": 0.022679214477539063, "selection_41": 0, "shapley_value_42": 0.023077983856201172, "selection_42": 0, "shapley_value_43": 0.019087352752685544, "selection_43": 0, "shapley_value_44": 0.013376750946044923, "selection_44": 0, "shapley_value_45": 0.02939924240112305, "selection_45": 0, "shapley_value_46": 0.18702874772250652, "selection_46": 0, "shapley_value_47": 0.029482245445251465, "selection_47": 0, "shapley_value_48": 0.14758066674073536, "selection_48": 0, "shapley_value_49": 0.024003129005432132, "selection_49": 0, "shapley_value_50": 0.022102258205413818, "selection_50": 0, "shapley_value_51": 0.2273530135584659, "selection_51": 1, "shapley_value_52": 0.08085614413022993, "selection_52": 0, "shapley_value_53": 0.10368936657905578, "selection_53": 0, "shapley_value_54": 0.14825605312983195, "selection_54": 0, "shapley_value_55": 0.21542770773756734, "selection_55": 0, "shapley_value_56": 0.08688092052936558, "selection_56": 0, "shapley_value_57": 0.12797548627853392, "selection_57": 0, "shapley_value_58": 0.21407668381929393, "selection_58": 1, "shapley_value_59": 0.023919949531555185, "selection_59": 0, "shapley_value_60": -0.001069715148524234, "selection_60": 0, "shapley_value_61": 0.18373573504961455, "selection_61": 0, "shapley_value_62": -0.00012245303706118934, "selection_62": 0, "shapley_value_63": 0.15849269575194308, "selection_63": 0, "shapley_value_64": 0.13810025960206984, "selection_64": 0, "shapley_value_65": 0.08311391055583954, "selection_65": 0, "shapley_value_66": 0.21326061184917178, "selection_66": 1, "shapley_value_67": 0.21794830810789964, "selection_67": 1, "shapley_value_68": 0.2308227225596254, "selection_68": 1, "shapley_value_69": 0.19588419382858, "selection_69": 0, "shapley_value_70": 0.13460879608988763, "selection_70": 0, "shapley_value_71": 0.07817843139171599, "selection_71": 0, "shapley_value_72": 0.20903689884222473, "selection_72": 1, "shapley_value_73": 0.2202694465660713, "selection_73": 0, "shapley_value_74": 0.15836855564798627, "selection_74": 0, "shapley_value_75": 0.23409140813627166, "selection_75": 1, "shapley_value_76": 0.0857888862490654, "selection_76": 0, "shapley_value_77": 0.12200082818667095, "selection_77": 0, "shapley_value_78": 0.2115834196102925, "selection_78": 0, "shapley_value_79": 0.19724678009748456, "selection_79": 0, "shapley_value_80": 0.2056182164981447, "selection_80": 0, "shapley_value_81": 0.1995059033839599, "selection_81": 0, "shapley_value_82": 0.1143992135399266, "selection_82": 0, "shapley_value_83": 0.12700515821576117, "selection_83": 0, "shapley_value_84": 0.11673385351896286, "selection_84": 0, "shapley_value_85": 0.21478099024641534, "selection_85": 0, "shapley_value_86": 0.1441142984231313, "selection_86": 0, "shapley_value_87": 0.22532157288147855, "selection_87": 1, "shapley_value_88": 0.2238682982024182, "selection_88": 1, "shapley_value_89": 0.1384803456068039, "selection_89": 0, "shapley_value_90": 0.17733044475316997, "selection_90": 0, "shapley_value_91": 0.1437823841571808, "selection_91": 0, "shapley_value_92": 0.19351416068417687, "selection_92": 1, "shapley_value_93": -0.0008175906382108989, "selection_93": 0, "shapley_value_94": 0.1817443184419112, "selection_94": 0, "shapley_value_95": 0.08561598479747773, "selection_95": 0, "shapley_value_96": 0.12822472527623177, "selection_96": 0, "shapley_value_97": 0.1981387270916076, "selection_97": 0, "shapley_value_98": 0.14668667030334473, "selection_98": 0, "shapley_value_99": 0.218925556237881, "selection_99": 0, "_timestamp": 1687911195.709829, "_runtime": 316.62441301345825, "_step": 99, "_wandb": {"runtime": 315}}