{"accuracy": 0.8282485008239746, "val_loss": 0.5154693126678467, "test_loss": 0.5172013640403748, "shapley_value_0": -1.478346489724659, "selection_0": 0, "shapley_value_1": -1.4669388780991237, "selection_1": 0, "shapley_value_2": -1.2819359441598257, "selection_2": 0, "shapley_value_3": -1.2260154717498353, "selection_3": 0, "shapley_value_4": -1.5507406195004778, "selection_4": 1, "shapley_value_5": -1.3884944554531213, "selection_5": 1, "shapley_value_6": -1.445575926038954, "selection_6": 1, "shapley_value_7": -1.3809137716889381, "selection_7": 0, "shapley_value_8": -1.2810042520364127, "selection_8": 0, "shapley_value_9": -1.3934285527183892, "selection_9": 0, "shapley_value_10": -1.5209269722302756, "selection_10": 0, "shapley_value_11": -1.4863344530264537, "selection_11": 0, "shapley_value_12": -1.3596640643146303, "selection_12": 0, "shapley_value_13": -1.2030458827813466, "selection_13": 0, "shapley_value_14": -1.5880082547664642, "selection_14": 0, "shapley_value_15": -1.122726889120208, "selection_15": 0, "shapley_value_16": -1.0830388714869819, "selection_16": 0, "shapley_value_17": -1.4060430601239207, "selection_17": 0, "shapley_value_18": -1.3160006155570347, "selection_18": 0, "shapley_value_19": -1.2540687421957653, "selection_19": 0, "shapley_value_20": -1.1026834064059785, "selection_20": 1, "shapley_value_21": -1.2929523289203644, "selection_21": 0, "shapley_value_22": -0.9993932379616631, "selection_22": 0, "shapley_value_23": -1.1102538682796335, "selection_23": 0, "shapley_value_24": -1.1143367836872735, "selection_24": 0, "shapley_value_25": -1.1852333396673207, "selection_25": 0, "shapley_value_26": -1.1826977014541626, "selection_26": 0, "shapley_value_27": -1.2894348615691773, "selection_27": 0, "shapley_value_28": -0.9885736952225367, "selection_28": 0, "shapley_value_29": -1.4800943845794312, "selection_29": 0, "shapley_value_30": -1.4771860266725223, "selection_30": 0, "shapley_value_31": -1.5169539113839465, "selection_31": 0, "shapley_value_32": -1.1360763927300774, "selection_32": 0, "shapley_value_33": -1.2895273782990195, "selection_33": 0, "shapley_value_34": -1.1586777882443533, "selection_34": 0, "shapley_value_35": -1.639786528216468, "selection_35": 0, "shapley_value_36": -1.2169025275442336, "selection_36": 0, "shapley_value_37": -1.3450088262557982, "selection_37": 0, "shapley_value_38": -1.2780920987327893, "selection_38": 0, "shapley_value_39": -1.3895707145715372, "selection_39": 0, "_timestamp": 1687972485.2898471, "_runtime": 81.20276522636414, "_step": 99, "_wandb": {"runtime": 79}}