{"accuracy": 0.1509999930858612, "val_loss": 2.707693099975586, "test_loss": 2.7503952980041504, "_timestamp": 1688397522.5717955, "_runtime": 91.71712040901184, "_step": 99, "_wandb": {"runtime": 90}}