{"loss": 0.27421343326568604, "accuracy": 0.9214000105857849, "average_active_clients": 5.1199999999999966, "_timestamp": 1686748602.0117016, "_runtime": 117.76201868057251, "_step": 399, "_wandb": {"runtime": 115}}