{"accuracy": 0.13819999992847443, "val_loss": 4.609372138977051, "test_loss": 4.677038192749023, "_timestamp": 1688405535.3670526, "_runtime": 143.68444156646729, "_step": 99, "_wandb": {"runtime": 142}}