{"accuracy": 0.09699999541044235, "val_loss": 12.599451065063477, "test_loss": 12.749465942382812, "shapley_value_0": -1.4540882110595703, "selection_0": 0, "shapley_value_1": -2.75928591688474, "selection_1": 0, "shapley_value_2": 9.57524689435959, "selection_2": 1, "shapley_value_3": -0.28127890825271606, "selection_3": 0, "shapley_value_4": -2.2444439133008327, "selection_4": 0, "shapley_value_5": 8.977772977993338, "selection_5": 1, "shapley_value_6": -4.528803547223411, "selection_6": 0, "shapley_value_7": 8.864674645800925, "selection_7": 1, "shapley_value_8": -1.6276852488517752, "selection_8": 0, "shapley_value_9": -0.17433494329452515, "selection_9": 0, "shapley_value_10": -1.8906745314598083, "selection_10": 0, "shapley_value_11": 0.15977474053700735, "selection_11": 0, "shapley_value_12": -6.484366079171499, "selection_12": 0, "shapley_value_13": -5.472232987483341, "selection_13": 0, "shapley_value_14": -4.479138731956482, "selection_14": 0, "shapley_value_15": 0.31540965702798535, "selection_15": 0, "shapley_value_16": -0.012206703424454032, "selection_16": 0, "shapley_value_17": -1.8813144167264308, "selection_17": 0, "shapley_value_18": 0.10981320672565076, "selection_18": 0, "shapley_value_19": -3.1853926976521816, "selection_19": 0, "shapley_value_20": 0.29491155677371655, "selection_20": 0, "shapley_value_21": -0.04796900351842304, "selection_21": 0, "shapley_value_22": -1.0299043787850273, "selection_22": 0, "shapley_value_23": -0.615698079268137, "selection_23": 0, "shapley_value_24": -3.09505033493042, "selection_24": 0, "shapley_value_25": -0.7757009466489153, "selection_25": 0, "shapley_value_26": -1.143789430459341, "selection_26": 0, "shapley_value_27": -3.194302479426067, "selection_27": 0, "shapley_value_28": 0.07813925544420885, "selection_28": 0, "shapley_value_29": -3.371959954500197, "selection_29": 0, "shapley_value_30": -1.1673427422841387, "selection_30": 0, "shapley_value_31": 0.03042316436767578, "selection_31": 0, "shapley_value_32": -1.7312861184279131, "selection_32": 0, "shapley_value_33": -0.11148506402969449, "selection_33": 0, "shapley_value_34": -2.475911964972814, "selection_34": 0, "shapley_value_35": -5.242779771486919, "selection_35": 0, "shapley_value_36": 3.7454075493194448, "selection_36": 1, "shapley_value_37": 0.09908852974573712, "selection_37": 0, "shapley_value_38": -0.0025786956151323537, "selection_38": 0, "shapley_value_39": -1.2908067901929225, "selection_39": 0, "shapley_value_40": -0.5102337400118513, "selection_40": 0, "shapley_value_41": -1.9532369573911037, "selection_41": 0, "shapley_value_42": 0.10479162136713605, "selection_42": 0, "shapley_value_43": -0.1776738961537685, "selection_43": 0, "shapley_value_44": 8.227864208675564, "selection_44": 1, "shapley_value_45": -2.4549501736958828, "selection_45": 0, "shapley_value_46": -2.0912498931090036, "selection_46": 0, "shapley_value_47": -0.7454154888788858, "selection_47": 0, "shapley_value_48": -1.6478328506151838, "selection_48": 0, "shapley_value_49": -0.7251489758491518, "selection_49": 0, "_timestamp": 1688377524.8138022, "_runtime": 98.56844234466553, "_step": 99, "_wandb": {"runtime": 97}}