{"accuracy": 0.1289999932050705, "val_loss": 2.9916043281555176, "test_loss": 3.0247085094451904, "_timestamp": 1688398556.3370697, "_runtime": 97.20719981193542, "_step": 99, "_wandb": {"runtime": 95}}