{"accuracy": 0.9363999962806702, "val_loss": 0.22989706695079803, "test_loss": 0.21547038853168488, "shapley_value_0": -1.7410633310675618, "selection_0": 0, "shapley_value_1": -1.743256962796052, "selection_1": 0, "shapley_value_2": -1.7367536609371506, "selection_2": 0, "shapley_value_3": -1.7447443902492519, "selection_3": 0, "shapley_value_4": -1.762979890902837, "selection_4": 0, "shapley_value_5": -1.758353831370671, "selection_5": 0, "shapley_value_6": -1.757722462217013, "selection_6": 0, "shapley_value_7": -1.7499695052703221, "selection_7": 0, "shapley_value_8": -1.770083884894848, "selection_8": 0, "shapley_value_9": -1.7762071505188946, "selection_9": 0, "shapley_value_10": -1.769673442343871, "selection_10": 0, "shapley_value_11": -1.740931666394075, "selection_11": 0, "shapley_value_12": -1.7829990615447362, "selection_12": 0, "shapley_value_13": -1.7590972830851874, "selection_13": 0, "shapley_value_14": -1.7445025444030762, "selection_14": 0, "shapley_value_15": -1.7784220362703007, "selection_15": 0, "shapley_value_16": -1.7594661146402362, "selection_16": 0, "shapley_value_17": -1.796332769592603, "selection_17": 0, "shapley_value_18": -1.8042261679967244, "selection_18": 0, "shapley_value_19": -1.796569893757502, "selection_19": 0, "shapley_value_20": -1.8241399427254996, "selection_20": 0, "shapley_value_21": -1.8173170487085977, "selection_21": 0, "shapley_value_22": -1.813506303230921, "selection_22": 0, "shapley_value_23": -1.8206139047940575, "selection_23": 0, "shapley_value_24": -1.837396788597107, "selection_24": 0, "shapley_value_25": -1.8455577333768205, "selection_25": 0, "shapley_value_26": -1.843595113356908, "selection_26": 0, "shapley_value_27": -1.84829651316007, "selection_27": 0, "shapley_value_28": -1.8670888915657997, "selection_28": 0, "shapley_value_29": -1.8727724964419998, "selection_29": 0, "shapley_value_30": -1.877859328687191, "selection_30": 0, "shapley_value_31": -1.8658200984199844, "selection_31": 0, "shapley_value_32": -1.9012762988607086, "selection_32": 0, "shapley_value_33": -1.8968895370761552, "selection_33": 0, "shapley_value_34": -1.9036256795128188, "selection_34": 0, "shapley_value_35": -1.8978125130136807, "selection_35": 0, "shapley_value_36": -1.9188656598329543, "selection_36": 1, "shapley_value_37": -1.9139768719673156, "selection_37": 1, "shapley_value_38": -1.9192877093950909, "selection_38": 1, "shapley_value_39": -1.928184311588605, "selection_39": 1, "_timestamp": 1688021983.2801542, "_runtime": 89.51879024505615, "_step": 99, "_wandb": {"runtime": 87}}