{"accuracy": 0.9357999563217163, "val_loss": 0.2310764640569687, "test_loss": 0.2162962108850479, "_timestamp": 1688025552.9677317, "_runtime": 88.74910473823547, "_step": 99, "_wandb": {"runtime": 87}}