{"accuracy": 0.6492198705673218, "val_loss": 1.069442868232727, "test_loss": 1.0744234323501587, "shapley_value_0": 0.08862180471420286, "selection_0": 1, "shapley_value_1": 0.04446863651275635, "selection_1": 0, "shapley_value_2": 0.07762337684631344, "selection_2": 0, "shapley_value_3": 0.0821820306777954, "selection_3": 0, "shapley_value_4": 0.07492742538452149, "selection_4": 0, "shapley_value_5": 0.03585335731506347, "selection_5": 0, "shapley_value_6": -0.0028713565123708626, "selection_6": 0, "shapley_value_7": 0.048581464290618895, "selection_7": 0, "shapley_value_8": 0.04976166963577271, "selection_8": 0, "shapley_value_9": 0.06713631153106686, "selection_9": 0, "shapley_value_10": 0.01688729047775269, "selection_10": 0, "shapley_value_11": 0.0754462218284607, "selection_11": 0, "shapley_value_12": 0.05673596143722534, "selection_12": 0, "shapley_value_13": 0.05680394887924195, "selection_13": 0, "shapley_value_14": 0.053990485668182375, "selection_14": 0, "shapley_value_15": 0.0648034405708313, "selection_15": 0, "shapley_value_16": 0.007053232192993164, "selection_16": 0, "shapley_value_17": 0.024467971324920654, "selection_17": 0, "shapley_value_18": 0.08404162406921391, "selection_18": 0, "shapley_value_19": 0.1448735284805298, "selection_19": 1, "_timestamp": 1687790741.3554518, "_runtime": 182.032390832901, "_step": 9}