{"accuracy": 0.9287999868392944, "val_loss": 0.27098459005355835, "test_loss": 0.2537543475627899, "shapley_value_0": -1.7697593371073401, "selection_0": 0, "shapley_value_1": -1.6495019644498827, "selection_1": 0, "shapley_value_2": -1.8030123631159463, "selection_2": 0, "shapley_value_3": -1.7538927974122942, "selection_3": 0, "shapley_value_4": -1.8185627778371174, "selection_4": 0, "shapley_value_5": -1.7803735584020615, "selection_5": 0, "shapley_value_6": -1.7553716139359912, "selection_6": 0, "shapley_value_7": -1.8007610756339445, "selection_7": 1, "shapley_value_8": -1.7468486843687112, "selection_8": 0, "shapley_value_9": -1.7505987419022457, "selection_9": 0, "shapley_value_10": -1.8227474689483647, "selection_10": 0, "shapley_value_11": -1.7856864174207054, "selection_11": 0, "shapley_value_12": -1.718791689309809, "selection_12": 0, "shapley_value_13": -1.7796316815145083, "selection_13": 0, "shapley_value_14": -1.819260702089027, "selection_14": 0, "shapley_value_15": -1.780131751298904, "selection_15": 0, "shapley_value_16": -1.7411173557241757, "selection_16": 0, "shapley_value_17": -1.886423428853353, "selection_17": 0, "shapley_value_18": -1.8986681742327556, "selection_18": 0, "shapley_value_19": -1.7913591523965202, "selection_19": 0, "shapley_value_20": -1.782811586603974, "selection_20": 1, "shapley_value_21": -1.7246670447863066, "selection_21": 1, "shapley_value_22": -1.7657948911190033, "selection_22": 0, "shapley_value_23": -1.8731629587709908, "selection_23": 0, "shapley_value_24": -1.7418447001413861, "selection_24": 0, "shapley_value_25": -1.8815963727732499, "selection_25": 0, "shapley_value_26": -1.9526336036977316, "selection_26": 0, "shapley_value_27": -1.8492987689872575, "selection_27": 0, "shapley_value_28": -1.7697753290335339, "selection_28": 0, "shapley_value_29": -1.9591087159656344, "selection_29": 0, "shapley_value_30": -1.7660113193772056, "selection_30": 0, "shapley_value_31": -2.046475287940767, "selection_31": 0, "shapley_value_32": -1.5604651896726518, "selection_32": 0, "shapley_value_33": -1.7740759325749949, "selection_33": 0, "shapley_value_34": -1.9920121646589701, "selection_34": 0, "shapley_value_35": -1.8916604407131672, "selection_35": 0, "shapley_value_36": -1.9427920352844963, "selection_36": 0, "shapley_value_37": -1.7797603209813433, "selection_37": 1, "shapley_value_38": -1.762717052300771, "selection_38": 0, "shapley_value_39": -2.1814051608244576, "selection_39": 0, "_timestamp": 1687990865.3311496, "_runtime": 76.47179746627808, "_step": 99, "_wandb": {"runtime": 74}}