{"accuracy": 0.9289999604225159, "val_loss": 0.26007014513015747, "test_loss": 0.23772460222244263, "shapley_value_0": 0.0036648130416870118, "selection_0": 0, "shapley_value_1": 0.003522791862487793, "selection_1": 0, "shapley_value_2": 0.003026480674743653, "selection_2": 0, "shapley_value_3": 0.003531632423400879, "selection_3": 0, "shapley_value_4": 0.0029088640213012695, "selection_4": 0, "shapley_value_5": 0.002152972221374512, "selection_5": 0, "shapley_value_6": 0.003099265098571777, "selection_6": 0, "shapley_value_7": -0.0004222644002814042, "selection_7": 0, "shapley_value_8": 0.00217759132385254, "selection_8": 0, "shapley_value_9": 0.002321004867553711, "selection_9": 0, "shapley_value_10": 0.010562691688537598, "selection_10": 0, "shapley_value_11": 0.007805609703063966, "selection_11": 0, "shapley_value_12": 0.007848258018493648, "selection_12": 0, "shapley_value_13": 0.009439373016357423, "selection_13": 0, "shapley_value_14": 0.011326842308044432, "selection_14": 0, "shapley_value_15": 0.006649527549743652, "selection_15": 0, "shapley_value_16": 0.004603071212768554, "selection_16": 0, "shapley_value_17": 0.0019087934494018556, "selection_17": 0, "shapley_value_18": 0.006750612258911133, "selection_18": 0, "shapley_value_19": 0.1904860743880272, "selection_19": 1, "shapley_value_20": 0.018916034698486333, "selection_20": 0, "shapley_value_21": 0.01648921012878418, "selection_21": 0, "shapley_value_22": 0.014424729347229, "selection_22": 0, "shapley_value_23": 0.013690056800842286, "selection_23": 0, "shapley_value_24": 0.005512456893920898, "selection_24": 0, "shapley_value_25": 0.015678467750549315, "selection_25": 0, "shapley_value_26": -0.0005298037278024774, "selection_26": 0, "shapley_value_27": 0.07191429316997527, "selection_27": 0, "shapley_value_28": 0.010497188568115235, "selection_28": 0, "shapley_value_29": 0.024101295471191407, "selection_29": 0, "shapley_value_30": 0.015292735099792471, "selection_30": 0, "shapley_value_31": 0.02078120708465576, "selection_31": 0, "shapley_value_32": 0.018554606437683106, "selection_32": 0, "shapley_value_33": 0.02315101623535156, "selection_33": 0, "shapley_value_34": 0.022739319801330572, "selection_34": 0, "shapley_value_35": 0.027875227928161616, "selection_35": 0, "shapley_value_36": 0.017832884788513182, "selection_36": 0, "shapley_value_37": 0.013911614418029785, "selection_37": 0, "shapley_value_38": 0.07676979660987855, "selection_38": 0, "shapley_value_39": 0.013373517990112306, "selection_39": 0, "shapley_value_40": 0.030717601776123052, "selection_40": 0, "shapley_value_41": 0.1777790690792931, "selection_41": 0, "shapley_value_42": 0.20515778516127262, "selection_42": 0, "shapley_value_43": 0.21957260252998514, "selection_43": 0, "shapley_value_44": 0.19784929147999353, "selection_44": 0, "shapley_value_45": 0.21023774323792296, "selection_45": 0, "shapley_value_46": 0.19386716762185094, "selection_46": 0, "shapley_value_47": 0.11712303698062898, "selection_47": 0, "shapley_value_48": 0.0974020312229792, "selection_48": 0, "shapley_value_49": 0.20892148148628978, "selection_49": 0, "shapley_value_50": 0.024292664527893068, "selection_50": 0, "shapley_value_51": 0.08576004803180697, "selection_51": 0, "shapley_value_52": 0.22336760248157914, "selection_52": 1, "shapley_value_53": 0.2008530626171514, "selection_53": 0, "shapley_value_54": 0.12330263773600258, "selection_54": 0, "shapley_value_55": -0.0004814298529373972, "selection_55": 0, "shapley_value_56": 0.2096189858530481, "selection_56": 0, "shapley_value_57": 0.17918137192726133, "selection_57": 1, "shapley_value_58": 0.08014057070016861, "selection_58": 0, "shapley_value_59": 0.08447869420051578, "selection_59": 0, "shapley_value_60": 0.17949750143289567, "selection_60": 1, "shapley_value_61": 0.15717140819345204, "selection_61": 0, "shapley_value_62": 0.13980646538734434, "selection_62": 0, "shapley_value_63": 0.22529031761761373, "selection_63": 1, "shapley_value_64": 0.22299273219890897, "selection_64": 0, "shapley_value_65": 0.17654955029487612, "selection_65": 0, "shapley_value_66": 0.06134356489307004, "selection_66": 0, "shapley_value_67": 0.14765048944950104, "selection_67": 0, "shapley_value_68": 0.23045981572733984, "selection_68": 1, "shapley_value_69": 0.02600818721871627, "selection_69": 0, "shapley_value_70": 0.15135682821273802, "selection_70": 0, "shapley_value_71": 0.148218951503137, "selection_71": 0, "shapley_value_72": 0.15794768597398487, "selection_72": 0, "shapley_value_73": 0.022430720329284667, "selection_73": 0, "shapley_value_74": 0.22186285316944124, "selection_74": 1, "shapley_value_75": 0.23702561706827396, "selection_75": 1, "shapley_value_76": 0.09052818179130553, "selection_76": 0, "shapley_value_77": 0.14290667921304703, "selection_77": 0, "shapley_value_78": 0.18152200293540957, "selection_78": 0, "shapley_value_79": 0.19271246402279324, "selection_79": 0, "shapley_value_80": 0.09802529692649842, "selection_80": 0, "shapley_value_81": 0.19984316041595057, "selection_81": 0, "shapley_value_82": 0.16888664799077174, "selection_82": 0, "shapley_value_83": 0.19020890648875913, "selection_83": 0, "shapley_value_84": 0.2120100418395466, "selection_84": 1, "shapley_value_85": 0.19861518894371233, "selection_85": 0, "shapley_value_86": 0.19045397565915032, "selection_86": 0, "shapley_value_87": 0.18732821588714918, "selection_87": 0, "shapley_value_88": 0.14216534167528155, "selection_88": 0, "shapley_value_89": 0.1906650861899058, "selection_89": 0, "shapley_value_90": 0.19080496113747358, "selection_90": 0, "shapley_value_91": 0.20974386530757594, "selection_91": 0, "shapley_value_92": 0.0924441251942986, "selection_92": 0, "shapley_value_93": 0.19687630537152292, "selection_93": 0, "shapley_value_94": 0.23040426840506384, "selection_94": 1, "shapley_value_95": 0.1699100409448147, "selection_95": 0, "shapley_value_96": 0.17899656075239181, "selection_96": 0, "shapley_value_97": 0.07196432339517693, "selection_97": 0, "shapley_value_98": 0.21186453450712042, "selection_98": 0, "shapley_value_99": 0.07294626976314346, "selection_99": 0, "_timestamp": 1687952462.7790875, "_runtime": 323.3460285663605, "_step": 99, "_wandb": {"runtime": 321}}