{"accuracy": 0.9368000030517578, "val_loss": 0.23370134830474854, "test_loss": 0.22137615084648132, "shapley_value_0": 0.2099995682835579, "selection_0": 0, "shapley_value_1": 0.1864421627223492, "selection_1": 1, "shapley_value_2": 0.1588437730405066, "selection_2": 0, "shapley_value_3": 0.21616184604167937, "selection_3": 0, "shapley_value_4": 0.19487135255336757, "selection_4": 1, "shapley_value_5": 0.2112997314333916, "selection_5": 0, "shapley_value_6": 0.16672074685494107, "selection_6": 0, "shapley_value_7": 0.1528290397347065, "selection_7": 0, "shapley_value_8": 0.21140835204249933, "selection_8": 0, "shapley_value_9": 0.21722588485479352, "selection_9": 0, "shapley_value_10": 0.19420852813124656, "selection_10": 0, "shapley_value_11": 0.1983154555559158, "selection_11": 0, "shapley_value_12": 0.19236468061804773, "selection_12": 0, "shapley_value_13": 0.18393966099619866, "selection_13": 1, "shapley_value_14": 0.1655839101804627, "selection_14": 0, "shapley_value_15": 0.22621951173652305, "selection_15": 0, "shapley_value_16": 0.24183862165971234, "selection_16": 0, "shapley_value_17": 0.20513687357306482, "selection_17": 0, "shapley_value_18": 0.19868180829286572, "selection_18": 0, "shapley_value_19": 0.20840457046031952, "selection_19": 0, "shapley_value_20": 0.21335086235404016, "selection_20": 0, "shapley_value_21": 0.20924150454998017, "selection_21": 0, "shapley_value_22": 0.2033887960612774, "selection_22": 0, "shapley_value_23": 0.2146242723762989, "selection_23": 0, "shapley_value_24": 0.1655152815249231, "selection_24": 0, "shapley_value_25": 0.1785289359423849, "selection_25": 0, "shapley_value_26": 0.2544834476957718, "selection_26": 0, "shapley_value_27": 0.19578728821403102, "selection_27": 0, "shapley_value_28": 0.1665287744667795, "selection_28": 0, "shapley_value_29": 0.21403464579268508, "selection_29": 0, "shapley_value_30": 0.19000671890377996, "selection_30": 1, "shapley_value_31": 0.19823778071999545, "selection_31": 0, "shapley_value_32": 0.18924901273846625, "selection_32": 0, "shapley_value_33": 0.21418266697776941, "selection_33": 0, "shapley_value_34": 0.2395775227113204, "selection_34": 0, "shapley_value_35": 0.22573043544184077, "selection_35": 1, "shapley_value_36": 0.16927416860185868, "selection_36": 0, "shapley_value_37": 0.12087883912026882, "selection_37": 0, "shapley_value_38": 0.23758578966964372, "selection_38": 0, "shapley_value_39": 0.20132156363129616, "selection_39": 0, "shapley_value_40": 0.17447008490562438, "selection_40": 0, "shapley_value_41": 0.17824869626098208, "selection_41": 0, "shapley_value_42": 0.17403886126147378, "selection_42": 0, "shapley_value_43": 0.21453664195537564, "selection_43": 0, "shapley_value_44": 0.19833338055440353, "selection_44": 0, "shapley_value_45": 0.18204588764243657, "selection_45": 0, "shapley_value_46": 0.16399124271339843, "selection_46": 0, "shapley_value_47": 0.15502743022309406, "selection_47": 0, "shapley_value_48": 0.19595716682076453, "selection_48": 0, "shapley_value_49": 0.22819271819158035, "selection_49": 0, "shapley_value_50": 0.22053216227076267, "selection_50": 1, "shapley_value_51": 0.23306768512183973, "selection_51": 0, "shapley_value_52": 0.17013691236575446, "selection_52": 0, "shapley_value_53": 0.14473007198837068, "selection_53": 0, "shapley_value_54": 0.17803028240799904, "selection_54": 0, "shapley_value_55": 0.22605648647655138, "selection_55": 1, "shapley_value_56": 0.2162080771923065, "selection_56": 0, "shapley_value_57": 0.23022523175586354, "selection_57": 0, "shapley_value_58": 0.2001291759312153, "selection_58": 0, "shapley_value_59": 0.21244280964136122, "selection_59": 1, "shapley_value_60": 0.22845648435029117, "selection_60": 1, "shapley_value_61": 0.21402940919995306, "selection_61": 0, "shapley_value_62": 0.1959756924211979, "selection_62": 0, "shapley_value_63": 0.2546046687414249, "selection_63": 0, "shapley_value_64": 0.17080315394534004, "selection_64": 0, "shapley_value_65": 0.21868047440052027, "selection_65": 0, "shapley_value_66": 0.21065318733296895, "selection_66": 0, "shapley_value_67": 0.24023881958289578, "selection_67": 0, "shapley_value_68": 0.2018391489684582, "selection_68": 0, "shapley_value_69": 0.22466331687840546, "selection_69": 0, "shapley_value_70": 0.21566446182131765, "selection_70": 0, "shapley_value_71": 0.14736579123470517, "selection_71": 0, "shapley_value_72": 0.2373739263957197, "selection_72": 0, "shapley_value_73": 0.1617518376641803, "selection_73": 0, "shapley_value_74": 0.2056615694463253, "selection_74": 0, "shapley_value_75": 0.188936476111412, "selection_75": 0, "shapley_value_76": 0.23516381412744522, "selection_76": 0, "shapley_value_77": 0.17453228954334707, "selection_77": 0, "shapley_value_78": 0.1797762596938345, "selection_78": 0, "shapley_value_79": 0.16296262067312384, "selection_79": 0, "shapley_value_80": 0.2129118558764458, "selection_80": 0, "shapley_value_81": 0.19137330567836763, "selection_81": 0, "shapley_value_82": 0.22878349182280625, "selection_82": 0, "shapley_value_83": 0.2145796214044094, "selection_83": 0, "shapley_value_84": 0.14736602670616575, "selection_84": 0, "shapley_value_85": 0.21126772287487988, "selection_85": 0, "shapley_value_86": 0.2538578780740499, "selection_86": 0, "shapley_value_87": 0.22211221806027676, "selection_87": 0, "shapley_value_88": 0.23948810181834476, "selection_88": 0, "shapley_value_89": 0.20856132569909097, "selection_89": 0, "shapley_value_90": 0.22340928806499996, "selection_90": 0, "shapley_value_91": 0.27004144015220494, "selection_91": 0, "shapley_value_92": 0.1627994026339542, "selection_92": 0, "shapley_value_93": 0.22278724193573, "selection_93": 0, "shapley_value_94": 0.14420694973733686, "selection_94": 1, "shapley_value_95": 0.17049018042477945, "selection_95": 0, "shapley_value_96": 0.1761915748701458, "selection_96": 0, "shapley_value_97": 0.20770708069205282, "selection_97": 0, "shapley_value_98": 0.2067986954152584, "selection_98": 0, "shapley_value_99": 0.21452942740917202, "selection_99": 0, "_timestamp": 1687954747.9395735, "_runtime": 314.56113958358765, "_step": 99, "_wandb": {"runtime": 313}}