{"accuracy": 0.09719999879598618, "val_loss": 12.181673049926758, "test_loss": 12.274443626403809, "shapley_value_0": -1.230897078911464, "selection_0": 0, "shapley_value_1": 11.288483039641273, "selection_1": 1, "shapley_value_2": 0.35792869329452603, "selection_2": 0, "shapley_value_3": -0.42304692665736, "selection_3": 0, "shapley_value_4": -2.0797773003578186, "selection_4": 0, "shapley_value_5": 0.8440581427680124, "selection_5": 0, "shapley_value_6": -4.086597919464111, "selection_6": 0, "shapley_value_7": 0.8865426927804942, "selection_7": 0, "shapley_value_8": 0.9984785715738926, "selection_8": 0, "shapley_value_9": 0.2751828630765285, "selection_9": 0, "shapley_value_10": -3.7202740609645835, "selection_10": 0, "shapley_value_11": -0.5942128400007887, "selection_11": 0, "shapley_value_12": -4.052028675874075, "selection_12": 0, "shapley_value_13": 0.28083081046740244, "selection_13": 0, "shapley_value_14": -5.029942830403645, "selection_14": 0, "shapley_value_15": 0.07956282297770212, "selection_15": 0, "shapley_value_16": 10.097178586324059, "selection_16": 1, "shapley_value_17": -3.5017239153385162, "selection_17": 0, "shapley_value_18": 10.557769091261761, "selection_18": 1, "shapley_value_19": 0.8121219277381897, "selection_19": 0, "shapley_value_20": -0.23858281970024064, "selection_20": 0, "shapley_value_21": -0.06590584913889552, "selection_21": 0, "shapley_value_22": -2.4089111785093955, "selection_22": 0, "shapley_value_23": 0.381884147723516, "selection_23": 0, "shapley_value_24": -3.896840711434681, "selection_24": 0, "shapley_value_25": -1.5569615364074707, "selection_25": 0, "shapley_value_26": -0.08535703023274799, "selection_26": 0, "shapley_value_27": 0.6151143709818525, "selection_27": 0, "shapley_value_28": -1.9976039131482464, "selection_28": 0, "shapley_value_29": -6.942804853121434, "selection_29": 0, "shapley_value_30": -0.7155037025610607, "selection_30": 0, "shapley_value_31": 0.2288641333580017, "selection_31": 0, "shapley_value_32": -1.6114624440670022, "selection_32": 0, "shapley_value_33": 0.14214394489924054, "selection_33": 0, "shapley_value_34": 0.6634091138839704, "selection_34": 0, "shapley_value_35": -1.0543521046638498, "selection_35": 0, "shapley_value_36": 1.1014801097014317, "selection_36": 1, "shapley_value_37": 0.2370371421178179, "selection_37": 0, "shapley_value_38": -9.219052582979202, "selection_38": 0, "shapley_value_39": 11.309372960657313, "selection_39": 1, "shapley_value_40": -0.49405465523401926, "selection_40": 0, "shapley_value_41": -1.6295859217643738, "selection_41": 0, "shapley_value_42": -0.10342995325724313, "selection_42": 0, "shapley_value_43": -0.2645900845527649, "selection_43": 0, "shapley_value_44": 0.9382065844535826, "selection_44": 0, "shapley_value_45": -2.4487540920575466, "selection_45": 0, "shapley_value_46": -5.986658543348312, "selection_46": 0, "shapley_value_47": -1.110829303661983, "selection_47": 0, "shapley_value_48": -2.0041356285413103, "selection_48": 0, "shapley_value_49": -2.1871597170829773, "selection_49": 0, "_timestamp": 1688377960.4026117, "_runtime": 104.91998076438904, "_step": 99, "_wandb": {"runtime": 103}}