{"accuracy": 0.12039999663829803, "val_loss": 3.3512628078460693, "test_loss": 3.3734827041625977, "shapley_value_0": 0, "selection_0": 0, "shapley_value_1": 3.7552519867328993, "selection_1": 0, "shapley_value_2": 2.1468070314990153, "selection_2": 1, "shapley_value_3": 3.1916456911298967, "selection_3": 0, "shapley_value_4": -0.2744669715563459, "selection_4": 0, "shapley_value_5": 3.8042551947964554, "selection_5": 0, "shapley_value_6": 1.7293887933095298, "selection_6": 0, "shapley_value_7": 0, "selection_7": 0, "shapley_value_8": 3.1632218345006304, "selection_8": 0, "shapley_value_9": -1.3554914792378736, "selection_9": 0, "shapley_value_10": -2.041574041048685, "selection_10": 0, "shapley_value_11": 2.333090743532887, "selection_11": 0, "shapley_value_12": 1.0086623695161612, "selection_12": 0, "shapley_value_13": 1.6556210865577063, "selection_13": 0, "shapley_value_14": 0, "selection_14": 0, "shapley_value_15": 0, "selection_15": 0, "shapley_value_16": 3.6319731463465748, "selection_16": 1, "shapley_value_17": 0, "selection_17": 0, "shapley_value_18": 7.373983408013981, "selection_18": 1, "shapley_value_19": 0, "selection_19": 0, "shapley_value_20": 0, "selection_20": 0, "shapley_value_21": -4.162628849347435, "selection_21": 0, "shapley_value_22": 2.676732799945734, "selection_22": 0, "shapley_value_23": -0.3034704128901158, "selection_23": 0, "shapley_value_24": 0, "selection_24": 0, "shapley_value_25": 1.6851963599522914, "selection_25": 0, "shapley_value_26": -0.5902751684188852, "selection_26": 0, "shapley_value_27": 3.1456397503614424, "selection_27": 0, "shapley_value_28": 4.860518504072118, "selection_28": 0, "shapley_value_29": 0, "selection_29": 0, "shapley_value_30": 0, "selection_30": 0, "shapley_value_31": 3.3425760288392334, "selection_31": 0, "shapley_value_32": 2.873814616514289, "selection_32": 0, "shapley_value_33": 2.693331199663657, "selection_33": 1, "shapley_value_34": 2.5060178604390884, "selection_34": 0, "shapley_value_35": -2.777466893196104, "selection_35": 0, "shapley_value_36": 0, "selection_36": 0, "shapley_value_37": 2.70676720307933, "selection_37": 1, "shapley_value_38": 0.9274599651495614, "selection_38": 0, "shapley_value_39": 0, "selection_39": 0, "shapley_value_40": 1.9616028694879437, "selection_40": 0, "shapley_value_41": 2.9122059585319637, "selection_41": 0, "shapley_value_42": 3.720900975863139, "selection_42": 0, "shapley_value_43": 4.475354293982186, "selection_43": 0, "shapley_value_44": -4.572329421838125, "selection_44": 0, "shapley_value_45": 0, "selection_45": 0, "shapley_value_46": 0, "selection_46": 0, "shapley_value_47": -8.941043019294739, "selection_47": 0, "shapley_value_48": 1.249616997937362, "selection_48": 0, "shapley_value_49": 0, "selection_49": 0, "_timestamp": 1688387845.6502397, "_runtime": 111.9881796836853, "_step": 99, "_wandb": {"runtime": 110}}