{"accuracy": 0.1289999932050705, "val_loss": 2.9918315410614014, "test_loss": 3.0248970985412598, "_timestamp": 1688398760.9308777, "_runtime": 97.93448662757874, "_step": 99, "_wandb": {"runtime": 96}}