{"accuracy": 0.49939998984336853, "val_loss": 1.3924168348312378, "test_loss": 1.4118508100509644, "_timestamp": 1688033726.5037344, "_runtime": 94.75587034225464, "_step": 99, "_wandb": {"runtime": 93}}