{"loss": 0.35151219367980957, "accuracy": 0.9019999504089355, "average_active_clients": 9.145000000000007, "_timestamp": 1686667012.5544508, "_runtime": 27.127535820007324, "_step": 399, "_wandb": {"runtime": 25}}