{"loss": 0.3579394817352295, "accuracy": 0.899399995803833, "average_active_clients": 10.0, "_timestamp": 1686665709.8304996, "_runtime": 27.099981546401978, "_step": 399, "_wandb": {"runtime": 25}}