{"accuracy": 0.9377999901771545, "val_loss": 0.23291687667369843, "test_loss": 0.21952402591705322, "shapley_value_0": 0.17335956287384033, "selection_0": 0, "shapley_value_1": 0.18612001293897626, "selection_1": 0, "shapley_value_2": 0.17974534422159194, "selection_2": 0, "shapley_value_3": 0.1845087938308716, "selection_3": 0, "shapley_value_4": 0.15485337176918984, "selection_4": 1, "shapley_value_5": 0.2354058336019516, "selection_5": 0, "shapley_value_6": 0.1864708427488804, "selection_6": 0, "shapley_value_7": 0.16948240027615896, "selection_7": 0, "shapley_value_8": 0.24420569148189145, "selection_8": 0, "shapley_value_9": 0.20503169736266136, "selection_9": 0, "shapley_value_10": 0.19454721596837043, "selection_10": 0, "shapley_value_11": 0.1986703903079033, "selection_11": 0, "shapley_value_12": 0.18024345570802688, "selection_12": 0, "shapley_value_13": 0.22743625310063367, "selection_13": 0, "shapley_value_14": 0.18112806588411332, "selection_14": 0, "shapley_value_15": 0.2126084438562393, "selection_15": 0, "shapley_value_16": 0.20755328157544142, "selection_16": 0, "shapley_value_17": 0.1885629805922508, "selection_17": 0, "shapley_value_18": 0.1861239677965641, "selection_18": 0, "shapley_value_19": 0.22423346507549285, "selection_19": 0, "shapley_value_20": 0.2093921677172184, "selection_20": 0, "shapley_value_21": 0.2500631231665611, "selection_21": 0, "shapley_value_22": 0.18721300345659259, "selection_22": 0, "shapley_value_23": 0.1755735314786434, "selection_23": 1, "shapley_value_24": 0.18557523724436759, "selection_24": 0, "shapley_value_25": 0.1695478593111038, "selection_25": 0, "shapley_value_26": 0.24757152283191686, "selection_26": 0, "shapley_value_27": 0.2107543479753168, "selection_27": 0, "shapley_value_28": 0.19934754359722137, "selection_28": 0, "shapley_value_29": 0.22275587433576588, "selection_29": 0, "shapley_value_30": 0.20613024371862415, "selection_30": 0, "shapley_value_31": 0.20668795078992847, "selection_31": 0, "shapley_value_32": 0.2302933250069618, "selection_32": 0, "shapley_value_33": 0.18085379119766387, "selection_33": 0, "shapley_value_34": 0.20662831062078474, "selection_34": 0, "shapley_value_35": 0.22376993164420123, "selection_35": 0, "shapley_value_36": 0.18429006253888736, "selection_36": 0, "shapley_value_37": 0.15820179426670075, "selection_37": 1, "shapley_value_38": 0.22029404732584953, "selection_38": 0, "shapley_value_39": 0.21354147464036943, "selection_39": 0, "shapley_value_40": 0.22204234680533408, "selection_40": 0, "shapley_value_41": 0.18974565371870994, "selection_41": 0, "shapley_value_42": 0.22092333188652993, "selection_42": 0, "shapley_value_43": 0.194851974606514, "selection_43": 0, "shapley_value_44": 0.24224804875254632, "selection_44": 0, "shapley_value_45": 0.1887466869056225, "selection_45": 0, "shapley_value_46": 0.18451242792606354, "selection_46": 0, "shapley_value_47": 0.1479570691883564, "selection_47": 1, "shapley_value_48": 0.1716078991293907, "selection_48": 0, "shapley_value_49": 0.20610791984200477, "selection_49": 0, "shapley_value_50": 0.20632744932174685, "selection_50": 0, "shapley_value_51": 0.17928388822078706, "selection_51": 1, "shapley_value_52": 0.21023695969581607, "selection_52": 0, "shapley_value_53": 0.15433197316527367, "selection_53": 1, "shapley_value_54": 0.18322883901000023, "selection_54": 1, "shapley_value_55": 0.1669600775241852, "selection_55": 0, "shapley_value_56": 0.220060365229845, "selection_56": 0, "shapley_value_57": 0.22404851445555685, "selection_57": 0, "shapley_value_58": 0.19541285738348962, "selection_58": 0, "shapley_value_59": 0.21219834023714065, "selection_59": 0, "shapley_value_60": 0.23836464533209806, "selection_60": 0, "shapley_value_61": 0.18230609527230263, "selection_61": 0, "shapley_value_62": 0.23673675757646562, "selection_62": 0, "shapley_value_63": 0.2407915816903114, "selection_63": 0, "shapley_value_64": 0.21444355940818785, "selection_64": 0, "shapley_value_65": 0.19404067350375026, "selection_65": 0, "shapley_value_66": 0.2189557526268457, "selection_66": 0, "shapley_value_67": 0.2675852973163128, "selection_67": 0, "shapley_value_68": 0.24196024131774901, "selection_68": 0, "shapley_value_69": 0.2556472252011299, "selection_69": 0, "shapley_value_70": 0.17984717476367945, "selection_70": 0, "shapley_value_71": 0.21327230733633046, "selection_71": 0, "shapley_value_72": 0.17644916063547134, "selection_72": 0, "shapley_value_73": 0.2099047009050846, "selection_73": 0, "shapley_value_74": 0.1659054364562035, "selection_74": 1, "shapley_value_75": 0.2772507450282573, "selection_75": 0, "shapley_value_76": 0.20206211718132622, "selection_76": 0, "shapley_value_77": 0.12512477441674236, "selection_77": 1, "shapley_value_78": 0.2386576102375984, "selection_78": 0, "shapley_value_79": 0.1755083980717157, "selection_79": 0, "shapley_value_80": 0.2011690440475941, "selection_80": 0, "shapley_value_81": 0.22727171817421915, "selection_81": 0, "shapley_value_82": 0.16267067644000052, "selection_82": 1, "shapley_value_83": 0.20752955037355422, "selection_83": 0, "shapley_value_84": 0.27408275204896926, "selection_84": 0, "shapley_value_85": 0.19075206941366196, "selection_85": 0, "shapley_value_86": 0.2035060752034187, "selection_86": 0, "shapley_value_87": 0.2037175713777542, "selection_87": 0, "shapley_value_88": 0.19006744843721393, "selection_88": 0, "shapley_value_89": 0.23175953096151353, "selection_89": 0, "shapley_value_90": 0.21802935019135475, "selection_90": 0, "shapley_value_91": 0.23659205874800682, "selection_91": 0, "shapley_value_92": 0.19533771616220472, "selection_92": 0, "shapley_value_93": 0.21264332491159438, "selection_93": 0, "shapley_value_94": 0.16993812707066536, "selection_94": 0, "shapley_value_95": 0.18227493647211473, "selection_95": 0, "shapley_value_96": 0.20639341673254968, "selection_96": 0, "shapley_value_97": 0.1917413008103245, "selection_97": 0, "shapley_value_98": 0.19488765996694568, "selection_98": 0, "shapley_value_99": 0.20540558463335037, "selection_99": 0, "_timestamp": 1687957998.994969, "_runtime": 319.04328298568726, "_step": 99, "_wandb": {"runtime": 317}}