{"accuracy": 0.4997999966144562, "val_loss": 1.387344479560852, "test_loss": 1.39591646194458, "_timestamp": 1687964380.4610832, "_runtime": 82.18988108634949, "_step": 99, "_wandb": {"runtime": 81}}