{"accuracy": 0.5135999917984009, "val_loss": 1.3643516302108765, "test_loss": 1.38078773021698, "shapley_value_0": -0.7567022868565151, "selection_0": 0, "shapley_value_1": -0.6712688496618561, "selection_1": 0, "shapley_value_2": -0.6827720182913322, "selection_2": 0, "shapley_value_3": -0.7648637957043117, "selection_3": 0, "shapley_value_4": -0.8405979772408799, "selection_4": 0, "shapley_value_5": -0.6972700357437134, "selection_5": 0, "shapley_value_6": -0.7478724420070648, "selection_6": 0, "shapley_value_7": -0.7187982135348849, "selection_7": 1, "shapley_value_8": -0.8171029521359338, "selection_8": 1, "shapley_value_9": -0.7119838661617703, "selection_9": 0, "shapley_value_10": -0.6933653288417391, "selection_10": 0, "shapley_value_11": -0.6208614110946656, "selection_11": 0, "shapley_value_12": -0.7000593619468882, "selection_12": 0, "shapley_value_13": -0.7168988964774392, "selection_13": 0, "shapley_value_14": -0.7001666724681854, "selection_14": 0, "shapley_value_15": -0.7105914690555669, "selection_15": 0, "shapley_value_16": -0.8341709925578191, "selection_16": 1, "shapley_value_17": -0.7988909121715662, "selection_17": 0, "shapley_value_18": -0.734405408302943, "selection_18": 0, "shapley_value_19": -0.5895837368788539, "selection_19": 0, "shapley_value_20": -0.722861631711324, "selection_20": 1, "shapley_value_21": -0.629001177019543, "selection_21": 0, "shapley_value_22": -0.7143327309971763, "selection_22": 0, "shapley_value_23": -0.7382414340972899, "selection_23": 0, "shapley_value_24": -0.6798707564671834, "selection_24": 0, "shapley_value_25": -0.7871978339694795, "selection_25": 0, "shapley_value_26": -0.75845996538798, "selection_26": 0, "shapley_value_27": -0.6422906380433305, "selection_27": 0, "shapley_value_28": -0.6688169302084509, "selection_28": 0, "shapley_value_29": -0.7468745443556042, "selection_29": 0, "shapley_value_30": -0.669391353925069, "selection_30": 0, "shapley_value_31": -0.8099215196238623, "selection_31": 0, "shapley_value_32": -0.6768123597809763, "selection_32": 0, "shapley_value_33": -0.709968308607737, "selection_33": 0, "shapley_value_34": -0.7234846221076117, "selection_34": 0, "shapley_value_35": -0.8657292524973556, "selection_35": 0, "shapley_value_36": -0.7740050077438354, "selection_36": 0, "shapley_value_37": -0.7419385274251302, "selection_37": 0, "shapley_value_38": -0.7466572812109283, "selection_38": 0, "shapley_value_39": -0.6907340606053672, "selection_39": 0, "_timestamp": 1688030896.3363886, "_runtime": 101.5676167011261, "_step": 99, "_wandb": {"runtime": 100}}