{"accuracy": 0.45579999685287476, "val_loss": 1.5136364698410034, "test_loss": 1.5444289445877075, "_timestamp": 1687965191.8213656, "_runtime": 89.58216762542725, "_step": 99, "_wandb": {"runtime": 87}}