{"accuracy": 0.852855920791626, "val_loss": 0.44727471470832825, "test_loss": 0.4483582079410553, "shapley_value_0": -1.3962509950002033, "selection_0": 0, "shapley_value_1": -1.3575206230084103, "selection_1": 0, "shapley_value_2": -1.3531842768192295, "selection_2": 0, "shapley_value_3": -1.326942449808121, "selection_3": 0, "shapley_value_4": -1.3790675044059753, "selection_4": 0, "shapley_value_5": -1.3850508093833924, "selection_5": 0, "shapley_value_6": -1.3535740673542023, "selection_6": 0, "shapley_value_7": -1.3524784803390502, "selection_7": 0, "shapley_value_8": -1.3533506711324055, "selection_8": 0, "shapley_value_9": -1.3530907114346822, "selection_9": 0, "shapley_value_10": -1.4278516252835591, "selection_10": 0, "shapley_value_11": -1.4214371989170709, "selection_11": 0, "shapley_value_12": -1.3672938138246535, "selection_12": 0, "shapley_value_13": -1.436082261800766, "selection_13": 0, "shapley_value_14": -1.429817400376002, "selection_14": 0, "shapley_value_15": -1.425375061233838, "selection_15": 0, "shapley_value_16": -1.4457447727521262, "selection_16": 0, "shapley_value_17": -1.4045375535885494, "selection_17": 0, "shapley_value_18": -1.4727886259555816, "selection_18": 0, "shapley_value_19": -1.3653260678052903, "selection_19": 0, "shapley_value_20": -1.39797421892484, "selection_20": 0, "shapley_value_21": -1.4672203242778776, "selection_21": 0, "shapley_value_22": -1.4498663981755575, "selection_22": 0, "shapley_value_23": -1.3539517998695372, "selection_23": 0, "shapley_value_24": -1.4611143549283347, "selection_24": 0, "shapley_value_25": -1.4857852677504222, "selection_25": 0, "shapley_value_26": -1.47079802552859, "selection_26": 0, "shapley_value_27": -1.2464032014211017, "selection_27": 0, "shapley_value_28": -1.4027086844046912, "selection_28": 0, "shapley_value_29": -1.4819838762283328, "selection_29": 0, "shapley_value_30": -1.5691384573777518, "selection_30": 1, "shapley_value_31": -1.4644051313400268, "selection_31": 0, "shapley_value_32": -1.3789888431628547, "selection_32": 0, "shapley_value_33": -1.4903777350982033, "selection_33": 0, "shapley_value_34": -1.5100721766551335, "selection_34": 0, "shapley_value_35": -1.5384330928325656, "selection_35": 1, "shapley_value_36": -1.563688635826111, "selection_36": 1, "shapley_value_37": -1.4989426344633103, "selection_37": 0, "shapley_value_38": -1.5101970235506692, "selection_38": 1, "shapley_value_39": -1.5004915763934457, "selection_39": 0, "_timestamp": 1687971171.3709671, "_runtime": 82.34754824638367, "_step": 99, "_wandb": {"runtime": 80}}