{"accuracy": 0.10239999741315842, "val_loss": 6.831750869750977, "test_loss": 6.8370585441589355, "shapley_value_0": 1.5334686670038427, "selection_0": 0, "shapley_value_1": 3.1376193946316135, "selection_1": 0, "shapley_value_2": -3.1910408337910976, "selection_2": 0, "shapley_value_3": 4.981845507621766, "selection_3": 1, "shapley_value_4": -7.028241554896038, "selection_4": 0, "shapley_value_5": 2.392314937379625, "selection_5": 0, "shapley_value_6": 0.8359587589899697, "selection_6": 0, "shapley_value_7": 2.143181257777744, "selection_7": 0, "shapley_value_8": 2.822643791083936, "selection_8": 1, "shapley_value_9": 0.9614672809839253, "selection_9": 0, "shapley_value_10": 0, "selection_10": 0, "shapley_value_11": 2.4232785214077346, "selection_11": 0, "shapley_value_12": 1.0475257992744442, "selection_12": 0, "shapley_value_13": -5.800148745377857, "selection_13": 0, "shapley_value_14": -0.4730414052804315, "selection_14": 0, "shapley_value_15": 0, "selection_15": 0, "shapley_value_16": 3.6560460461510553, "selection_16": 0, "shapley_value_17": 1.648506372693985, "selection_17": 0, "shapley_value_18": 3.9103290743526373, "selection_18": 0, "shapley_value_19": -0.3904149532318115, "selection_19": 0, "shapley_value_20": 2.0851710753308397, "selection_20": 0, "shapley_value_21": 2.694661016265551, "selection_21": 0, "shapley_value_22": 1.4265985886255899, "selection_22": 0, "shapley_value_23": -5.967050095399221, "selection_23": 0, "shapley_value_24": -5.403185198704401, "selection_24": 0, "shapley_value_25": -6.669280012448631, "selection_25": 0, "shapley_value_26": 0, "selection_26": 0, "shapley_value_27": 0.5593257745107012, "selection_27": 0, "shapley_value_28": -6.2345475753148385, "selection_28": 0, "shapley_value_29": -7.256318569183353, "selection_29": 0, "shapley_value_30": 3.1557945812094013, "selection_30": 1, "shapley_value_31": 2.4583104521997505, "selection_31": 0, "shapley_value_32": 2.1800134042898813, "selection_32": 0, "shapley_value_33": 0.6593838532765712, "selection_33": 0, "shapley_value_34": 1.747321424660859, "selection_34": 0, "shapley_value_35": -1.7549807627995797, "selection_35": 0, "shapley_value_36": 0, "selection_36": 0, "shapley_value_37": 1.0566505988438948, "selection_37": 0, "shapley_value_38": 1.6259581601178201, "selection_38": 0, "shapley_value_39": 3.8501593991645473, "selection_39": 0, "shapley_value_40": 0, "selection_40": 0, "shapley_value_41": 0, "selection_41": 0, "shapley_value_42": 3.077095822603614, "selection_42": 0, "shapley_value_43": 0, "selection_43": 0, "shapley_value_44": 3.344180504480998, "selection_44": 0, "shapley_value_45": -4.308440864086149, "selection_45": 0, "shapley_value_46": 3.290762066841125, "selection_46": 1, "shapley_value_47": 1.6153739094734183, "selection_47": 0, "shapley_value_48": -2.571841835975648, "selection_48": 0, "shapley_value_49": 6.2523384143908824, "selection_49": 1, "_timestamp": 1688393901.6193721, "_runtime": 111.83555722236633, "_step": 99, "_wandb": {"runtime": 110}}