{"loss": 0.23592612147331238, "accuracy": 0.9327999949455261, "average_active_clients": 2.0, "ucb_0": 0.08357028663158417, "nk_0": 7, "sv_0": 0.00246040103957057, "ucb_1": 0.08166585862636566, "nk_1": 7, "sv_1": 0.0005559671553783119, "ucb_2": 0.08469432592391968, "nk_2": 7, "sv_2": 0.003584436606615782, "ucb_3": 0.08458977937698364, "nk_3": 7, "sv_3": 0.003479891922324896, "ucb_4": 0.08477640897035599, "nk_4": 7, "sv_4": 0.0036665224470198154, "ucb_5": 0.08461959660053253, "nk_5": 7, "sv_5": 0.0035097096115350723, "ucb_6": 0.08461252599954605, "nk_6": 7, "sv_6": 0.0035026338882744312, "ucb_7": 0.08431348949670792, "nk_7": 7, "sv_7": 0.0032035985495895147, "ucb_8": 0.08454672247171402, "nk_8": 7, "sv_8": 0.0034368301276117563, "ucb_9": 0.08424918353557587, "nk_9": 7, "sv_9": 0.0031392951495945454, "ucb_10": 0.08772096037864685, "nk_10": 9, "sv_10": 0.016188759356737137, "ucb_11": 0.08731144666671753, "nk_11": 9, "sv_11": 0.015779245644807816, "ucb_12": 0.08688593655824661, "nk_12": 10, "sv_12": 0.01902453415095806, "ucb_13": 0.0876118540763855, "nk_13": 10, "sv_13": 0.019750457257032394, "ucb_14": 0.08635585010051727, "nk_14": 12, "sv_14": 0.024407152086496353, "ucb_15": 0.08563467860221863, "nk_15": 13, "sv_15": 0.02611628919839859, "ucb_16": 0.08698877692222595, "nk_16": 15, "sv_16": 0.03158016875386238, "ucb_17": 0.08632056415081024, "nk_17": 15, "sv_17": 0.03091195598244667, "ucb_18": 0.08767806738615036, "nk_18": 19, "sv_18": 0.038446228951215744, "ucb_19": 0.08818364143371582, "nk_19": 18, "sv_19": 0.037602733820676804, "_timestamp": 1687262878.269475, "_runtime": 82.08193802833557, "_step": 99, "_wandb": {"runtime": 80}}