{"accuracy": 0.5041999816894531, "val_loss": 1.368039608001709, "test_loss": 1.3786271810531616, "_timestamp": 1688034569.0331457, "_runtime": 148.42506861686707, "_step": 99, "_wandb": {"runtime": 146}}