{"accuracy": 0.49879997968673706, "val_loss": 1.3891102075576782, "test_loss": 1.4076610803604126, "_timestamp": 1688033418.2281036, "_runtime": 96.77460861206055, "_step": 99, "_wandb": {"runtime": 95}}