{"accuracy": 0.9373999834060669, "val_loss": 0.2356652170419693, "test_loss": 0.22026799619197845, "shapley_value_0": 0.1618668064143923, "selection_0": 0, "shapley_value_1": 0.23388917549089952, "selection_1": 0, "shapley_value_2": 0.16584734559059144, "selection_2": 0, "shapley_value_3": 0.20806537759304047, "selection_3": 0, "shapley_value_4": 0.16682654930485621, "selection_4": 0, "shapley_value_5": 0.15435284965568116, "selection_5": 0, "shapley_value_6": 0.156377124385527, "selection_6": 0, "shapley_value_7": 0.17356007721689012, "selection_7": 0, "shapley_value_8": 0.19272060185670853, "selection_8": 1, "shapley_value_9": 0.2691524841139714, "selection_9": 0, "shapley_value_10": 0.1862773814499378, "selection_10": 0, "shapley_value_11": 0.17618398833274843, "selection_11": 0, "shapley_value_12": 0.1673715054657724, "selection_12": 0, "shapley_value_13": 0.17895019153753916, "selection_13": 0, "shapley_value_14": 0.1948260572254658, "selection_14": 0, "shapley_value_15": 0.18915312245488167, "selection_15": 0, "shapley_value_16": 0.149545869992839, "selection_16": 0, "shapley_value_17": 0.19496220701932906, "selection_17": 0, "shapley_value_18": 0.1668776777055528, "selection_18": 0, "shapley_value_19": 0.14684894379642274, "selection_19": 1, "shapley_value_20": 0.2454165447254976, "selection_20": 0, "shapley_value_21": 0.22845653436400673, "selection_21": 1, "shapley_value_22": 0.1984331375658512, "selection_22": 0, "shapley_value_23": 0.17749999898672106, "selection_23": 1, "shapley_value_24": 0.24712462606755164, "selection_24": 0, "shapley_value_25": 0.18839825218915943, "selection_25": 0, "shapley_value_26": 0.1974621354937553, "selection_26": 0, "shapley_value_27": 0.18155090957880018, "selection_27": 0, "shapley_value_28": 0.18835418614745142, "selection_28": 0, "shapley_value_29": 0.2137397307753563, "selection_29": 0, "shapley_value_30": 0.20343000194430352, "selection_30": 0, "shapley_value_31": 0.18555924151288833, "selection_31": 0, "shapley_value_32": 0.18827543399992744, "selection_32": 0, "shapley_value_33": 0.21563235586339777, "selection_33": 0, "shapley_value_34": 0.20327528309822082, "selection_34": 0, "shapley_value_35": 0.23663136216727165, "selection_35": 0, "shapley_value_36": 0.23118730484726324, "selection_36": 0, "shapley_value_37": 0.1727376351091597, "selection_37": 0, "shapley_value_38": 0.18301165354251864, "selection_38": 0, "shapley_value_39": 0.19369354486465448, "selection_39": 0, "shapley_value_40": 0.13544120877981186, "selection_40": 0, "shapley_value_41": 0.21780857306718823, "selection_41": 0, "shapley_value_42": 0.1661161921752824, "selection_42": 0, "shapley_value_43": 0.2126741372346878, "selection_43": 0, "shapley_value_44": 0.1494044374095069, "selection_44": 0, "shapley_value_45": 0.1905555559396744, "selection_45": 0, "shapley_value_46": 0.2172902247905731, "selection_46": 0, "shapley_value_47": 0.1586001053121355, "selection_47": 0, "shapley_value_48": 0.20635296612977988, "selection_48": 0, "shapley_value_49": 0.19737862679362297, "selection_49": 0, "shapley_value_50": 0.1945691947340965, "selection_50": 0, "shapley_value_51": 0.2297473811561411, "selection_51": 0, "shapley_value_52": 0.18351721008200395, "selection_52": 0, "shapley_value_53": 0.2026653895676136, "selection_53": 0, "shapley_value_54": 0.19119417342543601, "selection_54": 0, "shapley_value_55": 0.16413157817390228, "selection_55": 0, "shapley_value_56": 0.1657645184394212, "selection_56": 0, "shapley_value_57": 0.15425610211160448, "selection_57": 0, "shapley_value_58": 0.1518656250834465, "selection_58": 0, "shapley_value_59": 0.1989552873671055, "selection_59": 0, "shapley_value_60": 0.22847591091286049, "selection_60": 1, "shapley_value_61": 0.17278123683399624, "selection_61": 0, "shapley_value_62": 0.21042478147149085, "selection_62": 0, "shapley_value_63": 0.20279961115121842, "selection_63": 0, "shapley_value_64": 0.24219977525147526, "selection_64": 0, "shapley_value_65": 0.15140705426534018, "selection_65": 1, "shapley_value_66": 0.19746707086500365, "selection_66": 1, "shapley_value_67": 0.18273421436548237, "selection_67": 0, "shapley_value_68": 0.20853954905271532, "selection_68": 0, "shapley_value_69": 0.21430812261292811, "selection_69": 0, "shapley_value_70": 0.21504496532678602, "selection_70": 0, "shapley_value_71": 0.20426622120957622, "selection_71": 0, "shapley_value_72": 0.18955688145756724, "selection_72": 0, "shapley_value_73": 0.16006078933414655, "selection_73": 0, "shapley_value_74": 0.20105213224887852, "selection_74": 0, "shapley_value_75": 0.1969012943239588, "selection_75": 0, "shapley_value_76": 0.17614328752484237, "selection_76": 0, "shapley_value_77": 0.22094966008617545, "selection_77": 0, "shapley_value_78": 0.21279702985286714, "selection_78": 0, "shapley_value_79": 0.1970438226759434, "selection_79": 0, "shapley_value_80": 0.13728220283985137, "selection_80": 1, "shapley_value_81": 0.20576100486516954, "selection_81": 0, "shapley_value_82": 0.22702679894187233, "selection_82": 0, "shapley_value_83": 0.19723534530401227, "selection_83": 0, "shapley_value_84": 0.2139696246385574, "selection_84": 1, "shapley_value_85": 0.2013277606964111, "selection_85": 0, "shapley_value_86": 0.21782173254273152, "selection_86": 1, "shapley_value_87": 0.2464024159312248, "selection_87": 0, "shapley_value_88": 0.2101769419064362, "selection_88": 0, "shapley_value_89": 0.2159377333521843, "selection_89": 0, "shapley_value_90": 0.25092035601536433, "selection_90": 0, "shapley_value_91": 0.23318225741386414, "selection_91": 0, "shapley_value_92": 0.18651821288466455, "selection_92": 0, "shapley_value_93": 0.1713851052853796, "selection_93": 0, "shapley_value_94": 0.2418274663253264, "selection_94": 0, "shapley_value_95": 0.2049305570423603, "selection_95": 0, "shapley_value_96": 0.19143030595779417, "selection_96": 0, "shapley_value_97": 0.21897418515248734, "selection_97": 0, "shapley_value_98": 0.20684527894854546, "selection_98": 0, "shapley_value_99": 0.22934907246719705, "selection_99": 0, "_timestamp": 1687956039.5975304, "_runtime": 310.63348627090454, "_step": 99, "_wandb": {"runtime": 309}}