{"accuracy": 0.16899999976158142, "val_loss": 2.6777706146240234, "test_loss": 2.734738826751709, "_timestamp": 1688397724.8693945, "_runtime": 92.87036848068237, "_step": 99, "_wandb": {"runtime": 91}}