{"accuracy": 0.49779999256134033, "val_loss": 1.399038314819336, "test_loss": 1.4245076179504395, "_timestamp": 1687965991.4081254, "_runtime": 77.51055645942688, "_step": 99, "_wandb": {"runtime": 75}}