{"accuracy": 0.45619997382164, "val_loss": 1.5126872062683105, "test_loss": 1.5437065362930298, "_timestamp": 1687964820.6640043, "_runtime": 97.18363237380981, "_step": 99, "_wandb": {"runtime": 95}}