{"accuracy": 0.5175999999046326, "val_loss": 1.3680452108383179, "test_loss": 1.3747026920318604, "_timestamp": 1688032186.9358664, "_runtime": 93.37697839736938, "_step": 99, "_wandb": {"runtime": 91}}