{"loss": 0.6303311586380005, "accuracy": 0.7809999585151672, "average_active_clients": 3.0100000000000016, "_timestamp": 1686667945.0562484, "_runtime": 12.801384449005127, "_step": 399, "_wandb": {"runtime": 11}}