{"accuracy": 0.10019999742507935, "val_loss": 5.17566442489624, "test_loss": 5.189294338226318, "shapley_value_0": -2.770828301707904, "selection_0": 0, "shapley_value_1": 4.2771135532494755, "selection_1": 1, "shapley_value_2": -1.2036880801121395, "selection_2": 0, "shapley_value_3": 3.0957619508107497, "selection_3": 0, "shapley_value_4": -10.833601435025532, "selection_4": 0, "shapley_value_5": 2.2275620188031877, "selection_5": 0, "shapley_value_6": -2.245671510696412, "selection_6": 0, "shapley_value_7": -0.13546991348266602, "selection_7": 0, "shapley_value_8": -1.9182038207848866, "selection_8": 0, "shapley_value_9": -3.359644190470378, "selection_9": 0, "shapley_value_10": -2.274391369024913, "selection_10": 0, "shapley_value_11": -1.4831984270186656, "selection_11": 0, "shapley_value_12": -3.0362399286694006, "selection_12": 0, "shapley_value_13": -6.311016182104746, "selection_13": 0, "shapley_value_14": -1.3877094984054565, "selection_14": 0, "shapley_value_15": 1.4739361961682635, "selection_15": 0, "shapley_value_16": 4.758426365721578, "selection_16": 1, "shapley_value_17": -1.6388160785039272, "selection_17": 0, "shapley_value_18": 3.9900667468706765, "selection_18": 0, "shapley_value_19": -8.086599767208098, "selection_19": 0, "shapley_value_20": 0.3646749324268764, "selection_20": 0, "shapley_value_21": 1.9321598708629606, "selection_21": 0, "shapley_value_22": 2.3684661348660785, "selection_22": 0, "shapley_value_23": -7.50567845503489, "selection_23": 0, "shapley_value_24": -8.231841107209524, "selection_24": 0, "shapley_value_25": -6.858985980351767, "selection_25": 0, "shapley_value_26": -6.988282971911961, "selection_26": 0, "shapley_value_27": -0.04265005058712449, "selection_27": 0, "shapley_value_28": 5.011350865165392, "selection_28": 0, "shapley_value_29": -4.539816194110446, "selection_29": 0, "shapley_value_30": 4.616016544805944, "selection_30": 1, "shapley_value_31": 2.920399037855011, "selection_31": 0, "shapley_value_32": -1.192622749341859, "selection_32": 0, "shapley_value_33": -2.4968619743982963, "selection_33": 0, "shapley_value_34": -1.4690300159984162, "selection_34": 0, "shapley_value_35": -2.291948174436887, "selection_35": 1, "shapley_value_36": 5.94618191028896, "selection_36": 1, "shapley_value_37": 0.044367531935374536, "selection_37": 0, "shapley_value_38": -0.45112574100494296, "selection_38": 0, "shapley_value_39": 2.419524388180838, "selection_39": 0, "shapley_value_40": -2.196595198578304, "selection_40": 0, "shapley_value_41": 0.6835335322788776, "selection_41": 0, "shapley_value_42": 0.3151813844839736, "selection_42": 0, "shapley_value_43": -2.4178746938705435, "selection_43": 0, "shapley_value_44": 1.5297064383824666, "selection_44": 0, "shapley_value_45": -8.978346586227417, "selection_45": 0, "shapley_value_46": 3.787882685661316, "selection_46": 0, "shapley_value_47": 3.3713508121895064, "selection_47": 0, "shapley_value_48": -7.2724719842275, "selection_48": 0, "shapley_value_49": 0.8069288068347503, "selection_49": 0, "_timestamp": 1688395762.261225, "_runtime": 101.25899004936218, "_step": 99, "_wandb": {"runtime": 99}}