{"accuracy": 0.8403187990188599, "val_loss": 0.5128715634346008, "test_loss": 0.5110321044921875, "_timestamp": 1687987980.6759555, "_runtime": 69.68960547447205, "_step": 99, "_wandb": {"runtime": 68}}