{"accuracy": 0.17520000040531158, "val_loss": 2.225571393966675, "test_loss": 2.2286274433135986, "_timestamp": 1687967414.0189054, "_runtime": 128.40842032432556, "_step": 99, "_wandb": {"runtime": 126}}