{"loss": 0.2922886312007904, "accuracy": 0.9143999814987183, "average_active_clients": 10.0, "_timestamp": 1687187458.6225584, "_runtime": 1021.9379074573517, "_step": 99, "_wandb": {"runtime": 1021}}