{"loss": 0.4857346713542938, "accuracy": 0.8553999662399292, "average_active_clients": 5.562500000000003, "_timestamp": 1686666398.1472943, "_runtime": 25.960740327835083, "_step": 399, "_wandb": {"runtime": 162}}