{"accuracy": 0.9332000017166138, "val_loss": 0.25196462869644165, "test_loss": 0.23767335712909698, "_timestamp": 1687993977.2593, "_runtime": 86.53589010238647, "_step": 99, "_wandb": {"runtime": 84}}