{"accuracy": 0.10520000010728836, "val_loss": 2.3135197162628174, "test_loss": 2.309969902038574, "_timestamp": 1687967965.4494894, "_runtime": 134.9429383277893, "_step": 99, "_wandb": {"runtime": 133}}