{"accuracy": 0.8425528407096863, "val_loss": 0.4702431559562683, "test_loss": 0.4728394150733948, "shapley_value_0": -1.4218100480961078, "selection_0": 1, "shapley_value_1": -1.3607684400948612, "selection_1": 0, "shapley_value_2": -1.3741054261724155, "selection_2": 0, "shapley_value_3": -1.3554329400261247, "selection_3": 0, "shapley_value_4": -1.4016866313688678, "selection_4": 0, "shapley_value_5": -1.39017295385852, "selection_5": 0, "shapley_value_6": -1.3906237863832054, "selection_6": 1, "shapley_value_7": -1.3708876046267422, "selection_7": 0, "shapley_value_8": -1.3811200441736162, "selection_8": 0, "shapley_value_9": -1.384228583538171, "selection_9": 0, "shapley_value_10": -1.4141356925169624, "selection_10": 0, "shapley_value_11": -1.4135917027791343, "selection_11": 0, "shapley_value_12": -1.3814834275028922, "selection_12": 0, "shapley_value_13": -1.4364350090424218, "selection_13": 0, "shapley_value_14": -1.422273420294126, "selection_14": 0, "shapley_value_15": -1.415356827775637, "selection_15": 0, "shapley_value_16": -1.448638982574145, "selection_16": 0, "shapley_value_17": -1.4010854413112006, "selection_17": 0, "shapley_value_18": -1.4541951693870405, "selection_18": 0, "shapley_value_19": -1.3927095649820385, "selection_19": 0, "shapley_value_20": -1.386195441087087, "selection_20": 0, "shapley_value_21": -1.4460626542568207, "selection_21": 0, "shapley_value_22": -1.4442890395720798, "selection_22": 0, "shapley_value_23": -1.3741533015713543, "selection_23": 0, "shapley_value_24": -1.433602648752707, "selection_24": 0, "shapley_value_25": -1.4699771801630657, "selection_25": 0, "shapley_value_26": -1.4540896404672552, "selection_26": 0, "shapley_value_27": -1.2998923101486306, "selection_27": 0, "shapley_value_28": -1.3908018151919053, "selection_28": 0, "shapley_value_29": -1.4791604655760304, "selection_29": 0, "shapley_value_30": -1.5375638790428636, "selection_30": 0, "shapley_value_31": -1.448904867525454, "selection_31": 0, "shapley_value_32": -1.3804680560574387, "selection_32": 0, "shapley_value_33": -1.4616387894860017, "selection_33": 0, "shapley_value_34": -1.5000772387893113, "selection_34": 1, "shapley_value_35": -1.5542981748779616, "selection_35": 1, "shapley_value_36": -1.546187366048495, "selection_36": 0, "shapley_value_37": -1.4628957497576875, "selection_37": 0, "shapley_value_38": -1.4735347939034307, "selection_38": 0, "shapley_value_39": -1.4785338640213013, "selection_39": 0, "_timestamp": 1687970653.2823632, "_runtime": 83.71807312965393, "_step": 99, "_wandb": {"runtime": 82}}