{"loss": 0.23573940992355347, "accuracy": 0.9299999475479126, "average_active_clients": 2.0, "client_values_0": -0.05949806421995163, "client_values_1": 0.0021616320591419935, "client_values_2": -0.29198014736175537, "client_values_3": -0.06071512773633003, "client_values_4": -0.050145894289016724, "client_values_5": -0.02586265839636326, "client_values_6": -0.008057355880737305, "client_values_7": -0.13215436041355133, "client_values_8": 0.0007562375976704061, "client_values_9": -0.04840394854545593, "client_values_10": 0.02135021612048149, "client_values_11": 0.014690123498439789, "client_values_12": 0.010363258421421051, "client_values_13": 0.019045691937208176, "client_values_14": 0.010451658628880978, "client_values_15": 0.022150691598653793, "client_values_16": 0.01877088099718094, "client_values_17": 0.017731621861457825, "client_values_18": 0.017503954470157623, "client_values_19": 0.015161720104515553, "_timestamp": 1687263251.664052, "_runtime": 81.17826890945435, "_step": 99, "_wandb": {"runtime": 79}}