{"accuracy": 0.840418815612793, "val_loss": 0.5532357096672058, "test_loss": 0.5583014488220215, "shapley_value_0": -1.3048790080679786, "selection_0": 0, "shapley_value_1": -1.2312231546356565, "selection_1": 0, "shapley_value_2": -1.3801404476165775, "selection_2": 0, "shapley_value_3": -1.224420110384623, "selection_3": 0, "shapley_value_4": -1.5654201242658825, "selection_4": 0, "shapley_value_5": -1.0416557610034942, "selection_5": 0, "shapley_value_6": -1.1957959055900573, "selection_6": 0, "shapley_value_7": -1.3413435112346301, "selection_7": 0, "shapley_value_8": -1.6240821778774261, "selection_8": 1, "shapley_value_9": -1.354111916489071, "selection_9": 0, "shapley_value_10": -1.5631345642937553, "selection_10": 0, "shapley_value_11": -1.4383931696414947, "selection_11": 0, "shapley_value_12": -0.9655601009726527, "selection_12": 0, "shapley_value_13": -1.1559672193093733, "selection_13": 0, "shapley_value_14": -1.3936253283538065, "selection_14": 1, "shapley_value_15": -1.5488408009211219, "selection_15": 0, "shapley_value_16": -1.137201812532213, "selection_16": 0, "shapley_value_17": -1.3863672885027798, "selection_17": 0, "shapley_value_18": -1.3882108691966895, "selection_18": 0, "shapley_value_19": -1.2778968259140298, "selection_19": 0, "shapley_value_20": -1.2775998612244923, "selection_20": 0, "shapley_value_21": -1.4034761729694551, "selection_21": 0, "shapley_value_22": -1.6420182337363558, "selection_22": 0, "shapley_value_23": -1.395585427681605, "selection_23": 0, "shapley_value_24": -1.522169762187534, "selection_24": 0, "shapley_value_25": -1.424579135576884, "selection_25": 0, "shapley_value_26": -1.561135083436966, "selection_26": 0, "shapley_value_27": -1.3324164112408954, "selection_27": 0, "shapley_value_28": -1.0859223512502818, "selection_28": 0, "shapley_value_29": -1.1112188034587438, "selection_29": 0, "shapley_value_30": -1.2875823428233466, "selection_30": 0, "shapley_value_31": -1.297834944157373, "selection_31": 1, "shapley_value_32": -1.2363219438937674, "selection_32": 1, "shapley_value_33": -1.5225214869887742, "selection_33": 0, "shapley_value_34": -1.2524466266234717, "selection_34": 0, "shapley_value_35": -1.2648092548052472, "selection_35": 0, "shapley_value_36": -1.0498893712506148, "selection_36": 0, "shapley_value_37": -1.151824038558536, "selection_37": 0, "shapley_value_38": -1.4483800257245698, "selection_38": 0, "shapley_value_39": -1.0348445508215163, "selection_39": 0, "_timestamp": 1687972048.3570454, "_runtime": 77.72225832939148, "_step": 99, "_wandb": {"runtime": 75}}