{"accuracy": 0.0965999960899353, "val_loss": 3.659647226333618, "test_loss": 3.7245242595672607, "shapley_value_0": -0.8653431733449306, "selection_0": 0, "shapley_value_1": 2.698006788889567, "selection_1": 0, "shapley_value_2": 4.877999460184445, "selection_2": 1, "shapley_value_3": -1.0846985528866453, "selection_3": 0, "shapley_value_4": -9.387158592542011, "selection_4": 0, "shapley_value_5": 4.563037217832077, "selection_5": 0, "shapley_value_6": 0, "selection_6": 0, "shapley_value_7": 4.787014001837142, "selection_7": 1, "shapley_value_8": 0, "selection_8": 0, "shapley_value_9": 0, "selection_9": 0, "shapley_value_10": -3.862490077813467, "selection_10": 0, "shapley_value_11": -4.800936301549276, "selection_11": 0, "shapley_value_12": -2.368985613187153, "selection_12": 0, "shapley_value_13": -2.567575613657633, "selection_13": 0, "shapley_value_14": 0, "selection_14": 0, "shapley_value_15": 1.9188611278167138, "selection_15": 0, "shapley_value_16": 2.665597797701598, "selection_16": 1, "shapley_value_17": 1.477661904166726, "selection_17": 0, "shapley_value_18": 2.6916090548038483, "selection_18": 0, "shapley_value_19": 0, "selection_19": 0, "shapley_value_20": -0.08776454130808453, "selection_20": 0, "shapley_value_21": 4.770413483309948, "selection_21": 1, "shapley_value_22": 0, "selection_22": 0, "shapley_value_23": -2.1286884943644218, "selection_23": 0, "shapley_value_24": -7.24873181184133, "selection_24": 0, "shapley_value_25": -2.637816508611044, "selection_25": 0, "shapley_value_26": -7.188059826691944, "selection_26": 0, "shapley_value_27": 0.760588002204895, "selection_27": 0, "shapley_value_28": 1.2806480228900907, "selection_28": 1, "shapley_value_29": -6.097292900085451, "selection_29": 0, "shapley_value_30": 2.0489952166875196, "selection_30": 0, "shapley_value_31": -6.579529444376625, "selection_31": 0, "shapley_value_32": -0.643937336073981, "selection_32": 0, "shapley_value_33": 1.210286948415968, "selection_33": 0, "shapley_value_34": -1.8415556947390224, "selection_34": 0, "shapley_value_35": -2.1226042111714687, "selection_35": 0, "shapley_value_36": 4.797089544839634, "selection_36": 0, "shapley_value_37": 0, "selection_37": 0, "shapley_value_38": 1.3742072837693349, "selection_38": 0, "shapley_value_39": 0, "selection_39": 0, "shapley_value_40": -4.752193808555601, "selection_40": 0, "shapley_value_41": 0, "selection_41": 0, "shapley_value_42": 0.8529057092136803, "selection_42": 0, "shapley_value_43": 4.893111358086268, "selection_43": 0, "shapley_value_44": -2.4440079530080157, "selection_44": 0, "shapley_value_45": -14.51463148991267, "selection_45": 0, "shapley_value_46": 1.5138520379861196, "selection_46": 0, "shapley_value_47": 0, "selection_47": 0, "shapley_value_48": -5.51208800077438, "selection_48": 0, "shapley_value_49": 0, "selection_49": 0, "_timestamp": 1688391889.202058, "_runtime": 112.19068098068237, "_step": 99, "_wandb": {"runtime": 110}}