{"accuracy": 0.9386000037193298, "val_loss": 0.23429258167743683, "test_loss": 0.20921440422534943, "shapley_value_0": 0.15801775995228026, "selection_0": 0, "shapley_value_1": 0.16009792655706406, "selection_1": 0, "shapley_value_2": 0.20908696350455286, "selection_2": 0, "shapley_value_3": 0.23208183261481202, "selection_3": 0, "shapley_value_4": 0.14993691967593295, "selection_4": 0, "shapley_value_5": 0.1506755772895283, "selection_5": 1, "shapley_value_6": 0.2311516204205426, "selection_6": 0, "shapley_value_7": 0.21064860218763354, "selection_7": 0, "shapley_value_8": 0.17377343649926938, "selection_8": 0, "shapley_value_9": 0.20333538231253617, "selection_9": 0, "shapley_value_10": 0.26150184589127695, "selection_10": 0, "shapley_value_11": 0.19653878226876262, "selection_11": 0, "shapley_value_12": 0.19064430436491964, "selection_12": 0, "shapley_value_13": 0.1698782616853714, "selection_13": 0, "shapley_value_14": 0.17619492787122729, "selection_14": 1, "shapley_value_15": 0.15064754156689897, "selection_15": 0, "shapley_value_16": 0.1713277441263199, "selection_16": 0, "shapley_value_17": 0.20026475957036022, "selection_17": 0, "shapley_value_18": 0.2079728031158447, "selection_18": 0, "shapley_value_19": 0.18906544191743196, "selection_19": 0, "shapley_value_20": 0.20772231587924456, "selection_20": 0, "shapley_value_21": 0.20251308217644692, "selection_21": 0, "shapley_value_22": 0.17361050178607307, "selection_22": 0, "shapley_value_23": 0.215754177570343, "selection_23": 1, "shapley_value_24": 0.1970121864080429, "selection_24": 0, "shapley_value_25": 0.18758875152468682, "selection_25": 0, "shapley_value_26": 0.24672228512438862, "selection_26": 0, "shapley_value_27": 0.19869456860423088, "selection_27": 0, "shapley_value_28": 0.21190231630206108, "selection_28": 0, "shapley_value_29": 0.17046061846945024, "selection_29": 0, "shapley_value_30": 0.22962569101147673, "selection_30": 0, "shapley_value_31": 0.21038167425990104, "selection_31": 0, "shapley_value_32": 0.2202140217477625, "selection_32": 0, "shapley_value_33": 0.1688616105914116, "selection_33": 0, "shapley_value_34": 0.1792380087243186, "selection_34": 0, "shapley_value_35": 0.20947837376594544, "selection_35": 0, "shapley_value_36": 0.24261539274995972, "selection_36": 0, "shapley_value_37": 0.15668401045931707, "selection_37": 0, "shapley_value_38": 0.172972101226449, "selection_38": 0, "shapley_value_39": 0.19441436436772347, "selection_39": 0, "shapley_value_40": 0.22044883809306404, "selection_40": 1, "shapley_value_41": 0.16732656008667413, "selection_41": 0, "shapley_value_42": 0.2424040514230728, "selection_42": 0, "shapley_value_43": 0.1685300317406654, "selection_43": 0, "shapley_value_44": 0.21019666942954068, "selection_44": 0, "shapley_value_45": 0.19337306138873095, "selection_45": 0, "shapley_value_46": 0.16773619774315093, "selection_46": 0, "shapley_value_47": 0.17646741337246366, "selection_47": 0, "shapley_value_48": 0.18159519410133357, "selection_48": 0, "shapley_value_49": 0.23221495864066213, "selection_49": 0, "shapley_value_50": 0.1868648072136076, "selection_50": 0, "shapley_value_51": 0.12631402157247068, "selection_51": 0, "shapley_value_52": 0.16202853497531683, "selection_52": 0, "shapley_value_53": 0.19989721596240997, "selection_53": 0, "shapley_value_54": 0.20088973525166515, "selection_54": 0, "shapley_value_55": 0.20217636138200756, "selection_55": 0, "shapley_value_56": 0.21921495380726733, "selection_56": 1, "shapley_value_57": 0.21311913606524469, "selection_57": 0, "shapley_value_58": 0.15835747645960915, "selection_58": 0, "shapley_value_59": 0.13960672067271337, "selection_59": 0, "shapley_value_60": 0.19178959757089614, "selection_60": 0, "shapley_value_61": 0.15830568114916482, "selection_61": 0, "shapley_value_62": 0.17084954026672575, "selection_62": 0, "shapley_value_63": 0.14118688950064587, "selection_63": 1, "shapley_value_64": 0.17164513840376222, "selection_64": 0, "shapley_value_65": 0.2260216973044655, "selection_65": 0, "shapley_value_66": 0.19425873029232024, "selection_66": 0, "shapley_value_67": 0.20119385126233097, "selection_67": 0, "shapley_value_68": 0.13274943262338637, "selection_68": 0, "shapley_value_69": 0.19944363951683042, "selection_69": 0, "shapley_value_70": 0.25843635268509396, "selection_70": 0, "shapley_value_71": 0.2356589921225201, "selection_71": 0, "shapley_value_72": 0.17642501546276942, "selection_72": 0, "shapley_value_73": 0.2555422680824995, "selection_73": 0, "shapley_value_74": 0.1883458684133856, "selection_74": 0, "shapley_value_75": 0.21627702395853246, "selection_75": 0, "shapley_value_76": 0.2018973681628704, "selection_76": 0, "shapley_value_77": 0.22304913558743217, "selection_77": 0, "shapley_value_78": 0.25209658376872546, "selection_78": 0, "shapley_value_79": 0.14730451784810128, "selection_79": 0, "shapley_value_80": 0.21437977874279018, "selection_80": 0, "shapley_value_81": 0.2080558803975582, "selection_81": 0, "shapley_value_82": 0.20467434504628185, "selection_82": 0, "shapley_value_83": 0.20793624722487047, "selection_83": 0, "shapley_value_84": 0.209130554407835, "selection_84": 0, "shapley_value_85": 0.26146138278146586, "selection_85": 1, "shapley_value_86": 0.2235505416176536, "selection_86": 0, "shapley_value_87": 0.21211673934351316, "selection_87": 1, "shapley_value_88": 0.20809562024474143, "selection_88": 0, "shapley_value_89": 0.1999247772395611, "selection_89": 0, "shapley_value_90": 0.24847481529821047, "selection_90": 0, "shapley_value_91": 0.1728934146761894, "selection_91": 1, "shapley_value_92": 0.20682628014683724, "selection_92": 0, "shapley_value_93": 0.25659518122673036, "selection_93": 0, "shapley_value_94": 0.22682769133286043, "selection_94": 0, "shapley_value_95": 0.23527927349914204, "selection_95": 0, "shapley_value_96": 0.1705207153823641, "selection_96": 1, "shapley_value_97": 0.24504891319708386, "selection_97": 0, "shapley_value_98": 0.16065552483002346, "selection_98": 0, "shapley_value_99": 0.2112718721000772, "selection_99": 0, "_timestamp": 1687916599.8726134, "_runtime": 311.9796664714813, "_step": 99, "_wandb": {"runtime": 310}}