{"accuracy": 0.13819999992847443, "val_loss": 4.6094841957092285, "test_loss": 4.677153587341309, "_timestamp": 1688405384.449551, "_runtime": 141.07296204566956, "_step": 99, "_wandb": {"runtime": 139}}