{"accuracy": 0.7496165633201599, "val_loss": 0.8360799551010132, "test_loss": 0.8366740345954895, "_timestamp": 1688040163.7213843, "_runtime": 21.39650535583496, "_step": 35}