{"loss": 0.7410414814949036, "accuracy": 0.7947999835014343, "average_active_clients": 2.0, "_timestamp": 1686664641.3770952, "_runtime": 8.28799819946289, "_step": 399, "_wandb": {"runtime": 6}}