{"accuracy": 0.8088760375976562, "val_loss": 0.5643729567527771, "test_loss": 0.5632206201553345, "_timestamp": 1687988916.5241802, "_runtime": 77.0328311920166, "_step": 99, "_wandb": {"runtime": 75}}