{"loss": 0.2479742467403412, "accuracy": 0.9285999536514282, "average_active_clients": 10.0, "_timestamp": 1687261278.500382, "_runtime": 355.48736691474915, "_step": 99, "_wandb": {"runtime": 354}}