{"accuracy": 0.9357999563217163, "val_loss": 0.2310764640569687, "test_loss": 0.2162962108850479, "_timestamp": 1688025458.8133576, "_runtime": 86.65051054954529, "_step": 99, "_wandb": {"runtime": 85}}