{"accuracy": 0.5009999871253967, "val_loss": 1.3773512840270996, "test_loss": 1.390931248664856, "shapley_value_0": -0.6885155563553174, "selection_0": 0, "shapley_value_1": -0.6438248554865519, "selection_1": 1, "shapley_value_2": -0.7206264770392214, "selection_2": 0, "shapley_value_3": -0.6586504313680864, "selection_3": 0, "shapley_value_4": -0.7444234795040557, "selection_4": 0, "shapley_value_5": -0.7454236715267866, "selection_5": 1, "shapley_value_6": -0.7019740541776018, "selection_6": 0, "shapley_value_7": -0.6615377187728884, "selection_7": 0, "shapley_value_8": -0.5859356800715128, "selection_8": 0, "shapley_value_9": -0.7021389874545012, "selection_9": 0, "shapley_value_10": -0.6121657391389209, "selection_10": 1, "shapley_value_11": -0.7081564863522849, "selection_11": 0, "shapley_value_12": -0.731709590979985, "selection_12": 0, "shapley_value_13": -0.7782806207736335, "selection_13": 0, "shapley_value_14": -0.719665696223577, "selection_14": 0, "shapley_value_15": -0.7236993958552677, "selection_15": 0, "shapley_value_16": -0.6977715889612836, "selection_16": 0, "shapley_value_17": -0.8490759531656901, "selection_17": 0, "shapley_value_18": -0.798617472251256, "selection_18": 0, "shapley_value_19": -0.7737803310155867, "selection_19": 0, "shapley_value_20": -0.8185335662629871, "selection_20": 0, "shapley_value_21": -0.6361871652114087, "selection_21": 0, "shapley_value_22": -0.778746993768783, "selection_22": 0, "shapley_value_23": -0.6046909358766344, "selection_23": 0, "shapley_value_24": -0.7964080373446147, "selection_24": 0, "shapley_value_25": -0.6557493209838866, "selection_25": 0, "shapley_value_26": -0.7755566885073981, "selection_26": 0, "shapley_value_27": -0.7165543780182345, "selection_27": 0, "shapley_value_28": -0.6865029423325151, "selection_28": 0, "shapley_value_29": -0.7638008147478101, "selection_29": 0, "shapley_value_30": -0.7718537339457757, "selection_30": 0, "shapley_value_31": -0.5679683784643809, "selection_31": 0, "shapley_value_32": -0.8117157750659519, "selection_32": 0, "shapley_value_33": -0.7065976176943097, "selection_33": 0, "shapley_value_34": -0.8025287345603663, "selection_34": 0, "shapley_value_35": -0.811416192849477, "selection_35": 0, "shapley_value_36": -0.8146557366406473, "selection_36": 1, "shapley_value_37": -0.6863165845473608, "selection_37": 0, "shapley_value_38": -0.7259889841079712, "selection_38": 0, "shapley_value_39": -0.6977792580922443, "selection_39": 0, "_timestamp": 1688031000.1552582, "_runtime": 97.98699522018433, "_step": 99, "_wandb": {"runtime": 96}}