{"accuracy": 0.13819999992847443, "val_loss": 4.609396457672119, "test_loss": 4.677059173583984, "_timestamp": 1688404943.688228, "_runtime": 143.0307857990265, "_step": 99, "_wandb": {"runtime": 141}}