{"accuracy": 0.5085999965667725, "val_loss": 1.3657784461975098, "test_loss": 1.3867939710617065, "shapley_value_0": -0.6878619302402842, "selection_0": 0, "shapley_value_1": -0.6597107317712572, "selection_1": 0, "shapley_value_2": -0.713056582393068, "selection_2": 1, "shapley_value_3": -0.6837255123889805, "selection_3": 0, "shapley_value_4": -0.7146473219900421, "selection_4": 0, "shapley_value_5": -0.7123423128417045, "selection_5": 1, "shapley_value_6": -0.7024429350188285, "selection_6": 0, "shapley_value_7": -0.7213736057281493, "selection_7": 0, "shapley_value_8": -0.6922763665517172, "selection_8": 0, "shapley_value_9": -0.7093005816141764, "selection_9": 0, "shapley_value_10": -0.7101607105948707, "selection_10": 1, "shapley_value_11": -0.6943990985552471, "selection_11": 0, "shapley_value_12": -0.6916979789733888, "selection_12": 0, "shapley_value_13": -0.7222580949465434, "selection_13": 0, "shapley_value_14": -0.7147240530360826, "selection_14": 0, "shapley_value_15": -0.7242503722508746, "selection_15": 0, "shapley_value_16": -0.7304886137997662, "selection_16": 0, "shapley_value_17": -0.7260712782541913, "selection_17": 0, "shapley_value_18": -0.7408605328312626, "selection_18": 0, "shapley_value_19": -0.6966043670972187, "selection_19": 0, "shapley_value_20": -0.7381807049115497, "selection_20": 0, "shapley_value_21": -0.705473527763829, "selection_21": 1, "shapley_value_22": -0.731364651962563, "selection_22": 0, "shapley_value_23": -0.6943705696048159, "selection_23": 0, "shapley_value_24": -0.7075955073038738, "selection_24": 0, "shapley_value_25": -0.7296956857045492, "selection_25": 0, "shapley_value_26": -0.7431304534276327, "selection_26": 0, "shapley_value_27": -0.7119707187016804, "selection_27": 0, "shapley_value_28": -0.7225645303726196, "selection_28": 0, "shapley_value_29": -0.7562175900847823, "selection_29": 0, "shapley_value_30": -0.7386756102244059, "selection_30": 0, "shapley_value_31": -0.7399880290031435, "selection_31": 0, "shapley_value_32": -0.7680770158767698, "selection_32": 0, "shapley_value_33": -0.7520247168011135, "selection_33": 0, "shapley_value_34": -0.746952255566915, "selection_34": 0, "shapley_value_35": -0.7328995598687067, "selection_35": 0, "shapley_value_36": -0.7751603700496532, "selection_36": 0, "shapley_value_37": -0.7730132032323765, "selection_37": 0, "shapley_value_38": -0.736370978532014, "selection_38": 0, "shapley_value_39": -0.7681457113336633, "selection_39": 0, "_timestamp": 1688029724.7148585, "_runtime": 97.17054462432861, "_step": 99, "_wandb": {"runtime": 95}}