{"accuracy": 0.4761999845504761, "val_loss": 1.4477113485336304, "test_loss": 1.4887924194335938, "shapley_value_0": -0.6380428189323063, "selection_0": 0, "shapley_value_1": -0.23309461275736465, "selection_1": 0, "shapley_value_2": -0.8775567889213562, "selection_2": 1, "shapley_value_3": -0.8732111652692157, "selection_3": 0, "shapley_value_4": -0.6197368014942515, "selection_4": 0, "shapley_value_5": -0.7861147147637826, "selection_5": 0, "shapley_value_6": -0.7261349006935407, "selection_6": 1, "shapley_value_7": -0.9658345670411079, "selection_7": 0, "shapley_value_8": -0.7123480423902855, "selection_8": 0, "shapley_value_9": -0.7843621174494424, "selection_9": 0, "shapley_value_10": -0.8027425143453808, "selection_10": 0, "shapley_value_11": -0.6096250272932509, "selection_11": 0, "shapley_value_12": -0.6386574542883671, "selection_12": 0, "shapley_value_13": -0.33983251594361824, "selection_13": 0, "shapley_value_14": -0.47295032607184495, "selection_14": 0, "shapley_value_15": -0.9584256013234453, "selection_15": 0, "shapley_value_16": -0.4805860549975665, "selection_16": 0, "shapley_value_17": -1.0408842662970226, "selection_17": 0, "shapley_value_18": -1.0521114017024182, "selection_18": 0, "shapley_value_19": -0.5167645272754487, "selection_19": 1, "shapley_value_20": -0.6970694462458294, "selection_20": 0, "shapley_value_21": -0.19110485834953117, "selection_21": 0, "shapley_value_22": -0.38441958824793515, "selection_22": 0, "shapley_value_23": -0.3877254021473418, "selection_23": 0, "shapley_value_24": -0.4172451279380104, "selection_24": 0, "shapley_value_25": -0.8434560879682882, "selection_25": 0, "shapley_value_26": -1.0569316546122234, "selection_26": 0, "shapley_value_27": -0.4020571629206337, "selection_27": 0, "shapley_value_28": -0.42682477199670027, "selection_28": 0, "shapley_value_29": -0.7423612276713053, "selection_29": 0, "shapley_value_30": -0.2321897103236272, "selection_30": 1, "shapley_value_31": -1.0003235538800557, "selection_31": 0, "shapley_value_32": 0.1919693748156229, "selection_32": 0, "shapley_value_33": -0.3981855975257025, "selection_33": 0, "shapley_value_34": -0.37777184020905274, "selection_34": 0, "shapley_value_35": -0.6688115119934082, "selection_35": 0, "shapley_value_36": -0.5670262430653428, "selection_36": 0, "shapley_value_37": -0.3157459714195944, "selection_37": 0, "shapley_value_38": -0.3505420540318344, "selection_38": 0, "shapley_value_39": -0.8814940717485217, "selection_39": 0, "_timestamp": 1687962629.196749, "_runtime": 96.2263720035553, "_step": 99, "_wandb": {"runtime": 94}}