{"loss": 0.3213532269001007, "accuracy": 0.9109999537467957, "average_active_clients": 2.0, "ucb_0": 0.07903937250375748, "nk_0": 7, "sv_0": -0.0020705172792077065, "ucb_1": 0.07449780404567719, "nk_1": 8, "sv_1": -0.001373552717268467, "ucb_2": 0.0750368982553482, "nk_2": 8, "sv_2": -0.0008344556554220617, "ucb_3": 0.07523205131292343, "nk_3": 8, "sv_3": -0.0006393025396391749, "ucb_4": 0.07540284842252731, "nk_4": 8, "sv_4": -0.0004685062449425459, "ucb_5": 0.07492419332265854, "nk_5": 8, "sv_5": -0.0009471645462326705, "ucb_6": 0.07536324858665466, "nk_6": 8, "sv_6": -0.0005081091076135635, "ucb_7": 0.07519826292991638, "nk_7": 8, "sv_7": -0.0006730900495313108, "ucb_8": 0.07535356283187866, "nk_8": 8, "sv_8": -0.0005177939892746508, "ucb_9": 0.07531251758337021, "nk_9": 8, "sv_9": -0.0005588391795754433, "ucb_10": 0.07434861361980438, "nk_10": 8, "sv_10": -0.0015227453550323844, "ucb_11": 0.07512512803077698, "nk_11": 8, "sv_11": -0.0007462240755558014, "ucb_12": 0.07534134387969971, "nk_12": 8, "sv_12": -0.0005300109623931348, "ucb_13": 0.07534099370241165, "nk_13": 8, "sv_13": -0.0005303638754412532, "ucb_14": 0.07447433471679688, "nk_14": 8, "sv_14": -0.0013970216969028115, "ucb_15": 0.0784875676035881, "nk_15": 17, "sv_15": 0.026440249755978584, "ucb_16": 0.07859176397323608, "nk_16": 14, "sv_16": 0.021238408982753754, "ucb_17": 0.07836071401834488, "nk_17": 16, "sv_17": 0.02471156418323517, "ucb_18": 0.07945770770311356, "nk_18": 15, "sv_18": 0.024049105122685432, "ucb_19": 0.07854170352220535, "nk_19": 19, "sv_19": 0.029309865087270737, "_timestamp": 1687264929.6776023, "_runtime": 82.84836721420288, "_step": 99, "_wandb": {"runtime": 81}}