{"accuracy": 0.16899999976158142, "val_loss": 2.7917983531951904, "test_loss": 2.819425582885742, "shapley_value_0": 1.677899169921875, "selection_0": 0, "shapley_value_1": 0.768783473968506, "selection_1": 0, "shapley_value_2": 1.0128453850746157, "selection_2": 0, "shapley_value_3": 0.9053004483381907, "selection_3": 0, "shapley_value_4": -0.1659671823183694, "selection_4": 1, "shapley_value_5": 2.4703228473663326, "selection_5": 0, "shapley_value_6": -0.49156270424524945, "selection_6": 0, "shapley_value_7": 2.5432125131289167, "selection_7": 0, "shapley_value_8": 3.0937786181767786, "selection_8": 0, "shapley_value_9": 0.8695342501004539, "selection_9": 0, "shapley_value_10": -0.07808013161023424, "selection_10": 1, "shapley_value_11": 1.0696416934331263, "selection_11": 0, "shapley_value_12": 0.6172889292240142, "selection_12": 0, "shapley_value_13": -0.03743250171343462, "selection_13": 1, "shapley_value_14": 0.6281258086363473, "selection_14": 0, "shapley_value_15": 1.794680847724278, "selection_15": 0, "shapley_value_16": 0.9531101544698078, "selection_16": 0, "shapley_value_17": 1.3513451039791105, "selection_17": 0, "shapley_value_18": 3.806365728378296, "selection_18": 0, "shapley_value_19": 0.03807181914647417, "selection_19": 0, "shapley_value_20": 0.8378997921943665, "selection_20": 0, "shapley_value_21": 2.314690734942754, "selection_21": 0, "shapley_value_22": 2.952433770895005, "selection_22": 0, "shapley_value_23": -0.560138992468516, "selection_23": 1, "shapley_value_24": -2.445847392082214, "selection_24": 0, "shapley_value_25": -0.4093186215118123, "selection_25": 0, "shapley_value_26": -0.5472467144330344, "selection_26": 0, "shapley_value_27": 0.18183236320813517, "selection_27": 0, "shapley_value_28": 3.903481174599041, "selection_28": 0, "shapley_value_29": -0.07844519416491198, "selection_29": 0, "shapley_value_30": 2.4754966199398036, "selection_30": 0, "shapley_value_31": 1.6220389922459915, "selection_31": 0, "shapley_value_32": 2.1209473192691806, "selection_32": 0, "shapley_value_33": 2.9897007842858634, "selection_33": 0, "shapley_value_34": 1.728633354107539, "selection_34": 0, "shapley_value_35": 0.3935076852639517, "selection_35": 0, "shapley_value_36": 5.090271306760382, "selection_36": 0, "shapley_value_37": 1.3067681312561032, "selection_37": 0, "shapley_value_38": 1.597685134410858, "selection_38": 0, "shapley_value_39": 3.912225156119376, "selection_39": 0, "shapley_value_40": 0.4890208025773366, "selection_40": 0, "shapley_value_41": 1.4524875263373056, "selection_41": 0, "shapley_value_42": 3.205348706245423, "selection_42": 0, "shapley_value_43": 2.644845678408941, "selection_43": 0, "shapley_value_44": 3.618321682467605, "selection_44": 1, "shapley_value_45": -3.151426412441112, "selection_45": 0, "shapley_value_46": 0.5765374322732288, "selection_46": 0, "shapley_value_47": 0.819250816106796, "selection_47": 0, "shapley_value_48": -0.006297101577123154, "selection_48": 0, "shapley_value_49": 1.133219265937805, "selection_49": 0, "_timestamp": 1688384124.2732503, "_runtime": 115.11514830589294, "_step": 99, "_wandb": {"runtime": 113}}