{"accuracy": 0.09699999541044235, "val_loss": 12.684202194213867, "test_loss": 12.838969230651855, "shapley_value_0": -1.6835778057575228, "selection_0": 0, "shapley_value_1": -0.3511962493260694, "selection_1": 0, "shapley_value_2": 9.708799465497334, "selection_2": 1, "shapley_value_3": -0.44846938053766916, "selection_3": 0, "shapley_value_4": -1.961434245109558, "selection_4": 0, "shapley_value_5": 9.115782900872054, "selection_5": 1, "shapley_value_6": -1.2824461360772448, "selection_6": 0, "shapley_value_7": 8.79406114286847, "selection_7": 1, "shapley_value_8": -2.508372992277146, "selection_8": 0, "shapley_value_9": 0.17577198147773743, "selection_9": 0, "shapley_value_10": -3.1076007882754033, "selection_10": 0, "shapley_value_11": -2.719032684961955, "selection_11": 0, "shapley_value_12": -5.788796762625378, "selection_12": 0, "shapley_value_13": -4.850540091594057, "selection_13": 0, "shapley_value_14": -4.981585363547008, "selection_14": 0, "shapley_value_15": 0.022558649381001494, "selection_15": 0, "shapley_value_16": 0.18676022688547822, "selection_16": 0, "shapley_value_17": -2.4535972873369856, "selection_17": 0, "shapley_value_18": 0.20235073566436798, "selection_18": 0, "shapley_value_19": -2.1795530319213867, "selection_19": 0, "shapley_value_20": -0.23180980152553912, "selection_20": 0, "shapley_value_21": 0.056439240773518584, "selection_21": 0, "shapley_value_22": -1.8619155486424763, "selection_22": 0, "shapley_value_23": -0.18044491608937463, "selection_23": 0, "shapley_value_24": -5.329237500826516, "selection_24": 0, "shapley_value_25": -1.9179566701253261, "selection_25": 0, "shapley_value_26": -0.07754594087600708, "selection_26": 0, "shapley_value_27": -4.397624433040621, "selection_27": 0, "shapley_value_28": -1.5454889535903924, "selection_28": 0, "shapley_value_29": -3.253655840953192, "selection_29": 0, "shapley_value_30": -0.5936573445796978, "selection_30": 0, "shapley_value_31": 0.05129386981328388, "selection_31": 0, "shapley_value_32": -0.7483287453651419, "selection_32": 0, "shapley_value_33": -0.08059541384379099, "selection_33": 0, "shapley_value_34": -2.8883590300877877, "selection_34": 0, "shapley_value_35": -5.532010118166607, "selection_35": 0, "shapley_value_36": 3.8485917359481374, "selection_36": 1, "shapley_value_37": 0.18078792095184326, "selection_37": 0, "shapley_value_38": -2.675880839427313, "selection_38": 0, "shapley_value_39": -0.7365045150121059, "selection_39": 0, "shapley_value_40": -0.4836678306261697, "selection_40": 0, "shapley_value_41": -2.599290917317073, "selection_41": 0, "shapley_value_42": -0.09615290164947421, "selection_42": 0, "shapley_value_43": -0.22233096758524518, "selection_43": 0, "shapley_value_44": 8.426228832439536, "selection_44": 1, "shapley_value_45": -2.3970665335655204, "selection_45": 0, "shapley_value_46": -3.2890137235323587, "selection_46": 0, "shapley_value_47": -0.9753459195295962, "selection_47": 0, "shapley_value_48": -1.447732528050742, "selection_48": 0, "shapley_value_49": -1.731990198294323, "selection_49": 0, "_timestamp": 1688379233.1244547, "_runtime": 95.91421866416931, "_step": 99, "_wandb": {"runtime": 94}}