{"accuracy": 0.21909907460212708, "val_loss": 2.7143146991729736, "test_loss": 2.7020843029022217, "_timestamp": 1687976140.0281715, "_runtime": 94.04155445098877, "_step": 99, "_wandb": {"runtime": 92}}