{"loss": 0.2593578100204468, "accuracy": 0.9257999658584595, "average_active_clients": 2.0, "client_values_0": 0.00707841943949461, "client_values_1": -0.11170084774494171, "client_values_2": 0.0059323497116565704, "client_values_3": -0.043608300387859344, "client_values_4": -0.28946465253829956, "client_values_5": 0.0034485142678022385, "client_values_6": 0.0029135120566934347, "client_values_7": 0.010465705767273903, "client_values_8": -0.17982743680477142, "client_values_9": 0.012407295405864716, "client_values_10": 0.00024326331913471222, "client_values_11": -0.00017566746100783348, "client_values_12": -0.35913801193237305, "client_values_13": -0.17965544760227203, "client_values_14": -0.013101371005177498, "client_values_15": 0.022168543189764023, "client_values_16": 0.016719909384846687, "client_values_17": 0.02781480737030506, "client_values_18": 0.015088781714439392, "client_values_19": 0.0069682179018855095, "_timestamp": 1687264842.229277, "_runtime": 81.68733382225037, "_step": 99, "_wandb": {"runtime": 80}}