{"accuracy": 0.09719999879598618, "val_loss": 3.070729970932007, "test_loss": 3.0935215950012207, "shapley_value_0": 1.5657216966152194, "selection_0": 0, "shapley_value_1": 0.6401519159475961, "selection_1": 0, "shapley_value_2": 1.728493012984594, "selection_2": 0, "shapley_value_3": 1.3121934632460277, "selection_3": 0, "shapley_value_4": -0.7098347465197248, "selection_4": 1, "shapley_value_5": 5.1362798322330825, "selection_5": 0, "shapley_value_6": 0.023205310106277466, "selection_6": 1, "shapley_value_7": 4.6549753510590755, "selection_7": 0, "shapley_value_8": 2.7206616044044503, "selection_8": 0, "shapley_value_9": 1.7161452372868857, "selection_9": 0, "shapley_value_10": 0.4212764700253803, "selection_10": 0, "shapley_value_11": 1.3079608599344894, "selection_11": 0, "shapley_value_12": -1.3173060924918558, "selection_12": 0, "shapley_value_13": -0.5642850134107804, "selection_13": 0, "shapley_value_14": -1.984833441398762, "selection_14": 0, "shapley_value_15": 0.7513743599255884, "selection_15": 0, "shapley_value_16": 3.83386306329207, "selection_16": 0, "shapley_value_17": 1.3618346154689793, "selection_17": 0, "shapley_value_18": 3.8146268382216943, "selection_18": 0, "shapley_value_19": 0.2681179106235502, "selection_19": 0, "shapley_value_20": 0.47916137774785383, "selection_20": 0, "shapley_value_21": 1.9627845764160157, "selection_21": 0, "shapley_value_22": 2.3708664059638975, "selection_22": 0, "shapley_value_23": 0.26015879114468893, "selection_23": 0, "shapley_value_24": -1.3650665150748362, "selection_24": 0, "shapley_value_25": -0.5611516016500967, "selection_25": 0, "shapley_value_26": -1.5193630986743503, "selection_26": 0, "shapley_value_27": 0.8629843592643736, "selection_27": 0, "shapley_value_28": 2.5452229917049416, "selection_28": 0, "shapley_value_29": -0.31956870555877664, "selection_29": 1, "shapley_value_30": 2.7633862535158786, "selection_30": 0, "shapley_value_31": 2.5235308726628616, "selection_31": 0, "shapley_value_32": 1.4111111501852671, "selection_32": 0, "shapley_value_33": 3.0329952200253807, "selection_33": 0, "shapley_value_34": 1.5622384389241535, "selection_34": 0, "shapley_value_35": 0.15007175207138124, "selection_35": 0, "shapley_value_36": 4.963909980022546, "selection_36": 0, "shapley_value_37": 2.3353387951850895, "selection_37": 0, "shapley_value_38": 0.778878209988276, "selection_38": 0, "shapley_value_39": 3.945716415390824, "selection_39": 1, "shapley_value_40": -0.29189815719922374, "selection_40": 1, "shapley_value_41": 0.6673911293347677, "selection_41": 0, "shapley_value_42": 1.3839203894138337, "selection_42": 0, "shapley_value_43": 1.9081804811954501, "selection_43": 0, "shapley_value_44": 5.355490971695293, "selection_44": 0, "shapley_value_45": -1.521358770352822, "selection_45": 0, "shapley_value_46": 1.319594488541285, "selection_46": 0, "shapley_value_47": 0.7430680096149446, "selection_47": 0, "shapley_value_48": 0.9701632757981613, "selection_48": 0, "shapley_value_49": 1.2314306557178498, "selection_49": 0, "_timestamp": 1688384932.5517013, "_runtime": 110.77179026603699, "_step": 99, "_wandb": {"runtime": 109}}