{"accuracy": 0.13819999992847443, "val_loss": 4.609147548675537, "test_loss": 4.6768012046813965, "_timestamp": 1688405835.9265702, "_runtime": 143.5775842666626, "_step": 99, "_wandb": {"runtime": 142}}