{"accuracy": 0.10080000013113022, "val_loss": 2.3791587352752686, "test_loss": 2.3828182220458984, "_timestamp": 1688411858.8503356, "_runtime": 142.4483585357666, "_step": 99, "_wandb": {"runtime": 140}}