{"accuracy": 0.11840000003576279, "val_loss": 3.87166690826416, "test_loss": 3.918396472930908, "shapley_value_0": 3.18398610159015, "selection_0": 0, "shapley_value_1": 2.9184708169528415, "selection_1": 0, "shapley_value_2": 2.744193222787645, "selection_2": 0, "shapley_value_3": 4.7217600027720135, "selection_3": 1, "shapley_value_4": 0, "selection_4": 0, "shapley_value_5": 0, "selection_5": 0, "shapley_value_6": 4.539291103680928, "selection_6": 0, "shapley_value_7": -1.3107612927754717, "selection_7": 0, "shapley_value_8": 2.56436785724428, "selection_8": 0, "shapley_value_9": 0, "selection_9": 0, "shapley_value_10": 0.6907262106736505, "selection_10": 0, "shapley_value_11": 2.96247255715771, "selection_11": 0, "shapley_value_12": 1.5488766895400152, "selection_12": 0, "shapley_value_13": 0, "selection_13": 0, "shapley_value_14": 0.5783790349960327, "selection_14": 0, "shapley_value_15": 2.1498321294784546, "selection_15": 0, "shapley_value_16": 0, "selection_16": 0, "shapley_value_17": -4.531011263529461, "selection_17": 0, "shapley_value_18": 3.1136649946371713, "selection_18": 0, "shapley_value_19": -0.40667959054311, "selection_19": 0, "shapley_value_20": 1.9580129663149521, "selection_20": 0, "shapley_value_21": 2.007993029223549, "selection_21": 0, "shapley_value_22": 2.930564160148303, "selection_22": 0, "shapley_value_23": 0.5133713053332439, "selection_23": 0, "shapley_value_24": -4.612531582514444, "selection_24": 0, "shapley_value_25": -4.230758210023245, "selection_25": 0, "shapley_value_26": 0, "selection_26": 0, "shapley_value_27": 2.88530670536889, "selection_27": 1, "shapley_value_28": 2.7392858391006785, "selection_28": 1, "shapley_value_29": -5.932046353816986, "selection_29": 0, "shapley_value_30": 2.2524785750951524, "selection_30": 1, "shapley_value_31": 2.6854323592840452, "selection_31": 0, "shapley_value_32": 0, "selection_32": 0, "shapley_value_33": 2.8897215108076737, "selection_33": 0, "shapley_value_34": 2.5964040084816946, "selection_34": 0, "shapley_value_35": -4.309074272712071, "selection_35": 0, "shapley_value_36": 0, "selection_36": 0, "shapley_value_37": 2.96517061524921, "selection_37": 0, "shapley_value_38": 5.064742902914683, "selection_38": 0, "shapley_value_39": 3.7901193939504174, "selection_39": 1, "shapley_value_40": 0, "selection_40": 0, "shapley_value_41": 0, "selection_41": 0, "shapley_value_42": 2.309310270349185, "selection_42": 0, "shapley_value_43": 0, "selection_43": 0, "shapley_value_44": 2.2890609876314802, "selection_44": 0, "shapley_value_45": -6.713313519954681, "selection_45": 0, "shapley_value_46": 4.118647672235967, "selection_46": 0, "shapley_value_47": 4.061520020167033, "selection_47": 0, "shapley_value_48": 1.1501664784219534, "selection_48": 0, "shapley_value_49": 1.885146723853217, "selection_49": 0, "_timestamp": 1688393782.5548558, "_runtime": 111.10228490829468, "_step": 99, "_wandb": {"runtime": 109}}