{"accuracy": 0.8181455135345459, "val_loss": 0.5180798768997192, "test_loss": 0.5144321322441101, "_timestamp": 1687987750.092208, "_runtime": 75.49181389808655, "_step": 99, "_wandb": {"runtime": 73}}