{"loss": 2.2393672466278076, "accuracy": 0.15719999372959137, "average_active_clients": 2.0, "_timestamp": 1686917919.9852333, "_runtime": 34.34574341773987, "_step": 399, "_wandb": {"runtime": 33}}