{"loss": 2.3069050312042236, "accuracy": 0.10099999606609344, "average_active_clients": 0.004999999999999994, "_timestamp": 1686735251.0106647, "_runtime": 21.095667600631714, "_step": 399, "_wandb": {"runtime": 18}}