{"accuracy": 0.8182788491249084, "val_loss": 0.5213062167167664, "test_loss": 0.5186799168586731, "_timestamp": 1687973780.9046314, "_runtime": 77.63435244560242, "_step": 99, "_wandb": {"runtime": 76}}