{"accuracy": 0.10040000081062317, "val_loss": 3.385408639907837, "test_loss": 3.3827664852142334, "shapley_value_0": 2.816142392158508, "selection_0": 0, "shapley_value_1": 1.3634236017862957, "selection_1": 0, "shapley_value_2": 1.978010521332423, "selection_2": 0, "shapley_value_3": 1.4587771356105803, "selection_3": 0, "shapley_value_4": 0.5404743095239003, "selection_4": 0, "shapley_value_5": 5.160853750777967, "selection_5": 0, "shapley_value_6": -0.9269698328442044, "selection_6": 0, "shapley_value_7": 4.3524300058682766, "selection_7": 0, "shapley_value_8": 2.5557227055231735, "selection_8": 0, "shapley_value_9": 0.17605138421058672, "selection_9": 0, "shapley_value_10": 0.38400142987569197, "selection_10": 0, "shapley_value_11": 0.8973766565322878, "selection_11": 0, "shapley_value_12": -0.48775869607925454, "selection_12": 0, "shapley_value_13": 0.17850371996561684, "selection_13": 0, "shapley_value_14": 0.20343606869379696, "selection_14": 1, "shapley_value_15": 0.8009322226047514, "selection_15": 0, "shapley_value_16": 2.239657098054886, "selection_16": 0, "shapley_value_17": 2.270707374811172, "selection_17": 0, "shapley_value_18": 2.1826750934123993, "selection_18": 0, "shapley_value_19": -0.02079645593961086, "selection_19": 0, "shapley_value_20": 1.2561942259470624, "selection_20": 0, "shapley_value_21": 1.2902158240477253, "selection_21": 0, "shapley_value_22": 2.020145024855931, "selection_22": 0, "shapley_value_23": -0.03676495949427276, "selection_23": 1, "shapley_value_24": -1.1656058805960194, "selection_24": 0, "shapley_value_25": -0.6518426294679994, "selection_25": 0, "shapley_value_26": -0.6107244074344633, "selection_26": 1, "shapley_value_27": 0.7018087089061738, "selection_27": 0, "shapley_value_28": 2.2329474925994868, "selection_28": 0, "shapley_value_29": -0.5135526083133839, "selection_29": 0, "shapley_value_30": 2.4677975853284204, "selection_30": 0, "shapley_value_31": 1.242938369512558, "selection_31": 0, "shapley_value_32": 3.1256813983122504, "selection_32": 0, "shapley_value_33": 1.56289158264796, "selection_33": 0, "shapley_value_34": 1.133441875378291, "selection_34": 0, "shapley_value_35": 0.08248247901598575, "selection_35": 1, "shapley_value_36": 4.757253180850636, "selection_36": 0, "shapley_value_37": 2.3093726138273873, "selection_37": 0, "shapley_value_38": 0.8977387924989066, "selection_38": 0, "shapley_value_39": 0.5913793583710989, "selection_39": 0, "shapley_value_40": -0.6729293505350746, "selection_40": 1, "shapley_value_41": 0.21701475580533341, "selection_41": 0, "shapley_value_42": 3.7881373094789907, "selection_42": 0, "shapley_value_43": 1.8632798035939533, "selection_43": 0, "shapley_value_44": 5.024443039388368, "selection_44": 0, "shapley_value_45": -2.7148746009226197, "selection_45": 0, "shapley_value_46": 4.1836854652924975, "selection_46": 0, "shapley_value_47": 1.0593598087628684, "selection_47": 0, "shapley_value_48": 0.24281428853670786, "selection_48": 0, "shapley_value_49": 2.3356569488843286, "selection_49": 0, "_timestamp": 1688384704.0554159, "_runtime": 104.70905995368958, "_step": 99, "_wandb": {"runtime": 103}}