{"accuracy": 0.9365999698638916, "val_loss": 0.2294699251651764, "test_loss": 0.21435822546482086, "shapley_value_0": -1.8124093917154132, "selection_0": 1, "shapley_value_1": -1.7954830661033971, "selection_1": 0, "shapley_value_2": -1.79803045271408, "selection_2": 0, "shapley_value_3": -1.796052906375665, "selection_3": 0, "shapley_value_4": -1.8067430685728023, "selection_4": 0, "shapley_value_5": -1.8112033846286626, "selection_5": 0, "shapley_value_6": -1.8151798997169888, "selection_6": 0, "shapley_value_7": -1.8040620218484829, "selection_7": 0, "shapley_value_8": -1.807726072354449, "selection_8": 0, "shapley_value_9": -1.7991205759537527, "selection_9": 0, "shapley_value_10": -1.8075667843222618, "selection_10": 0, "shapley_value_11": -1.799402360286977, "selection_11": 0, "shapley_value_12": -1.819577192266782, "selection_12": 0, "shapley_value_13": -1.8061863292347302, "selection_13": 0, "shapley_value_14": -1.80831421746148, "selection_14": 0, "shapley_value_15": -1.8160659939878514, "selection_15": 0, "shapley_value_16": -1.8170711199442546, "selection_16": 1, "shapley_value_17": -1.813887786684614, "selection_17": 0, "shapley_value_18": -1.824247106458202, "selection_18": 0, "shapley_value_19": -1.7981083939472835, "selection_19": 0, "shapley_value_20": -1.8221102262536686, "selection_20": 0, "shapley_value_21": -1.8159599497914312, "selection_21": 0, "shapley_value_22": -1.8103034794330597, "selection_22": 0, "shapley_value_23": -1.8188126782576242, "selection_23": 0, "shapley_value_24": -1.819722133654135, "selection_24": 0, "shapley_value_25": -1.8285098478749948, "selection_25": 0, "shapley_value_26": -1.824384784808865, "selection_26": 0, "shapley_value_27": -1.8286037660307355, "selection_27": 0, "shapley_value_28": -1.8445413547257585, "selection_28": 1, "shapley_value_29": -1.821234553342774, "selection_29": 0, "shapley_value_30": -1.8478140619893875, "selection_30": 1, "shapley_value_31": -1.841237875322501, "selection_31": 0, "shapley_value_32": -1.848158847954538, "selection_32": 0, "shapley_value_33": -1.8408261794182987, "selection_33": 0, "shapley_value_34": -1.845276416175895, "selection_34": 0, "shapley_value_35": -1.841389852265517, "selection_35": 0, "shapley_value_36": -1.8519643346468608, "selection_36": 0, "shapley_value_37": -1.8493173877398175, "selection_37": 0, "shapley_value_38": -1.852691135803859, "selection_38": 0, "shapley_value_39": -1.8618564754724503, "selection_39": 0, "_timestamp": 1688021241.8267293, "_runtime": 96.30766224861145, "_step": 99, "_wandb": {"runtime": 95}}