{"accuracy": 0.9045999646186829, "val_loss": 0.32826146483421326, "test_loss": 0.29662445187568665, "shapley_value_0": -1.7819160907356826, "selection_0": 0, "shapley_value_1": -1.7463169963129104, "selection_1": 0, "shapley_value_2": -1.8311904116913122, "selection_2": 0, "shapley_value_3": -1.781428338200958, "selection_3": 0, "shapley_value_4": -1.7799407802522185, "selection_4": 0, "shapley_value_5": -1.8292643179496129, "selection_5": 0, "shapley_value_6": -1.7782501767079038, "selection_6": 0, "shapley_value_7": -1.8017304186467769, "selection_7": 0, "shapley_value_8": -1.7938341209382722, "selection_8": 0, "shapley_value_9": -1.7829702521363895, "selection_9": 0, "shapley_value_10": -1.8111951649188995, "selection_10": 0, "shapley_value_11": -1.8206028069059057, "selection_11": 0, "shapley_value_12": -1.7786880989869434, "selection_12": 0, "shapley_value_13": -1.8027363655467827, "selection_13": 0, "shapley_value_14": -1.8392450250685217, "selection_14": 1, "shapley_value_15": -1.7935210985166057, "selection_15": 0, "shapley_value_16": -1.7752594028909996, "selection_16": 0, "shapley_value_17": -1.8442000408967334, "selection_17": 0, "shapley_value_18": -1.824891217549642, "selection_18": 0, "shapley_value_19": -1.801186298330625, "selection_19": 0, "shapley_value_20": -1.815354824066162, "selection_20": 0, "shapley_value_21": -1.764644607191994, "selection_21": 0, "shapley_value_22": -1.7779920945564904, "selection_22": 0, "shapley_value_23": -1.8381970077753065, "selection_23": 0, "shapley_value_24": -1.7773960814589544, "selection_24": 0, "shapley_value_25": -1.8356747254729269, "selection_25": 0, "shapley_value_26": -1.8798589507738745, "selection_26": 0, "shapley_value_27": -1.8181001166502635, "selection_27": 0, "shapley_value_28": -1.7776381006607642, "selection_28": 1, "shapley_value_29": -1.8989956676959994, "selection_29": 0, "shapley_value_30": -1.7727692830893733, "selection_30": 0, "shapley_value_31": -1.9885923663775127, "selection_31": 0, "shapley_value_32": -1.6316150105661815, "selection_32": 1, "shapley_value_33": -1.7814078278011747, "selection_33": 1, "shapley_value_34": -1.9092205001248257, "selection_34": 0, "shapley_value_35": -1.8534560733371312, "selection_35": 0, "shapley_value_36": -1.8444408625364308, "selection_36": 0, "shapley_value_37": -1.8359328326251774, "selection_37": 0, "shapley_value_38": -1.7755031070925973, "selection_38": 0, "shapley_value_39": -2.0555734435717263, "selection_39": 0, "_timestamp": 1687990417.7871842, "_runtime": 83.45893430709839, "_step": 99, "_wandb": {"runtime": 82}}