{"accuracy": 0.9210000038146973, "val_loss": 0.28950929641723633, "test_loss": 0.272203266620636, "shapley_value_0": -1.9282957355181378, "selection_0": 0, "shapley_value_1": -1.5915271093448002, "selection_1": 0, "shapley_value_2": -1.99599535142382, "selection_2": 0, "shapley_value_3": -1.992847454547882, "selection_3": 0, "shapley_value_4": -1.9796896999080977, "selection_4": 0, "shapley_value_5": -1.8986130282282834, "selection_5": 0, "shapley_value_6": -1.979102263847987, "selection_6": 0, "shapley_value_7": -1.8616161433358989, "selection_7": 0, "shapley_value_8": -1.8577940991291635, "selection_8": 1, "shapley_value_9": -1.7064774745986575, "selection_9": 0, "shapley_value_10": -1.9607515389269046, "selection_10": 0, "shapley_value_11": -1.8090128528349327, "selection_11": 0, "shapley_value_12": -1.691306434571743, "selection_12": 0, "shapley_value_13": -1.905964829524358, "selection_13": 1, "shapley_value_14": -1.9837774179048007, "selection_14": 0, "shapley_value_15": -1.7002678645981686, "selection_15": 0, "shapley_value_16": -1.7752207396207034, "selection_16": 0, "shapley_value_17": -2.0254674766744882, "selection_17": 0, "shapley_value_18": -1.8330288308638114, "selection_18": 0, "shapley_value_19": -2.0103030914352056, "selection_19": 0, "shapley_value_20": -1.6063434945212471, "selection_20": 0, "shapley_value_21": -1.4865968903851887, "selection_21": 1, "shapley_value_22": -1.5782519605424665, "selection_22": 0, "shapley_value_23": -1.8336161197650998, "selection_23": 0, "shapley_value_24": -1.5973247750238935, "selection_24": 0, "shapley_value_25": -2.0323226639518035, "selection_25": 0, "shapley_value_26": -2.0506958228846397, "selection_26": 0, "shapley_value_27": -1.732449621789985, "selection_27": 0, "shapley_value_28": -1.591407492047264, "selection_28": 0, "shapley_value_29": -1.8835784365733463, "selection_29": 0, "shapley_value_30": -1.5077207022243078, "selection_30": 0, "shapley_value_31": -2.017896476387978, "selection_31": 0, "shapley_value_32": -1.5707773346276512, "selection_32": 0, "shapley_value_33": -1.6556146307425066, "selection_33": 0, "shapley_value_34": -1.6121202905972796, "selection_34": 0, "shapley_value_35": -1.8653589763023237, "selection_35": 0, "shapley_value_36": -1.976788189676073, "selection_36": 0, "shapley_value_37": -1.7931567556930312, "selection_37": 1, "shapley_value_38": -1.8649603674809139, "selection_38": 0, "shapley_value_39": -2.0207491390632857, "selection_39": 0, "_timestamp": 1687992225.2612338, "_runtime": 78.60872483253479, "_step": 99, "_wandb": {"runtime": 77}}