{"accuracy": 0.10260000079870224, "val_loss": 3.564798355102539, "test_loss": 3.577410936355591, "_timestamp": 1688400943.4440172, "_runtime": 92.5375771522522, "_step": 99, "_wandb": {"runtime": 90}}