{"accuracy": 0.1151999980211258, "val_loss": 2.999130964279175, "test_loss": 2.980243444442749, "_timestamp": 1688397115.0037656, "_runtime": 96.41976857185364, "_step": 99, "_wandb": {"runtime": 94}}