{"loss": 0.6729570627212524, "accuracy": 0.8118000030517578, "average_active_clients": 2.0, "_timestamp": 1686665013.2362063, "_runtime": 7.845276355743408, "_step": 399, "_wandb": {"runtime": 6}}