{"accuracy": 0.9381999969482422, "val_loss": 0.23458507657051086, "test_loss": 0.22141127288341522, "shapley_value_0": 0.23090920136733487, "selection_0": 0, "shapley_value_1": 0.18129981949925425, "selection_1": 1, "shapley_value_2": 0.17785553014940683, "selection_2": 0, "shapley_value_3": 0.17650236795345942, "selection_3": 0, "shapley_value_4": 0.19707630917116212, "selection_4": 0, "shapley_value_5": 0.21255292245745655, "selection_5": 0, "shapley_value_6": 0.19823552610685952, "selection_6": 0, "shapley_value_7": 0.229854398180138, "selection_7": 0, "shapley_value_8": 0.2528670096149047, "selection_8": 0, "shapley_value_9": 0.17537238505151534, "selection_9": 0, "shapley_value_10": 0.21012952569127083, "selection_10": 0, "shapley_value_11": 0.20420317366719246, "selection_11": 0, "shapley_value_12": 0.2215945234623822, "selection_12": 0, "shapley_value_13": 0.2047810871601105, "selection_13": 1, "shapley_value_14": 0.2500821159915491, "selection_14": 0, "shapley_value_15": 0.194283329308033, "selection_15": 0, "shapley_value_16": 0.19829831317067143, "selection_16": 0, "shapley_value_17": 0.16211257749133642, "selection_17": 0, "shapley_value_18": 0.20519726204872132, "selection_18": 0, "shapley_value_19": 0.15301079723570082, "selection_19": 0, "shapley_value_20": 0.21206205812096596, "selection_20": 0, "shapley_value_21": 0.20641085791587827, "selection_21": 0, "shapley_value_22": 0.17866404106219608, "selection_22": 0, "shapley_value_23": 0.1604261212878757, "selection_23": 0, "shapley_value_24": 0.18054644687308208, "selection_24": 0, "shapley_value_25": 0.2114813131564542, "selection_25": 0, "shapley_value_26": 0.22401166187091304, "selection_26": 0, "shapley_value_27": 0.1819826188352373, "selection_27": 0, "shapley_value_28": 0.23241719762103977, "selection_28": 0, "shapley_value_29": 0.19832044751863734, "selection_29": 0, "shapley_value_30": 0.18821129032969472, "selection_30": 0, "shapley_value_31": 0.17548307609558106, "selection_31": 1, "shapley_value_32": 0.23393133935603236, "selection_32": 0, "shapley_value_33": 0.1999694936761731, "selection_33": 0, "shapley_value_34": 0.17979068567355472, "selection_34": 0, "shapley_value_35": 0.1483254900905821, "selection_35": 0, "shapley_value_36": 0.26015969035526115, "selection_36": 0, "shapley_value_37": 0.22007467576861384, "selection_37": 0, "shapley_value_38": 0.17658168321464487, "selection_38": 0, "shapley_value_39": 0.2077478197844405, "selection_39": 0, "shapley_value_40": 0.20453896012902262, "selection_40": 0, "shapley_value_41": 0.20643678463289614, "selection_41": 0, "shapley_value_42": 0.20815488115109898, "selection_42": 0, "shapley_value_43": 0.20713375383615493, "selection_43": 0, "shapley_value_44": 0.17894213133388093, "selection_44": 0, "shapley_value_45": 0.18447452906105252, "selection_45": 0, "shapley_value_46": 0.2103434849381447, "selection_46": 0, "shapley_value_47": 0.1557895206080543, "selection_47": 0, "shapley_value_48": 0.240390636975115, "selection_48": 0, "shapley_value_49": 0.16495815283722345, "selection_49": 1, "shapley_value_50": 0.20399571815133094, "selection_50": 0, "shapley_value_51": 0.1847564729054769, "selection_51": 0, "shapley_value_52": 0.22316391790455034, "selection_52": 0, "shapley_value_53": 0.21197405311465262, "selection_53": 0, "shapley_value_54": 0.19999570992588994, "selection_54": 0, "shapley_value_55": 0.2075354855593882, "selection_55": 0, "shapley_value_56": 0.21707447806000707, "selection_56": 0, "shapley_value_57": 0.18738947257399557, "selection_57": 0, "shapley_value_58": 0.25023174051652874, "selection_58": 1, "shapley_value_59": 0.25113043056292966, "selection_59": 0, "shapley_value_60": 0.2091882335245609, "selection_60": 0, "shapley_value_61": 0.24230567528442898, "selection_61": 0, "shapley_value_62": 0.17794338415066402, "selection_62": 0, "shapley_value_63": 0.13790347360731925, "selection_63": 0, "shapley_value_64": 0.2348966131427071, "selection_64": 0, "shapley_value_65": 0.18327981420096595, "selection_65": 0, "shapley_value_66": 0.2645785840600729, "selection_66": 0, "shapley_value_67": 0.22341555757956072, "selection_67": 0, "shapley_value_68": 0.219850153028965, "selection_68": 0, "shapley_value_69": 0.1604498087958983, "selection_69": 1, "shapley_value_70": 0.20146766418218612, "selection_70": 0, "shapley_value_71": 0.16033752213793187, "selection_71": 0, "shapley_value_72": 0.28264086286226914, "selection_72": 1, "shapley_value_73": 0.24505365442145957, "selection_73": 0, "shapley_value_74": 0.17125585118929545, "selection_74": 0, "shapley_value_75": 0.18435980755090714, "selection_75": 1, "shapley_value_76": 0.17074131513025326, "selection_76": 0, "shapley_value_77": 0.19572871479392048, "selection_77": 0, "shapley_value_78": 0.24377620718695897, "selection_78": 0, "shapley_value_79": 0.18548361144567788, "selection_79": 0, "shapley_value_80": 0.1851719074116812, "selection_80": 0, "shapley_value_81": 0.17486733555793763, "selection_81": 0, "shapley_value_82": 0.15774520334270264, "selection_82": 0, "shapley_value_83": 0.1374578566849232, "selection_83": 0, "shapley_value_84": 0.20293844744563105, "selection_84": 0, "shapley_value_85": 0.1746255176928308, "selection_85": 0, "shapley_value_86": 0.22005882553078918, "selection_86": 0, "shapley_value_87": 0.2271202065014953, "selection_87": 1, "shapley_value_88": 0.22371253831820057, "selection_88": 0, "shapley_value_89": 0.19607548680901526, "selection_89": 0, "shapley_value_90": 0.22074212131175128, "selection_90": 0, "shapley_value_91": 0.2596451017260551, "selection_91": 1, "shapley_value_92": 0.21009923177957535, "selection_92": 0, "shapley_value_93": 0.20648618263006208, "selection_93": 0, "shapley_value_94": 0.1625649780035019, "selection_94": 0, "shapley_value_95": 0.20519960638880735, "selection_95": 0, "shapley_value_96": 0.1884638420641422, "selection_96": 0, "shapley_value_97": 0.1958758721712389, "selection_97": 0, "shapley_value_98": 0.2504455197670243, "selection_98": 0, "shapley_value_99": 0.21455030214786527, "selection_99": 0, "_timestamp": 1687955397.7095473, "_runtime": 316.4428732395172, "_step": 99, "_wandb": {"runtime": 314}}