{"accuracy": 0.09699999541044235, "val_loss": 12.683845520019531, "test_loss": 12.838607788085938, "shapley_value_0": -1.6831918259461718, "selection_0": 0, "shapley_value_1": -0.35084309180577655, "selection_1": 0, "shapley_value_2": 9.70815237131384, "selection_2": 1, "shapley_value_3": -0.4484701156616193, "selection_3": 0, "shapley_value_4": -1.9614358743031826, "selection_4": 0, "shapley_value_5": 9.115262743941065, "selection_5": 1, "shapley_value_6": -1.2825920581817636, "selection_6": 0, "shapley_value_7": 8.793504692227751, "selection_7": 1, "shapley_value_8": -2.5074473321437845, "selection_8": 0, "shapley_value_9": 0.17490369081497015, "selection_9": 0, "shapley_value_10": -3.107215414444606, "selection_10": 0, "shapley_value_11": -2.7188970545927686, "selection_11": 0, "shapley_value_12": -5.7885746757189445, "selection_12": 0, "shapley_value_13": -4.8486612041791295, "selection_13": 0, "shapley_value_14": -4.981565674146015, "selection_14": 0, "shapley_value_15": 0.022609829902648926, "selection_15": 0, "shapley_value_16": 0.18694733579953526, "selection_16": 0, "shapley_value_17": -2.453139513731003, "selection_17": 0, "shapley_value_18": 0.20251968834135248, "selection_18": 0, "shapley_value_19": -2.1796047687530553, "selection_19": 0, "shapley_value_20": -0.2315539386537345, "selection_20": 0, "shapley_value_21": 0.05634051561355591, "selection_21": 0, "shapley_value_22": -1.8620834449927013, "selection_22": 0, "shapley_value_23": -0.1803280711174029, "selection_23": 0, "shapley_value_24": -5.32930431763331, "selection_24": 0, "shapley_value_25": -1.9180627465248108, "selection_25": 0, "shapley_value_26": -0.07782506942749068, "selection_26": 0, "shapley_value_27": -4.397464503844579, "selection_27": 0, "shapley_value_28": -1.5453323920567832, "selection_28": 0, "shapley_value_29": -3.2534836332003287, "selection_29": 0, "shapley_value_30": -0.5933754146099093, "selection_30": 0, "shapley_value_31": 0.05096501111984253, "selection_31": 0, "shapley_value_32": -0.7480412522951765, "selection_32": 0, "shapley_value_33": -0.07944409052530954, "selection_33": 0, "shapley_value_34": -2.8881379167238874, "selection_34": 0, "shapley_value_35": -5.53188196818034, "selection_35": 0, "shapley_value_36": 3.84906051949267, "selection_36": 1, "shapley_value_37": 0.18070576588312903, "selection_37": 0, "shapley_value_38": -2.6756760577360783, "selection_38": 0, "shapley_value_39": -0.7362533907095585, "selection_39": 0, "shapley_value_40": -0.48392417033513446, "selection_40": 0, "shapley_value_41": -2.5991015136241913, "selection_41": 0, "shapley_value_42": -0.0967363715171814, "selection_42": 0, "shapley_value_43": -0.2223940889040641, "selection_43": 0, "shapley_value_44": 8.425832437218794, "selection_44": 1, "shapley_value_45": -2.397140761216482, "selection_45": 0, "shapley_value_46": -3.2876392006874084, "selection_46": 0, "shapley_value_47": -0.9747050106525426, "selection_47": 0, "shapley_value_48": -1.4478191733360282, "selection_48": 0, "shapley_value_49": -1.731493880351384, "selection_49": 0, "_timestamp": 1688378167.9775622, "_runtime": 98.18147325515747, "_step": 99, "_wandb": {"runtime": 96}}