{"accuracy": 0.10439999401569366, "val_loss": 3.3939321041107178, "test_loss": 3.3962011337280273, "shapley_value_0": 2.145019237200419, "selection_0": 0, "shapley_value_1": 2.6005515647523207, "selection_1": 0, "shapley_value_2": 0, "selection_2": 0, "shapley_value_3": 2.416033614904452, "selection_3": 0, "shapley_value_4": -0.8937584658463786, "selection_4": 0, "shapley_value_5": 2.7316399457908815, "selection_5": 0, "shapley_value_6": -5.6928790807724, "selection_6": 0, "shapley_value_7": 0, "selection_7": 0, "shapley_value_8": 2.8100451018618444, "selection_8": 0, "shapley_value_9": -0.5926626722017925, "selection_9": 0, "shapley_value_10": -6.561329086621601, "selection_10": 0, "shapley_value_11": -13.584389805793762, "selection_11": 0, "shapley_value_12": 0, "selection_12": 0, "shapley_value_13": -7.20632561047872, "selection_13": 0, "shapley_value_14": 1.1272190858920417, "selection_14": 0, "shapley_value_15": 5.9580114632844925, "selection_15": 1, "shapley_value_16": 0, "selection_16": 0, "shapley_value_17": -5.43165942033132, "selection_17": 0, "shapley_value_18": 3.627278369665144, "selection_18": 0, "shapley_value_19": -4.746329307556152, "selection_19": 0, "shapley_value_20": -5.797726472218834, "selection_20": 0, "shapley_value_21": 1.6326725593319649, "selection_21": 0, "shapley_value_22": 4.206864443378172, "selection_22": 0, "shapley_value_23": 0, "selection_23": 0, "shapley_value_24": 0.5892489353815717, "selection_24": 0, "shapley_value_25": 0, "selection_25": 0, "shapley_value_26": 0, "selection_26": 0, "shapley_value_27": 0, "selection_27": 0, "shapley_value_28": 0, "selection_28": 0, "shapley_value_29": 0, "selection_29": 0, "shapley_value_30": 1.7110922574996945, "selection_30": 0, "shapley_value_31": -5.972277522087097, "selection_31": 0, "shapley_value_32": 0, "selection_32": 0, "shapley_value_33": 3.036854851813543, "selection_33": 0, "shapley_value_34": 0, "selection_34": 0, "shapley_value_35": 0, "selection_35": 0, "shapley_value_36": 4.692121052258723, "selection_36": 0, "shapley_value_37": 2.296993275483449, "selection_37": 0, "shapley_value_38": 2.0473334718318204, "selection_38": 1, "shapley_value_39": 3.76545063553557, "selection_39": 0, "shapley_value_40": 6.030932219255538, "selection_40": 1, "shapley_value_41": 1.802353704969088, "selection_41": 0, "shapley_value_42": 4.47246287142237, "selection_42": 1, "shapley_value_43": 2.763190181816326, "selection_43": 0, "shapley_value_44": 1.2835958144244024, "selection_44": 0, "shapley_value_45": -9.450366338094074, "selection_45": 0, "shapley_value_46": 4.364468269877963, "selection_46": 0, "shapley_value_47": 2.300264935493467, "selection_47": 1, "shapley_value_48": -5.51208068927129, "selection_48": 0, "shapley_value_49": -7.137457688649498, "selection_49": 0, "_timestamp": 1688387262.5153003, "_runtime": 111.04371523857117, "_step": 99, "_wandb": {"runtime": 109}}