{"accuracy": 0.1289999932050705, "val_loss": 2.991482734680176, "test_loss": 3.024595022201538, "_timestamp": 1688398245.8597393, "_runtime": 95.91379928588867, "_step": 99, "_wandb": {"runtime": 94}}