{"accuracy": 0.47194162011146545, "val_loss": 2.335531711578369, "test_loss": 2.3199243545532227, "shapley_value_0": -0.8203226990169951, "selection_0": 0, "shapley_value_1": -0.8731640259424847, "selection_1": 0, "shapley_value_2": -0.7983004119661121, "selection_2": 0, "shapley_value_3": -0.7605152289072673, "selection_3": 0, "shapley_value_4": -0.7731873393058774, "selection_4": 0, "shapley_value_5": -0.7277246216932934, "selection_5": 0, "shapley_value_6": -0.397922910896002, "selection_6": 1, "shapley_value_7": -0.73730837504069, "selection_7": 0, "shapley_value_8": -0.7673854695426092, "selection_8": 0, "shapley_value_9": -0.7270665786884448, "selection_9": 0, "shapley_value_10": -0.8097722331682844, "selection_10": 0, "shapley_value_11": -0.9204432169596355, "selection_11": 0, "shapley_value_12": -0.792790603637695, "selection_12": 0, "shapley_value_13": -0.8027308285236354, "selection_13": 0, "shapley_value_14": -0.7688607374827068, "selection_14": 0, "shapley_value_15": -0.8833522399266563, "selection_15": 0, "shapley_value_16": -0.7840756277243297, "selection_16": 0, "shapley_value_17": -0.7640690167744951, "selection_17": 0, "shapley_value_18": -0.7502461175123851, "selection_18": 0, "shapley_value_19": -0.7689633170763652, "selection_19": 0, "shapley_value_20": -0.6918589472770691, "selection_20": 0, "shapley_value_21": -0.7992987235387167, "selection_21": 0, "shapley_value_22": -0.7154273059633041, "selection_22": 0, "shapley_value_23": -0.4436130107090037, "selection_23": 1, "shapley_value_24": -1.0296098788579304, "selection_24": 0, "shapley_value_25": -0.9683383901913958, "selection_25": 0, "shapley_value_26": -0.8984055916468305, "selection_26": 0, "shapley_value_27": -0.7555095801750816, "selection_27": 0, "shapley_value_28": -0.43213510583018694, "selection_28": 1, "shapley_value_29": -0.9439257184664411, "selection_29": 0, "shapley_value_30": -0.9710895220438636, "selection_30": 0, "shapley_value_31": -0.8641469081242876, "selection_31": 0, "shapley_value_32": -0.47833537658055597, "selection_32": 1, "shapley_value_33": -0.856336726082696, "selection_33": 0, "shapley_value_34": -0.845663891898261, "selection_34": 0, "shapley_value_35": -1.008644819259643, "selection_35": 0, "shapley_value_36": -1.0410090088844304, "selection_36": 0, "shapley_value_37": -0.9865912397702534, "selection_37": 0, "shapley_value_38": -0.8260502682791816, "selection_38": 0, "shapley_value_39": -0.945612847805023, "selection_39": 0, "_timestamp": 1687984274.6683154, "_runtime": 75.87577247619629, "_step": 99, "_wandb": {"runtime": 75}}