{"loss": 0.35402753949165344, "accuracy": 0.9021999835968018, "average_active_clients": 10.0, "_timestamp": 1686667505.8846684, "_runtime": 27.400060415267944, "_step": 399, "_wandb": {"runtime": 25}}