{"accuracy": 0.14219999313354492, "val_loss": 4.276939868927002, "test_loss": 4.338037490844727, "_timestamp": 1688406135.4241226, "_runtime": 144.39687156677246, "_step": 99, "_wandb": {"runtime": 142}}