{"accuracy": 0.9160000085830688, "val_loss": 0.2499203085899353, "test_loss": 0.27965062856674194, "shapley_value_0": 0.19833583230322058, "selection_0": 0, "shapley_value_1": 0.19613374301791192, "selection_1": 0, "shapley_value_2": 0.16018913189918674, "selection_2": 0, "shapley_value_3": 0.1857700729370117, "selection_3": 1, "shapley_value_4": 0.20597835478186605, "selection_4": 0, "shapley_value_5": 0.18186521172523498, "selection_5": 0, "shapley_value_6": 0.18323805504375032, "selection_6": 0, "shapley_value_7": 0.18085983412133322, "selection_7": 0, "shapley_value_8": 0.19308923044800758, "selection_8": 1, "shapley_value_9": 0.17056125157409244, "selection_9": 0, "shapley_value_10": 0.19999597755074502, "selection_10": 0, "shapley_value_11": 0.21724626427888874, "selection_11": 0, "shapley_value_12": 0.1988314842628805, "selection_12": 0, "shapley_value_13": 0.1647726661158584, "selection_13": 0, "shapley_value_14": 0.2235313505747101, "selection_14": 1, "shapley_value_15": 0.2322701161828908, "selection_15": 0, "shapley_value_16": 0.17298617747094897, "selection_16": 0, "shapley_value_17": 0.1767236108075806, "selection_17": 0, "shapley_value_18": 0.25185189674297964, "selection_18": 1, "shapley_value_19": 0.1708383955383858, "selection_19": 0, "shapley_value_20": 0.21694152551889417, "selection_20": 0, "shapley_value_21": 0.197574958384037, "selection_21": 0, "shapley_value_22": 0.1829714286327362, "selection_22": 0, "shapley_value_23": 0.1946923939083752, "selection_23": 0, "shapley_value_24": 0.17745860733832536, "selection_24": 0, "shapley_value_25": 0.10799478039537605, "selection_25": 0, "shapley_value_26": 0.2201398197412491, "selection_26": 0, "shapley_value_27": 0.16543442328770958, "selection_27": 0, "shapley_value_28": 0.16467636472649044, "selection_28": 0, "shapley_value_29": 0.20031962996721267, "selection_29": 0, "shapley_value_30": 0.15497462090518743, "selection_30": 0, "shapley_value_31": 0.19994788187742232, "selection_31": 0, "shapley_value_32": 0.18342505974601014, "selection_32": 0, "shapley_value_33": 0.24712611854076386, "selection_33": 0, "shapley_value_34": 0.2036913604140282, "selection_34": 0, "shapley_value_35": 0.2277748536250808, "selection_35": 0, "shapley_value_36": 0.19664867641528447, "selection_36": 0, "shapley_value_37": 0.20053251357141294, "selection_37": 0, "shapley_value_38": 0.2213015426559882, "selection_38": 0, "shapley_value_39": 0.14962174281739352, "selection_39": 0, "shapley_value_40": 0.2122289330661297, "selection_40": 0, "shapley_value_41": 0.20326916515827173, "selection_41": 0, "shapley_value_42": 0.1834449752304289, "selection_42": 0, "shapley_value_43": 0.19869940167665484, "selection_43": 0, "shapley_value_44": 0.20705582651495935, "selection_44": 0, "shapley_value_45": 0.1825129330158234, "selection_45": 0, "shapley_value_46": 0.15907380074262617, "selection_46": 0, "shapley_value_47": 0.24344472462480715, "selection_47": 0, "shapley_value_48": 0.20038943138718607, "selection_48": 0, "shapley_value_49": 0.21156275421381002, "selection_49": 0, "shapley_value_50": 0.21422708061337475, "selection_50": 0, "shapley_value_51": 0.2178495007211512, "selection_51": 1, "shapley_value_52": 0.22425296501679856, "selection_52": 1, "shapley_value_53": 0.20804017351332466, "selection_53": 0, "shapley_value_54": 0.2441968475417657, "selection_54": 0, "shapley_value_55": 0.20603872060775755, "selection_55": 0, "shapley_value_56": 0.20961529418192013, "selection_56": 0, "shapley_value_57": 0.20331693476438523, "selection_57": 0, "shapley_value_58": 0.17944131844573552, "selection_58": 0, "shapley_value_59": 0.1904690670669079, "selection_59": 1, "shapley_value_60": 0.189838560461998, "selection_60": 0, "shapley_value_61": 0.22514589404517957, "selection_61": 0, "shapley_value_62": 0.17430190245484747, "selection_62": 0, "shapley_value_63": 0.15861711445781917, "selection_63": 0, "shapley_value_64": 0.26922667014102136, "selection_64": 0, "shapley_value_65": 0.20831910404562945, "selection_65": 0, "shapley_value_66": 0.214655057579279, "selection_66": 0, "shapley_value_67": 0.1763223132159975, "selection_67": 0, "shapley_value_68": 0.22014390119097452, "selection_68": 1, "shapley_value_69": 0.178060193989012, "selection_69": 0, "shapley_value_70": 0.20990284949541088, "selection_70": 0, "shapley_value_71": 0.21831877564842053, "selection_71": 1, "shapley_value_72": 0.20199462229013446, "selection_72": 0, "shapley_value_73": 0.23464282073757864, "selection_73": 0, "shapley_value_74": 0.13944762784987688, "selection_74": 0, "shapley_value_75": 0.18157343679004245, "selection_75": 0, "shapley_value_76": 0.2237382989579981, "selection_76": 0, "shapley_value_77": 0.20815295842289921, "selection_77": 0, "shapley_value_78": 0.21557572010159493, "selection_78": 0, "shapley_value_79": 0.1896770352423191, "selection_79": 0, "shapley_value_80": 0.25145804139700806, "selection_80": 0, "shapley_value_81": 0.25933457558353745, "selection_81": 0, "shapley_value_82": 0.22771561511538244, "selection_82": 0, "shapley_value_83": 0.20331158348917958, "selection_83": 0, "shapley_value_84": 0.20429768198728565, "selection_84": 0, "shapley_value_85": 0.24482002428986815, "selection_85": 0, "shapley_value_86": 0.20772153198719026, "selection_86": 0, "shapley_value_87": 0.15676566508081222, "selection_87": 0, "shapley_value_88": 0.24492278686978605, "selection_88": 0, "shapley_value_89": 0.1974599719941616, "selection_89": 0, "shapley_value_90": 0.22152217867699536, "selection_90": 0, "shapley_value_91": 0.2658776091287533, "selection_91": 0, "shapley_value_92": 0.23740915837613016, "selection_92": 0, "shapley_value_93": 0.19137438201904294, "selection_93": 0, "shapley_value_94": 0.1812940137888256, "selection_94": 1, "shapley_value_95": 0.2093305513858795, "selection_95": 0, "shapley_value_96": 0.21954118013381957, "selection_96": 0, "shapley_value_97": 0.19469338786602014, "selection_97": 0, "shapley_value_98": 0.24728875658728858, "selection_98": 0, "shapley_value_99": 0.19771393716335298, "selection_99": 0, "_timestamp": 1687861114.211624, "_runtime": 926.5850958824158, "_step": 99, "_wandb": {"runtime": 925}}