{"accuracy": 0.10439999401569366, "val_loss": 3.470289945602417, "test_loss": 3.4741063117980957, "shapley_value_0": 3.2654651666388794, "selection_0": 0, "shapley_value_1": 1.6010568723792122, "selection_1": 0, "shapley_value_2": -0.16410438219706247, "selection_2": 0, "shapley_value_3": 0, "selection_3": 0, "shapley_value_4": 1.4065814106552688, "selection_4": 0, "shapley_value_5": 1.0600134191058932, "selection_5": 0, "shapley_value_6": -6.829646905263266, "selection_6": 0, "shapley_value_7": 1.9157806060932303, "selection_7": 0, "shapley_value_8": 2.5156579401757977, "selection_8": 0, "shapley_value_9": 0, "selection_9": 0, "shapley_value_10": -5.607693592707317, "selection_10": 0, "shapley_value_11": 2.49903530636053, "selection_11": 0, "shapley_value_12": 0, "selection_12": 0, "shapley_value_13": 0.5064444674385923, "selection_13": 0, "shapley_value_14": 1.7808019630610945, "selection_14": 0, "shapley_value_15": -1.0876230895519257, "selection_15": 0, "shapley_value_16": 0, "selection_16": 0, "shapley_value_17": 2.7739455346018076, "selection_17": 0, "shapley_value_18": 1.5945709453688721, "selection_18": 0, "shapley_value_19": -1.6983654101689645, "selection_19": 0, "shapley_value_20": -2.0240646799405404, "selection_20": 0, "shapley_value_21": 2.0265585424607258, "selection_21": 0, "shapley_value_22": 1.936769171997353, "selection_22": 0, "shapley_value_23": 0, "selection_23": 0, "shapley_value_24": 0, "selection_24": 0, "shapley_value_25": -4.122597813606262, "selection_25": 0, "shapley_value_26": -4.449911872545879, "selection_26": 0, "shapley_value_27": 1.8279321566224098, "selection_27": 0, "shapley_value_28": 1.9760378532939484, "selection_28": 1, "shapley_value_29": 2.0955262581507377, "selection_29": 0, "shapley_value_30": 4.735847698876177, "selection_30": 1, "shapley_value_31": 4.46236705023145, "selection_31": 1, "shapley_value_32": 0, "selection_32": 0, "shapley_value_33": 2.369197490811348, "selection_33": 0, "shapley_value_34": 2.7600163373682234, "selection_34": 0, "shapley_value_35": 0.8351050068934756, "selection_35": 0, "shapley_value_36": -4.937888602415718, "selection_36": 0, "shapley_value_37": 0, "selection_37": 0, "shapley_value_38": 1.531959434350332, "selection_38": 1, "shapley_value_39": 5.048749168713887, "selection_39": 1, "shapley_value_40": -0.7593174378077183, "selection_40": 0, "shapley_value_41": 0, "selection_41": 0, "shapley_value_42": 1.8308014415559322, "selection_42": 0, "shapley_value_43": -1.859934389591217, "selection_43": 0, "shapley_value_44": 0, "selection_44": 0, "shapley_value_45": -0.10253783067067435, "selection_45": 0, "shapley_value_46": -2.7636657357215864, "selection_46": 0, "shapley_value_47": 0, "selection_47": 0, "shapley_value_48": 0.014847812553247186, "selection_48": 0, "shapley_value_49": 3.8040719021548015, "selection_49": 0, "_timestamp": 1688386223.038768, "_runtime": 108.61682510375977, "_step": 99, "_wandb": {"runtime": 106}}