{"loss": 2.3117406368255615, "accuracy": 0.12099999934434891, "average_active_clients": 10.0, "client_values_0": 0.009999999776482582, "client_values_1": 0.009999999776482582, "client_values_2": 0.009999999776482582, "client_values_3": 0.009999999776482582, "client_values_4": 0.009999999776482582, "client_values_5": 0.009999999776482582, "client_values_6": 0.2674150764942169, "client_values_7": 0.009999999776482582, "client_values_8": 0.009999999776482582, "client_values_9": 0.07128830999135971, "client_values_10": 0.009999999776482582, "client_values_11": 0.009999999776482582, "client_values_12": 0.009999999776482582, "client_values_13": 0.06761615723371506, "client_values_14": -0.09041881561279297, "client_values_15": 0.009999999776482582, "client_values_16": 0.009999999776482582, "client_values_17": 0.009999999776482582, "client_values_18": 0.009999999776482582, "client_values_19": 0.009999999776482582, "client_values_20": 0.03346732631325722, "client_values_21": 0.009999999776482582, "client_values_22": -0.08432196825742722, "client_values_23": -0.002620532177388668, "client_values_24": 0.009999999776482582, "client_values_25": 0.009999999776482582, "client_values_26": 0.009999999776482582, "client_values_27": 0.009999999776482582, "client_values_28": -0.03736984357237816, "client_values_29": 0.009999999776482582, "client_values_30": 0.009999999776482582, "client_values_31": 0.009999999776482582, "client_values_32": 0.009999999776482582, "client_values_33": 0.009999999776482582, "client_values_34": 0.009999999776482582, "client_values_35": 0.009999999776482582, "client_values_36": 0.10591364651918411, "client_values_37": -0.24783176183700562, "client_values_38": 0.009999999776482582, "client_values_39": -0.1711946725845337, "client_values_40": 0.009999999776482582, "client_values_41": 0.009999999776482582, "client_values_42": -0.002313847653567791, "client_values_43": 0.009999999776482582, "client_values_44": 0.09263847023248672, "client_values_45": 0.009999999776482582, "client_values_46": 0.009999999776482582, "client_values_47": 0.1473904550075531, "client_values_48": 0.009999999776482582, "client_values_49": -0.033118173480033875, "client_values_50": -0.09913795441389084, "client_values_51": 0.009999999776482582, "client_values_52": 0.009999999776482582, "client_values_53": 0.009999999776482582, "client_values_54": 0.009999999776482582, "client_values_55": 0.009999999776482582, "client_values_56": 0.009999999776482582, "client_values_57": 0.009999999776482582, "client_values_58": -0.17886978387832642, "client_values_59": 0.009999999776482582, "client_values_60": 0.07368120551109314, "client_values_61": -0.09137081354856491, "client_values_62": 0.009999999776482582, "client_values_63": 0.009999999776482582, "client_values_64": 0.08900090306997299, "client_values_65": 0.009999999776482582, "client_values_66": 0.009999999776482582, "client_values_67": -0.052806075662374496, "client_values_68": 0.003193127689883113, "client_values_69": 0.32012274861335754, "client_values_70": 0.009999999776482582, "client_values_71": 0.009999999776482582, "client_values_72": 0.009999999776482582, "client_values_73": 0.009999999776482582, "client_values_74": 0.15309670567512512, "client_values_75": -0.013417537324130535, "client_values_76": 0.009999999776482582, "client_values_77": 0.06487847119569778, "client_values_78": 0.009999999776482582, "client_values_79": -0.006237025372684002, "client_values_80": 0.009999999776482582, "client_values_81": 0.009999999776482582, "client_values_82": -0.01750391349196434, "client_values_83": 0.009999999776482582, "client_values_84": 0.009999999776482582, "client_values_85": 0.009999999776482582, "client_values_86": 0.009999999776482582, "client_values_87": 0.009999999776482582, "client_values_88": -0.04506569728255272, "client_values_89": 0.009999999776482582, "client_values_90": -0.17583882808685303, "client_values_91": 0.009999999776482582, "client_values_92": 0.009999999776482582, "client_values_93": -0.1541333943605423, "client_values_94": 0.009999999776482582, "client_values_95": 0.13621404767036438, "client_values_96": 0.009999999776482582, "client_values_97": -0.18029016256332397, "client_values_98": -0.470636248588562, "client_values_99": 0.009999999776482582, "_timestamp": 1687351980.9319327, "_runtime": 642.8285067081451, "_step": 3}