{"loss": 2.1444950103759766, "accuracy": 0.21240000426769257, "average_active_clients": 10.0, "client_values_0": -0.007646230515092611, "client_values_1": 0.16607926785945892, "client_values_2": -0.03375029191374779, "client_values_3": -0.050158288329839706, "client_values_4": -0.3549191355705261, "client_values_5": 0.004150097258388996, "client_values_6": 0.37017881870269775, "client_values_7": -0.16162581741809845, "client_values_8": 0.0663815289735794, "client_values_9": -0.1195463091135025, "client_values_10": 0.10535400360822678, "client_values_11": 0.029628660529851913, "client_values_12": -0.12364473193883896, "client_values_13": -0.16018401086330414, "client_values_14": -0.3202633857727051, "client_values_15": -0.04490288347005844, "client_values_16": 0.14172056317329407, "client_values_17": -0.23557990789413452, "client_values_18": -0.045874617993831635, "client_values_19": 0.009999999776482582, "client_values_20": 0.14079728722572327, "client_values_21": 0.021248891949653625, "client_values_22": -0.08432196825742722, "client_values_23": 0.14008940756320953, "client_values_24": -0.06063120439648628, "client_values_25": -0.06723909825086594, "client_values_26": 0.009999999776482582, "client_values_27": 0.009999999776482582, "client_values_28": -0.034438468515872955, "client_values_29": 0.15782228112220764, "client_values_30": -0.12426929175853729, "client_values_31": 0.0015282891690731049, "client_values_32": -0.16189149022102356, "client_values_33": -0.21597221493721008, "client_values_34": -0.24493925273418427, "client_values_35": -0.15297408401966095, "client_values_36": 0.08264502882957458, "client_values_37": -0.3100339472293854, "client_values_38": 0.009999999776482582, "client_values_39": -0.1820204257965088, "client_values_40": 0.10780631005764008, "client_values_41": 0.24885685741901398, "client_values_42": 0.20591729879379272, "client_values_43": 0.07170537114143372, "client_values_44": 0.13946694135665894, "client_values_45": -0.09719358384609222, "client_values_46": -0.04511238634586334, "client_values_47": 0.17491009831428528, "client_values_48": 0.10783684253692627, "client_values_49": 0.00848638266324997, "client_values_50": -0.057722773402929306, "client_values_51": -0.021710094064474106, "client_values_52": 0.20956094563007355, "client_values_53": 0.07286692410707474, "client_values_54": 0.009999999776482582, "client_values_55": 0.21437187492847443, "client_values_56": 0.11566270887851715, "client_values_57": 0.11641743779182434, "client_values_58": -0.1570506989955902, "client_values_59": -0.36026448011398315, "client_values_60": 0.07368120551109314, "client_values_61": 0.02101968601346016, "client_values_62": -0.1912834644317627, "client_values_63": 0.009999999776482582, "client_values_64": 0.022956380620598793, "client_values_65": -0.6295493245124817, "client_values_66": 0.18061994016170502, "client_values_67": -0.15016713738441467, "client_values_68": 0.11958396434783936, "client_values_69": 0.2974327802658081, "client_values_70": -0.03860359638929367, "client_values_71": -0.00973127968609333, "client_values_72": 0.1941457986831665, "client_values_73": -0.10968007147312164, "client_values_74": 0.013483304530382156, "client_values_75": -0.013417537324130535, "client_values_76": -0.09009700268507004, "client_values_77": 0.37687933444976807, "client_values_78": 0.058541737496852875, "client_values_79": 0.15740832686424255, "client_values_80": -0.7060657739639282, "client_values_81": -0.36228811740875244, "client_values_82": -0.08489151298999786, "client_values_83": -0.017423860728740692, "client_values_84": 0.009999999776482582, "client_values_85": -0.8810010552406311, "client_values_86": -0.22277873754501343, "client_values_87": -0.6996399760246277, "client_values_88": 0.20881089568138123, "client_values_89": 0.3198297619819641, "client_values_90": -0.17583882808685303, "client_values_91": 0.2431086301803589, "client_values_92": -0.15792977809906006, "client_values_93": -0.15339353680610657, "client_values_94": -0.37799325585365295, "client_values_95": 0.17604869604110718, "client_values_96": -0.40553808212280273, "client_values_97": -0.4196370840072632, "client_values_98": -0.6355769634246826, "client_values_99": -0.04754393920302391, "_timestamp": 1687357945.9259617, "_runtime": 6607.82253575325, "_step": 23}