{"accuracy": 0.14219999313354492, "val_loss": 4.275793552398682, "test_loss": 4.336871147155762, "_timestamp": 1688407486.1688352, "_runtime": 142.57664608955383, "_step": 99, "_wandb": {"runtime": 141}}