{"accuracy": 0.10279999673366547, "val_loss": 2.4551315307617188, "test_loss": 2.4543778896331787, "_timestamp": 1688411416.974173, "_runtime": 143.05753707885742, "_step": 99, "_wandb": {"runtime": 141}}