{"accuracy": 0.8559234738349915, "val_loss": 0.4737051725387573, "test_loss": 0.47335416078567505, "shapley_value_0": -0.9736271762486659, "selection_0": 0, "shapley_value_1": -1.62141373505195, "selection_1": 0, "shapley_value_2": -1.288019055669958, "selection_2": 0, "shapley_value_3": -1.2519953250885005, "selection_3": 0, "shapley_value_4": -1.4753381883104637, "selection_4": 0, "shapley_value_5": -1.4341250591807893, "selection_5": 0, "shapley_value_6": -1.5296056469281514, "selection_6": 0, "shapley_value_7": -1.2955988085631167, "selection_7": 0, "shapley_value_8": -1.357265035311381, "selection_8": 0, "shapley_value_9": -1.165137374039852, "selection_9": 0, "shapley_value_10": -1.3650507587525578, "selection_10": 0, "shapley_value_11": -1.2853026403321157, "selection_11": 0, "shapley_value_12": -1.1935335437456767, "selection_12": 0, "shapley_value_13": -1.4856760332981747, "selection_13": 0, "shapley_value_14": -1.2655072182416918, "selection_14": 0, "shapley_value_15": -1.323393526531401, "selection_15": 0, "shapley_value_16": -1.2537575885653491, "selection_16": 0, "shapley_value_17": -1.5591843801516074, "selection_17": 0, "shapley_value_18": -1.5255547137487504, "selection_18": 0, "shapley_value_19": -1.4627112568843932, "selection_19": 0, "shapley_value_20": -1.2657124598821003, "selection_20": 0, "shapley_value_21": -1.0016544775830372, "selection_21": 0, "shapley_value_22": -1.2688793738683066, "selection_22": 1, "shapley_value_23": -1.0960405781155542, "selection_23": 0, "shapley_value_24": -1.4865825143125324, "selection_24": 0, "shapley_value_25": -1.3338086781678378, "selection_25": 0, "shapley_value_26": -1.4625056614478429, "selection_26": 1, "shapley_value_27": -1.063454660276572, "selection_27": 0, "shapley_value_28": -1.1336697023926356, "selection_28": 0, "shapley_value_29": -1.1409649488826594, "selection_29": 0, "shapley_value_30": -1.4367937858288105, "selection_30": 1, "shapley_value_31": -1.2381274898846946, "selection_31": 0, "shapley_value_32": -1.2435183868263708, "selection_32": 0, "shapley_value_33": -1.3285299825171628, "selection_33": 0, "shapley_value_34": -1.276749278108279, "selection_34": 0, "shapley_value_35": -1.153225616330192, "selection_35": 0, "shapley_value_36": -1.523800893790192, "selection_36": 0, "shapley_value_37": -1.2723836362361904, "selection_37": 0, "shapley_value_38": -1.372262187798818, "selection_38": 1, "shapley_value_39": -1.5484605188722964, "selection_39": 0, "_timestamp": 1687972570.976467, "_runtime": 80.44892287254333, "_step": 99, "_wandb": {"runtime": 78}}