{"accuracy": 0.9383999705314636, "val_loss": 0.2337997853755951, "test_loss": 0.21082209050655365, "shapley_value_0": 0.16391893300414087, "selection_0": 1, "shapley_value_1": 0.16584937950968742, "selection_1": 0, "shapley_value_2": 0.18776145011186599, "selection_2": 0, "shapley_value_3": 0.18182985353469844, "selection_3": 0, "shapley_value_4": 0.19348257517814632, "selection_4": 0, "shapley_value_5": 0.21871187695860864, "selection_5": 0, "shapley_value_6": 0.1669770693182945, "selection_6": 0, "shapley_value_7": 0.22393249055743217, "selection_7": 0, "shapley_value_8": 0.22090754562616347, "selection_8": 0, "shapley_value_9": 0.14372198479426532, "selection_9": 1, "shapley_value_10": 0.17720586076378822, "selection_10": 0, "shapley_value_11": 0.20392931890487676, "selection_11": 0, "shapley_value_12": 0.263491516917944, "selection_12": 0, "shapley_value_13": 0.20463606563210485, "selection_13": 0, "shapley_value_14": 0.18454894521832468, "selection_14": 0, "shapley_value_15": 0.19095224416255946, "selection_15": 0, "shapley_value_16": 0.17497057995200155, "selection_16": 0, "shapley_value_17": 0.1667281235974086, "selection_17": 0, "shapley_value_18": 0.2272699375748634, "selection_18": 0, "shapley_value_19": 0.2070916024446487, "selection_19": 0, "shapley_value_20": 0.1912782307863235, "selection_20": 0, "shapley_value_21": 0.18773036536574358, "selection_21": 0, "shapley_value_22": 0.24567191219329834, "selection_22": 0, "shapley_value_23": 0.16421883755922317, "selection_23": 0, "shapley_value_24": 0.17613577100634575, "selection_24": 0, "shapley_value_25": 0.2214958781898022, "selection_25": 0, "shapley_value_26": 0.1949355482459068, "selection_26": 0, "shapley_value_27": 0.16084016621112823, "selection_27": 0, "shapley_value_28": 0.164809184949649, "selection_28": 1, "shapley_value_29": 0.20046738487482077, "selection_29": 0, "shapley_value_30": 0.1818231714963913, "selection_30": 0, "shapley_value_31": 0.20405726709961888, "selection_31": 0, "shapley_value_32": 0.16291189000010492, "selection_32": 1, "shapley_value_33": 0.1909144510626793, "selection_33": 0, "shapley_value_34": 0.18664839312434195, "selection_34": 0, "shapley_value_35": 0.22941523084044455, "selection_35": 0, "shapley_value_36": 0.2530678068697452, "selection_36": 0, "shapley_value_37": 0.20916681444644927, "selection_37": 0, "shapley_value_38": 0.19232155421376226, "selection_38": 0, "shapley_value_39": 0.1744010048806667, "selection_39": 0, "shapley_value_40": 0.17068222922086723, "selection_40": 0, "shapley_value_41": 0.19349076262116433, "selection_41": 0, "shapley_value_42": 0.2319521901905537, "selection_42": 0, "shapley_value_43": 0.1617755282521248, "selection_43": 1, "shapley_value_44": 0.1822011747062206, "selection_44": 0, "shapley_value_45": 0.16603534710407258, "selection_45": 1, "shapley_value_46": 0.22347659668326378, "selection_46": 0, "shapley_value_47": 0.18542081722617149, "selection_47": 0, "shapley_value_48": 0.18131652393937112, "selection_48": 0, "shapley_value_49": 0.20142352572083472, "selection_49": 0, "shapley_value_50": 0.16990800338983533, "selection_50": 1, "shapley_value_51": 0.20284520125389097, "selection_51": 0, "shapley_value_52": 0.2376898439824581, "selection_52": 0, "shapley_value_53": 0.19617444461584088, "selection_53": 0, "shapley_value_54": 0.1809213725924492, "selection_54": 0, "shapley_value_55": 0.19213935786485672, "selection_55": 0, "shapley_value_56": 0.19488579541444778, "selection_56": 0, "shapley_value_57": 0.24442847982048993, "selection_57": 0, "shapley_value_58": 0.19612267008423806, "selection_58": 0, "shapley_value_59": 0.17024467191100123, "selection_59": 1, "shapley_value_60": 0.2523858918124124, "selection_60": 0, "shapley_value_61": 0.14963931602239608, "selection_61": 0, "shapley_value_62": 0.22922317906586748, "selection_62": 0, "shapley_value_63": 0.19508247298002243, "selection_63": 0, "shapley_value_64": 0.1581069797842126, "selection_64": 1, "shapley_value_65": 0.18580011314153672, "selection_65": 0, "shapley_value_66": 0.2035207285284996, "selection_66": 0, "shapley_value_67": 0.24519691425561904, "selection_67": 0, "shapley_value_68": 0.19537110739946364, "selection_68": 0, "shapley_value_69": 0.1868144224882126, "selection_69": 0, "shapley_value_70": 0.1946426992871259, "selection_70": 0, "shapley_value_71": 0.20430180427432063, "selection_71": 0, "shapley_value_72": 0.2621498562991619, "selection_72": 0, "shapley_value_73": 0.13139560657739635, "selection_73": 1, "shapley_value_74": 0.1936443869000987, "selection_74": 0, "shapley_value_75": 0.2250537160933018, "selection_75": 0, "shapley_value_76": 0.2236567465960979, "selection_76": 0, "shapley_value_77": 0.20770764607191086, "selection_77": 0, "shapley_value_78": 0.20123943260312083, "selection_78": 0, "shapley_value_79": 0.2094323267936707, "selection_79": 0, "shapley_value_80": 0.22345387008786202, "selection_80": 0, "shapley_value_81": 0.18981097486615178, "selection_81": 0, "shapley_value_82": 0.2458105761706829, "selection_82": 0, "shapley_value_83": 0.19280238816142084, "selection_83": 0, "shapley_value_84": 0.22583858567476273, "selection_84": 0, "shapley_value_85": 0.19888092678785324, "selection_85": 0, "shapley_value_86": 0.18693046367168425, "selection_86": 0, "shapley_value_87": 0.18597845384478567, "selection_87": 0, "shapley_value_88": 0.20647294411063194, "selection_88": 0, "shapley_value_89": 0.1984263093173504, "selection_89": 0, "shapley_value_90": 0.20727043822407723, "selection_90": 0, "shapley_value_91": 0.2251400368511677, "selection_91": 0, "shapley_value_92": 0.22234996774792673, "selection_92": 0, "shapley_value_93": 0.19612768295564154, "selection_93": 0, "shapley_value_94": 0.171856309235096, "selection_94": 0, "shapley_value_95": 0.20491704741120342, "selection_95": 0, "shapley_value_96": 0.18409931603074073, "selection_96": 0, "shapley_value_97": 0.22327065312862399, "selection_97": 0, "shapley_value_98": 0.2053069477379322, "selection_98": 0, "shapley_value_99": 0.20731325083971025, "selection_99": 0, "_timestamp": 1687917558.641165, "_runtime": 321.74270701408386, "_step": 99, "_wandb": {"runtime": 320}}