{"accuracy": 0.09779999405145645, "val_loss": 6.462639331817627, "test_loss": 6.54551887512207, "shapley_value_0": 2.347729791093756, "selection_0": 0, "shapley_value_1": 2.584138906002044, "selection_1": 0, "shapley_value_2": 1.3703694820404047, "selection_2": 0, "shapley_value_3": 0, "selection_3": 0, "shapley_value_4": -3.5240262018309694, "selection_4": 0, "shapley_value_5": 2.7990726396149284, "selection_5": 0, "shapley_value_6": 0, "selection_6": 0, "shapley_value_7": 3.8560123141606626, "selection_7": 0, "shapley_value_8": 4.383520608146986, "selection_8": 1, "shapley_value_9": 0, "selection_9": 0, "shapley_value_10": -1.0731573237313163, "selection_10": 0, "shapley_value_11": 0, "selection_11": 0, "shapley_value_12": 0.44256309668223004, "selection_12": 0, "shapley_value_13": 0, "selection_13": 0, "shapley_value_14": -0.4921783407529188, "selection_14": 0, "shapley_value_15": 0, "selection_15": 0, "shapley_value_16": 2.8668847296274085, "selection_16": 0, "shapley_value_17": 6.807646615637673, "selection_17": 1, "shapley_value_18": 1.9687677988639238, "selection_18": 0, "shapley_value_19": 0, "selection_19": 0, "shapley_value_20": 0, "selection_20": 0, "shapley_value_21": -4.162628253300987, "selection_21": 0, "shapley_value_22": 0, "selection_22": 0, "shapley_value_23": -3.425724506378172, "selection_23": 0, "shapley_value_24": 0, "selection_24": 0, "shapley_value_25": -1.7665979067484532, "selection_25": 0, "shapley_value_26": -2.2121072610219326, "selection_26": 0, "shapley_value_27": 2.346630997485942, "selection_27": 0, "shapley_value_28": 1.5251271114462905, "selection_28": 0, "shapley_value_29": -2.347710917393366, "selection_29": 0, "shapley_value_30": 1.2206135292847953, "selection_30": 0, "shapley_value_31": 2.2575948345355497, "selection_31": 0, "shapley_value_32": 2.4981727931234556, "selection_32": 0, "shapley_value_33": 4.58762602749325, "selection_33": 0, "shapley_value_34": 0, "selection_34": 0, "shapley_value_35": -2.7717474699020404, "selection_35": 0, "shapley_value_36": 0, "selection_36": 0, "shapley_value_37": 2.2339197240377726, "selection_37": 0, "shapley_value_38": 0.052833346029122596, "selection_38": 0, "shapley_value_39": 3.3137914571497173, "selection_39": 0, "shapley_value_40": 0, "selection_40": 0, "shapley_value_41": 0.7733624850710235, "selection_41": 0, "shapley_value_42": 5.022753706215121, "selection_42": 1, "shapley_value_43": 1.7969054525548769, "selection_43": 0, "shapley_value_44": -0.6276820302009583, "selection_44": 0, "shapley_value_45": 0.762906942102644, "selection_45": 0, "shapley_value_46": 4.808616725711134, "selection_46": 1, "shapley_value_47": 1.2198161113829837, "selection_47": 1, "shapley_value_48": -6.8328750928243025, "selection_48": 0, "shapley_value_49": 1.3974331440749, "selection_49": 0, "_timestamp": 1688386679.379477, "_runtime": 113.75596404075623, "_step": 99, "_wandb": {"runtime": 112}}