{"accuracy": 0.14219999313354492, "val_loss": 4.2763214111328125, "test_loss": 4.3374176025390625, "_timestamp": 1688407189.7728813, "_runtime": 144.82336735725403, "_step": 99, "_wandb": {"runtime": 143}}