{"loss": 0.2549380362033844, "accuracy": 0.9257999658584595, "average_active_clients": 4.0, "_timestamp": 1686668239.3044636, "_runtime": 67.11395573616028, "_step": 399, "_wandb": {"runtime": 65}}