{"accuracy": 0.19039998948574066, "val_loss": 2.4477057456970215, "test_loss": 2.4962782859802246, "_timestamp": 1688402570.156567, "_runtime": 97.90169215202332, "_step": 99, "_wandb": {"runtime": 96}}