{"accuracy": 0.10239999741315842, "val_loss": 4.977092742919922, "test_loss": 5.007837295532227, "shapley_value_0": -1.4510907530784607, "selection_0": 0, "shapley_value_1": 2.588473179510661, "selection_1": 0, "shapley_value_2": 2.676872879266739, "selection_2": 0, "shapley_value_3": -1.969836711883545, "selection_3": 0, "shapley_value_4": -3.5606610377629586, "selection_4": 0, "shapley_value_5": 1.693968914449215, "selection_5": 0, "shapley_value_6": -0.15775084495544434, "selection_6": 0, "shapley_value_7": -1.7646768490473432, "selection_7": 0, "shapley_value_8": 3.6859151442845666, "selection_8": 1, "shapley_value_9": -4.918276627858479, "selection_9": 0, "shapley_value_10": -4.1789569060007725, "selection_10": 0, "shapley_value_11": 0, "selection_11": 0, "shapley_value_12": -0.04130697250366241, "selection_12": 0, "shapley_value_13": 1.1145728485924857, "selection_13": 0, "shapley_value_14": 0.7455104589462289, "selection_14": 0, "shapley_value_15": 1.559950647254785, "selection_15": 0, "shapley_value_16": 2.8412023186683655, "selection_16": 0, "shapley_value_17": 2.2019370043719255, "selection_17": 1, "shapley_value_18": 3.4570527370013884, "selection_18": 0, "shapley_value_19": -1.193174471457799, "selection_19": 0, "shapley_value_20": -1.0237563848495483, "selection_20": 0, "shapley_value_21": 1.6467262109120693, "selection_21": 0, "shapley_value_22": 3.9846360027790055, "selection_22": 1, "shapley_value_23": 0, "selection_23": 0, "shapley_value_24": -5.152803738911945, "selection_24": 0, "shapley_value_25": 0.10634289847480005, "selection_25": 0, "shapley_value_26": -7.794601837793985, "selection_26": 0, "shapley_value_27": 0, "selection_27": 0, "shapley_value_28": 1.9071841908223703, "selection_28": 0, "shapley_value_29": 0, "selection_29": 0, "shapley_value_30": 2.447851596055207, "selection_30": 0, "shapley_value_31": 1.5930435733917432, "selection_31": 0, "shapley_value_32": 2.1448883970578505, "selection_32": 0, "shapley_value_33": 3.4641419588237676, "selection_33": 0, "shapley_value_34": -0.817537546157836, "selection_34": 0, "shapley_value_35": -3.076558828353882, "selection_35": 0, "shapley_value_36": 4.575347529589266, "selection_36": 1, "shapley_value_37": 1.7049710671106977, "selection_37": 0, "shapley_value_38": 0, "selection_38": 0, "shapley_value_39": 3.0184486816669343, "selection_39": 0, "shapley_value_40": 0, "selection_40": 0, "shapley_value_41": 0, "selection_41": 0, "shapley_value_42": 2.1468968321295354, "selection_42": 0, "shapley_value_43": 1.8661154972182372, "selection_43": 0, "shapley_value_44": 1.8909318981071315, "selection_44": 0, "shapley_value_45": -0.5747913916905709, "selection_45": 0, "shapley_value_46": 2.7892393098082606, "selection_46": 1, "shapley_value_47": -3.8869080543518066, "selection_47": 0, "shapley_value_48": -4.1307966510454825, "selection_48": 0, "shapley_value_49": 1.6920201537901884, "selection_49": 0, "_timestamp": 1688385397.9409633, "_runtime": 106.57026720046997, "_step": 99, "_wandb": {"runtime": 105}}