{"accuracy": 0.09719999879598618, "val_loss": 6.1269683837890625, "test_loss": 6.199813365936279, "shapley_value_0": 0, "selection_0": 0, "shapley_value_1": 3.98708053264353, "selection_1": 1, "shapley_value_2": 0, "selection_2": 0, "shapley_value_3": 4.155522061072713, "selection_3": 1, "shapley_value_4": 0, "selection_4": 0, "shapley_value_5": 1.9442579853229036, "selection_5": 0, "shapley_value_6": -1.0403465429941825, "selection_6": 0, "shapley_value_7": -1.3582140604654942, "selection_7": 0, "shapley_value_8": 0, "selection_8": 0, "shapley_value_9": -5.357718865076702, "selection_9": 0, "shapley_value_10": -1.4491685363981464, "selection_10": 0, "shapley_value_11": -2.1567688186963396, "selection_11": 0, "shapley_value_12": -4.371210892995197, "selection_12": 0, "shapley_value_13": 0, "selection_13": 0, "shapley_value_14": -2.801379481951397, "selection_14": 0, "shapley_value_15": 2.360769044359526, "selection_15": 0, "shapley_value_16": -0.39981770515441895, "selection_16": 0, "shapley_value_17": 8.124885449806849, "selection_17": 1, "shapley_value_18": 2.7783224450217348, "selection_18": 0, "shapley_value_19": 0, "selection_19": 0, "shapley_value_20": 1.6908269107341762, "selection_20": 0, "shapley_value_21": 6.201637461520079, "selection_21": 1, "shapley_value_22": 1.7924846460421886, "selection_22": 0, "shapley_value_23": -3.007473190625507, "selection_23": 0, "shapley_value_24": -6.6943277319272365, "selection_24": 0, "shapley_value_25": 0, "selection_25": 0, "shapley_value_26": -9.782261610031128, "selection_26": 0, "shapley_value_27": 0, "selection_27": 0, "shapley_value_28": 0, "selection_28": 0, "shapley_value_29": -3.7558035651842765, "selection_29": 0, "shapley_value_30": 0, "selection_30": 0, "shapley_value_31": -2.212426669067806, "selection_31": 0, "shapley_value_32": 0, "selection_32": 0, "shapley_value_33": 4.0441287821322165, "selection_33": 0, "shapley_value_34": 1.7585914929707842, "selection_34": 0, "shapley_value_35": 0, "selection_35": 0, "shapley_value_36": 0, "selection_36": 0, "shapley_value_37": 1.074802215894063, "selection_37": 0, "shapley_value_38": 0.7315163756861828, "selection_38": 0, "shapley_value_39": 3.5928778983652587, "selection_39": 1, "shapley_value_40": 0.18046700954437345, "selection_40": 0, "shapley_value_41": -1.2171601454416887, "selection_41": 0, "shapley_value_42": 4.020074176220669, "selection_42": 0, "shapley_value_43": 2.3417812883853912, "selection_43": 0, "shapley_value_44": 1.285814176003139, "selection_44": 0, "shapley_value_45": 0.7280015548070278, "selection_45": 0, "shapley_value_46": 3.5188887255643717, "selection_46": 0, "shapley_value_47": 0, "selection_47": 0, "shapley_value_48": -7.157429575920105, "selection_48": 0, "shapley_value_49": 1.3410732209682465, "selection_49": 0, "_timestamp": 1688392850.5228553, "_runtime": 118.72582030296326, "_step": 99, "_wandb": {"runtime": 117}}