{"loss": 0.2520240843296051, "accuracy": 0.9273999929428101, "average_active_clients": 2.0, "client_values_0": -0.1315598040819168, "client_values_1": -0.12059988081455231, "client_values_2": -0.0697326734662056, "client_values_3": -0.1435176134109497, "client_values_4": -0.07994729280471802, "client_values_5": -0.1680225431919098, "client_values_6": -0.10205325484275818, "client_values_7": -0.12029265612363815, "client_values_8": -0.08793125301599503, "client_values_9": -0.13452857732772827, "client_values_10": 0.11758573353290558, "client_values_11": 0.05883960425853729, "client_values_12": 0.18156306445598602, "client_values_13": 0.13185110688209534, "client_values_14": 0.09388303011655807, "client_values_15": 0.21018940210342407, "client_values_16": 0.17980334162712097, "client_values_17": 0.11341378092765808, "client_values_18": 0.11634111404418945, "client_values_19": 0.1204756498336792, "_timestamp": 1687181108.2947452, "_runtime": 237.2451982498169, "_step": 99, "_wandb": {"runtime": 235}}