{"accuracy": 0.0965999960899353, "val_loss": 4.684784412384033, "test_loss": 4.725362777709961, "shapley_value_0": 2.474407413176128, "selection_0": 0, "shapley_value_1": 0, "selection_1": 0, "shapley_value_2": 1.7395124741089651, "selection_2": 0, "shapley_value_3": 3.9438513999367935, "selection_3": 0, "shapley_value_4": -0.88256553808848, "selection_4": 0, "shapley_value_5": 2.58537814446858, "selection_5": 1, "shapley_value_6": -0.44025123119354337, "selection_6": 0, "shapley_value_7": 1.168699463208516, "selection_7": 0, "shapley_value_8": 0, "selection_8": 0, "shapley_value_9": -2.552742073933284, "selection_9": 0, "shapley_value_10": 1.3663000563780467, "selection_10": 0, "shapley_value_11": 5.605740547180177, "selection_11": 0, "shapley_value_12": 0, "selection_12": 0, "shapley_value_13": 3.2346019366430854, "selection_13": 1, "shapley_value_14": -5.636110713084539, "selection_14": 0, "shapley_value_15": 0, "selection_15": 0, "shapley_value_16": 0, "selection_16": 0, "shapley_value_17": 0, "selection_17": 0, "shapley_value_18": -0.22101793686548898, "selection_18": 0, "shapley_value_19": -7.122793674468992, "selection_19": 0, "shapley_value_20": -2.532365282376607, "selection_20": 0, "shapley_value_21": 0, "selection_21": 0, "shapley_value_22": 4.839546283086141, "selection_22": 0, "shapley_value_23": -0.9391907453536987, "selection_23": 0, "shapley_value_24": 0, "selection_24": 0, "shapley_value_25": -1.357909977436064, "selection_25": 0, "shapley_value_26": -4.362844824790955, "selection_26": 0, "shapley_value_27": 1.6381394492857388, "selection_27": 0, "shapley_value_28": 0.9417241754985991, "selection_28": 1, "shapley_value_29": 0.5104463770985601, "selection_29": 0, "shapley_value_30": 1.7079886868596075, "selection_30": 0, "shapley_value_31": 0, "selection_31": 0, "shapley_value_32": 2.5496128603264143, "selection_32": 0, "shapley_value_33": 4.0474458956250965, "selection_33": 1, "shapley_value_34": 0.818539445047025, "selection_34": 0, "shapley_value_35": 0.537320339679718, "selection_35": 0, "shapley_value_36": 4.153299136438231, "selection_36": 0, "shapley_value_37": -3.448104461034138, "selection_37": 0, "shapley_value_38": 1.7000562747319534, "selection_38": 0, "shapley_value_39": 2.1556288410746864, "selection_39": 0, "shapley_value_40": -2.4244888822237662, "selection_40": 0, "shapley_value_41": 2.493924101193745, "selection_41": 0, "shapley_value_42": 4.781240475508899, "selection_42": 0, "shapley_value_43": 0, "selection_43": 0, "shapley_value_44": 2.6073065428506768, "selection_44": 0, "shapley_value_45": 0.597363193829854, "selection_45": 0, "shapley_value_46": 4.540973221000874, "selection_46": 1, "shapley_value_47": 1.6362423135174649, "selection_47": 0, "shapley_value_48": 0, "selection_48": 0, "shapley_value_49": 0, "selection_49": 0, "_timestamp": 1688392605.0738356, "_runtime": 115.59942150115967, "_step": 99, "_wandb": {"runtime": 114}}