{"accuracy": 0.7395885586738586, "val_loss": 1.3415502309799194, "test_loss": 1.3413289785385132, "_timestamp": 1687989483.3070612, "_runtime": 93.83949327468872, "_step": 99, "_wandb": {"runtime": 92}}