{"accuracy": 0.8106098771095276, "val_loss": 0.573024570941925, "test_loss": 0.576923668384552, "shapley_value_0": -1.3468165828122032, "selection_0": 0, "shapley_value_1": -1.3242474496364594, "selection_1": 0, "shapley_value_2": -1.333285427560993, "selection_2": 1, "shapley_value_3": -1.3177603743970396, "selection_3": 0, "shapley_value_4": -1.3351052855000354, "selection_4": 0, "shapley_value_5": -1.3172645354882262, "selection_5": 0, "shapley_value_6": -1.3319622750083604, "selection_6": 0, "shapley_value_7": -1.3306674531527931, "selection_7": 0, "shapley_value_8": -1.332468611853463, "selection_8": 0, "shapley_value_9": -1.3276466115927088, "selection_9": 0, "shapley_value_10": -1.3278177711698744, "selection_10": 0, "shapley_value_11": -1.3405338426431022, "selection_11": 0, "shapley_value_12": -1.3375197109721957, "selection_12": 0, "shapley_value_13": -1.3456614547305636, "selection_13": 0, "shapley_value_14": -1.3694530990388658, "selection_14": 0, "shapley_value_15": -1.3676404039065042, "selection_15": 1, "shapley_value_16": -1.336569768687089, "selection_16": 0, "shapley_value_17": -1.3331119219462073, "selection_17": 0, "shapley_value_18": -1.3691655227116175, "selection_18": 0, "shapley_value_19": -1.3478330327914312, "selection_19": 1, "shapley_value_20": -1.3295654036380626, "selection_20": 0, "shapley_value_21": -1.3557118546395073, "selection_21": 0, "shapley_value_22": -1.3764607881506286, "selection_22": 0, "shapley_value_23": -1.320011143500988, "selection_23": 0, "shapley_value_24": -1.3622571740831646, "selection_24": 0, "shapley_value_25": -1.391798504761287, "selection_25": 0, "shapley_value_26": -1.362530327978588, "selection_26": 0, "shapley_value_27": -1.3204286848053786, "selection_27": 1, "shapley_value_28": -1.364016898473104, "selection_28": 0, "shapley_value_29": -1.3928917944431305, "selection_29": 0, "shapley_value_30": -1.3810423096021016, "selection_30": 0, "shapley_value_31": -1.3753729434240436, "selection_31": 0, "shapley_value_32": -1.3275169488929566, "selection_32": 0, "shapley_value_33": -1.3688926242646713, "selection_33": 0, "shapley_value_34": -1.3657331625620521, "selection_34": 0, "shapley_value_35": -1.4183771451314289, "selection_35": 0, "shapley_value_36": -1.4599136561155324, "selection_36": 0, "shapley_value_37": -1.3505664401584203, "selection_37": 0, "shapley_value_38": -1.3993102312088013, "selection_38": 0, "shapley_value_39": -1.3449474175771077, "selection_39": 0, "_timestamp": 1687970389.9794385, "_runtime": 82.721524477005, "_step": 99, "_wandb": {"runtime": 82}}