{"loss": 0.42360633611679077, "accuracy": 0.8809999823570251, "average_active_clients": 10.0, "_timestamp": 1686666161.1138444, "_runtime": 22.01729440689087, "_step": 278, "_wandb": {"runtime": 20}}