{"accuracy": 0.13819999992847443, "val_loss": 4.608808517456055, "test_loss": 4.67647123336792, "_timestamp": 1688404794.1074946, "_runtime": 143.79150462150574, "_step": 99, "_wandb": {"runtime": 142}}