{"loss": 0.3755362331867218, "accuracy": 0.8944000005722046, "average_active_clients": 2.0, "_timestamp": 1686832968.7414122, "_runtime": 19.616199254989624, "_step": 399, "_wandb": {"runtime": 18}}