{"loss": 0.31185877323150635, "accuracy": 0.9121999740600586, "average_active_clients": 2.0, "client_values_0": -0.009980063885450363, "client_values_1": -0.03792176395654678, "client_values_2": -0.014850502833724022, "client_values_3": -0.028737366199493408, "client_values_4": 0.002607028465718031, "client_values_5": -0.03809879720211029, "client_values_6": 0.004414633847773075, "client_values_7": 0.00016888824757188559, "client_values_8": -0.03222629800438881, "client_values_9": -0.010028457269072533, "client_values_10": -0.012919193133711815, "client_values_11": -0.03776472806930542, "client_values_12": -0.035303279757499695, "client_values_13": -0.034552354365587234, "client_values_14": -0.01988070271909237, "client_values_15": 0.09682893753051758, "client_values_16": 0.08331577479839325, "client_values_17": 0.09717467427253723, "client_values_18": 0.08861440420150757, "client_values_19": 0.10605494678020477, "_timestamp": 1687264754.3630846, "_runtime": 90.01794147491455, "_step": 99, "_wandb": {"runtime": 88}}