{"accuracy": 0.3095412850379944, "val_loss": 2.2164297103881836, "test_loss": 2.224090814590454, "shapley_value_0": 0.08297657489776611, "selection_0": 0, "shapley_value_1": -0.034135642804597556, "selection_1": 0, "shapley_value_2": 0.0256042663867657, "selection_2": 0, "shapley_value_3": -0.011690729542782432, "selection_3": 0, "shapley_value_4": 0.025598228772481288, "selection_4": 0, "shapley_value_5": 0.0402263220366057, "selection_5": 0, "shapley_value_6": 0.019449546337127685, "selection_6": 0, "shapley_value_7": -0.019996325216795268, "selection_7": 0, "shapley_value_8": 0.12188958514820446, "selection_8": 0, "shapley_value_9": 0.04767345554974614, "selection_9": 0, "shapley_value_10": 0.02943256404664782, "selection_10": 0, "shapley_value_11": 0.06336730788151423, "selection_11": 0, "shapley_value_12": 0.48200740104743434, "selection_12": 1, "shapley_value_13": 0.06229804465489358, "selection_13": 0, "shapley_value_14": 0.03771943057125265, "selection_14": 0, "shapley_value_15": 0.04487300395965576, "selection_15": 0, "shapley_value_16": 0.03283444722493489, "selection_16": 0, "shapley_value_17": 0.04988166888554891, "selection_17": 0, "shapley_value_18": 0.15945324030789462, "selection_18": 0, "shapley_value_19": 0.48048615028499647, "selection_19": 1, "_timestamp": 1687857364.875903, "_runtime": 121.48797583580017, "_step": 99, "_wandb": {"runtime": 120}}