{"accuracy": 0.10239999741315842, "val_loss": 3.5646812915802, "test_loss": 3.577305793762207, "_timestamp": 1688400740.952332, "_runtime": 98.33985090255737, "_step": 99, "_wandb": {"runtime": 96}}