{"accuracy": 0.921999990940094, "val_loss": 0.2969406843185425, "test_loss": 0.2616160213947296, "shapley_value_0": 0.0015944290161132818, "selection_0": 0, "shapley_value_1": 0.0006536436080932617, "selection_1": 0, "shapley_value_2": 0.0014863061904907223, "selection_2": 0, "shapley_value_3": -0.000143063695807206, "selection_3": 0, "shapley_value_4": 0.002430882453918457, "selection_4": 0, "shapley_value_5": 0.0012488269805908205, "selection_5": 0, "shapley_value_6": 0.0008728742599487304, "selection_6": 0, "shapley_value_7": 0.0024510002136230464, "selection_7": 0, "shapley_value_8": 0.0007450294494628907, "selection_8": 0, "shapley_value_9": 0.0015223217010498047, "selection_9": 0, "shapley_value_10": 0.0059323453903198245, "selection_10": 0, "shapley_value_11": 0.0009138870239257815, "selection_11": 0, "shapley_value_12": 0.0030143165588378904, "selection_12": 0, "shapley_value_13": 0.004680261611938476, "selection_13": 0, "shapley_value_14": 0.005305933952331543, "selection_14": 0, "shapley_value_15": 0.003665089607238769, "selection_15": 0, "shapley_value_16": 0.007788863182067876, "selection_16": 0, "shapley_value_17": 0.0011156940460205081, "selection_17": 0, "shapley_value_18": 0.00240506649017334, "selection_18": 0, "shapley_value_19": 0.005057816505432129, "selection_19": 0, "shapley_value_20": 0.010731720924377441, "selection_20": 0, "shapley_value_21": 0.01875598907470703, "selection_21": 0, "shapley_value_22": 0.010207805633544922, "selection_22": 0, "shapley_value_23": 0.009404973983764647, "selection_23": 0, "shapley_value_24": 0.00788578987121582, "selection_24": 0, "shapley_value_25": 0.11869934618473053, "selection_25": 0, "shapley_value_26": -9.000928778397407e-05, "selection_26": 0, "shapley_value_27": 0.01344304084777832, "selection_27": 0, "shapley_value_28": 0.007353382110595703, "selection_28": 0, "shapley_value_29": 0.007120709419250488, "selection_29": 0, "shapley_value_30": 0.09428569197654724, "selection_30": 0, "shapley_value_31": 0.02003849506378173, "selection_31": 0, "shapley_value_32": 0.008079233169555665, "selection_32": 0, "shapley_value_33": 0.11046783685684207, "selection_33": 0, "shapley_value_34": 0.020799908638000488, "selection_34": 0, "shapley_value_35": 0.12881551802158356, "selection_35": 0, "shapley_value_36": 0.01694983005523681, "selection_36": 0, "shapley_value_37": 0.019737625122070307, "selection_37": 0, "shapley_value_38": 0.013579950332641602, "selection_38": 0, "shapley_value_39": -0.00021669739171078332, "selection_39": 0, "shapley_value_40": 0.027958264350891115, "selection_40": 0, "shapley_value_41": 0.03201467514038086, "selection_41": 0, "shapley_value_42": 0.02754870414733885, "selection_42": 0, "shapley_value_43": 0.00968184471130371, "selection_43": 0, "shapley_value_44": 0.022791328430175777, "selection_44": 0, "shapley_value_45": 0.03866284847259522, "selection_45": 0, "shapley_value_46": 0.02738154411315918, "selection_46": 0, "shapley_value_47": 0.029286084175109868, "selection_47": 0, "shapley_value_48": 0.018938775062561045, "selection_48": 0, "shapley_value_49": 0.019336962699890138, "selection_49": 0, "shapley_value_50": -0.0011019581242611533, "selection_50": 0, "shapley_value_51": 0.031673572063446044, "selection_51": 0, "shapley_value_52": 0.04429990768432618, "selection_52": 0, "shapley_value_53": 0.023306455612182617, "selection_53": 0, "shapley_value_54": 0.06614505410194396, "selection_54": 0, "shapley_value_55": 0.09120251178741456, "selection_55": 0, "shapley_value_56": 0.04626034498214722, "selection_56": 0, "shapley_value_57": 0.024207758903503417, "selection_57": 0, "shapley_value_58": 0.03879206657409669, "selection_58": 0, "shapley_value_59": 0.06225305795669555, "selection_59": 0, "shapley_value_60": 0.058224165439605714, "selection_60": 0, "shapley_value_61": 0.035451605319976806, "selection_61": 0, "shapley_value_62": 0.08339370250701902, "selection_62": 0, "shapley_value_63": 0.10735428810119627, "selection_63": 0, "shapley_value_64": 0.0582225775718689, "selection_64": 0, "shapley_value_65": 0.07323381185531615, "selection_65": 0, "shapley_value_66": 0.07196051120758055, "selection_66": 0, "shapley_value_67": -0.00039211072419819077, "selection_67": 0, "shapley_value_68": 0.11652442693710326, "selection_68": 0, "shapley_value_69": 0.06126068115234374, "selection_69": 0, "shapley_value_70": 0.19412899750957446, "selection_70": 1, "shapley_value_71": 0.08568741798400879, "selection_71": 0, "shapley_value_72": 0.06991323232650758, "selection_72": 0, "shapley_value_73": 0.05004577875137329, "selection_73": 0, "shapley_value_74": 0.05247583866119385, "selection_74": 0, "shapley_value_75": 0.050833380222320555, "selection_75": 0, "shapley_value_76": 0.10676294803619385, "selection_76": 0, "shapley_value_77": 0.20592521708333095, "selection_77": 1, "shapley_value_78": 0.06925669252872467, "selection_78": 0, "shapley_value_79": 0.10089282989501953, "selection_79": 0, "shapley_value_80": 0.08919620037078856, "selection_80": 0, "shapley_value_81": 0.13681332707405092, "selection_81": 0, "shapley_value_82": 0.09994246542453764, "selection_82": 0, "shapley_value_83": 0.11274728059768674, "selection_83": 0, "shapley_value_84": 0.19309628364112633, "selection_84": 1, "shapley_value_85": 0.2122761347136999, "selection_85": 1, "shapley_value_86": 0.13531529664993283, "selection_86": 0, "shapley_value_87": 0.2154035195020529, "selection_87": 1, "shapley_value_88": 0.22203668077124486, "selection_88": 1, "shapley_value_89": 0.11130799293518066, "selection_89": 0, "shapley_value_90": -0.00016764276906063683, "selection_90": 0, "shapley_value_91": 0.1340832507610321, "selection_91": 0, "shapley_value_92": 0.21680717328521942, "selection_92": 1, "shapley_value_93": 0.10252152442932128, "selection_93": 0, "shapley_value_94": 0.08000501513481142, "selection_94": 0, "shapley_value_95": 0.07957790613174438, "selection_95": 0, "shapley_value_96": 0.21139588497744677, "selection_96": 1, "shapley_value_97": 0.2122437738694929, "selection_97": 1, "shapley_value_98": 0.21342705478863408, "selection_98": 1, "shapley_value_99": 0.07690806388854982, "selection_99": 0, "_timestamp": 1687906704.9739065, "_runtime": 311.22275042533875, "_step": 99, "_wandb": {"runtime": 309}}