{"accuracy": 0.10239999741315842, "val_loss": 4.259416580200195, "test_loss": 4.272141456604004, "shapley_value_0": -0.03766588370005305, "selection_0": 0, "shapley_value_1": 0.5142320891221364, "selection_1": 0, "shapley_value_2": 5.403007225663053, "selection_2": 1, "shapley_value_3": 1.479789506930571, "selection_3": 0, "shapley_value_4": -2.579419444004695, "selection_4": 0, "shapley_value_5": 5.411496510660205, "selection_5": 1, "shapley_value_6": 0.16097223758697465, "selection_6": 0, "shapley_value_7": 4.753111054048393, "selection_7": 1, "shapley_value_8": -2.641494592030843, "selection_8": 0, "shapley_value_9": 0.5401715437571202, "selection_9": 0, "shapley_value_10": -1.337802522712284, "selection_10": 0, "shapley_value_11": 1.8466682169172504, "selection_11": 0, "shapley_value_12": 2.3988837864663863, "selection_12": 0, "shapley_value_13": -5.953392604986828, "selection_13": 0, "shapley_value_14": 0, "selection_14": 0, "shapley_value_15": 0, "selection_15": 0, "shapley_value_16": 1.35610871679253, "selection_16": 0, "shapley_value_17": 0.771038969357809, "selection_17": 0, "shapley_value_18": -0.30277871092160646, "selection_18": 0, "shapley_value_19": -3.405275235573451, "selection_19": 0, "shapley_value_20": 2.391783306333754, "selection_20": 0, "shapley_value_21": 3.8839562097449365, "selection_21": 0, "shapley_value_22": 1.0450148681799574, "selection_22": 0, "shapley_value_23": -1.1089078287283574, "selection_23": 0, "shapley_value_24": -3.8964107036590576, "selection_24": 0, "shapley_value_25": -0.23010049263636256, "selection_25": 0, "shapley_value_26": -4.756790856520336, "selection_26": 0, "shapley_value_27": 0.6931445277654202, "selection_27": 0, "shapley_value_28": 1.2648724118868504, "selection_28": 0, "shapley_value_29": 2.3924578825632734, "selection_29": 0, "shapley_value_30": 0.5869106252988165, "selection_30": 0, "shapley_value_31": 1.9689498543739319, "selection_31": 0, "shapley_value_32": 1.6824185185962253, "selection_32": 0, "shapley_value_33": 0, "selection_33": 0, "shapley_value_34": 0.32409592469533344, "selection_34": 0, "shapley_value_35": 0, "selection_35": 0, "shapley_value_36": 0.28911937607659244, "selection_36": 0, "shapley_value_37": 0, "selection_37": 0, "shapley_value_38": 4.2451160374809715, "selection_38": 0, "shapley_value_39": 1.8400431970755258, "selection_39": 0, "shapley_value_40": 0, "selection_40": 0, "shapley_value_41": -1.758133292198182, "selection_41": 0, "shapley_value_42": 2.8158937990665436, "selection_42": 0, "shapley_value_43": 3.163550555706024, "selection_43": 0, "shapley_value_44": 5.007927237699431, "selection_44": 1, "shapley_value_45": -5.435602903366091, "selection_45": 0, "shapley_value_46": 3.156449427815521, "selection_46": 1, "shapley_value_47": 2.352316413009375, "selection_47": 0, "shapley_value_48": 0, "selection_48": 0, "shapley_value_49": -0.6369593342145272, "selection_49": 0, "_timestamp": 1688394492.001955, "_runtime": 115.6373839378357, "_step": 99, "_wandb": {"runtime": 114}}