{"accuracy": 0.10239999741315842, "val_loss": 5.173168182373047, "test_loss": 5.18037748336792, "shapley_value_0": 2.8614742744852006, "selection_0": 0, "shapley_value_1": 3.2938599189122515, "selection_1": 0, "shapley_value_2": 2.6984946578741074, "selection_2": 0, "shapley_value_3": 3.1401125743533616, "selection_3": 1, "shapley_value_4": 1.0261580915678117, "selection_4": 0, "shapley_value_5": 1.9272386471430458, "selection_5": 0, "shapley_value_6": 0.8741070181131363, "selection_6": 0, "shapley_value_7": 1.6516871509097868, "selection_7": 0, "shapley_value_8": 0, "selection_8": 0, "shapley_value_9": -2.0906887451807643, "selection_9": 0, "shapley_value_10": -0.35590131084124277, "selection_10": 1, "shapley_value_11": -3.794840296109519, "selection_11": 0, "shapley_value_12": 0.7605906526247659, "selection_12": 0, "shapley_value_13": 1.7426162481307983, "selection_13": 0, "shapley_value_14": -1.7510664065678903, "selection_14": 0, "shapley_value_15": 1.5283506569408234, "selection_15": 1, "shapley_value_16": 2.2541604261288692, "selection_16": 0, "shapley_value_17": 0, "selection_17": 0, "shapley_value_18": 0.9137419785062475, "selection_18": 0, "shapley_value_19": -1.9427756269772845, "selection_19": 0, "shapley_value_20": -0.28330026070276704, "selection_20": 0, "shapley_value_21": 2.4344248917367732, "selection_21": 0, "shapley_value_22": -0.008647966952551147, "selection_22": 0, "shapley_value_23": -0.047325922383201956, "selection_23": 0, "shapley_value_24": -2.2270316481590253, "selection_24": 0, "shapley_value_25": 0.04140211807356916, "selection_25": 0, "shapley_value_26": 0, "selection_26": 0, "shapley_value_27": 2.5550949672857923, "selection_27": 0, "shapley_value_28": 1.406604909896851, "selection_28": 1, "shapley_value_29": -0.418960899114609, "selection_29": 0, "shapley_value_30": 0.8362035950024924, "selection_30": 0, "shapley_value_31": 0, "selection_31": 0, "shapley_value_32": 3.0816843023612392, "selection_32": 0, "shapley_value_33": 2.9691421719211517, "selection_33": 0, "shapley_value_34": 2.0680053035418187, "selection_34": 0, "shapley_value_35": -0.872216522693634, "selection_35": 0, "shapley_value_36": -0.3274305462837219, "selection_36": 0, "shapley_value_37": 0, "selection_37": 0, "shapley_value_38": 1.8495727247662015, "selection_38": 0, "shapley_value_39": 2.0523162791223233, "selection_39": 0, "shapley_value_40": -0.06045526928371888, "selection_40": 0, "shapley_value_41": 1.19084706902504, "selection_41": 0, "shapley_value_42": 4.067802456730888, "selection_42": 1, "shapley_value_43": 0, "selection_43": 0, "shapley_value_44": 1.9499320834875107, "selection_44": 0, "shapley_value_45": -5.25108402967453, "selection_45": 0, "shapley_value_46": 2.1295190519756733, "selection_46": 0, "shapley_value_47": 3.426153937975565, "selection_47": 0, "shapley_value_48": -2.2701331973075884, "selection_48": 0, "shapley_value_49": -7.129786928494768, "selection_49": 0, "_timestamp": 1688392131.6860743, "_runtime": 115.87671327590942, "_step": 99, "_wandb": {"runtime": 114}}