{"accuracy": 0.5054000020027161, "val_loss": 1.3696873188018799, "test_loss": 1.3817431926727295, "shapley_value_0": -0.8182892582633282, "selection_0": 0, "shapley_value_1": -0.6656037469704946, "selection_1": 0, "shapley_value_2": -0.6595169667041664, "selection_2": 0, "shapley_value_3": -0.7744829593560634, "selection_3": 0, "shapley_value_4": -0.7874570657045414, "selection_4": 0, "shapley_value_5": -0.7149016415631329, "selection_5": 0, "shapley_value_6": -0.8178181330362957, "selection_6": 0, "shapley_value_7": -0.689470016595089, "selection_7": 0, "shapley_value_8": -0.7569040010372797, "selection_8": 0, "shapley_value_9": -0.7197841229262176, "selection_9": 1, "shapley_value_10": -0.7579073111216226, "selection_10": 1, "shapley_value_11": -0.5915478354408626, "selection_11": 0, "shapley_value_12": -0.7196937048876728, "selection_12": 0, "shapley_value_13": -0.7378896792729694, "selection_13": 0, "shapley_value_14": -0.7181104050742254, "selection_14": 1, "shapley_value_15": -0.6666682107107977, "selection_15": 0, "shapley_value_16": -0.7568851348125574, "selection_16": 0, "shapley_value_17": -0.7941554188728333, "selection_17": 0, "shapley_value_18": -0.8098936839537191, "selection_18": 0, "shapley_value_19": -0.6474955240885414, "selection_19": 0, "shapley_value_20": -0.7404699193106759, "selection_20": 0, "shapley_value_21": -0.6293791753274424, "selection_21": 0, "shapley_value_22": -0.6033467804944076, "selection_22": 0, "shapley_value_23": -0.7479315422199392, "selection_23": 0, "shapley_value_24": -0.5530781348546346, "selection_24": 0, "shapley_value_25": -0.7803122166431311, "selection_25": 1, "shapley_value_26": -0.7521997928619385, "selection_26": 0, "shapley_value_27": -0.5569468162677903, "selection_27": 0, "shapley_value_28": -0.730751285950343, "selection_28": 0, "shapley_value_29": -0.7128922442595163, "selection_29": 0, "shapley_value_30": -0.687886667251587, "selection_30": 0, "shapley_value_31": -0.769770865639051, "selection_31": 0, "shapley_value_32": -0.6840697050094604, "selection_32": 0, "shapley_value_33": -0.738511942681812, "selection_33": 0, "shapley_value_34": -0.6565881636407641, "selection_34": 0, "shapley_value_35": -0.813423663377762, "selection_35": 0, "shapley_value_36": -0.8200376317614599, "selection_36": 0, "shapley_value_37": -0.749977619220049, "selection_37": 0, "shapley_value_38": -0.7150311558334919, "selection_38": 0, "shapley_value_39": -0.6991807113994252, "selection_39": 0, "_timestamp": 1688030576.9768085, "_runtime": 97.97205853462219, "_step": 99, "_wandb": {"runtime": 96}}