{"accuracy": 0.5037999749183655, "val_loss": 1.3681129217147827, "test_loss": 1.3898831605911255, "shapley_value_0": -0.6865743239720661, "selection_0": 0, "shapley_value_1": -0.6036596053685901, "selection_1": 0, "shapley_value_2": -0.7533439795176189, "selection_2": 1, "shapley_value_3": -0.7572316798296842, "selection_3": 0, "shapley_value_4": -0.7104715506235757, "selection_4": 0, "shapley_value_5": -0.7407884906839441, "selection_5": 0, "shapley_value_6": -0.7590396404266355, "selection_6": 0, "shapley_value_7": -0.710676912908201, "selection_7": 0, "shapley_value_8": -0.6940560232509265, "selection_8": 0, "shapley_value_9": -0.6709348678588865, "selection_9": 0, "shapley_value_10": -0.7485208965483169, "selection_10": 0, "shapley_value_11": -0.8241586685180664, "selection_11": 0, "shapley_value_12": -0.5651849565051851, "selection_12": 0, "shapley_value_13": -0.8094158122936884, "selection_13": 0, "shapley_value_14": -0.6788293719291687, "selection_14": 0, "shapley_value_15": -0.7501035077231274, "selection_15": 0, "shapley_value_16": -0.6614759195418582, "selection_16": 1, "shapley_value_17": -0.730644867533729, "selection_17": 0, "shapley_value_18": -0.7669946700334548, "selection_18": 0, "shapley_value_19": -0.6363442852383568, "selection_19": 0, "shapley_value_20": -0.7006270664709588, "selection_20": 0, "shapley_value_21": -0.6760768067269097, "selection_21": 0, "shapley_value_22": -0.7940131381705956, "selection_22": 0, "shapley_value_23": -0.7106843557622696, "selection_23": 0, "shapley_value_24": -0.7103314548730849, "selection_24": 1, "shapley_value_25": -0.7552537747791835, "selection_25": 1, "shapley_value_26": -0.66561817129453, "selection_26": 0, "shapley_value_27": -0.7474603619840409, "selection_27": 0, "shapley_value_28": -0.7028001298507056, "selection_28": 0, "shapley_value_29": -0.7205919197627474, "selection_29": 0, "shapley_value_30": -0.6859609882036845, "selection_30": 0, "shapley_value_31": -0.693675743208991, "selection_31": 0, "shapley_value_32": -0.8144896348317466, "selection_32": 0, "shapley_value_33": -0.8038168827692665, "selection_33": 0, "shapley_value_34": -0.7092521667480467, "selection_34": 0, "shapley_value_35": -0.6648335273449241, "selection_35": 0, "shapley_value_36": -0.7016565769146647, "selection_36": 0, "shapley_value_37": -0.8293489880032008, "selection_37": 0, "shapley_value_38": -0.6981365531682968, "selection_38": 0, "shapley_value_39": -0.6689243018627166, "selection_39": 0, "_timestamp": 1688032088.075944, "_runtime": 103.01964902877808, "_step": 99, "_wandb": {"runtime": 101}}