{"accuracy": 0.13819999992847443, "val_loss": 4.609330654144287, "test_loss": 4.676985263824463, "_timestamp": 1688405087.9908705, "_runtime": 138.91046953201294, "_step": 99, "_wandb": {"runtime": 137}}