{"accuracy": 0.4633999764919281, "val_loss": 1.4870039224624634, "test_loss": 1.502156138420105, "_timestamp": 1687964465.20079, "_runtime": 76.4070258140564, "_step": 99, "_wandb": {"runtime": 74}}