{"accuracy": 0.838618278503418, "val_loss": 0.49648764729499817, "test_loss": 0.49359405040740967, "shapley_value_0": -1.383959283431371, "selection_0": 1, "shapley_value_1": -1.2759741465250647, "selection_1": 0, "shapley_value_2": -1.2541467368602752, "selection_2": 0, "shapley_value_3": -1.2503413302557806, "selection_3": 0, "shapley_value_4": -1.4953560365570913, "selection_4": 0, "shapley_value_5": -1.358379567280794, "selection_5": 0, "shapley_value_6": -1.1686087801600948, "selection_6": 0, "shapley_value_7": -1.4464461475610733, "selection_7": 1, "shapley_value_8": -1.2786693681370132, "selection_8": 0, "shapley_value_9": -1.3312961399555205, "selection_9": 0, "shapley_value_10": -1.4609723210334782, "selection_10": 0, "shapley_value_11": -1.2110029017483745, "selection_11": 0, "shapley_value_12": -1.174574533513948, "selection_12": 1, "shapley_value_13": -1.5108660697937013, "selection_13": 0, "shapley_value_14": -1.457254190135885, "selection_14": 0, "shapley_value_15": -1.450577666362127, "selection_15": 1, "shapley_value_16": -1.4335143389525238, "selection_16": 0, "shapley_value_17": -1.233982177007766, "selection_17": 0, "shapley_value_18": -1.3319429440630806, "selection_18": 0, "shapley_value_19": -1.250567224290636, "selection_19": 0, "shapley_value_20": -1.1914684882870425, "selection_20": 0, "shapley_value_21": -1.257617965892509, "selection_21": 0, "shapley_value_22": -1.330200439844376, "selection_22": 0, "shapley_value_23": -1.1832126649943264, "selection_23": 0, "shapley_value_24": -1.418627227797653, "selection_24": 0, "shapley_value_25": -1.2633788330214366, "selection_25": 0, "shapley_value_26": -1.6209266980489094, "selection_26": 0, "shapley_value_27": -1.1479985493200795, "selection_27": 0, "shapley_value_28": -1.2111435875748144, "selection_28": 0, "shapley_value_29": -1.2482999770930319, "selection_29": 0, "shapley_value_30": -1.4012751877307892, "selection_30": 0, "shapley_value_31": -1.117093200033361, "selection_31": 0, "shapley_value_32": -0.9995492907131419, "selection_32": 0, "shapley_value_33": -1.514588748415311, "selection_33": 0, "shapley_value_34": -1.4055117741227154, "selection_34": 0, "shapley_value_35": -1.5512567150096095, "selection_35": 0, "shapley_value_36": -1.2444626258479226, "selection_36": 0, "shapley_value_37": -1.1194467300023787, "selection_37": 0, "shapley_value_38": -1.3322435981697505, "selection_38": 0, "shapley_value_39": -1.0204669197400411, "selection_39": 0, "_timestamp": 1687986116.5182583, "_runtime": 77.04238533973694, "_step": 99, "_wandb": {"runtime": 75}}