{"accuracy": 0.4867999851703644, "val_loss": 1.4080226421356201, "test_loss": 1.4255452156066895, "shapley_value_0": -0.6824045269577592, "selection_0": 0, "shapley_value_1": -0.3362901508808136, "selection_1": 0, "shapley_value_2": -0.7870354936236429, "selection_2": 1, "shapley_value_3": -1.0031205945544772, "selection_3": 0, "shapley_value_4": -0.8796366011654888, "selection_4": 0, "shapley_value_5": -0.6304361536389305, "selection_5": 0, "shapley_value_6": -0.7025940948062473, "selection_6": 1, "shapley_value_7": -1.001056174437205, "selection_7": 1, "shapley_value_8": -0.6735349456469217, "selection_8": 0, "shapley_value_9": -0.8712622192170886, "selection_9": 0, "shapley_value_10": -1.0764888445536296, "selection_10": 0, "shapley_value_11": -0.7374251030740283, "selection_11": 0, "shapley_value_12": -0.6128883441289266, "selection_12": 0, "shapley_value_13": -0.6127537323368921, "selection_13": 0, "shapley_value_14": -0.6461561918258665, "selection_14": 0, "shapley_value_15": -0.9556115335888332, "selection_15": 0, "shapley_value_16": -0.7756938868098788, "selection_16": 0, "shapley_value_17": -0.9950383027394611, "selection_17": 0, "shapley_value_18": -1.2549852232138314, "selection_18": 0, "shapley_value_19": -0.6168083482318453, "selection_19": 0, "shapley_value_20": -0.5699165203632451, "selection_20": 1, "shapley_value_21": -0.054225289460384435, "selection_21": 0, "shapley_value_22": -0.3365828540590075, "selection_22": 0, "shapley_value_23": -0.8043509801228839, "selection_23": 0, "shapley_value_24": -0.6040626207987468, "selection_24": 0, "shapley_value_25": -1.074778119723002, "selection_25": 0, "shapley_value_26": -1.227519718805949, "selection_26": 0, "shapley_value_27": -0.30194688505596573, "selection_27": 0, "shapley_value_28": -0.26488647858301795, "selection_28": 0, "shapley_value_29": -0.8879502654075621, "selection_29": 0, "shapley_value_30": -0.3427175466830915, "selection_30": 0, "shapley_value_31": -1.3612995942433685, "selection_31": 0, "shapley_value_32": -0.0760591074272436, "selection_32": 0, "shapley_value_33": -0.7685547726494928, "selection_33": 0, "shapley_value_34": -0.57048381097389, "selection_34": 0, "shapley_value_35": -0.6033246040344237, "selection_35": 0, "shapley_value_36": -0.732408533493678, "selection_36": 0, "shapley_value_37": -0.438880700331468, "selection_37": 0, "shapley_value_38": -0.26489481528600045, "selection_38": 0, "shapley_value_39": -0.7192440066072675, "selection_39": 0, "_timestamp": 1687961913.7218974, "_runtime": 91.55868530273438, "_step": 99, "_wandb": {"runtime": 89}}