{"accuracy": 0.19039998948574066, "val_loss": 2.4475808143615723, "test_loss": 2.4961321353912354, "_timestamp": 1688402674.4407918, "_runtime": 99.32103681564331, "_step": 99, "_wandb": {"runtime": 97}}