{"loss": 2.3065667152404785, "accuracy": 0.0997999981045723, "average_active_clients": 0.0, "_timestamp": 1686665742.002705, "_runtime": 24.904720067977905, "_step": 399, "_wandb": {"runtime": 239}}