{"accuracy": 0.09779999405145645, "val_loss": 3.547405481338501, "test_loss": 3.587430477142334, "shapley_value_0": 4.254473594824472, "selection_0": 1, "shapley_value_1": 2.9702686624867574, "selection_1": 0, "shapley_value_2": 2.9861955797230753, "selection_2": 0, "shapley_value_3": 0, "selection_3": 0, "shapley_value_4": -3.344457705815632, "selection_4": 0, "shapley_value_5": 1.75868758448848, "selection_5": 0, "shapley_value_6": -5.890730341275532, "selection_6": 0, "shapley_value_7": 3.3302502870559687, "selection_7": 1, "shapley_value_8": 0, "selection_8": 0, "shapley_value_9": 1.9268468221028643, "selection_9": 0, "shapley_value_10": 0.20759005347887705, "selection_10": 0, "shapley_value_11": 1.7477800885836283, "selection_11": 1, "shapley_value_12": 0, "selection_12": 0, "shapley_value_13": 0, "selection_13": 0, "shapley_value_14": 1.2320121753783455, "selection_14": 0, "shapley_value_15": 2.7881174120638104, "selection_15": 0, "shapley_value_16": 0, "selection_16": 0, "shapley_value_17": 2.220495155756024, "selection_17": 0, "shapley_value_18": 2.557971555562247, "selection_18": 0, "shapley_value_19": 0.32318947712580437, "selection_19": 0, "shapley_value_20": 1.1832540565066871, "selection_20": 1, "shapley_value_21": -0.34185806910196925, "selection_21": 0, "shapley_value_22": 0.04534904162088971, "selection_22": 0, "shapley_value_23": 0, "selection_23": 0, "shapley_value_24": 0, "selection_24": 0, "shapley_value_25": 0, "selection_25": 0, "shapley_value_26": -3.060301860173544, "selection_26": 0, "shapley_value_27": 2.6174400713708668, "selection_27": 0, "shapley_value_28": -7.326377113660177, "selection_28": 0, "shapley_value_29": 0, "selection_29": 0, "shapley_value_30": 2.822161821218638, "selection_30": 0, "shapley_value_31": 1.6002492854992552, "selection_31": 0, "shapley_value_32": 2.1526348527633776, "selection_32": 0, "shapley_value_33": 2.9074862355826996, "selection_33": 0, "shapley_value_34": 0.3348551690578452, "selection_34": 0, "shapley_value_35": -2.613623241583504, "selection_35": 0, "shapley_value_36": 1.7312571834295232, "selection_36": 0, "shapley_value_37": 1.7962922637279217, "selection_37": 0, "shapley_value_38": 3.018259685569339, "selection_38": 0, "shapley_value_39": 3.5730939760352616, "selection_39": 0, "shapley_value_40": 1.4504911038610675, "selection_40": 0, "shapley_value_41": 1.8774785670367153, "selection_41": 0, "shapley_value_42": 2.9490079203295325, "selection_42": 0, "shapley_value_43": 2.653578369056478, "selection_43": 0, "shapley_value_44": 3.8201041239680658, "selection_44": 0, "shapley_value_45": 0.2752884758843317, "selection_45": 0, "shapley_value_46": 1.6927647689978278, "selection_46": 0, "shapley_value_47": 0, "selection_47": 0, "shapley_value_48": 0.4859203100204468, "selection_48": 0, "shapley_value_49": 2.95514442761739, "selection_49": 1, "_timestamp": 1688386451.2740853, "_runtime": 108.39874935150146, "_step": 99, "_wandb": {"runtime": 106}}