{"accuracy": 0.45619997382164, "val_loss": 1.5118988752365112, "test_loss": 1.543229103088379, "_timestamp": 1687965096.347576, "_runtime": 83.403963804245, "_step": 99, "_wandb": {"runtime": 81}}