{"loss": 0.20167578756809235, "accuracy": 0.9394000172615051, "average_active_clients": 2.0, "client_values_0": 0.0013090083375573158, "client_values_1": 0.006168317049741745, "client_values_2": 0.001149793853983283, "client_values_3": 0.02038852870464325, "client_values_4": 0.010627102106809616, "client_values_5": 0.003907884005457163, "client_values_6": 0.01783602312207222, "client_values_7": 0.017474040389060974, "client_values_8": 0.02095591276884079, "client_values_9": 0.020492322742938995, "client_values_10": 0.011813108809292316, "client_values_11": 0.0015117028960958123, "client_values_12": 0.00434616906568408, "client_values_13": 0.010518250986933708, "client_values_14": 0.004891420714557171, "client_values_15": 0.0120612233877182, "client_values_16": 0.008549146354198456, "client_values_17": 0.019232163205742836, "client_values_18": 0.0010348905343562365, "client_values_19": 0.007643410935997963, "_timestamp": 1687178923.8150315, "_runtime": 125.63074541091919, "_step": 99, "_wandb": {"runtime": 124}}