{"accuracy": 0.1289999932050705, "val_loss": 2.991562604904175, "test_loss": 3.0246005058288574, "_timestamp": 1688399607.0033462, "_runtime": 100.86286330223083, "_step": 99, "_wandb": {"runtime": 99}}