{"accuracy": 0.9377999901771545, "val_loss": 0.23425762355327606, "test_loss": 0.2194022387266159, "shapley_value_0": 0.2354482607949864, "selection_0": 0, "shapley_value_1": 0.21595883700251578, "selection_1": 0, "shapley_value_2": 0.12119050044566392, "selection_2": 0, "shapley_value_3": 0.16909374816550146, "selection_3": 0, "shapley_value_4": 0.254407793233792, "selection_4": 0, "shapley_value_5": 0.2428244493495334, "selection_5": 0, "shapley_value_6": 0.17239384416076872, "selection_6": 0, "shapley_value_7": 0.17847659858695245, "selection_7": 0, "shapley_value_8": 0.2958582664600441, "selection_8": 1, "shapley_value_9": 0.19337731406092645, "selection_9": 1, "shapley_value_10": 0.20939251628518102, "selection_10": 0, "shapley_value_11": 0.24713367527181448, "selection_11": 0, "shapley_value_12": 0.1624682463173978, "selection_12": 0, "shapley_value_13": 0.21393526738340202, "selection_13": 1, "shapley_value_14": 0.20860507813096046, "selection_14": 0, "shapley_value_15": 0.20520712500810628, "selection_15": 0, "shapley_value_16": 0.22848377406597142, "selection_16": 0, "shapley_value_17": 0.206646646797657, "selection_17": 0, "shapley_value_18": 0.21673841229081153, "selection_18": 0, "shapley_value_19": 0.17889514618449742, "selection_19": 0, "shapley_value_20": 0.23212144030766052, "selection_20": 0, "shapley_value_21": 0.21392693021893505, "selection_21": 0, "shapley_value_22": 0.16227398766411674, "selection_22": 0, "shapley_value_23": 0.20544305309653282, "selection_23": 0, "shapley_value_24": 0.20576617866754535, "selection_24": 0, "shapley_value_25": 0.21590802788734437, "selection_25": 0, "shapley_value_26": 0.19994035982144504, "selection_26": 0, "shapley_value_27": 0.18654296565055845, "selection_27": 0, "shapley_value_28": 0.20058704584836962, "selection_28": 0, "shapley_value_29": 0.16316763533486262, "selection_29": 0, "shapley_value_30": 0.2036781094968319, "selection_30": 0, "shapley_value_31": 0.21411323437094687, "selection_31": 0, "shapley_value_32": 0.17914394805828726, "selection_32": 0, "shapley_value_33": 0.1902636290192604, "selection_33": 1, "shapley_value_34": 0.20048948180675502, "selection_34": 0, "shapley_value_35": 0.2420537214387547, "selection_35": 0, "shapley_value_36": 0.22781472956592383, "selection_36": 0, "shapley_value_37": 0.15427517808145944, "selection_37": 0, "shapley_value_38": 0.20779085251688958, "selection_38": 0, "shapley_value_39": 0.1708094102144241, "selection_39": 0, "shapley_value_40": 0.1587397647235129, "selection_40": 0, "shapley_value_41": 0.19775365376472476, "selection_41": 0, "shapley_value_42": 0.1463967352164419, "selection_42": 0, "shapley_value_43": 0.1458931548727883, "selection_43": 0, "shapley_value_44": 0.19027162316441534, "selection_44": 0, "shapley_value_45": 0.17031443268060684, "selection_45": 0, "shapley_value_46": 0.23166091753677887, "selection_46": 0, "shapley_value_47": 0.20074747735261916, "selection_47": 0, "shapley_value_48": 0.2196377744999799, "selection_48": 0, "shapley_value_49": 0.19797526764869688, "selection_49": 0, "shapley_value_50": 0.19591860792040822, "selection_50": 0, "shapley_value_51": 0.15783411767747668, "selection_51": 0, "shapley_value_52": 0.17497203627228736, "selection_52": 0, "shapley_value_53": 0.23074174859307028, "selection_53": 0, "shapley_value_54": 0.17962392098373836, "selection_54": 0, "shapley_value_55": 0.18761314953785194, "selection_55": 0, "shapley_value_56": 0.2089791417717934, "selection_56": 0, "shapley_value_57": 0.16752992944584952, "selection_57": 0, "shapley_value_58": 0.21506093642115598, "selection_58": 0, "shapley_value_59": 0.20574614384770396, "selection_59": 0, "shapley_value_60": 0.19656548172235486, "selection_60": 1, "shapley_value_61": 0.17529240416155922, "selection_61": 0, "shapley_value_62": 0.20537442731857297, "selection_62": 0, "shapley_value_63": 0.1994708483219147, "selection_63": 0, "shapley_value_64": 0.21259729760885243, "selection_64": 0, "shapley_value_65": 0.19609073048830034, "selection_65": 0, "shapley_value_66": 0.1474170091364816, "selection_66": 0, "shapley_value_67": 0.1901831206679344, "selection_67": 0, "shapley_value_68": 0.20687310925126073, "selection_68": 0, "shapley_value_69": 0.2066830007684858, "selection_69": 0, "shapley_value_70": 0.21136032688617706, "selection_70": 0, "shapley_value_71": 0.22365866731513623, "selection_71": 1, "shapley_value_72": 0.1758678861260414, "selection_72": 0, "shapley_value_73": 0.15760882059733072, "selection_73": 0, "shapley_value_74": 0.1802978691127565, "selection_74": 0, "shapley_value_75": 0.2472558726370335, "selection_75": 1, "shapley_value_76": 0.2373170387332058, "selection_76": 0, "shapley_value_77": 0.18395707039456616, "selection_77": 0, "shapley_value_78": 0.1509266777449881, "selection_78": 0, "shapley_value_79": 0.1598579943912071, "selection_79": 0, "shapley_value_80": 0.18243828129768372, "selection_80": 1, "shapley_value_81": 0.20556924366950988, "selection_81": 0, "shapley_value_82": 0.18255775818228723, "selection_82": 0, "shapley_value_83": 0.21376759046316152, "selection_83": 0, "shapley_value_84": 0.21324110248684888, "selection_84": 0, "shapley_value_85": 0.1769490521483951, "selection_85": 0, "shapley_value_86": 0.2501007933417956, "selection_86": 1, "shapley_value_87": 0.24236684902147812, "selection_87": 0, "shapley_value_88": 0.19463315296173095, "selection_88": 0, "shapley_value_89": 0.2308135117996823, "selection_89": 0, "shapley_value_90": 0.17926720267534257, "selection_90": 0, "shapley_value_91": 0.2038116385842625, "selection_91": 0, "shapley_value_92": 0.16877750876354197, "selection_92": 0, "shapley_value_93": 0.23698351331732492, "selection_93": 0, "shapley_value_94": 0.2290387253056873, "selection_94": 0, "shapley_value_95": 0.21305892047556965, "selection_95": 0, "shapley_value_96": 0.21565161511301995, "selection_96": 0, "shapley_value_97": 0.15437099459749914, "selection_97": 1, "shapley_value_98": 0.18383261123299602, "selection_98": 0, "shapley_value_99": 0.15708914485242634, "selection_99": 0, "_timestamp": 1687955722.0093594, "_runtime": 316.8570992946625, "_step": 99, "_wandb": {"runtime": 315}}