{"loss": 0.3812068998813629, "accuracy": 0.8894000053405762, "average_active_clients": 2.0, "_timestamp": 1686749169.703285, "_runtime": 29.674787044525146, "_step": 399, "_wandb": {"runtime": 27}}