{"accuracy": 0.09779999405145645, "val_loss": 5.199408054351807, "test_loss": 5.190187454223633, "shapley_value_0": 5.168595502057028, "selection_0": 1, "shapley_value_1": 2.8499677677949267, "selection_1": 0, "shapley_value_2": -0.12697509427865383, "selection_2": 0, "shapley_value_3": 1.03002659479777, "selection_3": 0, "shapley_value_4": -4.4198093712329865, "selection_4": 0, "shapley_value_5": 0.5383737161755564, "selection_5": 0, "shapley_value_6": -3.330776318907739, "selection_6": 0, "shapley_value_7": 0.2357688773246039, "selection_7": 0, "shapley_value_8": 1.1077359442909558, "selection_8": 0, "shapley_value_9": -1.7116333484649662, "selection_9": 0, "shapley_value_10": -3.326485607359144, "selection_10": 0, "shapley_value_11": 0.6730972760253483, "selection_11": 0, "shapley_value_12": -2.044018981357415, "selection_12": 0, "shapley_value_13": -4.817874113718667, "selection_13": 0, "shapley_value_14": -3.227848321199419, "selection_14": 0, "shapley_value_15": -1.2500908374786386, "selection_15": 0, "shapley_value_16": 1.239766702055931, "selection_16": 0, "shapley_value_17": 0.2558913915245622, "selection_17": 0, "shapley_value_18": 5.0206642208827885, "selection_18": 1, "shapley_value_19": -4.485955675443016, "selection_19": 0, "shapley_value_20": 1.5197313303748765, "selection_20": 0, "shapley_value_21": -1.3015656868616734, "selection_21": 0, "shapley_value_22": -0.0031533489624668842, "selection_22": 0, "shapley_value_23": -5.859554708003999, "selection_23": 0, "shapley_value_24": -4.408370594183602, "selection_24": 0, "shapley_value_25": -2.3374395718177157, "selection_25": 0, "shapley_value_26": -4.384313197930654, "selection_26": 1, "shapley_value_27": 1.9837574618203304, "selection_27": 0, "shapley_value_28": -0.10567569070392165, "selection_28": 0, "shapley_value_29": -1.048942704995472, "selection_29": 0, "shapley_value_30": 2.679252409018003, "selection_30": 0, "shapley_value_31": -1.8811660955349598, "selection_31": 0, "shapley_value_32": 0.22523789462589047, "selection_32": 0, "shapley_value_33": 2.473012054132091, "selection_33": 1, "shapley_value_34": 0.14664284388224283, "selection_34": 0, "shapley_value_35": -8.104580998420715, "selection_35": 0, "shapley_value_36": 2.1785819729169216, "selection_36": 1, "shapley_value_37": -0.1648916237884094, "selection_37": 0, "shapley_value_38": 1.5760026723146443, "selection_38": 0, "shapley_value_39": 3.0066980342070257, "selection_39": 0, "shapley_value_40": -0.2647612318396571, "selection_40": 0, "shapley_value_41": -1.7740710477034252, "selection_41": 0, "shapley_value_42": 0.7469270974397659, "selection_42": 0, "shapley_value_43": 2.0362337976694107, "selection_43": 0, "shapley_value_44": 2.994775783534002, "selection_44": 0, "shapley_value_45": -9.163616617520653, "selection_45": 0, "shapley_value_46": 2.069523089461856, "selection_46": 0, "shapley_value_47": 1.8269939819971714, "selection_47": 0, "shapley_value_48": -1.8909228682518004, "selection_48": 0, "shapley_value_49": 1.9260880202054977, "selection_49": 0, "_timestamp": 1688396689.5348768, "_runtime": 113.6491858959198, "_step": 99, "_wandb": {"runtime": 112}}