{"loss": 0.3317638039588928, "accuracy": 0.9055999517440796, "average_active_clients": 10.0, "_timestamp": 1686665508.4971485, "_runtime": 26.349326610565186, "_step": 399, "_wandb": {"runtime": 24}}