{"accuracy": 0.13819999992847443, "val_loss": 4.693223476409912, "test_loss": 4.76157808303833, "_timestamp": 1688403431.148126, "_runtime": 145.45043897628784, "_step": 99, "_wandb": {"runtime": 143}}