{"accuracy": 0.10239999741315842, "val_loss": 5.378335952758789, "test_loss": 5.381618022918701, "shapley_value_0": 0.3499627113342276, "selection_0": 0, "shapley_value_1": 2.766116413048335, "selection_1": 0, "shapley_value_2": 1.3513309632738433, "selection_2": 0, "shapley_value_3": 0, "selection_3": 0, "shapley_value_4": 0, "selection_4": 0, "shapley_value_5": -3.477345784505209, "selection_5": 0, "shapley_value_6": -0.040897349516550996, "selection_6": 0, "shapley_value_7": 0, "selection_7": 0, "shapley_value_8": 4.27671217918396, "selection_8": 1, "shapley_value_9": 2.4320530494054164, "selection_9": 0, "shapley_value_10": -2.2889584700266523, "selection_10": 0, "shapley_value_11": 0.21494187911351492, "selection_11": 0, "shapley_value_12": -0.14504770835240724, "selection_12": 0, "shapley_value_13": -8.03676422437032, "selection_13": 0, "shapley_value_14": -8.376890579859415, "selection_14": 0, "shapley_value_15": 1.7488109966119125, "selection_15": 0, "shapley_value_16": 2.292905673980713, "selection_16": 0, "shapley_value_17": -1.5492482980092372, "selection_17": 0, "shapley_value_18": 0, "selection_18": 0, "shapley_value_19": 0, "selection_19": 0, "shapley_value_20": 1.7679376535945464, "selection_20": 0, "shapley_value_21": 0, "selection_21": 0, "shapley_value_22": 7.371797204017639, "selection_22": 1, "shapley_value_23": 0.2391489346822103, "selection_23": 0, "shapley_value_24": -3.741915961106617, "selection_24": 0, "shapley_value_25": -0.8909079631169643, "selection_25": 0, "shapley_value_26": -5.596999883651733, "selection_26": 0, "shapley_value_27": 0, "selection_27": 0, "shapley_value_28": 4.129389419477171, "selection_28": 0, "shapley_value_29": -5.954417188962301, "selection_29": 0, "shapley_value_30": 1.29814019167062, "selection_30": 0, "shapley_value_31": 6.823864099714492, "selection_31": 1, "shapley_value_32": 1.6957418173551555, "selection_32": 0, "shapley_value_33": 0, "selection_33": 0, "shapley_value_34": -0.7828497489293422, "selection_34": 0, "shapley_value_35": 0, "selection_35": 0, "shapley_value_36": 0, "selection_36": 0, "shapley_value_37": 3.176398664712906, "selection_37": 0, "shapley_value_38": 2.2521096884258207, "selection_38": 0, "shapley_value_39": 3.2105083962281546, "selection_39": 0, "shapley_value_40": 0, "selection_40": 0, "shapley_value_41": 2.4463136160012455, "selection_41": 1, "shapley_value_42": 2.3932694757685944, "selection_42": 0, "shapley_value_43": 2.4033457562327385, "selection_43": 1, "shapley_value_44": 1.9028071576640724, "selection_44": 0, "shapley_value_45": 0.7280030449231463, "selection_45": 0, "shapley_value_46": 0.28145480155944824, "selection_46": 0, "shapley_value_47": 2.4814575574024995, "selection_47": 0, "shapley_value_48": -12.318193018436432, "selection_48": 0, "shapley_value_49": 0.5345927874247227, "selection_49": 0, "_timestamp": 1688391655.68832, "_runtime": 115.97948098182678, "_step": 99, "_wandb": {"runtime": 114}}