{"accuracy": 0.13819999992847443, "val_loss": 4.693493366241455, "test_loss": 4.761864185333252, "_timestamp": 1688404345.37592, "_runtime": 148.7175121307373, "_step": 99, "_wandb": {"runtime": 147}}