{"accuracy": 0.5703427195549011, "val_loss": 1.092589259147644, "test_loss": 1.0959392786026, "shapley_value_0": -0.12242531776428223, "selection_0": 0, "shapley_value_1": -0.24228262901306152, "selection_1": 0, "shapley_value_2": -0.007791042327880859, "selection_2": 0, "shapley_value_3": 0.0734573711048473, "selection_3": 0, "shapley_value_4": 0.044050375620524086, "selection_4": 0, "shapley_value_5": 0.04457847277323405, "selection_5": 0, "shapley_value_6": 0.057487428188323975, "selection_6": 0, "shapley_value_7": 0.06678265333175659, "selection_7": 0, "shapley_value_8": 0.07761280536651612, "selection_8": 0, "shapley_value_9": 0.07637267112731934, "selection_9": 0, "shapley_value_10": 0.07564498980840047, "selection_10": 0, "shapley_value_11": 0.09457719326019287, "selection_11": 0, "shapley_value_12": 1.1172348014797486, "selection_12": 1, "shapley_value_13": 0.19716276441301617, "selection_13": 0, "shapley_value_14": 0.09679161012172699, "selection_14": 0, "shapley_value_15": 0.08814732730388641, "selection_15": 0, "shapley_value_16": 0.10204466183980306, "selection_16": 0, "shapley_value_17": 0.10304791397518581, "selection_17": 0, "shapley_value_18": 1.1145061304569237, "selection_18": 1, "shapley_value_19": 0.10618437528610229, "selection_19": 0, "_timestamp": 1687858440.7257993, "_runtime": 100.94329643249512, "_step": 99, "_wandb": {"runtime": 100}}