{"accuracy": 0.10439999401569366, "val_loss": 2.3147783279418945, "test_loss": 2.310803174972534, "_timestamp": 1688411566.8075304, "_runtime": 144.54730129241943, "_step": 99, "_wandb": {"runtime": 143}}