{"accuracy": 0.09699999541044235, "val_loss": 6.829296112060547, "test_loss": 6.8875603675842285, "shapley_value_0": 2.3301961546142897, "selection_0": 0, "shapley_value_1": 0, "selection_1": 0, "shapley_value_2": 5.209594891866049, "selection_2": 1, "shapley_value_3": 2.099437721804076, "selection_3": 0, "shapley_value_4": 0, "selection_4": 0, "shapley_value_5": 5.196063606275453, "selection_5": 1, "shapley_value_6": -0.6358680923779807, "selection_6": 0, "shapley_value_7": 4.405504483897405, "selection_7": 1, "shapley_value_8": 0, "selection_8": 0, "shapley_value_9": 0.6655951572789088, "selection_9": 0, "shapley_value_10": 2.187990097204844, "selection_10": 0, "shapley_value_11": -0.4102580944697065, "selection_11": 0, "shapley_value_12": -12.909101049105324, "selection_12": 0, "shapley_value_13": -5.975054780642191, "selection_13": 0, "shapley_value_14": -2.295926411946617, "selection_14": 0, "shapley_value_15": 2.287282243039873, "selection_15": 0, "shapley_value_16": 1.971042780315175, "selection_16": 0, "shapley_value_17": 2.869914230846223, "selection_17": 0, "shapley_value_18": -1.0713613231976833, "selection_18": 0, "shapley_value_19": 0, "selection_19": 0, "shapley_value_20": 1.6577883710463839, "selection_20": 0, "shapley_value_21": 5.3627836285602495, "selection_21": 1, "shapley_value_22": 0, "selection_22": 0, "shapley_value_23": 0.09080209996965216, "selection_23": 0, "shapley_value_24": -1.6974097788333893, "selection_24": 0, "shapley_value_25": -7.225690424442291, "selection_25": 0, "shapley_value_26": 0.6582592195934721, "selection_26": 0, "shapley_value_27": -0.25370003779729267, "selection_27": 0, "shapley_value_28": -3.3343162536621094, "selection_28": 0, "shapley_value_29": -8.175639828046162, "selection_29": 0, "shapley_value_30": 2.61434349115344, "selection_30": 0, "shapley_value_31": 2.562621061216322, "selection_31": 0, "shapley_value_32": 2.003130875882648, "selection_32": 0, "shapley_value_33": 0, "selection_33": 0, "shapley_value_34": 0.9889687448740005, "selection_34": 0, "shapley_value_35": -2.6136245528856925, "selection_35": 0, "shapley_value_36": 3.7582914237622864, "selection_36": 0, "shapley_value_37": 1.6987968087196352, "selection_37": 0, "shapley_value_38": -0.4500210324923195, "selection_38": 0, "shapley_value_39": 0, "selection_39": 0, "shapley_value_40": 1.4639847199122114, "selection_40": 0, "shapley_value_41": 0.9994222720464071, "selection_41": 0, "shapley_value_42": 3.362076189782885, "selection_42": 0, "shapley_value_43": 3.1895828550937133, "selection_43": 0, "shapley_value_44": 3.874985486268997, "selection_44": 1, "shapley_value_45": 0, "selection_45": 0, "shapley_value_46": 1.6233807956730872, "selection_46": 0, "shapley_value_47": -3.831202606360119, "selection_47": 0, "shapley_value_48": 0.4415284077326461, "selection_48": 0, "shapley_value_49": 2.6273123525284423, "selection_49": 0, "_timestamp": 1688388761.9579427, "_runtime": 106.44580268859863, "_step": 99, "_wandb": {"runtime": 104}}