{"accuracy": 0.1136000007390976, "val_loss": 13.046884536743164, "test_loss": 13.04541015625, "_timestamp": 1688028050.99595, "_runtime": 139.70553708076477, "_step": 99, "_wandb": {"runtime": 138}}