{"accuracy": 0.9365999698638916, "val_loss": 0.22953151166439056, "test_loss": 0.2153577357530594, "shapley_value_0": -1.713753658312338, "selection_0": 0, "shapley_value_1": -1.8099785634340386, "selection_1": 1, "shapley_value_2": -1.8297893544941237, "selection_2": 0, "shapley_value_3": -1.7828221502257329, "selection_3": 0, "shapley_value_4": -1.8547783231451394, "selection_4": 0, "shapley_value_5": -1.9437788985669615, "selection_5": 1, "shapley_value_6": -1.8968417329920662, "selection_6": 0, "shapley_value_7": -1.9257593254248297, "selection_7": 0, "shapley_value_8": -1.9276583393414817, "selection_8": 0, "shapley_value_9": -1.9195128486802182, "selection_9": 0, "shapley_value_10": -1.9188468952973683, "selection_10": 0, "shapley_value_11": -2.0166062386262986, "selection_11": 0, "shapley_value_12": -1.7178590406974155, "selection_12": 0, "shapley_value_13": -1.7960698455572128, "selection_13": 0, "shapley_value_14": -1.8299509110775865, "selection_14": 0, "shapley_value_15": -1.9887177475861137, "selection_15": 0, "shapley_value_16": -1.6028693859223966, "selection_16": 0, "shapley_value_17": -1.8005517346389368, "selection_17": 0, "shapley_value_18": -1.5628921866416932, "selection_18": 0, "shapley_value_19": -1.974210993697246, "selection_19": 0, "shapley_value_20": -1.948002933552771, "selection_20": 0, "shapley_value_21": -1.8132197947213142, "selection_21": 0, "shapley_value_22": -1.655718757460515, "selection_22": 0, "shapley_value_23": -1.8793378279164985, "selection_23": 0, "shapley_value_24": -1.8563723767345601, "selection_24": 0, "shapley_value_25": -1.8371748439967637, "selection_25": 0, "shapley_value_26": -1.9631429601598671, "selection_26": 0, "shapley_value_27": -1.9691223353147504, "selection_27": 0, "shapley_value_28": -1.7163430376185314, "selection_28": 0, "shapley_value_29": -1.8819955994685493, "selection_29": 0, "shapley_value_30": -1.8776415884494781, "selection_30": 0, "shapley_value_31": -1.946987484892209, "selection_31": 0, "shapley_value_32": -1.8266490305011922, "selection_32": 1, "shapley_value_33": -1.8417475273211792, "selection_33": 0, "shapley_value_34": -1.8087493325273196, "selection_34": 0, "shapley_value_35": -1.6794819335142772, "selection_35": 0, "shapley_value_36": -1.7883124589920047, "selection_36": 1, "shapley_value_37": -1.9045145402352013, "selection_37": 0, "shapley_value_38": -1.6696573259929817, "selection_38": 0, "shapley_value_39": -1.6493458855483265, "selection_39": 0, "_timestamp": 1688023296.3288352, "_runtime": 89.21633815765381, "_step": 99, "_wandb": {"runtime": 87}}