{"accuracy": 0.10239999741315842, "val_loss": 4.146005630493164, "test_loss": 4.200203895568848, "shapley_value_0": 0, "selection_0": 0, "shapley_value_1": 6.6785987774531055, "selection_1": 1, "shapley_value_2": 4.4596145026611556, "selection_2": 0, "shapley_value_3": 1.864466297957632, "selection_3": 0, "shapley_value_4": -0.7629482812351652, "selection_4": 0, "shapley_value_5": 2.2865632728294094, "selection_5": 0, "shapley_value_6": 0, "selection_6": 0, "shapley_value_7": 1.3656380302978284, "selection_7": 0, "shapley_value_8": 1.5170543871673885, "selection_8": 1, "shapley_value_9": 0.33447048068046603, "selection_9": 0, "shapley_value_10": 0, "selection_10": 0, "shapley_value_11": -4.729512830575306, "selection_11": 0, "shapley_value_12": 0.5677695936626854, "selection_12": 0, "shapley_value_13": -7.078783988952637, "selection_13": 0, "shapley_value_14": -3.877589265505474, "selection_14": 0, "shapley_value_15": 0.8325770696004229, "selection_15": 0, "shapley_value_16": 3.2211254819019417, "selection_16": 0, "shapley_value_17": 1.155994470472689, "selection_17": 0, "shapley_value_18": 4.655241874105111, "selection_18": 1, "shapley_value_19": -6.468292514483132, "selection_19": 0, "shapley_value_20": 2.159880521321538, "selection_20": 1, "shapley_value_21": 0, "selection_21": 0, "shapley_value_22": 1.7582822168866792, "selection_22": 1, "shapley_value_23": -1.4599333703517914, "selection_23": 0, "shapley_value_24": -5.226254761219025, "selection_24": 0, "shapley_value_25": -2.837219635645547, "selection_25": 0, "shapley_value_26": -2.4772322177886963, "selection_26": 0, "shapley_value_27": 2.775723990939912, "selection_27": 0, "shapley_value_28": 2.093772124553073, "selection_28": 0, "shapley_value_29": -4.900257845719654, "selection_29": 0, "shapley_value_30": 0, "selection_30": 0, "shapley_value_31": 1.5826592355063467, "selection_31": 0, "shapley_value_32": 1.0685751736164086, "selection_32": 0, "shapley_value_33": 2.167321844895681, "selection_33": 0, "shapley_value_34": 1.3013358538349467, "selection_34": 0, "shapley_value_35": -1.2849446833133689, "selection_35": 0, "shapley_value_36": 0.06659842530886229, "selection_36": 0, "shapley_value_37": 0, "selection_37": 0, "shapley_value_38": 0, "selection_38": 0, "shapley_value_39": 3.843665979305903, "selection_39": 0, "shapley_value_40": -1.5855012337366734, "selection_40": 0, "shapley_value_41": 0.6149715582529716, "selection_41": 0, "shapley_value_42": 0, "selection_42": 0, "shapley_value_43": 2.1432552665472033, "selection_43": 0, "shapley_value_44": 2.3695623217484894, "selection_44": 0, "shapley_value_45": -3.42940147717794, "selection_45": 0, "shapley_value_46": 2.2370220047456244, "selection_46": 0, "shapley_value_47": 0.7957929011547207, "selection_47": 0, "shapley_value_48": 0.2175129546838646, "selection_48": 0, "shapley_value_49": 1.8078869201920253, "selection_49": 0, "_timestamp": 1688392725.3700614, "_runtime": 114.02116537094116, "_step": 99, "_wandb": {"runtime": 112}}