{"accuracy": 0.8402854800224304, "val_loss": 0.5151769518852234, "test_loss": 0.517336368560791, "_timestamp": 1687973082.0345151, "_runtime": 78.15005302429199, "_step": 99, "_wandb": {"runtime": 76}}