{"accuracy": 0.0997999981045723, "val_loss": 5.937270164489746, "test_loss": 5.988799095153809, "shapley_value_0": -2.515500247478485, "selection_0": 0, "shapley_value_1": 2.515390612460949, "selection_1": 0, "shapley_value_2": 2.419682580011862, "selection_2": 0, "shapley_value_3": -1.734865228335062, "selection_3": 0, "shapley_value_4": 1.0723147723409865, "selection_4": 1, "shapley_value_5": 3.071157137552897, "selection_5": 0, "shapley_value_6": -2.7187732458114624, "selection_6": 0, "shapley_value_7": 1.9290987432003022, "selection_7": 0, "shapley_value_8": 1.3214077221022713, "selection_8": 0, "shapley_value_9": -10.695755302906036, "selection_9": 0, "shapley_value_10": -1.1813644965489702, "selection_10": 0, "shapley_value_11": 1.4879020344127305, "selection_11": 1, "shapley_value_12": -0.06175235410531332, "selection_12": 1, "shapley_value_13": -0.5903754383325576, "selection_13": 0, "shapley_value_14": -0.3798682424757229, "selection_14": 0, "shapley_value_15": 0, "selection_15": 0, "shapley_value_16": -0.354340404272079, "selection_16": 0, "shapley_value_17": 2.835901155806424, "selection_17": 0, "shapley_value_18": 2.908320380581749, "selection_18": 1, "shapley_value_19": -7.721038619677227, "selection_19": 0, "shapley_value_20": 1.716567077570491, "selection_20": 0, "shapley_value_21": -1.6681745549043017, "selection_21": 0, "shapley_value_22": -0.11693849166234305, "selection_22": 0, "shapley_value_23": -2.0540407299995413, "selection_23": 0, "shapley_value_24": -19.272212982177734, "selection_24": 0, "shapley_value_25": -5.580595036347708, "selection_25": 0, "shapley_value_26": -6.292321741580963, "selection_26": 0, "shapley_value_27": -3.1603416105111437, "selection_27": 0, "shapley_value_28": 1.7314686215285098, "selection_28": 0, "shapley_value_29": -3.320828100045521, "selection_29": 0, "shapley_value_30": 4.6648086439680165, "selection_30": 0, "shapley_value_31": -3.162862519423168, "selection_31": 0, "shapley_value_32": 1.4996512981883274, "selection_32": 0, "shapley_value_33": -0.9697361389795951, "selection_33": 0, "shapley_value_34": -11.567968666553497, "selection_34": 0, "shapley_value_35": -2.613623758157095, "selection_35": 0, "shapley_value_36": 2.830752954714828, "selection_36": 1, "shapley_value_37": 2.48845652739207, "selection_37": 0, "shapley_value_38": 0.9849864288612645, "selection_38": 0, "shapley_value_39": 2.4204898774623866, "selection_39": 0, "shapley_value_40": 1.0057678818702696, "selection_40": 0, "shapley_value_41": 0, "selection_41": 0, "shapley_value_42": 1.1149034367667303, "selection_42": 0, "shapley_value_43": 1.951459720730782, "selection_43": 0, "shapley_value_44": -2.6334773898124695, "selection_44": 0, "shapley_value_45": 1.2765490065018332, "selection_45": 0, "shapley_value_46": 0, "selection_46": 0, "shapley_value_47": 2.8319272005999534, "selection_47": 0, "shapley_value_48": -6.342124422391253, "selection_48": 0, "shapley_value_49": 3.1695535317445396, "selection_49": 0, "_timestamp": 1688389913.4024084, "_runtime": 112.35973238945007, "_step": 99, "_wandb": {"runtime": 110}}