{"accuracy": 0.9371999502182007, "val_loss": 0.23610444366931915, "test_loss": 0.22091920673847198, "shapley_value_0": 0.24502842404625633, "selection_0": 0, "shapley_value_1": 0.20410822147130964, "selection_1": 0, "shapley_value_2": 0.21649487587809563, "selection_2": 0, "shapley_value_3": 0.20670951443910593, "selection_3": 0, "shapley_value_4": 0.18502327834305016, "selection_4": 1, "shapley_value_5": 0.20523199531435962, "selection_5": 1, "shapley_value_6": 0.20270878320932387, "selection_6": 0, "shapley_value_7": 0.19845072998341762, "selection_7": 0, "shapley_value_8": 0.2732262823234002, "selection_8": 0, "shapley_value_9": 0.16730494712179864, "selection_9": 0, "shapley_value_10": 0.23018775871781072, "selection_10": 0, "shapley_value_11": 0.19909050976132092, "selection_11": 0, "shapley_value_12": 0.21227640670537945, "selection_12": 0, "shapley_value_13": 0.1900478362739086, "selection_13": 0, "shapley_value_14": 0.2162523357868194, "selection_14": 0, "shapley_value_15": 0.15281729118691548, "selection_15": 0, "shapley_value_16": 0.19960154756903645, "selection_16": 0, "shapley_value_17": 0.17815531508790122, "selection_17": 0, "shapley_value_18": 0.18896056804060932, "selection_18": 0, "shapley_value_19": 0.16629785004978861, "selection_19": 0, "shapley_value_20": 0.20752725258469584, "selection_20": 0, "shapley_value_21": 0.25581917772690455, "selection_21": 0, "shapley_value_22": 0.1739032488730219, "selection_22": 0, "shapley_value_23": 0.18042483445670868, "selection_23": 0, "shapley_value_24": 0.20377932888269426, "selection_24": 0, "shapley_value_25": 0.19265800988674167, "selection_25": 0, "shapley_value_26": 0.1880202551342939, "selection_26": 0, "shapley_value_27": 0.2104863851964474, "selection_27": 0, "shapley_value_28": 0.20419053667783732, "selection_28": 0, "shapley_value_29": 0.1930696082209286, "selection_29": 0, "shapley_value_30": 0.2644827835758527, "selection_30": 0, "shapley_value_31": 0.2513289559384187, "selection_31": 0, "shapley_value_32": 0.2165052921663631, "selection_32": 1, "shapley_value_33": 0.12731536842882635, "selection_33": 0, "shapley_value_34": 0.2109590111155259, "selection_34": 0, "shapley_value_35": 0.21448484495282175, "selection_35": 0, "shapley_value_36": 0.21620262789726255, "selection_36": 0, "shapley_value_37": 0.1745680853062206, "selection_37": 0, "shapley_value_38": 0.20143649002909658, "selection_38": 0, "shapley_value_39": 0.19351716536283498, "selection_39": 0, "shapley_value_40": 0.2258289178664034, "selection_40": 0, "shapley_value_41": 0.2052771586179733, "selection_41": 0, "shapley_value_42": 0.17980527228587553, "selection_42": 1, "shapley_value_43": 0.200158156901598, "selection_43": 0, "shapley_value_44": 0.1928315163254738, "selection_44": 0, "shapley_value_45": 0.22109724315730012, "selection_45": 1, "shapley_value_46": 0.15599893278545804, "selection_46": 0, "shapley_value_47": 0.137801791225609, "selection_47": 0, "shapley_value_48": 0.19658240959048276, "selection_48": 0, "shapley_value_49": 0.16853560172849233, "selection_49": 0, "shapley_value_50": 0.1952837080359459, "selection_50": 0, "shapley_value_51": 0.24811537523161278, "selection_51": 0, "shapley_value_52": 0.2145157395899296, "selection_52": 0, "shapley_value_53": 0.2092068212330341, "selection_53": 0, "shapley_value_54": 0.16673154668675533, "selection_54": 0, "shapley_value_55": 0.2063007771670818, "selection_55": 0, "shapley_value_56": 0.1960904735028744, "selection_56": 0, "shapley_value_57": 0.18427576556801795, "selection_57": 0, "shapley_value_58": 0.22744279689480817, "selection_58": 0, "shapley_value_59": 0.18306096594898325, "selection_59": 0, "shapley_value_60": 0.22965088495369737, "selection_60": 1, "shapley_value_61": 0.16483513477775782, "selection_61": 0, "shapley_value_62": 0.17126707762479784, "selection_62": 0, "shapley_value_63": 0.2099568031132221, "selection_63": 0, "shapley_value_64": 0.1646569063266118, "selection_64": 0, "shapley_value_65": 0.17939947800503833, "selection_65": 0, "shapley_value_66": 0.20381092298030853, "selection_66": 0, "shapley_value_67": 0.20956217604875566, "selection_67": 0, "shapley_value_68": 0.20540090015530582, "selection_68": 0, "shapley_value_69": 0.17965998954243131, "selection_69": 0, "shapley_value_70": 0.21473584589362144, "selection_70": 0, "shapley_value_71": 0.20196410435438156, "selection_71": 0, "shapley_value_72": 0.1783502820134163, "selection_72": 0, "shapley_value_73": 0.19395137989521027, "selection_73": 0, "shapley_value_74": 0.21403956770896912, "selection_74": 0, "shapley_value_75": 0.2125824246406555, "selection_75": 0, "shapley_value_76": 0.2505565827104606, "selection_76": 1, "shapley_value_77": 0.17392217148291436, "selection_77": 0, "shapley_value_78": 0.19451136990126813, "selection_78": 1, "shapley_value_79": 0.23241332043300977, "selection_79": 0, "shapley_value_80": 0.20699745118618013, "selection_80": 0, "shapley_value_81": 0.21519703352451325, "selection_81": 0, "shapley_value_82": 0.1937145847082138, "selection_82": 0, "shapley_value_83": 0.2445665911652825, "selection_83": 0, "shapley_value_84": 0.21240336436033247, "selection_84": 0, "shapley_value_85": 0.20679966461658475, "selection_85": 0, "shapley_value_86": 0.16541315943002705, "selection_86": 0, "shapley_value_87": 0.16964663942654926, "selection_87": 0, "shapley_value_88": 0.17215633299615649, "selection_88": 0, "shapley_value_89": 0.23471722697669806, "selection_89": 0, "shapley_value_90": 0.17289072228279728, "selection_90": 0, "shapley_value_91": 0.2137479346692562, "selection_91": 0, "shapley_value_92": 0.25423188080390297, "selection_92": 1, "shapley_value_93": 0.21022788277268406, "selection_93": 0, "shapley_value_94": 0.22330907534469258, "selection_94": 1, "shapley_value_95": 0.17440009209844806, "selection_95": 0, "shapley_value_96": 0.24523769988255062, "selection_96": 0, "shapley_value_97": 0.245248125617584, "selection_97": 0, "shapley_value_98": 0.1970120468437672, "selection_98": 0, "shapley_value_99": 0.20070011830329895, "selection_99": 0, "_timestamp": 1687955075.834687, "_runtime": 320.90906596183777, "_step": 99, "_wandb": {"runtime": 318}}