{"accuracy": 0.5044000148773193, "val_loss": 1.389500617980957, "test_loss": 1.3919321298599243, "_timestamp": 1687872043.656441, "_runtime": 165.5926649570465, "_step": 99, "_wandb": {"runtime": 164}}