{"accuracy": 0.9149999618530273, "val_loss": 0.3009249269962311, "test_loss": 0.2774357795715332, "_timestamp": 1687995567.2576668, "_runtime": 134.6176688671112, "_step": 99, "_wandb": {"runtime": 133}}