{"loss": 1.0094618797302246, "accuracy": 0.7603999972343445, "average_active_clients": 2.0, "_timestamp": 1687181333.3128638, "_runtime": 187.53739380836487, "_step": 99, "_wandb": {"runtime": 186}}