{"accuracy": 0.5109999775886536, "val_loss": 1.3624523878097534, "test_loss": 1.3811485767364502, "shapley_value_0": -0.6959212223688762, "selection_0": 0, "shapley_value_1": -0.6516082843144735, "selection_1": 0, "shapley_value_2": -0.688131586710612, "selection_2": 0, "shapley_value_3": -0.6858817219734192, "selection_3": 0, "shapley_value_4": -0.7075503110885621, "selection_4": 0, "shapley_value_5": -0.6894734819730123, "selection_5": 0, "shapley_value_6": -0.6733728090922039, "selection_6": 0, "shapley_value_7": -0.7254610538482666, "selection_7": 0, "shapley_value_8": -0.6901622692743937, "selection_8": 0, "shapley_value_9": -0.6977107604344683, "selection_9": 0, "shapley_value_10": -0.6942803303400676, "selection_10": 0, "shapley_value_11": -0.7354394515355428, "selection_11": 0, "shapley_value_12": -0.672598421573639, "selection_12": 0, "shapley_value_13": -0.7152047355969751, "selection_13": 0, "shapley_value_14": -0.6816162467002869, "selection_14": 0, "shapley_value_15": -0.7102638602256774, "selection_15": 0, "shapley_value_16": -0.7510456283887228, "selection_16": 0, "shapley_value_17": -0.7487825791041055, "selection_17": 0, "shapley_value_18": -0.7604018092155456, "selection_18": 0, "shapley_value_19": -0.692896823088328, "selection_19": 0, "shapley_value_20": -0.7234692295392356, "selection_20": 0, "shapley_value_21": -0.6609894037246707, "selection_21": 0, "shapley_value_22": -0.743948499361674, "selection_22": 0, "shapley_value_23": -0.7012100378672282, "selection_23": 0, "shapley_value_24": -0.7233605305353802, "selection_24": 0, "shapley_value_25": -0.722291100025177, "selection_25": 0, "shapley_value_26": -0.7373262484868366, "selection_26": 0, "shapley_value_27": -0.7312942345937095, "selection_27": 0, "shapley_value_28": -0.7337990880012513, "selection_28": 0, "shapley_value_29": -0.7607107877731322, "selection_29": 0, "shapley_value_30": -0.747539226214091, "selection_30": 0, "shapley_value_31": -0.7340167880058287, "selection_31": 0, "shapley_value_32": -0.7631188551584881, "selection_32": 1, "shapley_value_33": -0.7566444635391235, "selection_33": 0, "shapley_value_34": -0.7573596318562827, "selection_34": 0, "shapley_value_35": -0.7409565051396689, "selection_35": 0, "shapley_value_36": -0.7742386062939961, "selection_36": 1, "shapley_value_37": -0.7777472297350566, "selection_37": 1, "shapley_value_38": -0.7593100468317668, "selection_38": 0, "shapley_value_39": -0.7657363931337992, "selection_39": 1, "_timestamp": 1688030360.9867156, "_runtime": 105.54579448699951, "_step": 99, "_wandb": {"runtime": 94}}