{"accuracy": 0.920199990272522, "val_loss": 0.2915341854095459, "test_loss": 0.2678641974925995, "shapley_value_0": 0.001339249610900879, "selection_0": 0, "shapley_value_1": 0.0014864015579223633, "selection_1": 0, "shapley_value_2": 0.0008262491226196287, "selection_2": 0, "shapley_value_3": 0.0009643220901489255, "selection_3": 0, "shapley_value_4": 0.05859343290328979, "selection_4": 0, "shapley_value_5": 0.0013150882720947266, "selection_5": 0, "shapley_value_6": 0.0006693744659423828, "selection_6": 0, "shapley_value_7": 0.0005685853958129881, "selection_7": 0, "shapley_value_8": 0.0015222072601318356, "selection_8": 0, "shapley_value_9": 0.001719050407409668, "selection_9": 0, "shapley_value_10": 0.005137205123901367, "selection_10": 0, "shapley_value_11": 0.003821716308593751, "selection_11": 0, "shapley_value_12": 0.003709568977355957, "selection_12": 0, "shapley_value_13": 0.0023978757858276367, "selection_13": 0, "shapley_value_14": 0.05798026373511865, "selection_14": 0, "shapley_value_15": 0.0029185247421264645, "selection_15": 0, "shapley_value_16": 0.003526830673217773, "selection_16": 0, "shapley_value_17": 0.0038424348831176762, "selection_17": 0, "shapley_value_18": 0.003206310272216797, "selection_18": 0, "shapley_value_19": 0.0013746023178100586, "selection_19": 0, "shapley_value_20": 0.010659523010253906, "selection_20": 0, "shapley_value_21": 0.00499664783477783, "selection_21": 0, "shapley_value_22": 0.13128587126731872, "selection_22": 0, "shapley_value_23": 0.012465958595275878, "selection_23": 0, "shapley_value_24": 0.010939898490905759, "selection_24": 0, "shapley_value_25": 0.006235175132751465, "selection_25": 0, "shapley_value_26": 0.011877794265747072, "selection_26": 0, "shapley_value_27": 0.005818548202514648, "selection_27": 0, "shapley_value_28": 0.00889266014099121, "selection_28": 0, "shapley_value_29": 0.005635290145874023, "selection_29": 0, "shapley_value_30": -0.00017443456147846423, "selection_30": 0, "shapley_value_31": 0.0802401202917099, "selection_31": 0, "shapley_value_32": 0.06398834764957428, "selection_32": 0, "shapley_value_33": 0.010690145492553711, "selection_33": 0, "shapley_value_34": 0.01803696155548096, "selection_34": 0, "shapley_value_35": 0.01910208225250244, "selection_35": 0, "shapley_value_36": 0.0196815824508667, "selection_36": 0, "shapley_value_37": 0.011726188659667968, "selection_37": 0, "shapley_value_38": 0.01632853984832764, "selection_38": 0, "shapley_value_39": 0.20464263771916477, "selection_39": 1, "shapley_value_40": 0.08703219652175903, "selection_40": 0, "shapley_value_41": 0.022706575393676758, "selection_41": 0, "shapley_value_42": 0.03687569618225097, "selection_42": 0, "shapley_value_43": 0.028293833732604988, "selection_43": 0, "shapley_value_44": 0.02264834403991699, "selection_44": 0, "shapley_value_45": 0.03398445129394531, "selection_45": 0, "shapley_value_46": 0.017601985931396485, "selection_46": 0, "shapley_value_47": 0.024442052841186522, "selection_47": 0, "shapley_value_48": 0.018878002166748047, "selection_48": 0, "shapley_value_49": 0.019266872406005858, "selection_49": 0, "shapley_value_50": -0.0009158222298873099, "selection_50": 0, "shapley_value_51": 0.023715608119964596, "selection_51": 0, "shapley_value_52": 0.0442818546295166, "selection_52": 0, "shapley_value_53": 0.02324812889099121, "selection_53": 0, "shapley_value_54": 0.12332010447978975, "selection_54": 0, "shapley_value_55": 0.10554798543453216, "selection_55": 0, "shapley_value_56": 0.030735220909118656, "selection_56": 0, "shapley_value_57": 0.03921989679336548, "selection_57": 0, "shapley_value_58": 0.054055676460266114, "selection_58": 0, "shapley_value_59": 0.06982348203659056, "selection_59": 0, "shapley_value_60": 0.06974992990493774, "selection_60": 0, "shapley_value_61": 0.13058411359786992, "selection_61": 0, "shapley_value_62": 0.08300878286361693, "selection_62": 0, "shapley_value_63": 0.04785338878631592, "selection_63": 0, "shapley_value_64": 0.06993744373321535, "selection_64": 0, "shapley_value_65": 0.049741663932800294, "selection_65": 0, "shapley_value_66": 0.03539650917053223, "selection_66": 0, "shapley_value_67": 0.023603942394256592, "selection_67": 0, "shapley_value_68": 0.07392053604125974, "selection_68": 0, "shapley_value_69": 0.06136590242385864, "selection_69": 0, "shapley_value_70": 0.07106620788574217, "selection_70": 0, "shapley_value_71": -0.00021881806223016036, "selection_71": 0, "shapley_value_72": 0.06991415500640868, "selection_72": 0, "shapley_value_73": 0.1294264015398528, "selection_73": 0, "shapley_value_74": 0.06999707460403443, "selection_74": 0, "shapley_value_75": 0.050758812427520755, "selection_75": 0, "shapley_value_76": 0.08932296037673951, "selection_76": 0, "shapley_value_77": 0.10032878637313843, "selection_77": 0, "shapley_value_78": 0.10257975816726689, "selection_78": 0, "shapley_value_79": 0.08398416519165039, "selection_79": 0, "shapley_value_80": 0.20686395188172668, "selection_80": 1, "shapley_value_81": 0.13135346472263332, "selection_81": 0, "shapley_value_82": 0.20939456066402085, "selection_82": 1, "shapley_value_83": 0.06782599449157715, "selection_83": 0, "shapley_value_84": 0.11193212985992433, "selection_84": 0, "shapley_value_85": 0.0884978270530701, "selection_85": 0, "shapley_value_86": 0.09075069427490234, "selection_86": 0, "shapley_value_87": 0.2238678070041868, "selection_87": 1, "shapley_value_88": 0.08710041522979736, "selection_88": 0, "shapley_value_89": 0.22629058039188393, "selection_89": 1, "shapley_value_90": 0.10475701332092287, "selection_90": 0, "shapley_value_91": 0.12466958204905193, "selection_91": 0, "shapley_value_92": 0.2131235968931154, "selection_92": 1, "shapley_value_93": 0.2144187567600033, "selection_93": 1, "shapley_value_94": 0.07920714735984802, "selection_94": 0, "shapley_value_95": 0.13143763542175294, "selection_95": 0, "shapley_value_96": 0.2144347405339982, "selection_96": 1, "shapley_value_97": 0.2106110979581988, "selection_97": 1, "shapley_value_98": 0.22737143377463023, "selection_98": 1, "shapley_value_99": 0.10516286849975585, "selection_99": 0, "_timestamp": 1687906388.2898278, "_runtime": 327.1560778617859, "_step": 99, "_wandb": {"runtime": 325}}