{"accuracy": 0.8106098771095276, "val_loss": 0.5769708752632141, "test_loss": 0.5826022624969482, "shapley_value_0": -1.3214301737872038, "selection_0": 0, "shapley_value_1": -1.3291422795681724, "selection_1": 0, "shapley_value_2": -1.3153936055799325, "selection_2": 0, "shapley_value_3": -1.3081168860197068, "selection_3": 0, "shapley_value_4": -1.3477855685985451, "selection_4": 0, "shapley_value_5": -1.3348659702709742, "selection_5": 1, "shapley_value_6": -1.3153473880555893, "selection_6": 0, "shapley_value_7": -1.330225442137037, "selection_7": 1, "shapley_value_8": -1.3045366391157494, "selection_8": 0, "shapley_value_9": -1.3169516805145476, "selection_9": 0, "shapley_value_10": -1.3753751243154209, "selection_10": 0, "shapley_value_11": -1.331237373528657, "selection_11": 0, "shapley_value_12": -1.3302961114125378, "selection_12": 0, "shapley_value_13": -1.3387221671916822, "selection_13": 0, "shapley_value_14": -1.3421102543671926, "selection_14": 0, "shapley_value_15": -1.3302799948939565, "selection_15": 0, "shapley_value_16": -1.3478431502978008, "selection_16": 0, "shapley_value_17": -1.3295855142853477, "selection_17": 0, "shapley_value_18": -1.38946167911802, "selection_18": 1, "shapley_value_19": -1.333771930291102, "selection_19": 0, "shapley_value_20": -1.3447453070569921, "selection_20": 0, "shapley_value_21": -1.3763780026208787, "selection_21": 0, "shapley_value_22": -1.3660290298007784, "selection_22": 0, "shapley_value_23": -1.3142432061334448, "selection_23": 0, "shapley_value_24": -1.375063947268895, "selection_24": 0, "shapley_value_25": -1.3823476774351935, "selection_25": 0, "shapley_value_26": -1.33340138859219, "selection_26": 0, "shapley_value_27": -1.3121458925898115, "selection_27": 1, "shapley_value_28": -1.3356523293036002, "selection_28": 0, "shapley_value_29": -1.3518885374069214, "selection_29": 0, "shapley_value_30": -1.4121375759442647, "selection_30": 0, "shapley_value_31": -1.3667507994742623, "selection_31": 0, "shapley_value_32": -1.3197795779277117, "selection_32": 0, "shapley_value_33": -1.386242856582006, "selection_33": 0, "shapley_value_34": -1.3558814150315746, "selection_34": 0, "shapley_value_35": -1.4132614771525067, "selection_35": 0, "shapley_value_36": -1.4128457804520926, "selection_36": 0, "shapley_value_37": -1.3600778645939295, "selection_37": 0, "shapley_value_38": -1.3745651880900058, "selection_38": 0, "shapley_value_39": -1.3352505962053935, "selection_39": 0, "_timestamp": 1687970563.0013237, "_runtime": 79.8878927230835, "_step": 99, "_wandb": {"runtime": 78}}