{"accuracy": 0.1459999978542328, "val_loss": 3.310729742050171, "test_loss": 3.3774499893188477, "_timestamp": 1688397423.8305206, "_runtime": 95.90342354774475, "_step": 99, "_wandb": {"runtime": 94}}