{"accuracy": 0.8549898862838745, "val_loss": 0.45177924633026123, "test_loss": 0.45311909914016724, "shapley_value_0": -1.403564487894376, "selection_0": 0, "shapley_value_1": -1.367736371358236, "selection_1": 0, "shapley_value_2": -1.3569743891557058, "selection_2": 0, "shapley_value_3": -1.3304035256306328, "selection_3": 0, "shapley_value_4": -1.3845893422762554, "selection_4": 0, "shapley_value_5": -1.3996156056722002, "selection_5": 0, "shapley_value_6": -1.3618833045164744, "selection_6": 0, "shapley_value_7": -1.356828980644544, "selection_7": 0, "shapley_value_8": -1.3572279264529548, "selection_8": 0, "shapley_value_9": -1.367972453435262, "selection_9": 0, "shapley_value_10": -1.4359372854232786, "selection_10": 0, "shapley_value_11": -1.4284974733988443, "selection_11": 0, "shapley_value_12": -1.3728272517522178, "selection_12": 0, "shapley_value_13": -1.4193486005067826, "selection_13": 0, "shapley_value_14": -1.421964301665624, "selection_14": 0, "shapley_value_15": -1.4358641266822816, "selection_15": 0, "shapley_value_16": -1.432911245028178, "selection_16": 0, "shapley_value_17": -1.39512703816096, "selection_17": 0, "shapley_value_18": -1.4640716850757598, "selection_18": 0, "shapley_value_19": -1.3670550366242722, "selection_19": 0, "shapley_value_20": -1.4026105056206384, "selection_20": 0, "shapley_value_21": -1.4772867689530056, "selection_21": 0, "shapley_value_22": -1.454874203602473, "selection_22": 0, "shapley_value_23": -1.3603820661703743, "selection_23": 0, "shapley_value_24": -1.4736999203761418, "selection_24": 0, "shapley_value_25": -1.4868039270242055, "selection_25": 0, "shapley_value_26": -1.4972418546676636, "selection_26": 0, "shapley_value_27": -1.2593331187963486, "selection_27": 0, "shapley_value_28": -1.4003921071688334, "selection_28": 0, "shapley_value_29": -1.4747223109006882, "selection_29": 0, "shapley_value_30": -1.575397510329882, "selection_30": 1, "shapley_value_31": -1.4705198456843696, "selection_31": 0, "shapley_value_32": -1.383653712272644, "selection_32": 0, "shapley_value_33": -1.5109709113836287, "selection_33": 1, "shapley_value_34": -1.4487314701080323, "selection_34": 0, "shapley_value_35": -1.531635027130445, "selection_35": 1, "shapley_value_36": -1.5688204159339272, "selection_36": 1, "shapley_value_37": -1.4866469462712606, "selection_37": 0, "shapley_value_38": -1.5120999892552696, "selection_38": 0, "shapley_value_39": -1.4112394084533055, "selection_39": 0, "_timestamp": 1687971350.9423835, "_runtime": 83.30607652664185, "_step": 99, "_wandb": {"runtime": 81}}