{"loss": 2.253520965576172, "accuracy": 0.17419999837875366, "average_active_clients": 2.0, "_timestamp": 1686917882.1837776, "_runtime": 38.825647592544556, "_step": 399, "_wandb": {"runtime": 35}}