{"accuracy": 0.4975999891757965, "val_loss": 1.394180417060852, "test_loss": 1.413978934288025, "_timestamp": 1688033626.0984464, "_runtime": 100.74644041061401, "_step": 99, "_wandb": {"runtime": 99}}