{"accuracy": 0.1459999978542328, "val_loss": 2.8935861587524414, "test_loss": 2.9245150089263916, "_timestamp": 1688410203.045076, "_runtime": 139.89283800125122, "_step": 99, "_wandb": {"runtime": 138}}