{"accuracy": 0.925599992275238, "val_loss": 0.27792859077453613, "test_loss": 0.26056018471717834, "_timestamp": 1687992909.462426, "_runtime": 81.26004004478455, "_step": 99, "_wandb": {"runtime": 79}}