{"accuracy": 0.08259999752044678, "val_loss": 2.3102073669433594, "test_loss": 2.3100521564483643, "_timestamp": 1687996251.1195471, "_runtime": 133.25580024719238, "_step": 99, "_wandb": {"runtime": 131}}