{"loss": 0.2969101071357727, "accuracy": 0.9115999937057495, "average_active_clients": 2.0, "_timestamp": 1687263412.833121, "_runtime": 72.65641617774963, "_step": 99, "_wandb": {"runtime": 71}}