{"loss": 0.7553830146789551, "accuracy": 0.7429999709129333, "average_active_clients": 2.0, "_timestamp": 1686664753.962072, "_runtime": 9.381736993789673, "_step": 399, "_wandb": {"runtime": 7}}