{"accuracy": 0.9221999645233154, "val_loss": 0.27387601137161255, "test_loss": 0.2560904920101166, "shapley_value_0": -1.9493186451770643, "selection_0": 0, "shapley_value_1": -1.398181160291036, "selection_1": 0, "shapley_value_2": -2.0284189250734115, "selection_2": 0, "shapley_value_3": -2.028088718652725, "selection_3": 0, "shapley_value_4": -2.068389876021279, "selection_4": 0, "shapley_value_5": -1.9044268981174186, "selection_5": 0, "shapley_value_6": -1.9570209799390847, "selection_6": 0, "shapley_value_7": -1.895849695711425, "selection_7": 0, "shapley_value_8": -1.8205769956111908, "selection_8": 0, "shapley_value_9": -1.6490572318434715, "selection_9": 0, "shapley_value_10": -1.9926597211096018, "selection_10": 0, "shapley_value_11": -1.7885850460240333, "selection_11": 0, "shapley_value_12": -1.8471179091268113, "selection_12": 0, "shapley_value_13": -1.730395873387654, "selection_13": 1, "shapley_value_14": -1.9266142028349416, "selection_14": 0, "shapley_value_15": -1.840959976116816, "selection_15": 0, "shapley_value_16": -1.7574130319632013, "selection_16": 0, "shapley_value_17": -1.9146025280157726, "selection_17": 0, "shapley_value_18": -1.8489407668511073, "selection_18": 0, "shapley_value_19": -1.8618917029637556, "selection_19": 1, "shapley_value_20": -1.6502819520731764, "selection_20": 0, "shapley_value_21": -1.4890402257442477, "selection_21": 0, "shapley_value_22": -1.4219393350861287, "selection_22": 0, "shapley_value_23": -1.7082128679310833, "selection_23": 0, "shapley_value_24": -1.6716885413879004, "selection_24": 0, "shapley_value_25": -2.010341966152191, "selection_25": 0, "shapley_value_26": -2.0748727279050008, "selection_26": 0, "shapley_value_27": -1.6737062145363202, "selection_27": 0, "shapley_value_28": -1.5360973874727886, "selection_28": 0, "shapley_value_29": -1.8286847956478596, "selection_29": 0, "shapley_value_30": -1.4778411379366205, "selection_30": 0, "shapley_value_31": -2.0340244401068914, "selection_31": 0, "shapley_value_32": -1.5600863580520337, "selection_32": 0, "shapley_value_33": -1.6817409136356454, "selection_33": 0, "shapley_value_34": -1.8883966381351154, "selection_34": 0, "shapley_value_35": -1.9655185416340826, "selection_35": 1, "shapley_value_36": -1.8983641912539801, "selection_36": 0, "shapley_value_37": -1.8421216739548576, "selection_37": 0, "shapley_value_38": -1.7771642406781516, "selection_38": 0, "shapley_value_39": -1.9793598099991125, "selection_39": 1, "_timestamp": 1687991960.5206358, "_runtime": 74.2323317527771, "_step": 99, "_wandb": {"runtime": 72}}