{"accuracy": 0.8438198566436768, "val_loss": 0.4681461751461029, "test_loss": 0.4675016403198242, "shapley_value_0": -1.2222617440151444, "selection_0": 0, "shapley_value_1": -1.6265517717058011, "selection_1": 1, "shapley_value_2": -1.240284745891889, "selection_2": 0, "shapley_value_3": -1.408331018118631, "selection_3": 0, "shapley_value_4": -1.4507106101071394, "selection_4": 1, "shapley_value_5": -1.2410985463195379, "selection_5": 0, "shapley_value_6": -1.2291946715778772, "selection_6": 0, "shapley_value_7": -1.0624431133270265, "selection_7": 0, "shapley_value_8": -1.0659689903259277, "selection_8": 0, "shapley_value_9": -1.1411683907111487, "selection_9": 0, "shapley_value_10": -1.368395358324051, "selection_10": 1, "shapley_value_11": -1.460823056025383, "selection_11": 0, "shapley_value_12": -1.236584445944539, "selection_12": 0, "shapley_value_13": -1.48947994162639, "selection_13": 0, "shapley_value_14": -1.4144689308272467, "selection_14": 0, "shapley_value_15": -1.1247950593630471, "selection_15": 0, "shapley_value_16": -1.475572510844185, "selection_16": 0, "shapley_value_17": -1.3052226617222742, "selection_17": 0, "shapley_value_18": -1.4889797965685527, "selection_18": 0, "shapley_value_19": -1.0864868180619343, "selection_19": 0, "shapley_value_20": -1.0626403658817976, "selection_20": 0, "shapley_value_21": -1.2812952399253843, "selection_21": 0, "shapley_value_22": -1.4531808760431073, "selection_22": 0, "shapley_value_23": -0.6412335769696669, "selection_23": 0, "shapley_value_24": -1.3192349937227037, "selection_24": 0, "shapley_value_25": -1.3082471941456648, "selection_25": 0, "shapley_value_26": -1.2570750025056658, "selection_26": 0, "shapley_value_27": -1.0516991979546018, "selection_27": 0, "shapley_value_28": -0.9924657958926576, "selection_28": 0, "shapley_value_29": -1.3483583256602285, "selection_29": 0, "shapley_value_30": -1.2986032267411551, "selection_30": 0, "shapley_value_31": -1.2979843384689755, "selection_31": 0, "shapley_value_32": -1.00571671128273, "selection_32": 0, "shapley_value_33": -1.4786110979815326, "selection_33": 0, "shapley_value_34": -1.1367898045314686, "selection_34": 0, "shapley_value_35": -1.5470816805249168, "selection_35": 0, "shapley_value_36": -1.140962928533554, "selection_36": 0, "shapley_value_37": -1.2932843789458275, "selection_37": 0, "shapley_value_38": -1.3270038028558098, "selection_38": 0, "shapley_value_39": -1.380855952699979, "selection_39": 1, "_timestamp": 1687986029.032302, "_runtime": 72.48603081703186, "_step": 99, "_wandb": {"runtime": 70}}