{"accuracy": 0.09719999879598618, "val_loss": 3.7437942028045654, "test_loss": 3.8328065872192383, "shapley_value_0": 2.247966992855072, "selection_0": 1, "shapley_value_1": 2.9625613673839686, "selection_1": 1, "shapley_value_2": 2.599933949964386, "selection_2": 1, "shapley_value_3": 2.2037988053427804, "selection_3": 0, "shapley_value_4": -3.9501917163530997, "selection_4": 0, "shapley_value_5": 2.4063578416903817, "selection_5": 0, "shapley_value_6": -3.06063214937846, "selection_6": 0, "shapley_value_7": 3.6009839661916088, "selection_7": 0, "shapley_value_8": 0, "selection_8": 0, "shapley_value_9": -2.541532874107361, "selection_9": 0, "shapley_value_10": -2.097564617792764, "selection_10": 0, "shapley_value_11": 2.0412819087505336, "selection_11": 0, "shapley_value_12": -1.002463201681774, "selection_12": 0, "shapley_value_13": 1.8300460696220402, "selection_13": 0, "shapley_value_14": 0, "selection_14": 0, "shapley_value_15": 1.7350332316230321, "selection_15": 0, "shapley_value_16": 3.000293212866633, "selection_16": 1, "shapley_value_17": 1.8514575295978124, "selection_17": 0, "shapley_value_18": -0.6310939590136222, "selection_18": 0, "shapley_value_19": -16.721114953358967, "selection_19": 0, "shapley_value_20": 0, "selection_20": 0, "shapley_value_21": -4.162629961967468, "selection_21": 0, "shapley_value_22": 0, "selection_22": 0, "shapley_value_23": -0.3447778622309361, "selection_23": 0, "shapley_value_24": -3.423231561978657, "selection_24": 0, "shapley_value_25": -3.521055122216543, "selection_25": 0, "shapley_value_26": -5.560878634452823, "selection_26": 0, "shapley_value_27": 2.7101899084744145, "selection_27": 0, "shapley_value_28": 0, "selection_28": 0, "shapley_value_29": 0.6220282945368023, "selection_29": 0, "shapley_value_30": 0.9260958348001754, "selection_30": 0, "shapley_value_31": 1.6756693030160565, "selection_31": 0, "shapley_value_32": 2.1905532891933737, "selection_32": 0, "shapley_value_33": 2.298858645558357, "selection_33": 0, "shapley_value_34": 0, "selection_34": 0, "shapley_value_35": 0.9135635462072152, "selection_35": 0, "shapley_value_36": 0.05113338430722569, "selection_36": 0, "shapley_value_37": 2.0515614549318952, "selection_37": 1, "shapley_value_38": 0, "selection_38": 0, "shapley_value_39": 0, "selection_39": 0, "shapley_value_40": 2.453670026858647, "selection_40": 0, "shapley_value_41": 3.3091345191001893, "selection_41": 0, "shapley_value_42": 2.0353722230151843, "selection_42": 0, "shapley_value_43": 2.9058447659015654, "selection_43": 0, "shapley_value_44": 1.9940788679652741, "selection_44": 0, "shapley_value_45": -1.0382253527641314, "selection_45": 0, "shapley_value_46": 3.673973078529042, "selection_46": 0, "shapley_value_47": 1.7850661550958948, "selection_47": 0, "shapley_value_48": 0.3601920704046888, "selection_48": 0, "shapley_value_49": 0.7089822192986799, "selection_49": 0, "_timestamp": 1688389000.449195, "_runtime": 118.98180294036865, "_step": 99, "_wandb": {"runtime": 117}}