{"loss": 0.37485435605049133, "accuracy": 0.897599995136261, "average_active_clients": 2.0, "_timestamp": 1686668856.7286334, "_runtime": 21.076650381088257, "_step": 399, "_wandb": {"runtime": 19}}