{"accuracy": 0.1340000033378601, "val_loss": 2.8793623447418213, "test_loss": 2.9122190475463867, "_timestamp": 1688410351.5151613, "_runtime": 142.04641723632812, "_step": 99, "_wandb": {"runtime": 140}}