{"loss": 0.2922886312007904, "accuracy": 0.9143999814987183, "average_active_clients": 10.0, "_timestamp": 1687184952.3479548, "_runtime": 706.6385078430176, "_step": 99, "_wandb": {"runtime": 705}}