{"accuracy": 0.8374512791633606, "val_loss": 0.538605809211731, "test_loss": 0.5364965200424194, "shapley_value_0": -1.4543043871720633, "selection_0": 1, "shapley_value_1": -1.1548903144541245, "selection_1": 0, "shapley_value_2": -1.2627607271784829, "selection_2": 0, "shapley_value_3": -1.429931960999966, "selection_3": 0, "shapley_value_4": -1.510903040568034, "selection_4": 0, "shapley_value_5": -1.0753315976171782, "selection_5": 0, "shapley_value_6": -1.255137075216342, "selection_6": 0, "shapley_value_7": -1.1398655076821647, "selection_7": 0, "shapley_value_8": -1.274790221452713, "selection_8": 0, "shapley_value_9": -1.3950287227829299, "selection_9": 0, "shapley_value_10": -1.370980787277222, "selection_10": 0, "shapley_value_11": -1.3297397277571934, "selection_11": 0, "shapley_value_12": -1.265631166597207, "selection_12": 0, "shapley_value_13": -1.300496576008973, "selection_13": 0, "shapley_value_14": -1.4886159854275836, "selection_14": 0, "shapley_value_15": -1.3906432340542478, "selection_15": 0, "shapley_value_16": -1.3456003705660504, "selection_16": 0, "shapley_value_17": -1.193557718147834, "selection_17": 0, "shapley_value_18": -1.4685839066902795, "selection_18": 0, "shapley_value_19": -1.3802527646223706, "selection_19": 0, "shapley_value_20": -1.1390175563948495, "selection_20": 0, "shapley_value_21": -1.203065311207491, "selection_21": 0, "shapley_value_22": -1.3440404792626697, "selection_22": 1, "shapley_value_23": -1.1023883294491543, "selection_23": 0, "shapley_value_24": -1.5025610884030667, "selection_24": 0, "shapley_value_25": -1.2467298286932489, "selection_25": 0, "shapley_value_26": -1.5363290991101948, "selection_26": 0, "shapley_value_27": -1.051125146594702, "selection_27": 1, "shapley_value_28": -1.0433548269448458, "selection_28": 0, "shapley_value_29": -1.4023373325665793, "selection_29": 0, "shapley_value_30": -1.5351615523298583, "selection_30": 0, "shapley_value_31": -1.5075981020927431, "selection_31": 0, "shapley_value_32": -1.1776157256328699, "selection_32": 0, "shapley_value_33": -1.4531565457582476, "selection_33": 1, "shapley_value_34": -1.4355316360791526, "selection_34": 0, "shapley_value_35": -1.2282757500807446, "selection_35": 0, "shapley_value_36": -1.3291532331042821, "selection_36": 0, "shapley_value_37": -1.361759452356232, "selection_37": 0, "shapley_value_38": -1.1712906467608915, "selection_38": 0, "shapley_value_39": -1.1797239482402802, "selection_39": 0, "_timestamp": 1687986198.7527246, "_runtime": 76.29583764076233, "_step": 99, "_wandb": {"runtime": 74}}