{"accuracy": 0.0965999960899353, "val_loss": 6.465843200683594, "test_loss": 6.529822826385498, "shapley_value_0": 2.258124032368263, "selection_0": 1, "shapley_value_1": 2.2956978480021153, "selection_1": 0, "shapley_value_2": 1.7988473723332088, "selection_2": 0, "shapley_value_3": 1.634216368198395, "selection_3": 0, "shapley_value_4": -1.6838357845942182, "selection_4": 0, "shapley_value_5": 1.7845444440841676, "selection_5": 0, "shapley_value_6": 2.466657559076945, "selection_6": 0, "shapley_value_7": 1.4026616322688572, "selection_7": 0, "shapley_value_8": 2.0618130862712865, "selection_8": 0, "shapley_value_9": -0.2764567732810965, "selection_9": 0, "shapley_value_10": -4.632290641466778, "selection_10": 0, "shapley_value_11": -0.8651967843373622, "selection_11": 0, "shapley_value_12": -6.95024553934733, "selection_12": 0, "shapley_value_13": -0.5918044050534568, "selection_13": 0, "shapley_value_14": -15.13771446545919, "selection_14": 0, "shapley_value_15": 0, "selection_15": 0, "shapley_value_16": 3.5780651389024203, "selection_16": 1, "shapley_value_17": 1.7696587964892385, "selection_17": 0, "shapley_value_18": 3.6364754770483287, "selection_18": 0, "shapley_value_19": 0, "selection_19": 0, "shapley_value_20": -5.3950044314066545, "selection_20": 0, "shapley_value_21": 0.9283654938141505, "selection_21": 0, "shapley_value_22": 0, "selection_22": 0, "shapley_value_23": -5.819947302341461, "selection_23": 0, "shapley_value_24": 0, "selection_24": 0, "shapley_value_25": 0, "selection_25": 0, "shapley_value_26": -6.302211642265322, "selection_26": 0, "shapley_value_27": 1.6885606551927232, "selection_27": 0, "shapley_value_28": 2.481848359107971, "selection_28": 0, "shapley_value_29": 1.4938004811604833, "selection_29": 0, "shapley_value_30": 0.43372604747613264, "selection_30": 0, "shapley_value_31": 1.3732409278551732, "selection_31": 1, "shapley_value_32": 2.13512662195024, "selection_32": 0, "shapley_value_33": 2.243021884560586, "selection_33": 0, "shapley_value_34": 2.0800388793150586, "selection_34": 0, "shapley_value_35": -0.5554647545019786, "selection_35": 0, "shapley_value_36": 4.383755546940701, "selection_36": 1, "shapley_value_37": 0, "selection_37": 0, "shapley_value_38": 1.2331992288430533, "selection_38": 0, "shapley_value_39": 5.368686437606812, "selection_39": 0, "shapley_value_40": 0.6660003463427222, "selection_40": 0, "shapley_value_41": 4.63963352309333, "selection_41": 1, "shapley_value_42": 2.539870692292849, "selection_42": 0, "shapley_value_43": 2.2320715387662253, "selection_43": 0, "shapley_value_44": -3.1637262304623945, "selection_44": 0, "shapley_value_45": -0.5780337254206334, "selection_45": 0, "shapley_value_46": 0, "selection_46": 0, "shapley_value_47": 0.43648328383763646, "selection_47": 0, "shapley_value_48": -2.37450208266576, "selection_48": 0, "shapley_value_49": 2.0955914082350557, "selection_49": 0, "_timestamp": 1688394254.4104884, "_runtime": 108.71250247955322, "_step": 99, "_wandb": {"runtime": 107}}