{"accuracy": 0.9271999597549438, "val_loss": 0.2710079550743103, "test_loss": 0.25306782126426697, "shapley_value_0": 0.002702856063842773, "selection_0": 0, "shapley_value_1": 0.0016614484786987302, "selection_1": 0, "shapley_value_2": 0.0029052114486694336, "selection_2": 0, "shapley_value_3": 0.0051231193542480465, "selection_3": 0, "shapley_value_4": 0.0005973291397094727, "selection_4": 0, "shapley_value_5": 0.1855063763531772, "selection_5": 0, "shapley_value_6": 0.002075996398925781, "selection_6": 0, "shapley_value_7": 0.0031729745864868164, "selection_7": 0, "shapley_value_8": 0.0024739694595336905, "selection_8": 0, "shapley_value_9": 0.0023466682434082034, "selection_9": 0, "shapley_value_10": 0.009193429946899413, "selection_10": 0, "shapley_value_11": 0.009216623306274414, "selection_11": 0, "shapley_value_12": 0.0091283655166626, "selection_12": 0, "shapley_value_13": 0.00829315185546875, "selection_13": 0, "shapley_value_14": 0.015396246910095213, "selection_14": 0, "shapley_value_15": 0.010635128021240234, "selection_15": 0, "shapley_value_16": 0.004517517089843751, "selection_16": 0, "shapley_value_17": 0.007110872268676758, "selection_17": 0, "shapley_value_18": 0.010556120872497559, "selection_18": 0, "shapley_value_19": 0.00516425609588623, "selection_19": 0, "shapley_value_20": 0.010896134376525878, "selection_20": 0, "shapley_value_21": 0.22469317681448797, "selection_21": 0, "shapley_value_22": 0.014185972213745117, "selection_22": 0, "shapley_value_23": 0.019023561477661127, "selection_23": 0, "shapley_value_24": 0.013527688980102542, "selection_24": 0, "shapley_value_25": 0.012846050262451171, "selection_25": 0, "shapley_value_26": 0.1262438178062439, "selection_26": 0, "shapley_value_27": 0.018127951622009274, "selection_27": 0, "shapley_value_28": 0.08986753582954406, "selection_28": 0, "shapley_value_29": 0.021438159942626954, "selection_29": 0, "shapley_value_30": 0.0201142930984497, "selection_30": 0, "shapley_value_31": 0.2352258444183013, "selection_31": 1, "shapley_value_32": 0.02771977424621582, "selection_32": 0, "shapley_value_33": 0.01379751205444336, "selection_33": 0, "shapley_value_34": 0.017877402305603026, "selection_34": 0, "shapley_value_35": 0.08544813871383666, "selection_35": 0, "shapley_value_36": 0.09579492588837941, "selection_36": 0, "shapley_value_37": 0.06041283935308456, "selection_37": 0, "shapley_value_38": 0.0688209053874016, "selection_38": 0, "shapley_value_39": 0.14091959536075593, "selection_39": 1, "shapley_value_40": 0.22373108703839156, "selection_40": 1, "shapley_value_41": 0.2311737063713371, "selection_41": 1, "shapley_value_42": 0.2292881302400069, "selection_42": 1, "shapley_value_43": 0.0159227728843689, "selection_43": 0, "shapley_value_44": 0.02917059898376465, "selection_44": 0, "shapley_value_45": 0.023396062850952148, "selection_45": 0, "shapley_value_46": 0.12587840080261234, "selection_46": 0, "shapley_value_47": 0.21901394001050303, "selection_47": 0, "shapley_value_48": 0.2456607873439788, "selection_48": 1, "shapley_value_49": 0.09748350590467453, "selection_49": 0, "shapley_value_50": 0.0813087010383606, "selection_50": 0, "shapley_value_51": 0.10417378862698873, "selection_51": 0, "shapley_value_52": 0.03585196256637573, "selection_52": 0, "shapley_value_53": 0.12762855976819995, "selection_53": 0, "shapley_value_54": 0.16218543440103528, "selection_54": 0, "shapley_value_55": -0.0006591834520038805, "selection_55": 0, "shapley_value_56": 0.17319784909486774, "selection_56": 0, "shapley_value_57": 0.16256892174482346, "selection_57": 0, "shapley_value_58": 0.22050308095024196, "selection_58": 1, "shapley_value_59": 0.23455327398436404, "selection_59": 1, "shapley_value_60": 0.19927662461996076, "selection_60": 0, "shapley_value_61": 0.2106682936549187, "selection_61": 0, "shapley_value_62": 0.11710619926452635, "selection_62": 0, "shapley_value_63": 0.1503333352293287, "selection_63": 0, "shapley_value_64": 0.17510255217552184, "selection_64": 0, "shapley_value_65": 0.20516422831493872, "selection_65": 0, "shapley_value_66": 0.20126898792656991, "selection_66": 0, "shapley_value_67": 0.20257128915190697, "selection_67": 0, "shapley_value_68": 0.11071828921635946, "selection_68": 0, "shapley_value_69": 0.23433869574404012, "selection_69": 1, "shapley_value_70": 0.19103771424293517, "selection_70": 0, "shapley_value_71": 0.07959720793224517, "selection_71": 0, "shapley_value_72": 0.09252912878990173, "selection_72": 0, "shapley_value_73": 0.0825466537475586, "selection_73": 0, "shapley_value_74": 0.08423706024885178, "selection_74": 0, "shapley_value_75": 0.1489276691675186, "selection_75": 0, "shapley_value_76": 0.09115786284208299, "selection_76": 0, "shapley_value_77": 0.21425320640642045, "selection_77": 0, "shapley_value_78": 0.15252427434921265, "selection_78": 0, "shapley_value_79": 0.07697467841600117, "selection_79": 0, "shapley_value_80": 0.18337323945447018, "selection_80": 0, "shapley_value_81": 0.000759152173995972, "selection_81": 0, "shapley_value_82": 0.12978866770863534, "selection_82": 0, "shapley_value_83": 0.17804830861091617, "selection_83": 0, "shapley_value_84": 0.12823370665311812, "selection_84": 0, "shapley_value_85": 0.19062524593793428, "selection_85": 0, "shapley_value_86": 0.16210396426064627, "selection_86": 0, "shapley_value_87": -0.0008113321505094829, "selection_87": 0, "shapley_value_88": 0.15664125303427381, "selection_88": 0, "shapley_value_89": 0.22269259535614308, "selection_89": 1, "shapley_value_90": 0.13744728341698645, "selection_90": 0, "shapley_value_91": 0.12243582572853355, "selection_91": 0, "shapley_value_92": 0.19575102170308434, "selection_92": 0, "shapley_value_93": 0.20649863293170928, "selection_93": 0, "shapley_value_94": 0.09502209305763243, "selection_94": 0, "shapley_value_95": 0.17830359157449321, "selection_95": 0, "shapley_value_96": 0.14233090443046473, "selection_96": 0, "shapley_value_97": 0.202344576932882, "selection_97": 0, "shapley_value_98": 0.21773205123303718, "selection_98": 0, "shapley_value_99": 0.18816139037410418, "selection_99": 0, "_timestamp": 1687950518.2155006, "_runtime": 307.52494859695435, "_step": 99, "_wandb": {"runtime": 305}}