{"accuracy": 0.17479999363422394, "val_loss": 2.2294390201568604, "test_loss": 2.232436180114746, "_timestamp": 1687967545.6132946, "_runtime": 127.0220365524292, "_step": 99, "_wandb": {"runtime": 125}}