{"accuracy": 0.09719999879598618, "val_loss": 12.033430099487305, "test_loss": 12.150012969970703, "shapley_value_0": -1.513751924037934, "selection_0": 0, "shapley_value_1": 10.930963102637266, "selection_1": 1, "shapley_value_2": 0.2628079056739807, "selection_2": 0, "shapley_value_3": -0.12914141019185443, "selection_3": 0, "shapley_value_4": -2.384825050830841, "selection_4": 0, "shapley_value_5": -0.514114285508791, "selection_5": 0, "shapley_value_6": -4.000014225641886, "selection_6": 0, "shapley_value_7": 0.7835194567839299, "selection_7": 0, "shapley_value_8": 0.8185317516326887, "selection_8": 0, "shapley_value_9": 0.8546399474143982, "selection_9": 0, "shapley_value_10": -2.238028059403103, "selection_10": 0, "shapley_value_11": -2.5265521473354764, "selection_11": 0, "shapley_value_12": -9.217227538426718, "selection_12": 0, "shapley_value_13": -6.405528177817663, "selection_13": 0, "shapley_value_14": -2.2348419527212773, "selection_14": 0, "shapley_value_15": 0.2253127892812099, "selection_15": 0, "shapley_value_16": 10.043688337670432, "selection_16": 1, "shapley_value_17": -1.6230221788088492, "selection_17": 0, "shapley_value_18": 10.49486501194813, "selection_18": 1, "shapley_value_19": -2.8108818531036377, "selection_19": 0, "shapley_value_20": 0.321361710627873, "selection_20": 0, "shapley_value_21": 0.016535282135009766, "selection_21": 0, "shapley_value_22": -4.243572006622951, "selection_22": 0, "shapley_value_23": -0.8544178903102879, "selection_23": 0, "shapley_value_24": -3.0353138248125724, "selection_24": 0, "shapley_value_25": -1.7500538627306614, "selection_25": 0, "shapley_value_26": 0.10307093461354588, "selection_26": 0, "shapley_value_27": 0.8687714735666918, "selection_27": 0, "shapley_value_28": -2.71399035056432, "selection_28": 0, "shapley_value_29": -7.08693942427635, "selection_29": 0, "shapley_value_30": -0.5304705798625953, "selection_30": 0, "shapley_value_31": 0.08694463968276978, "selection_31": 0, "shapley_value_32": 0.11108125249544698, "selection_32": 0, "shapley_value_33": 0.13876511653264245, "selection_33": 0, "shapley_value_34": 0.6925597190856916, "selection_34": 0, "shapley_value_35": -5.362371246019999, "selection_35": 0, "shapley_value_36": 1.1686029746418907, "selection_36": 1, "shapley_value_37": 0.15876964728037457, "selection_37": 0, "shapley_value_38": -2.593791782855988, "selection_38": 0, "shapley_value_39": 11.287462902132162, "selection_39": 1, "shapley_value_40": -0.6096870899200444, "selection_40": 0, "shapley_value_41": -1.7702952226003017, "selection_41": 0, "shapley_value_42": 0.022287348906198545, "selection_42": 0, "shapley_value_43": -0.24516067902247052, "selection_43": 0, "shapley_value_44": 1.10162749933818, "selection_44": 0, "shapley_value_45": -2.415654281775156, "selection_45": 0, "shapley_value_46": -9.28871081272761, "selection_46": 0, "shapley_value_47": -2.65569073955218, "selection_47": 0, "shapley_value_48": -1.3715860446294137, "selection_48": 0, "shapley_value_49": -4.479145606358845, "selection_49": 0, "_timestamp": 1688378691.0510845, "_runtime": 101.93404960632324, "_step": 99, "_wandb": {"runtime": 100}}