{"accuracy": 0.09699999541044235, "val_loss": 4.412035942077637, "test_loss": 4.502597808837891, "shapley_value_0": 2.6361162269556964, "selection_0": 0, "shapley_value_1": 3.4103781386863354, "selection_1": 1, "shapley_value_2": 2.223847173008264, "selection_2": 0, "shapley_value_3": 2.039047465437935, "selection_3": 0, "shapley_value_4": 0.6939542832828699, "selection_4": 0, "shapley_value_5": 2.5393845102061396, "selection_5": 0, "shapley_value_6": 0, "selection_6": 0, "shapley_value_7": 0, "selection_7": 0, "shapley_value_8": -0.5639486114184065, "selection_8": 0, "shapley_value_9": -5.058464805285135, "selection_9": 0, "shapley_value_10": 1.3667271335919704, "selection_10": 0, "shapley_value_11": 1.8199475831455656, "selection_11": 0, "shapley_value_12": 0, "selection_12": 0, "shapley_value_13": -3.7705730597178153, "selection_13": 0, "shapley_value_14": 0.6411307901144029, "selection_14": 0, "shapley_value_15": 1.6713003136894913, "selection_15": 0, "shapley_value_16": 3.5623346781730665, "selection_16": 1, "shapley_value_17": 2.2731309380796225, "selection_17": 0, "shapley_value_18": 5.210890978574753, "selection_18": 1, "shapley_value_19": 0, "selection_19": 0, "shapley_value_20": 1.8588421857147888, "selection_20": 0, "shapley_value_21": 0, "selection_21": 0, "shapley_value_22": 1.69649428901849, "selection_22": 0, "shapley_value_23": -6.895654797554014, "selection_23": 0, "shapley_value_24": 0, "selection_24": 0, "shapley_value_25": 0, "selection_25": 0, "shapley_value_26": -4.449912687142689, "selection_26": 0, "shapley_value_27": 2.6053951223691305, "selection_27": 0, "shapley_value_28": 2.1107237915198005, "selection_28": 0, "shapley_value_29": 1.2810074726740521, "selection_29": 0, "shapley_value_30": 4.155888198387056, "selection_30": 0, "shapley_value_31": 0, "selection_31": 0, "shapley_value_32": 0, "selection_32": 0, "shapley_value_33": 0, "selection_33": 0, "shapley_value_34": 2.105991177260876, "selection_34": 0, "shapley_value_35": -7.073187092940016, "selection_35": 0, "shapley_value_36": 0, "selection_36": 0, "shapley_value_37": 0, "selection_37": 0, "shapley_value_38": 1.0964128408167098, "selection_38": 0, "shapley_value_39": 3.0826455640599013, "selection_39": 0, "shapley_value_40": 1.30368439356486, "selection_40": 0, "shapley_value_41": 0, "selection_41": 0, "shapley_value_42": 1.9998333056767776, "selection_42": 0, "shapley_value_43": 1.834343793491522, "selection_43": 1, "shapley_value_44": -0.47717289129892926, "selection_44": 0, "shapley_value_45": 0, "selection_45": 0, "shapley_value_46": 2.603974515046829, "selection_46": 0, "shapley_value_47": 1.4049801230430596, "selection_47": 1, "shapley_value_48": 0.9518360892931617, "selection_48": 0, "shapley_value_49": -0.9073201219240818, "selection_49": 0, "_timestamp": 1688389676.673588, "_runtime": 103.45239496231079, "_step": 99, "_wandb": {"runtime": 100}}