{"accuracy": 0.1305999904870987, "val_loss": 3.540811777114868, "test_loss": 3.5745747089385986, "_timestamp": 1688408387.2343152, "_runtime": 145.94067525863647, "_step": 99, "_wandb": {"runtime": 144}}