{"accuracy": 0.09699999541044235, "val_loss": 4.706441879272461, "test_loss": 4.7451910972595215, "shapley_value_0": -5.810733755429585, "selection_0": 0, "shapley_value_1": 3.9579389895793873, "selection_1": 0, "shapley_value_2": 1.1261908332506814, "selection_2": 1, "shapley_value_3": 0.8805194331539999, "selection_3": 0, "shapley_value_4": -1.2958300908406573, "selection_4": 0, "shapley_value_5": 1.707315201109106, "selection_5": 0, "shapley_value_6": -3.260857065518696, "selection_6": 0, "shapley_value_7": 1.2345068710190907, "selection_7": 0, "shapley_value_8": -2.5395433108011876, "selection_8": 0, "shapley_value_9": -1.6051527957121516, "selection_9": 0, "shapley_value_10": -6.4038454095522575, "selection_10": 0, "shapley_value_11": 1.1816885239548154, "selection_11": 0, "shapley_value_12": -1.3075144092241926, "selection_12": 0, "shapley_value_13": -0.6999869346618661, "selection_13": 0, "shapley_value_14": 0.2590386072794595, "selection_14": 0, "shapley_value_15": 2.0516127311822143, "selection_15": 1, "shapley_value_16": 0, "selection_16": 0, "shapley_value_17": 1.1851625928172358, "selection_17": 0, "shapley_value_18": 4.004337662964865, "selection_18": 1, "shapley_value_19": -9.86129375298818, "selection_19": 0, "shapley_value_20": -0.9499372045199079, "selection_20": 0, "shapley_value_21": -5.4804688692092896, "selection_21": 0, "shapley_value_22": 0.8313874855185998, "selection_22": 0, "shapley_value_23": -5.321233153343201, "selection_23": 0, "shapley_value_24": -5.961514413356783, "selection_24": 0, "shapley_value_25": -1.5020090341567989, "selection_25": 0, "shapley_value_26": -3.2154273192087803, "selection_26": 0, "shapley_value_27": 2.781381427639663, "selection_27": 0, "shapley_value_28": 1.0144016385078434, "selection_28": 0, "shapley_value_29": 0, "selection_29": 0, "shapley_value_30": 0, "selection_30": 0, "shapley_value_31": 0, "selection_31": 0, "shapley_value_32": 1.679306674694669, "selection_32": 0, "shapley_value_33": 1.7760829329490664, "selection_33": 0, "shapley_value_34": 0.6923040151596069, "selection_34": 0, "shapley_value_35": -1.5302395357025997, "selection_35": 0, "shapley_value_36": 4.062410257342791, "selection_36": 1, "shapley_value_37": 0, "selection_37": 0, "shapley_value_38": 1.8295250982046136, "selection_38": 0, "shapley_value_39": 4.210212275716996, "selection_39": 1, "shapley_value_40": -6.268808563550309, "selection_40": 0, "shapley_value_41": 0, "selection_41": 0, "shapley_value_42": 0, "selection_42": 0, "shapley_value_43": -9.335034092267357, "selection_43": 0, "shapley_value_44": 1.9421201845010123, "selection_44": 0, "shapley_value_45": 1.59701641400655, "selection_45": 0, "shapley_value_46": 0, "selection_46": 0, "shapley_value_47": 0.5753388683001202, "selection_47": 0, "shapley_value_48": -3.665219247341156, "selection_48": 0, "shapley_value_49": 2.115342705677717, "selection_49": 0, "_timestamp": 1688385635.9125512, "_runtime": 108.69962525367737, "_step": 99, "_wandb": {"runtime": 107}}