{"accuracy": 0.8263146281242371, "val_loss": 0.5325406193733215, "test_loss": 0.5339565277099609, "shapley_value_0": -1.340233691036701, "selection_0": 0, "shapley_value_1": -1.4624845746791726, "selection_1": 1, "shapley_value_2": -1.2981099963188174, "selection_2": 0, "shapley_value_3": -1.0343902721291498, "selection_3": 1, "shapley_value_4": -1.2590261856714882, "selection_4": 0, "shapley_value_5": -1.3457726547212312, "selection_5": 0, "shapley_value_6": -1.3905944749712944, "selection_6": 0, "shapley_value_7": -1.5310875301559768, "selection_7": 0, "shapley_value_8": -1.1231430371602376, "selection_8": 0, "shapley_value_9": -1.4484884755478962, "selection_9": 0, "shapley_value_10": -1.1843497809909642, "selection_10": 0, "shapley_value_11": -1.275964897303354, "selection_11": 0, "shapley_value_12": -1.2990660922867912, "selection_12": 0, "shapley_value_13": -1.2462684075037636, "selection_13": 0, "shapley_value_14": -1.3119606750982777, "selection_14": 0, "shapley_value_15": -1.2613974159414119, "selection_15": 1, "shapley_value_16": -1.3285342210378406, "selection_16": 0, "shapley_value_17": -1.50887957767204, "selection_17": 0, "shapley_value_18": -1.274115065733592, "selection_18": 0, "shapley_value_19": -1.3134639039635656, "selection_19": 0, "shapley_value_20": -1.4292965014775594, "selection_20": 0, "shapley_value_21": -1.355569928222232, "selection_21": 0, "shapley_value_22": -1.2811279329988694, "selection_22": 0, "shapley_value_23": -1.0765405975136102, "selection_23": 0, "shapley_value_24": -1.1138314565022789, "selection_24": 0, "shapley_value_25": -1.1049701650937396, "selection_25": 0, "shapley_value_26": -1.2661246409018834, "selection_26": 0, "shapley_value_27": -1.0268105112370993, "selection_27": 0, "shapley_value_28": -1.2759898341063296, "selection_28": 0, "shapley_value_29": -1.3860919624567032, "selection_29": 0, "shapley_value_30": -1.5684846863150597, "selection_30": 0, "shapley_value_31": -1.1027572274208068, "selection_31": 0, "shapley_value_32": -1.3080171509222551, "selection_32": 1, "shapley_value_33": -1.2773907723880948, "selection_33": 0, "shapley_value_34": -1.3961990724007287, "selection_34": 0, "shapley_value_35": -1.5468234936396281, "selection_35": 0, "shapley_value_36": -1.2374704622087027, "selection_36": 0, "shapley_value_37": -1.313924809296926, "selection_37": 0, "shapley_value_38": -1.4290763565472198, "selection_38": 0, "shapley_value_39": -1.342262202501297, "selection_39": 0, "_timestamp": 1687971445.8391643, "_runtime": 87.8100733757019, "_step": 99, "_wandb": {"runtime": 86}}