{"accuracy": 0.4755999743938446, "val_loss": 1.470085859298706, "test_loss": 1.503078818321228, "shapley_value_0": -0.715177849487022, "selection_0": 0, "shapley_value_1": -0.16440591268372118, "selection_1": 1, "shapley_value_2": -1.045461268652053, "selection_2": 0, "shapley_value_3": -0.7680352642422631, "selection_3": 0, "shapley_value_4": -0.8409558455149334, "selection_4": 0, "shapley_value_5": -0.7972833050621881, "selection_5": 0, "shapley_value_6": -1.0086009899775188, "selection_6": 0, "shapley_value_7": -0.9680002927780155, "selection_7": 0, "shapley_value_8": -0.9122316559155784, "selection_8": 0, "shapley_value_9": -0.8894916816993997, "selection_9": 0, "shapley_value_10": -0.9456831763188043, "selection_10": 0, "shapley_value_11": -0.8394657323757808, "selection_11": 0, "shapley_value_12": -0.5525647308312212, "selection_12": 0, "shapley_value_13": -0.5297877043485644, "selection_13": 0, "shapley_value_14": -0.6459659394763761, "selection_14": 0, "shapley_value_15": -0.9478274742762249, "selection_15": 0, "shapley_value_16": -0.5370021572819463, "selection_16": 0, "shapley_value_17": -0.9953547636667889, "selection_17": 0, "shapley_value_18": -1.2919185414458765, "selection_18": 0, "shapley_value_19": -0.8074826929304333, "selection_19": 1, "shapley_value_20": -0.5517526467641193, "selection_20": 0, "shapley_value_21": -0.2932822704315188, "selection_21": 0, "shapley_value_22": -0.3762483380057594, "selection_22": 0, "shapley_value_23": -0.5262959881832723, "selection_23": 0, "shapley_value_24": -0.6632862715494066, "selection_24": 0, "shapley_value_25": -0.917219956715902, "selection_25": 1, "shapley_value_26": -1.3314582109451292, "selection_26": 0, "shapley_value_27": -0.42105274995168057, "selection_27": 0, "shapley_value_28": -0.18811211100331057, "selection_28": 0, "shapley_value_29": -0.9864043076833088, "selection_29": 0, "shapley_value_30": -0.243251887957255, "selection_30": 0, "shapley_value_31": -1.190892120202382, "selection_31": 0, "shapley_value_32": 0.0669781557718913, "selection_32": 1, "shapley_value_33": -0.6701723734537761, "selection_33": 0, "shapley_value_34": -0.42688024441401173, "selection_34": 0, "shapley_value_35": -0.5116965770721433, "selection_35": 0, "shapley_value_36": -0.6514114024592382, "selection_36": 0, "shapley_value_37": -0.5051905777719287, "selection_37": 0, "shapley_value_38": -0.2722976463181634, "selection_38": 0, "shapley_value_39": -0.772504773404863, "selection_39": 0, "_timestamp": 1687961432.5291507, "_runtime": 83.14421272277832, "_step": 99, "_wandb": {"runtime": 81}}