{"loss": 0.35402753949165344, "accuracy": 0.9021999835968018, "average_active_clients": 10.0, "_timestamp": 1686666979.658331, "_runtime": 26.423079013824463, "_step": 399, "_wandb": {"runtime": 24}}