{"accuracy": 0.09719999879598618, "val_loss": 13.564262390136719, "test_loss": 13.715384483337402, "shapley_value_0": -0.9222380518913276, "selection_0": 0, "shapley_value_1": 10.5139505742042, "selection_1": 1, "shapley_value_2": 0.48169803619384766, "selection_2": 0, "shapley_value_3": 0.014869987964630127, "selection_3": 0, "shapley_value_4": -3.019910037517544, "selection_4": 0, "shapley_value_5": -2.0003023395935697, "selection_5": 0, "shapley_value_6": -4.4757626950740805, "selection_6": 0, "shapley_value_7": 0.2543866733709965, "selection_7": 0, "shapley_value_8": -6.864250252644221, "selection_8": 0, "shapley_value_9": 0.3719227910041809, "selection_9": 0, "shapley_value_10": -1.437820494174958, "selection_10": 0, "shapley_value_11": -2.0556032657623295, "selection_11": 0, "shapley_value_12": -8.36107165614764, "selection_12": 0, "shapley_value_13": -5.936570952335996, "selection_13": 0, "shapley_value_14": -2.7699630955855046, "selection_14": 0, "shapley_value_15": 0.13707311948140521, "selection_15": 0, "shapley_value_16": 9.806385083772517, "selection_16": 1, "shapley_value_17": -3.7938912709554033, "selection_17": 0, "shapley_value_18": 10.05045003736462, "selection_18": 1, "shapley_value_19": -2.940216342608135, "selection_19": 0, "shapley_value_20": 0.8478876252969112, "selection_20": 0, "shapley_value_21": -0.06460090478261282, "selection_21": 0, "shapley_value_22": -2.7175966633690725, "selection_22": 0, "shapley_value_23": -0.10772297779718976, "selection_23": 0, "shapley_value_24": -3.366342782974243, "selection_24": 0, "shapley_value_25": -2.203815519809723, "selection_25": 0, "shapley_value_26": 0.4214422504107156, "selection_26": 0, "shapley_value_27": 5.915764890197251, "selection_27": 1, "shapley_value_28": -1.2500822279188366, "selection_28": 0, "shapley_value_29": -6.524924208720522, "selection_29": 0, "shapley_value_30": -1.162578314542769, "selection_30": 0, "shapley_value_31": -0.4870701233545951, "selection_31": 0, "shapley_value_32": -0.5775669515132915, "selection_32": 0, "shapley_value_33": -1.1931804219881688, "selection_33": 0, "shapley_value_34": 1.3045196831226353, "selection_34": 0, "shapley_value_35": -5.173110842704773, "selection_35": 0, "shapley_value_36": 2.519726144545007, "selection_36": 0, "shapley_value_37": -3.2710129088825646, "selection_37": 0, "shapley_value_38": -7.236476331949236, "selection_38": 0, "shapley_value_39": 10.584183198948427, "selection_39": 1, "shapley_value_40": -0.4531974395116172, "selection_40": 0, "shapley_value_41": -0.07830501596132988, "selection_41": 0, "shapley_value_42": 0.11018049716949463, "selection_42": 0, "shapley_value_43": -0.12192306915919016, "selection_43": 0, "shapley_value_44": 1.8936833165310045, "selection_44": 0, "shapley_value_45": -2.0469622413317357, "selection_45": 0, "shapley_value_46": -7.190631459156673, "selection_46": 0, "shapley_value_47": -2.6795023679733276, "selection_47": 0, "shapley_value_48": -1.841974616050721, "selection_48": 0, "shapley_value_49": 0.15948159164852616, "selection_49": 0, "_timestamp": 1688382192.7627144, "_runtime": 109.72388935089111, "_step": 99, "_wandb": {"runtime": 108}}