{"accuracy": 0.4611999988555908, "val_loss": 1.4953175783157349, "test_loss": 1.5185489654541016, "_timestamp": 1688035177.3054774, "_runtime": 141.7053143978119, "_step": 99, "_wandb": {"runtime": 140}}