{"accuracy": 0.10260000079870224, "val_loss": 3.5639729499816895, "test_loss": 3.5765230655670166, "_timestamp": 1688400636.6311095, "_runtime": 95.95100235939026, "_step": 99, "_wandb": {"runtime": 94}}