{"accuracy": 0.8315828442573547, "val_loss": 0.5255827903747559, "test_loss": 0.5211729407310486, "shapley_value_0": -1.5799001720216541, "selection_0": 0, "shapley_value_1": -1.1225007353005585, "selection_1": 0, "shapley_value_2": -1.1300119896729786, "selection_2": 0, "shapley_value_3": -1.0525236825148265, "selection_3": 0, "shapley_value_4": -1.3730294596065173, "selection_4": 0, "shapley_value_5": -1.3102986897741045, "selection_5": 0, "shapley_value_6": -1.4390389628899407, "selection_6": 0, "shapley_value_7": -1.460239018454696, "selection_7": 0, "shapley_value_8": -1.2493059743534436, "selection_8": 0, "shapley_value_9": -1.0444112275585984, "selection_9": 0, "shapley_value_10": -1.1897784692269784, "selection_10": 0, "shapley_value_11": -1.4028890464040966, "selection_11": 1, "shapley_value_12": -1.4906496637397344, "selection_12": 0, "shapley_value_13": -1.2408459339386377, "selection_13": 0, "shapley_value_14": -1.272237109832275, "selection_14": 0, "shapley_value_15": -1.4235860847291495, "selection_15": 0, "shapley_value_16": -1.4419393738110862, "selection_16": 0, "shapley_value_17": -1.133129652341207, "selection_17": 1, "shapley_value_18": -1.1234256603099682, "selection_18": 0, "shapley_value_19": -1.4008130788803101, "selection_19": 0, "shapley_value_20": -1.1091261323955324, "selection_20": 0, "shapley_value_21": -1.2125406159294976, "selection_21": 0, "shapley_value_22": -1.3620283663272856, "selection_22": 1, "shapley_value_23": -1.374288764866915, "selection_23": 1, "shapley_value_24": -1.389484808300481, "selection_24": 0, "shapley_value_25": -1.5134433816980435, "selection_25": 0, "shapley_value_26": -1.257161356153942, "selection_26": 0, "shapley_value_27": -1.1931315792931454, "selection_27": 0, "shapley_value_28": -0.9509061773618063, "selection_28": 0, "shapley_value_29": -1.4439107908142939, "selection_29": 0, "shapley_value_30": -1.6553283857576773, "selection_30": 0, "shapley_value_31": -1.6182885448137925, "selection_31": 0, "shapley_value_32": -1.1482400551990226, "selection_32": 0, "shapley_value_33": -1.1147109031677247, "selection_33": 0, "shapley_value_34": -1.2229263236125312, "selection_34": 0, "shapley_value_35": -1.4563768826998198, "selection_35": 0, "shapley_value_36": -1.1070263527688526, "selection_36": 0, "shapley_value_37": -1.4588290033517062, "selection_37": 0, "shapley_value_38": -1.329045799043443, "selection_38": 0, "shapley_value_39": -1.2690771698951722, "selection_39": 0, "_timestamp": 1687986444.3045335, "_runtime": 75.42053937911987, "_step": 99, "_wandb": {"runtime": 73}}