{"accuracy": 0.9279999732971191, "val_loss": 0.27121055126190186, "test_loss": 0.2506067752838135, "shapley_value_0": 0.00047449111938476564, "selection_0": 0, "shapley_value_1": 0.0011332368850708009, "selection_1": 0, "shapley_value_2": 0.05878181517124178, "selection_2": 0, "shapley_value_3": 0.0007240104675292968, "selection_3": 0, "shapley_value_4": 0.0019823884963989253, "selection_4": 0, "shapley_value_5": 0.0005872678756713871, "selection_5": 0, "shapley_value_6": 0.0004400491714477539, "selection_6": 0, "shapley_value_7": 0.002257285118103027, "selection_7": 0, "shapley_value_8": 0.00034255027770996094, "selection_8": 0, "shapley_value_9": 0.0009082269668579102, "selection_9": 0, "shapley_value_10": 0.0051451921463012695, "selection_10": 0, "shapley_value_11": 0.005276765823364258, "selection_11": 0, "shapley_value_12": 0.002293896675109863, "selection_12": 0, "shapley_value_13": 0.003105301856994629, "selection_13": 0, "shapley_value_14": -0.0002663261012027138, "selection_14": 0, "shapley_value_15": 0.005070557594299316, "selection_15": 0, "shapley_value_16": 0.003535280227661133, "selection_16": 0, "shapley_value_17": 0.0031516218185424806, "selection_17": 0, "shapley_value_18": 0.003138918876647949, "selection_18": 0, "shapley_value_19": 0.07445091485977172, "selection_19": 0, "shapley_value_20": 0.006149611473083496, "selection_20": 0, "shapley_value_21": 0.0049323177337646466, "selection_21": 0, "shapley_value_22": 0.008689422607421874, "selection_22": 0, "shapley_value_23": 0.014054083824157716, "selection_23": 0, "shapley_value_24": 0.006403765678405765, "selection_24": 0, "shapley_value_25": 0.006218223571777346, "selection_25": 0, "shapley_value_26": 0.005869569778442382, "selection_26": 0, "shapley_value_27": -0.00011194379706131785, "selection_27": 0, "shapley_value_28": -0.00015784564771150289, "selection_28": 0, "shapley_value_29": 0.011689982414245605, "selection_29": 0, "shapley_value_30": 0.010764808654785156, "selection_30": 0, "shapley_value_31": 0.0362344980239868, "selection_31": 0, "shapley_value_32": 0.08238781571388244, "selection_32": 0, "shapley_value_33": 0.010635209083557131, "selection_33": 0, "shapley_value_34": 0.010054192543029784, "selection_34": 0, "shapley_value_35": 0.013539905548095704, "selection_35": 0, "shapley_value_36": 0.014245910644531252, "selection_36": 0, "shapley_value_37": 0.014117851257324218, "selection_37": 0, "shapley_value_38": 0.010841460227966308, "selection_38": 0, "shapley_value_39": 0.013698072433471684, "selection_39": 0, "shapley_value_40": 0.06800180315971374, "selection_40": 0, "shapley_value_41": 0.03202827930450439, "selection_41": 0, "shapley_value_42": 0.02285111427307129, "selection_42": 0, "shapley_value_43": 0.02377459526062012, "selection_43": 0, "shapley_value_44": 0.01796530723571777, "selection_44": 0, "shapley_value_45": 0.019903664588928227, "selection_45": 0, "shapley_value_46": -0.0003749822315416838, "selection_46": 0, "shapley_value_47": 0.019615921974182125, "selection_47": 0, "shapley_value_48": 0.028215255737304688, "selection_48": 0, "shapley_value_49": 0.03339169025421143, "selection_49": 0, "shapley_value_50": 0.04500261068344116, "selection_50": 0, "shapley_value_51": 0.11038173198699947, "selection_51": 0, "shapley_value_52": 0.04405214786529541, "selection_52": 0, "shapley_value_53": 0.0388604211807251, "selection_53": 0, "shapley_value_54": 0.015560691356658935, "selection_54": 0, "shapley_value_55": 0.03107842683792114, "selection_55": 0, "shapley_value_56": -7.22722003334447e-05, "selection_56": 0, "shapley_value_57": 0.024042189121246338, "selection_57": 0, "shapley_value_58": 0.031223943233489992, "selection_58": 0, "shapley_value_59": 0.0675344330072403, "selection_59": 0, "shapley_value_60": 0.09192118108272554, "selection_60": 0, "shapley_value_61": 0.07112728357315065, "selection_61": 0, "shapley_value_62": 0.04772720336914063, "selection_62": 0, "shapley_value_63": 0.07144741296768187, "selection_63": 0, "shapley_value_64": 0.08459350153019554, "selection_64": 0, "shapley_value_65": 0.061355507373809806, "selection_65": 0, "shapley_value_66": 0.059808409214019774, "selection_66": 0, "shapley_value_67": 0.059430828094482434, "selection_67": 0, "shapley_value_68": 0.22076079906998097, "selection_68": 1, "shapley_value_69": 0.0732047200202942, "selection_69": 0, "shapley_value_70": 0.10525532245635986, "selection_70": 0, "shapley_value_71": 0.08542574644088743, "selection_71": 0, "shapley_value_72": 0.2311455595493317, "selection_72": 1, "shapley_value_73": 0.08445834875106811, "selection_73": 0, "shapley_value_74": 0.07038437128067017, "selection_74": 0, "shapley_value_75": 0.1187440514564514, "selection_75": 0, "shapley_value_76": 0.2054548933983547, "selection_76": 1, "shapley_value_77": -0.000988953991940147, "selection_77": 0, "shapley_value_78": 0.1028499174118042, "selection_78": 0, "shapley_value_79": 0.04980037212371826, "selection_79": 0, "shapley_value_80": 0.21652981669372978, "selection_80": 1, "shapley_value_81": 0.20624655001307757, "selection_81": 1, "shapley_value_82": 0.12479133566220602, "selection_82": 0, "shapley_value_83": 0.022855438495937148, "selection_83": 0, "shapley_value_84": 0.222521200729741, "selection_84": 1, "shapley_value_85": 0.1142676220285265, "selection_85": 0, "shapley_value_86": 0.12001335382461548, "selection_86": 0, "shapley_value_87": 0.11252031564712524, "selection_87": 0, "shapley_value_88": 0.20871841671761496, "selection_88": 1, "shapley_value_89": 0.08877137422561646, "selection_89": 0, "shapley_value_90": 0.22094090470536185, "selection_90": 1, "shapley_value_91": 0.13410563826560973, "selection_91": 0, "shapley_value_92": 0.105929388999939, "selection_92": 0, "shapley_value_93": 0.20685317535079722, "selection_93": 1, "shapley_value_94": 0.10557918310165404, "selection_94": 0, "shapley_value_95": 0.10520609855651855, "selection_95": 0, "shapley_value_96": 0.13239788055419927, "selection_96": 0, "shapley_value_97": 0.23100844735395143, "selection_97": 1, "shapley_value_98": 0.10371851086616517, "selection_98": 0, "shapley_value_99": 0.051193355321884154, "selection_99": 0, "_timestamp": 1687905068.2836058, "_runtime": 332.95190382003784, "_step": 99, "_wandb": {"runtime": 331}}