{"accuracy": 0.5087999701499939, "val_loss": 1.3555444478988647, "test_loss": 1.379380464553833, "shapley_value_0": -0.6885410745938618, "selection_0": 0, "shapley_value_1": -0.6500047206878662, "selection_1": 0, "shapley_value_2": -0.6839088559150698, "selection_2": 0, "shapley_value_3": -0.6847672780354815, "selection_3": 0, "shapley_value_4": -0.6918682416280111, "selection_4": 0, "shapley_value_5": -0.6921713829040528, "selection_5": 0, "shapley_value_6": -0.6780479470888776, "selection_6": 0, "shapley_value_7": -0.7057773152987166, "selection_7": 0, "shapley_value_8": -0.6858916958173115, "selection_8": 0, "shapley_value_9": -0.6876614610354108, "selection_9": 0, "shapley_value_10": -0.7507771015167237, "selection_10": 0, "shapley_value_11": -0.7511457482973736, "selection_11": 0, "shapley_value_12": -0.6794143597284955, "selection_12": 0, "shapley_value_13": -0.7248015443483989, "selection_13": 0, "shapley_value_14": -0.7075848619143169, "selection_14": 0, "shapley_value_15": -0.7033244331677754, "selection_15": 0, "shapley_value_16": -0.7550877412160238, "selection_16": 0, "shapley_value_17": -0.7193736871083577, "selection_17": 0, "shapley_value_18": -0.7539627552032471, "selection_18": 0, "shapley_value_19": -0.6933870395024615, "selection_19": 0, "shapley_value_20": -0.7127227783203125, "selection_20": 0, "shapley_value_21": -0.6936056375503542, "selection_21": 0, "shapley_value_22": -0.7637218554814655, "selection_22": 0, "shapley_value_23": -0.6865185697873433, "selection_23": 0, "shapley_value_24": -0.7353144725163778, "selection_24": 0, "shapley_value_25": -0.7294306397438048, "selection_25": 0, "shapley_value_26": -0.7181283632914228, "selection_26": 0, "shapley_value_27": -0.7006958524386089, "selection_27": 0, "shapley_value_28": -0.7265825867652895, "selection_28": 0, "shapley_value_29": -0.7517606298128766, "selection_29": 0, "shapley_value_30": -0.7554315169652304, "selection_30": 0, "shapley_value_31": -0.7438047607739765, "selection_31": 0, "shapley_value_32": -0.777335774898529, "selection_32": 1, "shapley_value_33": -0.7506236831347151, "selection_33": 0, "shapley_value_34": -0.7531175454457602, "selection_34": 0, "shapley_value_35": -0.7690247178077698, "selection_35": 1, "shapley_value_36": -0.7587026635805766, "selection_36": 0, "shapley_value_37": -0.764107267061869, "selection_37": 1, "shapley_value_38": -0.7370205044746397, "selection_38": 0, "shapley_value_39": -0.7752431432406105, "selection_39": 1, "_timestamp": 1688029931.6411004, "_runtime": 98.02296733856201, "_step": 99, "_wandb": {"runtime": 96}}