{"accuracy": 0.49059998989105225, "val_loss": 1.4143842458724976, "test_loss": 1.4192768335342407, "_timestamp": 1687965454.3771107, "_runtime": 84.3964626789093, "_step": 99, "_wandb": {"runtime": 82}}