{"accuracy": 0.12479999661445618, "val_loss": 3.024789810180664, "test_loss": 3.0521016120910645, "_timestamp": 1688409904.8990066, "_runtime": 144.20554161071777, "_step": 99, "_wandb": {"runtime": 142}}