{"accuracy": 0.5044000148773193, "val_loss": 1.3587112426757812, "test_loss": 1.375301480293274, "shapley_value_0": -0.573810617129008, "selection_0": 0, "shapley_value_1": -0.7181689118345581, "selection_1": 0, "shapley_value_2": -0.7356037207138845, "selection_2": 0, "shapley_value_3": -0.8032985647519431, "selection_3": 1, "shapley_value_4": -0.6958610733350118, "selection_4": 0, "shapley_value_5": -0.7243396093448007, "selection_5": 1, "shapley_value_6": -0.7444973124398127, "selection_6": 0, "shapley_value_7": -0.8050004749587089, "selection_7": 1, "shapley_value_8": -0.6418027991340275, "selection_8": 0, "shapley_value_9": -0.7183928336852635, "selection_9": 0, "shapley_value_10": -0.6791750838359196, "selection_10": 0, "shapley_value_11": -0.7086993257204691, "selection_11": 0, "shapley_value_12": -0.6396051531746275, "selection_12": 0, "shapley_value_13": -0.9299444198608399, "selection_13": 0, "shapley_value_14": -0.7530187324241355, "selection_14": 0, "shapley_value_15": -0.7837778210639954, "selection_15": 0, "shapley_value_16": -0.5954090300060452, "selection_16": 0, "shapley_value_17": -0.6895505076362974, "selection_17": 0, "shapley_value_18": -0.7890925526618956, "selection_18": 0, "shapley_value_19": -0.7714908202489219, "selection_19": 0, "shapley_value_20": -0.6247997970292064, "selection_20": 0, "shapley_value_21": -0.6234040138049004, "selection_21": 0, "shapley_value_22": -0.6996750072999437, "selection_22": 0, "shapley_value_23": -0.6843228087280736, "selection_23": 0, "shapley_value_24": -0.7578603823979694, "selection_24": 1, "shapley_value_25": -0.7687769763999514, "selection_25": 0, "shapley_value_26": -0.7509013595003071, "selection_26": 0, "shapley_value_27": -0.7750829742068335, "selection_27": 0, "shapley_value_28": -0.7614898027158251, "selection_28": 0, "shapley_value_29": -0.7282740771770478, "selection_29": 0, "shapley_value_30": -0.778476113743252, "selection_30": 0, "shapley_value_31": -0.7254853910870023, "selection_31": 0, "shapley_value_32": -0.7482805808385213, "selection_32": 0, "shapley_value_33": -0.7207298278808596, "selection_33": 0, "shapley_value_34": -0.7387626738775346, "selection_34": 0, "shapley_value_35": -0.8082106378343369, "selection_35": 0, "shapley_value_36": -0.8742224050290656, "selection_36": 0, "shapley_value_37": -0.7112421194712323, "selection_37": 0, "shapley_value_38": -0.744386911392212, "selection_38": 0, "shapley_value_39": -0.83050100505352, "selection_39": 0, "_timestamp": 1688031980.3459098, "_runtime": 103.69183588027954, "_step": 99, "_wandb": {"runtime": 102}}