{"accuracy": 0.12079999595880508, "val_loss": 3.6498541831970215, "test_loss": 3.684009313583374, "_timestamp": 1688408090.4100025, "_runtime": 145.7531304359436, "_step": 99, "_wandb": {"runtime": 144}}