{"accuracy": 0.4797999858856201, "val_loss": 1.4214552640914917, "test_loss": 1.4634493589401245, "shapley_value_0": -0.534627083275053, "selection_0": 0, "shapley_value_1": -0.2562305566036342, "selection_1": 0, "shapley_value_2": -0.8501895666122434, "selection_2": 0, "shapley_value_3": -0.756307562192281, "selection_3": 0, "shapley_value_4": -0.7894069659404266, "selection_4": 0, "shapley_value_5": -0.5455046614011126, "selection_5": 0, "shapley_value_6": -0.8044034043947856, "selection_6": 0, "shapley_value_7": -0.7612671346375436, "selection_7": 0, "shapley_value_8": -0.841429591178894, "selection_8": 0, "shapley_value_9": -0.7597443551728218, "selection_9": 0, "shapley_value_10": -1.0766792127064295, "selection_10": 0, "shapley_value_11": -0.4910604278246562, "selection_11": 0, "shapley_value_12": -0.6939670046170554, "selection_12": 0, "shapley_value_13": -0.3109927063896543, "selection_13": 0, "shapley_value_14": -0.8088823556900024, "selection_14": 0, "shapley_value_15": -0.8584289352099101, "selection_15": 1, "shapley_value_16": -0.5024423082669577, "selection_16": 0, "shapley_value_17": -0.9598505156380792, "selection_17": 1, "shapley_value_18": -1.0251009861628217, "selection_18": 0, "shapley_value_19": -0.7224961699861467, "selection_19": 0, "shapley_value_20": -0.5275322298208872, "selection_20": 1, "shapley_value_21": -0.10582151474096833, "selection_21": 0, "shapley_value_22": -0.32419635310317535, "selection_22": 0, "shapley_value_23": -0.5635105967521669, "selection_23": 0, "shapley_value_24": -0.5789071104743264, "selection_24": 0, "shapley_value_25": -0.6832889607458402, "selection_25": 0, "shapley_value_26": -1.1096899421126751, "selection_26": 0, "shapley_value_27": -0.41163438161214216, "selection_27": 0, "shapley_value_28": -0.3987387468417485, "selection_28": 0, "shapley_value_29": -0.9159254762861465, "selection_29": 0, "shapley_value_30": -0.21189137867518837, "selection_30": 0, "shapley_value_31": -0.9871517987478348, "selection_31": 1, "shapley_value_32": -0.07648278746688571, "selection_32": 0, "shapley_value_33": -0.7316302325990466, "selection_33": 0, "shapley_value_34": -0.5467801924907797, "selection_34": 0, "shapley_value_35": -0.7813264091809591, "selection_35": 0, "shapley_value_36": -0.7213650941848755, "selection_36": 0, "shapley_value_37": -0.322533779674106, "selection_37": 0, "shapley_value_38": -0.3490631712807549, "selection_38": 0, "shapley_value_39": -0.6593965788682297, "selection_39": 0, "_timestamp": 1687962418.7422812, "_runtime": 88.44968628883362, "_step": 99, "_wandb": {"runtime": 86}}