{"accuracy": 0.09719999879598618, "val_loss": 6.460724353790283, "test_loss": 6.546974182128906, "shapley_value_0": 1.3640432457129157, "selection_0": 0, "shapley_value_1": 3.3414331997434297, "selection_1": 1, "shapley_value_2": 1.4352614725077595, "selection_2": 0, "shapley_value_3": 2.9915070931116743, "selection_3": 0, "shapley_value_4": -8.046396056811016, "selection_4": 0, "shapley_value_5": 2.6282952075654817, "selection_5": 0, "shapley_value_6": -0.0989502370357509, "selection_6": 0, "shapley_value_7": 1.602094729741414, "selection_7": 0, "shapley_value_8": 0, "selection_8": 0, "shapley_value_9": -3.420396824677784, "selection_9": 0, "shapley_value_10": 0.9428863525390625, "selection_10": 0, "shapley_value_11": 0.721250545978546, "selection_11": 0, "shapley_value_12": -10.361685037612915, "selection_12": 0, "shapley_value_13": -2.2632035811742135, "selection_13": 0, "shapley_value_14": -14.695985913276672, "selection_14": 0, "shapley_value_15": 1.8174801627794899, "selection_15": 0, "shapley_value_16": 3.1765785589177384, "selection_16": 1, "shapley_value_17": -0.0748672882715864, "selection_17": 0, "shapley_value_18": 3.3433017004495382, "selection_18": 1, "shapley_value_19": -4.221591671307882, "selection_19": 0, "shapley_value_20": 2.767810146013896, "selection_20": 0, "shapley_value_21": 4.089598173138787, "selection_21": 1, "shapley_value_22": 1.3006399192593319, "selection_22": 0, "shapley_value_23": 2.4801069100697832, "selection_23": 0, "shapley_value_24": -13.392497618993126, "selection_24": 0, "shapley_value_25": -1.3721025288105007, "selection_25": 0, "shapley_value_26": -11.716896057128906, "selection_26": 0, "shapley_value_27": 0, "selection_27": 0, "shapley_value_28": 0, "selection_28": 0, "shapley_value_29": -1.2689480284849801, "selection_29": 0, "shapley_value_30": 0.9641843636830648, "selection_30": 0, "shapley_value_31": 0, "selection_31": 0, "shapley_value_32": 2.283193190892537, "selection_32": 0, "shapley_value_33": 0, "selection_33": 0, "shapley_value_34": -1.9648746252059937, "selection_34": 0, "shapley_value_35": 0.3093790014584856, "selection_35": 0, "shapley_value_36": -2.577477415402729, "selection_36": 0, "shapley_value_37": 1.2627982267966642, "selection_37": 0, "shapley_value_38": 2.09438454377942, "selection_38": 0, "shapley_value_39": 3.1020598779489967, "selection_39": 0, "shapley_value_40": 0.3221629261970523, "selection_40": 0, "shapley_value_41": -4.382904986540478, "selection_41": 0, "shapley_value_42": 0, "selection_42": 0, "shapley_value_43": 0, "selection_43": 0, "shapley_value_44": 4.336166937071996, "selection_44": 1, "shapley_value_45": 0, "selection_45": 0, "shapley_value_46": 1.161968965156406, "selection_46": 0, "shapley_value_47": 0.7114230314890545, "selection_47": 0, "shapley_value_48": 1.0039206743240356, "selection_48": 0, "shapley_value_49": 0.7392675404747332, "selection_49": 0, "_timestamp": 1688394139.7098696, "_runtime": 108.53933262825012, "_step": 99, "_wandb": {"runtime": 106}}