{"loss": 2.2854158878326416, "accuracy": 0.10719999670982361, "average_active_clients": 10.0, "client_values_0": 0.03297994285821915, "client_values_1": 0.03208882361650467, "client_values_2": 0.05000000074505806, "client_values_3": 0.05000000074505806, "client_values_4": 0.05000000074505806, "client_values_5": 0.03383190184831619, "client_values_6": 0.03365466743707657, "client_values_7": 0.05000000074505806, "client_values_8": 0.05000000074505806, "client_values_9": 0.03319279104471207, "client_values_10": 0.057424597442150116, "client_values_11": 0.051947373896837234, "client_values_12": 0.050283413380384445, "client_values_13": 0.05000000074505806, "client_values_14": 0.04592594504356384, "client_values_15": 0.05000000074505806, "client_values_16": 0.05000000074505806, "client_values_17": 0.05000000074505806, "client_values_18": 0.04840833321213722, "client_values_19": 0.05000000074505806, "_timestamp": 1687258129.0659323, "_runtime": 6.156606197357178, "_step": 0, "_wandb": {"runtime": 5}}