{"accuracy": 0.9225999712944031, "val_loss": 0.27538466453552246, "test_loss": 0.25383126735687256, "_timestamp": 1687994835.0321374, "_runtime": 132.85408329963684, "_step": 99, "_wandb": {"runtime": 131}}