{"accuracy": 0.16519999504089355, "val_loss": 2.758922576904297, "test_loss": 2.769780158996582, "_timestamp": 1688397627.1209538, "_runtime": 99.0235538482666, "_step": 99, "_wandb": {"runtime": 97}}