{"accuracy": 0.44339999556541443, "val_loss": 1.5341423749923706, "test_loss": 1.5468411445617676, "_timestamp": 1687967010.883328, "_runtime": 128.91246104240417, "_step": 99, "_wandb": {"runtime": 127}}