{"loss": 0.46524864435195923, "accuracy": 0.8705999851226807, "average_active_clients": 4.0, "_timestamp": 1686667707.789978, "_runtime": 13.93814992904663, "_step": 399, "_wandb": {"runtime": 12}}