{"accuracy": 0.10239999741315842, "val_loss": 6.225062370300293, "test_loss": 6.198768138885498, "shapley_value_0": 1.1437171936035164, "selection_0": 0, "shapley_value_1": 1.5260406103399065, "selection_1": 0, "shapley_value_2": 4.1457363235644795, "selection_2": 1, "shapley_value_3": -3.879640718301138, "selection_3": 0, "shapley_value_4": 0, "selection_4": 0, "shapley_value_5": 4.017408136165503, "selection_5": 1, "shapley_value_6": -1.1436697244644165, "selection_6": 0, "shapley_value_7": 0, "selection_7": 0, "shapley_value_8": 1.0553607940673828, "selection_8": 1, "shapley_value_9": -0.9169499079386397, "selection_9": 0, "shapley_value_10": -6.864355246225992, "selection_10": 0, "shapley_value_11": 0, "selection_11": 0, "shapley_value_12": -6.001388788223267, "selection_12": 0, "shapley_value_13": -0.30969626704851705, "selection_13": 0, "shapley_value_14": 0, "selection_14": 0, "shapley_value_15": 0, "selection_15": 0, "shapley_value_16": -2.211467057466506, "selection_16": 0, "shapley_value_17": 2.025966139940116, "selection_17": 0, "shapley_value_18": 0.600456178188324, "selection_18": 0, "shapley_value_19": 0, "selection_19": 0, "shapley_value_20": -2.561327238877615, "selection_20": 0, "shapley_value_21": 4.329589860464529, "selection_21": 0, "shapley_value_22": -1.0758161147435497, "selection_22": 0, "shapley_value_23": 0, "selection_23": 0, "shapley_value_24": -8.254619081815084, "selection_24": 0, "shapley_value_25": 0.7958431376351252, "selection_25": 0, "shapley_value_26": -4.050810297330223, "selection_26": 0, "shapley_value_27": 1.732273156444231, "selection_27": 0, "shapley_value_28": 1.51376511937096, "selection_28": 0, "shapley_value_29": 0, "selection_29": 0, "shapley_value_30": 1.1228043561180436, "selection_30": 0, "shapley_value_31": 1.4680552410356917, "selection_31": 0, "shapley_value_32": 1.5543154478073118, "selection_32": 0, "shapley_value_33": 0, "selection_33": 0, "shapley_value_34": -9.39361242453257, "selection_34": 0, "shapley_value_35": 0, "selection_35": 0, "shapley_value_36": 0, "selection_36": 0, "shapley_value_37": -13.254292448361717, "selection_37": 0, "shapley_value_38": 1.955633055170378, "selection_38": 0, "shapley_value_39": 2.57184239579182, "selection_39": 0, "shapley_value_40": 1.7406990633291355, "selection_40": 0, "shapley_value_41": -4.38290478785833, "selection_41": 0, "shapley_value_42": 3.0317458470662437, "selection_42": 0, "shapley_value_43": 4.345772674790137, "selection_43": 1, "shapley_value_44": 5.081970479599268, "selection_44": 1, "shapley_value_45": -0.22709030906359384, "selection_45": 0, "shapley_value_46": 2.114986382148884, "selection_46": 0, "shapley_value_47": 2.3521903429712565, "selection_47": 0, "shapley_value_48": -3.2981228431065865, "selection_48": 0, "shapley_value_49": -3.1591103871663435, "selection_49": 0, "_timestamp": 1688388314.6683745, "_runtime": 107.09129643440247, "_step": 99, "_wandb": {"runtime": 105}}