{"accuracy": 0.09719999879598618, "val_loss": 11.12751579284668, "test_loss": 11.222684860229492, "shapley_value_0": -0.7924505670865376, "selection_0": 0, "shapley_value_1": 10.98384899996285, "selection_1": 1, "shapley_value_2": 0.4816987713177996, "selection_2": 0, "shapley_value_3": 0.014870524406433105, "selection_3": 0, "shapley_value_4": -3.0199102958043404, "selection_4": 0, "shapley_value_5": -0.7131845255692792, "selection_5": 0, "shapley_value_6": -4.475729902585346, "selection_6": 0, "shapley_value_7": -0.6516083677609759, "selection_7": 0, "shapley_value_8": 0.9763243993123378, "selection_8": 0, "shapley_value_9": 0.3719269434610979, "selection_9": 0, "shapley_value_10": -2.427893966436386, "selection_10": 0, "shapley_value_11": -2.05554371078809, "selection_11": 0, "shapley_value_12": -10.40647513667742, "selection_12": 0, "shapley_value_13": -7.127041369676591, "selection_13": 0, "shapley_value_14": -2.769995778799057, "selection_14": 0, "shapley_value_15": 0.13707518577575684, "selection_15": 0, "shapley_value_16": 9.932992946439319, "selection_16": 1, "shapley_value_17": -4.241253544886907, "selection_17": 0, "shapley_value_18": 10.354940894797998, "selection_18": 1, "shapley_value_19": -2.940221428871155, "selection_19": 0, "shapley_value_20": -1.6036192377408354, "selection_20": 0, "shapley_value_21": -0.06454370419184396, "selection_21": 0, "shapley_value_22": -0.15147300561269073, "selection_22": 0, "shapley_value_23": -0.1076828638712568, "selection_23": 0, "shapley_value_24": -3.3665143648783378, "selection_24": 0, "shapley_value_25": -2.2038723031679783, "selection_25": 0, "shapley_value_26": 0.4213987787564597, "selection_26": 0, "shapley_value_27": 0.8788045247395835, "selection_27": 0, "shapley_value_28": -2.498875478903453, "selection_28": 0, "shapley_value_29": -6.553360442320507, "selection_29": 0, "shapley_value_30": -1.4695183535416927, "selection_30": 0, "shapley_value_31": -0.4870392680168152, "selection_31": 0, "shapley_value_32": -1.7189860641956338, "selection_32": 0, "shapley_value_33": -1.1932048996289568, "selection_33": 0, "shapley_value_34": -1.189722518126171, "selection_34": 0, "shapley_value_35": -5.173107723395031, "selection_35": 0, "shapley_value_36": 1.1510122875114535, "selection_36": 1, "shapley_value_37": -3.2419841140508643, "selection_37": 0, "shapley_value_38": -8.013158192237217, "selection_38": 0, "shapley_value_39": 10.956953281676899, "selection_39": 1, "shapley_value_40": -0.4531424045562744, "selection_40": 0, "shapley_value_41": -0.07829188307126467, "selection_41": 0, "shapley_value_42": 0.11008334159851074, "selection_42": 0, "shapley_value_43": -0.12191681067148963, "selection_43": 0, "shapley_value_44": 1.092703526928312, "selection_44": 0, "shapley_value_45": -2.046834071477255, "selection_45": 0, "shapley_value_46": -8.816414674123129, "selection_46": 0, "shapley_value_47": -2.295638233423233, "selection_47": 0, "shapley_value_48": -1.8421719868977862, "selection_48": 0, "shapley_value_49": 0.3542773657374916, "selection_49": 0, "_timestamp": 1688381087.0047655, "_runtime": 107.80375242233276, "_step": 99, "_wandb": {"runtime": 106}}