{"accuracy": 0.12939999997615814, "val_loss": 2.967404842376709, "test_loss": 2.9764161109924316, "shapley_value_0": 2.4962786217530573, "selection_0": 0, "shapley_value_1": 4.481249301722556, "selection_1": 0, "shapley_value_2": 0.30381262103716516, "selection_2": 0, "shapley_value_3": 3.585813722827218, "selection_3": 1, "shapley_value_4": -0.4936741928259531, "selection_4": 1, "shapley_value_5": 2.6654856125513717, "selection_5": 0, "shapley_value_6": 0.7935873707135517, "selection_6": 0, "shapley_value_7": 1.5927234828472137, "selection_7": 0, "shapley_value_8": 3.4610552823904785, "selection_8": 1, "shapley_value_9": 1.4203912238279977, "selection_9": 0, "shapley_value_10": 0.4096172571182251, "selection_10": 0, "shapley_value_11": 1.8935612559318542, "selection_11": 0, "shapley_value_12": 1.0320457537968954, "selection_12": 0, "shapley_value_13": -0.6175263501979686, "selection_13": 0, "shapley_value_14": -0.5133741762903004, "selection_14": 0, "shapley_value_15": 0.4600632925828295, "selection_15": 0, "shapley_value_16": 5.302412369034507, "selection_16": 0, "shapley_value_17": 1.606344884634018, "selection_17": 0, "shapley_value_18": 5.23273165659471, "selection_18": 0, "shapley_value_19": -0.6357999165852869, "selection_19": 0, "shapley_value_20": 1.6868113736311603, "selection_20": 0, "shapley_value_21": 2.776562384764353, "selection_21": 0, "shapley_value_22": 2.9077275137106584, "selection_22": 0, "shapley_value_23": -0.45774483879407246, "selection_23": 1, "shapley_value_24": -1.5907277067502341, "selection_24": 0, "shapley_value_25": -0.9717140749648764, "selection_25": 0, "shapley_value_26": -0.47665111003098687, "selection_26": 0, "shapley_value_27": 1.030118328332901, "selection_27": 0, "shapley_value_28": 0.9247120002905529, "selection_28": 0, "shapley_value_29": -0.3635379314422607, "selection_29": 1, "shapley_value_30": 2.4214581012725827, "selection_30": 0, "shapley_value_31": 2.5823966721693674, "selection_31": 0, "shapley_value_32": 2.1652189056078592, "selection_32": 0, "shapley_value_33": 2.737777860959371, "selection_33": 0, "shapley_value_34": 2.1288869539896647, "selection_34": 0, "shapley_value_35": -1.754307470939777, "selection_35": 0, "shapley_value_36": 4.261971253337283, "selection_36": 0, "shapley_value_37": 3.007561262448628, "selection_37": 0, "shapley_value_38": 0.7241980294386543, "selection_38": 0, "shapley_value_39": 2.1854580461978914, "selection_39": 0, "shapley_value_40": 0.007857759793599418, "selection_40": 0, "shapley_value_41": 0.13294325272242258, "selection_41": 0, "shapley_value_42": 1.6659553925196326, "selection_42": 0, "shapley_value_43": 1.0617436746756233, "selection_43": 0, "shapley_value_44": 3.7297043384927693, "selection_44": 0, "shapley_value_45": -3.347228646278382, "selection_45": 0, "shapley_value_46": 0.7403290688991548, "selection_46": 0, "shapley_value_47": 1.1104096571604412, "selection_47": 0, "shapley_value_48": 2.1656925837198893, "selection_48": 0, "shapley_value_49": 1.400058827797572, "selection_49": 0, "_timestamp": 1688384592.285458, "_runtime": 110.2652850151062, "_step": 99, "_wandb": {"runtime": 108}}