{"loss": 2.2855911254882812, "accuracy": 0.10260000079870224, "average_active_clients": 2.0, "_timestamp": 1687177984.2720225, "_runtime": 5.92800760269165, "_step": 0}