{"accuracy": 0.9281999468803406, "val_loss": 0.25959092378616333, "test_loss": 0.2414710968732834, "shapley_value_0": -1.8375714580217994, "selection_0": 0, "shapley_value_1": -1.6148858831988442, "selection_1": 0, "shapley_value_2": -1.9764183262983959, "selection_2": 1, "shapley_value_3": -1.9961450845003128, "selection_3": 0, "shapley_value_4": -2.0609147946039843, "selection_4": 0, "shapley_value_5": -1.9887991336484754, "selection_5": 0, "shapley_value_6": -1.7906818439563117, "selection_6": 0, "shapley_value_7": -1.9032878535134454, "selection_7": 0, "shapley_value_8": -1.721673995256424, "selection_8": 0, "shapley_value_9": -1.9691126305196018, "selection_9": 0, "shapley_value_10": -1.8294091208113568, "selection_10": 1, "shapley_value_11": -1.7124855180581413, "selection_11": 0, "shapley_value_12": -1.5430483649174374, "selection_12": 0, "shapley_value_13": -1.6424959590940766, "selection_13": 1, "shapley_value_14": -1.9177938666608603, "selection_14": 0, "shapley_value_15": -1.7782277519052676, "selection_15": 0, "shapley_value_16": -1.527259600162506, "selection_16": 0, "shapley_value_17": -1.5089301596849394, "selection_17": 0, "shapley_value_18": -2.0947534115541546, "selection_18": 0, "shapley_value_19": -1.701073055083935, "selection_19": 1, "shapley_value_20": -1.8729309699474233, "selection_20": 0, "shapley_value_21": -1.5305920814474425, "selection_21": 0, "shapley_value_22": -1.7068106866244113, "selection_22": 0, "shapley_value_23": -1.9445493181546532, "selection_23": 0, "shapley_value_24": -1.7796253075202304, "selection_24": 0, "shapley_value_25": -1.983088669322786, "selection_25": 0, "shapley_value_26": -2.0043768728220903, "selection_26": 0, "shapley_value_27": -2.0060484056119563, "selection_27": 0, "shapley_value_28": -1.583495360833627, "selection_28": 0, "shapley_value_29": -1.893548785737066, "selection_29": 0, "shapley_value_30": -1.6606709372114254, "selection_30": 0, "shapley_value_31": -1.8594572697625014, "selection_31": 0, "shapley_value_32": -1.369107428825263, "selection_32": 0, "shapley_value_33": -1.8052924019949774, "selection_33": 0, "shapley_value_34": -1.7010747364589147, "selection_34": 0, "shapley_value_35": -1.7195429172780778, "selection_35": 0, "shapley_value_36": -2.044988375334513, "selection_36": 0, "shapley_value_37": -1.7836220128969715, "selection_37": 0, "shapley_value_38": -1.7551871364315348, "selection_38": 0, "shapley_value_39": -2.0566816393173104, "selection_39": 0, "_timestamp": 1687992653.0762262, "_runtime": 72.93975329399109, "_step": 99, "_wandb": {"runtime": 71}}