{"accuracy": 0.930400013923645, "val_loss": 0.21173837780952454, "test_loss": 0.23675766587257385, "_timestamp": 1687874016.754755, "_runtime": 258.5520279407501, "_step": 99, "_wandb": {"runtime": 257}}