{"accuracy": 0.5063999891281128, "val_loss": 1.3635673522949219, "test_loss": 1.3851553201675415, "shapley_value_0": -0.7143277029196423, "selection_0": 0, "shapley_value_1": -0.6880170023232177, "selection_1": 0, "shapley_value_2": -0.7086153229077655, "selection_2": 0, "shapley_value_3": -0.7123919542019185, "selection_3": 0, "shapley_value_4": -0.7143025153722516, "selection_4": 1, "shapley_value_5": -0.7138322762080601, "selection_5": 1, "shapley_value_6": -0.6969978473125358, "selection_6": 0, "shapley_value_7": -0.7150610960446872, "selection_7": 0, "shapley_value_8": -0.7142512859442296, "selection_8": 0, "shapley_value_9": -0.7141422430674235, "selection_9": 0, "shapley_value_10": -0.7091603248547286, "selection_10": 0, "shapley_value_11": -0.717012907519485, "selection_11": 0, "shapley_value_12": -0.7096936437818737, "selection_12": 1, "shapley_value_13": -0.7219748854637145, "selection_13": 0, "shapley_value_14": -0.7095841699176363, "selection_14": 0, "shapley_value_15": -0.727283947395556, "selection_15": 1, "shapley_value_16": -0.7239801287651062, "selection_16": 0, "shapley_value_17": -0.7103667259216311, "selection_17": 0, "shapley_value_18": -0.7306332146679912, "selection_18": 0, "shapley_value_19": -0.7087103989389208, "selection_19": 0, "shapley_value_20": -0.7421946078538898, "selection_20": 0, "shapley_value_21": -0.7003440306736871, "selection_21": 0, "shapley_value_22": -0.7268509820655544, "selection_22": 0, "shapley_value_23": -0.716421102032517, "selection_23": 0, "shapley_value_24": -0.7168025275071459, "selection_24": 0, "shapley_value_25": -0.7306890438000362, "selection_25": 0, "shapley_value_26": -0.7390582710504531, "selection_26": 0, "shapley_value_27": -0.7341088652610779, "selection_27": 0, "shapley_value_28": -0.7138027151425681, "selection_28": 0, "shapley_value_29": -0.7375724216302234, "selection_29": 0, "shapley_value_30": -0.7342554614657445, "selection_30": 0, "shapley_value_31": -0.7218289822340014, "selection_31": 0, "shapley_value_32": -0.7499627206060623, "selection_32": 0, "shapley_value_33": -0.7199956292197819, "selection_33": 0, "shapley_value_34": -0.748785898798988, "selection_34": 0, "shapley_value_35": -0.7309895654519402, "selection_35": 0, "shapley_value_36": -0.7367608308792115, "selection_36": 0, "shapley_value_37": -0.7504919634924997, "selection_37": 0, "shapley_value_38": -0.75260497464074, "selection_38": 0, "shapley_value_39": -0.7512042919794722, "selection_39": 0, "_timestamp": 1688029413.8232229, "_runtime": 91.81593585014343, "_step": 99, "_wandb": {"runtime": 90}}