{"accuracy": 0.09719999879598618, "val_loss": 11.62490177154541, "test_loss": 11.747824668884277, "shapley_value_0": -1.6830760935942335, "selection_0": 0, "shapley_value_1": 11.140250883604349, "selection_1": 1, "shapley_value_2": 0.302874068419138, "selection_2": 0, "shapley_value_3": -0.2751272718111668, "selection_3": 0, "shapley_value_4": -2.210117359956106, "selection_4": 0, "shapley_value_5": -1.3689886569976815, "selection_5": 0, "shapley_value_6": -4.456864039103191, "selection_6": 0, "shapley_value_7": -2.6378313104311624, "selection_7": 0, "shapley_value_8": 0.8401772975921631, "selection_8": 0, "shapley_value_9": -0.7658261557420101, "selection_9": 0, "shapley_value_10": -0.5563813348611193, "selection_10": 0, "shapley_value_11": 0.007790923118591309, "selection_11": 0, "shapley_value_12": -7.9257021745045995, "selection_12": 0, "shapley_value_13": 0.9404791593551631, "selection_13": 0, "shapley_value_14": -4.6416707833608, "selection_14": 0, "shapley_value_15": 0.027772903442382812, "selection_15": 0, "shapley_value_16": 10.016290293650682, "selection_16": 1, "shapley_value_17": -4.092176725467043, "selection_17": 0, "shapley_value_18": 10.46599232235205, "selection_18": 1, "shapley_value_19": -2.3652876218160017, "selection_19": 0, "shapley_value_20": -0.6854572614034022, "selection_20": 0, "shapley_value_21": -0.3753034273783369, "selection_21": 0, "shapley_value_22": -2.8875671128431954, "selection_22": 0, "shapley_value_23": 0.1630992690722124, "selection_23": 0, "shapley_value_24": -3.041733006636303, "selection_24": 0, "shapley_value_25": -0.9644099672635398, "selection_25": 0, "shapley_value_26": -0.22266354163487856, "selection_26": 0, "shapley_value_27": 0.7384045322736101, "selection_27": 0, "shapley_value_28": -2.2041984299818687, "selection_28": 0, "shapley_value_29": -4.539967159430188, "selection_29": 0, "shapley_value_30": -0.264317591985068, "selection_30": 0, "shapley_value_31": 0.19160316387812415, "selection_31": 0, "shapley_value_32": -0.15516417225202006, "selection_32": 0, "shapley_value_33": -0.02068990468978793, "selection_33": 0, "shapley_value_34": 0.8231302698453256, "selection_34": 0, "shapley_value_35": -5.982803682486217, "selection_35": 0, "shapley_value_36": 1.1545732255223435, "selection_36": 1, "shapley_value_37": 0.352147539456686, "selection_37": 0, "shapley_value_38": -8.670129259427387, "selection_38": 0, "shapley_value_39": 11.168081028737891, "selection_39": 1, "shapley_value_40": -0.4483510057131448, "selection_40": 0, "shapley_value_41": -2.076382239659628, "selection_41": 0, "shapley_value_42": -0.04381924867630005, "selection_42": 0, "shapley_value_43": -0.1949751377105713, "selection_43": 0, "shapley_value_44": 0.9801487716039026, "selection_44": 0, "shapley_value_45": -2.9721162120501194, "selection_45": 0, "shapley_value_46": -1.1852807998657229, "selection_46": 0, "shapley_value_47": -0.033265709877012606, "selection_47": 0, "shapley_value_48": -1.3948975404103594, "selection_48": 0, "shapley_value_49": -1.355575581391653, "selection_49": 0, "_timestamp": 1688381732.288476, "_runtime": 106.70257806777954, "_step": 99, "_wandb": {"runtime": 105}}