{"accuracy": 0.10480000078678131, "val_loss": 4.754088878631592, "test_loss": 4.837801456451416, "shapley_value_0": 0, "selection_0": 0, "shapley_value_1": 3.9985850965767575, "selection_1": 0, "shapley_value_2": 2.341870135985889, "selection_2": 0, "shapley_value_3": 0, "selection_3": 0, "shapley_value_4": -0.36172336339950517, "selection_4": 0, "shapley_value_5": 2.96719204634428, "selection_5": 0, "shapley_value_6": -15.227713088194527, "selection_6": 0, "shapley_value_7": 0, "selection_7": 0, "shapley_value_8": 0, "selection_8": 0, "shapley_value_9": -9.733276943365732, "selection_9": 0, "shapley_value_10": 0.6018551463882128, "selection_10": 0, "shapley_value_11": 1.9432895000164325, "selection_11": 0, "shapley_value_12": 0, "selection_12": 0, "shapley_value_13": -1.7724824349085484, "selection_13": 0, "shapley_value_14": -0.002967619895935236, "selection_14": 0, "shapley_value_15": 1.5462816715240482, "selection_15": 0, "shapley_value_16": 3.239660618541477, "selection_16": 1, "shapley_value_17": 1.9621062344974947, "selection_17": 0, "shapley_value_18": 3.333545012399554, "selection_18": 1, "shapley_value_19": 0, "selection_19": 0, "shapley_value_20": 2.4534516291341935, "selection_20": 0, "shapley_value_21": 1.9134150257817022, "selection_21": 1, "shapley_value_22": -1.1798876523971558, "selection_22": 0, "shapley_value_23": -9.363895734151203, "selection_23": 0, "shapley_value_24": -3.741915563742319, "selection_24": 0, "shapley_value_25": 0, "selection_25": 0, "shapley_value_26": -3.1748268206914254, "selection_26": 0, "shapley_value_27": 2.227351061808758, "selection_27": 0, "shapley_value_28": 0.8955474098523459, "selection_28": 0, "shapley_value_29": 0.7343216538429251, "selection_29": 0, "shapley_value_30": 1.9556209709909222, "selection_30": 0, "shapley_value_31": -0.8783830404281616, "selection_31": 0, "shapley_value_32": 1.9290693079431858, "selection_32": 0, "shapley_value_33": 1.9744981744932752, "selection_33": 0, "shapley_value_34": 2.298697941360019, "selection_34": 1, "shapley_value_35": -8.013961394627891, "selection_35": 0, "shapley_value_36": 4.700641436558782, "selection_36": 1, "shapley_value_37": 0, "selection_37": 0, "shapley_value_38": 2.3021714658964245, "selection_38": 0, "shapley_value_39": 3.1533165497657576, "selection_39": 0, "shapley_value_40": 2.0387529432773586, "selection_40": 0, "shapley_value_41": 0.4554063545333005, "selection_41": 0, "shapley_value_42": 1.5752366185188293, "selection_42": 0, "shapley_value_43": 2.650620841572427, "selection_43": 0, "shapley_value_44": 1.0707738995552063, "selection_44": 0, "shapley_value_45": -0.03855055570602506, "selection_45": 0, "shapley_value_46": 0, "selection_46": 0, "shapley_value_47": 1.9040526151657104, "selection_47": 0, "shapley_value_48": -0.0733142644166942, "selection_48": 0, "shapley_value_49": 1.9318654629446215, "selection_49": 0, "_timestamp": 1688385872.6013284, "_runtime": 111.98297929763794, "_step": 99, "_wandb": {"runtime": 110}}