{"accuracy": 0.5027999877929688, "val_loss": 1.36751389503479, "test_loss": 1.392596960067749, "_timestamp": 1688033316.1095374, "_runtime": 95.05782747268677, "_step": 99, "_wandb": {"runtime": 93}}