{"accuracy": 0.8320496678352356, "val_loss": 0.5136285424232483, "test_loss": 0.5135549306869507, "_timestamp": 1687973164.0465987, "_runtime": 77.15353775024414, "_step": 99, "_wandb": {"runtime": 75}}