{"accuracy": 0.09699999541044235, "val_loss": 12.660888671875, "test_loss": 12.802927017211914, "shapley_value_0": -1.2501750489075976, "selection_0": 0, "shapley_value_1": -0.9879960020383194, "selection_1": 0, "shapley_value_2": 9.71204287839192, "selection_2": 1, "shapley_value_3": -0.24189529816309552, "selection_3": 0, "shapley_value_4": -2.245247642199198, "selection_4": 0, "shapley_value_5": 9.352815097349666, "selection_5": 1, "shapley_value_6": -4.23709636926651, "selection_6": 0, "shapley_value_7": 9.075930696063573, "selection_7": 1, "shapley_value_8": -2.9656088054180136, "selection_8": 0, "shapley_value_9": 0.47096840540568063, "selection_9": 0, "shapley_value_10": 0.24334729711214753, "selection_10": 0, "shapley_value_11": -3.5365214347839355, "selection_11": 0, "shapley_value_12": -5.805308133363722, "selection_12": 0, "shapley_value_13": -3.5581329365571346, "selection_13": 0, "shapley_value_14": -4.30525873104731, "selection_14": 0, "shapley_value_15": 0.4669597148895268, "selection_15": 0, "shapley_value_16": -0.34041666322284225, "selection_16": 0, "shapley_value_17": -2.209623654683431, "selection_17": 0, "shapley_value_18": 0.22795943419138576, "selection_18": 0, "shapley_value_19": -2.19108549753825, "selection_19": 0, "shapley_value_20": -0.47452633778254205, "selection_20": 0, "shapley_value_21": -0.22131808598836322, "selection_21": 0, "shapley_value_22": -0.35052193204561877, "selection_22": 0, "shapley_value_23": -0.03527818123499493, "selection_23": 0, "shapley_value_24": -3.1451967159907035, "selection_24": 0, "shapley_value_25": -1.637302041053772, "selection_25": 0, "shapley_value_26": -0.5021235346794128, "selection_26": 0, "shapley_value_27": 0.5630510052045183, "selection_27": 0, "shapley_value_28": -1.9039825201034557, "selection_28": 0, "shapley_value_29": -3.1427476604779567, "selection_29": 0, "shapley_value_30": -0.9754330714543651, "selection_30": 0, "shapley_value_31": 0.1519795060157776, "selection_31": 0, "shapley_value_32": 0.2743276622560294, "selection_32": 0, "shapley_value_33": 0.18582252661387244, "selection_33": 0, "shapley_value_34": -2.4145189225673676, "selection_34": 0, "shapley_value_35": -5.58774491151174, "selection_35": 0, "shapley_value_36": 3.402370274949956, "selection_36": 1, "shapley_value_37": 0.1782664656639099, "selection_37": 0, "shapley_value_38": -2.185428768396378, "selection_38": 0, "shapley_value_39": -0.4439379076162968, "selection_39": 0, "shapley_value_40": -0.5620363752047224, "selection_40": 0, "shapley_value_41": -1.7404426534970607, "selection_41": 0, "shapley_value_42": -0.10430181026458651, "selection_42": 0, "shapley_value_43": -0.24128609895706177, "selection_43": 0, "shapley_value_44": 8.53445337841127, "selection_44": 1, "shapley_value_45": -2.247781376043955, "selection_45": 0, "shapley_value_46": -4.889617085456848, "selection_46": 0, "shapley_value_47": -0.43526864051818737, "selection_47": 0, "shapley_value_48": -1.7941045959790536, "selection_48": 0, "shapley_value_49": -2.1636646986007673, "selection_49": 0, "_timestamp": 1688380215.0237463, "_runtime": 98.22882533073425, "_step": 99, "_wandb": {"runtime": 96}}