{"accuracy": 0.1607999950647354, "val_loss": 2.5616281032562256, "test_loss": 2.604729175567627, "shapley_value_0": 2.799163127503198, "selection_0": 0, "shapley_value_1": 1.5638864497343696, "selection_1": 1, "shapley_value_2": 1.1985921635144, "selection_2": 1, "shapley_value_3": 1.3127290871408248, "selection_3": 0, "shapley_value_4": -0.870166520277659, "selection_4": 0, "shapley_value_5": 0, "selection_5": 0, "shapley_value_6": -5.98083068927129, "selection_6": 0, "shapley_value_7": 0, "selection_7": 0, "shapley_value_8": 0.12465171350373157, "selection_8": 0, "shapley_value_9": -0.5483607848485312, "selection_9": 0, "shapley_value_10": -3.5551728308200845, "selection_10": 0, "shapley_value_11": -6.383507450421648, "selection_11": 0, "shapley_value_12": -0.48741843303044696, "selection_12": 0, "shapley_value_13": 0.5766943991184226, "selection_13": 0, "shapley_value_14": 0, "selection_14": 0, "shapley_value_15": 1.0553817003965382, "selection_15": 0, "shapley_value_16": 0, "selection_16": 0, "shapley_value_17": 3.102119781573613, "selection_17": 1, "shapley_value_18": 0, "selection_18": 0, "shapley_value_19": 0, "selection_19": 0, "shapley_value_20": 1.9665863343647545, "selection_20": 0, "shapley_value_21": 2.1229107884260325, "selection_21": 0, "shapley_value_22": 3.921439801232289, "selection_22": 1, "shapley_value_23": 0, "selection_23": 0, "shapley_value_24": -2.250203271706898, "selection_24": 0, "shapley_value_25": 0.13387205203374294, "selection_25": 0, "shapley_value_26": -20.310706059137978, "selection_26": 0, "shapley_value_27": 0, "selection_27": 0, "shapley_value_28": 1.654793878396352, "selection_28": 0, "shapley_value_29": -6.384298423926035, "selection_29": 0, "shapley_value_30": 1.5409666361908114, "selection_30": 0, "shapley_value_31": 1.2229155699412004, "selection_31": 0, "shapley_value_32": 2.428012795412718, "selection_32": 0, "shapley_value_33": 0, "selection_33": 0, "shapley_value_34": 1.7983300983905792, "selection_34": 0, "shapley_value_35": -8.380654374758402, "selection_35": 0, "shapley_value_36": 5.47444708387057, "selection_36": 1, "shapley_value_37": 1.3714198415929622, "selection_37": 0, "shapley_value_38": 1.1973145484924317, "selection_38": 0, "shapley_value_39": 1.527036075790723, "selection_39": 0, "shapley_value_40": 1.3303700023227265, "selection_40": 0, "shapley_value_41": 1.4334309498469033, "selection_41": 0, "shapley_value_42": 3.969995776812235, "selection_42": 0, "shapley_value_43": -2.300145745277405, "selection_43": 0, "shapley_value_44": -0.374913106362025, "selection_44": 0, "shapley_value_45": -9.295962174733482, "selection_45": 0, "shapley_value_46": 1.570183667871687, "selection_46": 0, "shapley_value_47": 0, "selection_47": 0, "shapley_value_48": -5.512088735898335, "selection_48": 0, "shapley_value_49": -2.4754374027252197, "selection_49": 0, "_timestamp": 1688390712.7339392, "_runtime": 105.25226211547852, "_step": 99, "_wandb": {"runtime": 103}}