{"accuracy": 0.09699999541044235, "val_loss": 12.540245056152344, "test_loss": 12.682451248168945, "shapley_value_0": -1.9008424778779347, "selection_0": 0, "shapley_value_1": -0.7469817201296483, "selection_1": 0, "shapley_value_2": 10.617511134363165, "selection_2": 1, "shapley_value_3": -0.22517752647399902, "selection_3": 0, "shapley_value_4": -2.243835548559826, "selection_4": 0, "shapley_value_5": 9.956535155905614, "selection_5": 1, "shapley_value_6": -4.077120423316956, "selection_6": 0, "shapley_value_7": 9.645596564699103, "selection_7": 1, "shapley_value_8": -2.480712731679281, "selection_8": 0, "shapley_value_9": -0.07245134313901236, "selection_9": 0, "shapley_value_10": -4.1530420680840825, "selection_10": 0, "shapley_value_11": -1.8941378891468048, "selection_11": 0, "shapley_value_12": -6.9311355253060665, "selection_12": 0, "shapley_value_13": -2.993804126977919, "selection_13": 0, "shapley_value_14": -5.2756734887758885, "selection_14": 0, "shapley_value_15": 0.014596740404764219, "selection_15": 0, "shapley_value_16": 0.3140095313390095, "selection_16": 0, "shapley_value_17": -2.5454923311869297, "selection_17": 0, "shapley_value_18": -0.10959122180938738, "selection_18": 0, "shapley_value_19": -2.342403372128805, "selection_19": 0, "shapley_value_20": -0.24428978231218146, "selection_20": 0, "shapley_value_21": -0.17112646500269602, "selection_21": 0, "shapley_value_22": -1.372551792197757, "selection_22": 0, "shapley_value_23": -5.689332018295925, "selection_23": 0, "shapley_value_24": -3.50563977162043, "selection_24": 0, "shapley_value_25": -1.142644902070363, "selection_25": 0, "shapley_value_26": -0.20963889360427856, "selection_26": 0, "shapley_value_27": -3.1644487679004665, "selection_27": 0, "shapley_value_28": 0.2029799322287249, "selection_28": 0, "shapley_value_29": -4.382349173227946, "selection_29": 0, "shapley_value_30": -0.022240151961643306, "selection_30": 0, "shapley_value_31": 0.07175288597742657, "selection_31": 0, "shapley_value_32": -0.8583920001983651, "selection_32": 0, "shapley_value_33": 0.22499871253967285, "selection_33": 0, "shapley_value_34": -2.56664381424586, "selection_34": 0, "shapley_value_35": -5.465152442455292, "selection_35": 0, "shapley_value_36": 2.005053087250216, "selection_36": 1, "shapley_value_37": 0.024290899435680302, "selection_37": 0, "shapley_value_38": -2.9365675151348127, "selection_38": 0, "shapley_value_39": -0.749378750721613, "selection_39": 0, "shapley_value_40": -0.5033014416694641, "selection_40": 0, "shapley_value_41": -1.9982475241025286, "selection_41": 0, "shapley_value_42": 0.07387725512186716, "selection_42": 0, "shapley_value_43": -0.18090021610260187, "selection_43": 0, "shapley_value_44": 8.61564825625902, "selection_44": 1, "shapley_value_45": -2.079625229040783, "selection_45": 0, "shapley_value_46": -2.788183003664016, "selection_46": 0, "shapley_value_47": 0.0679721434911098, "selection_47": 0, "shapley_value_48": -1.6970835129419957, "selection_48": 0, "shapley_value_49": -2.5239214003086103, "selection_49": 0, "_timestamp": 1688381514.197443, "_runtime": 95.75191807746887, "_step": 99, "_wandb": {"runtime": 94}}