{"loss": 0.306678831577301, "accuracy": 0.9106000065803528, "average_active_clients": 10.0, "ucb_0": -2.8610230629055877e-07, "nk_0": 1, "sv_0": -2.8610230629055877e-07, "ucb_1": 6.250858132261783e-05, "nk_1": 1, "sv_1": 6.250858132261783e-05, "ucb_2": 7.283211016329005e-05, "nk_2": 1, "sv_2": 7.283211016329005e-05, "ucb_3": 7.988452853169292e-05, "nk_3": 1, "sv_3": 7.988452853169292e-05, "ucb_4": 6.962298357393593e-05, "nk_4": 1, "sv_4": 6.962298357393593e-05, "ucb_5": -3.057718276977539e-05, "nk_5": 1, "sv_5": -3.057718276977539e-05, "ucb_6": 3.319263123557903e-05, "nk_6": 1, "sv_6": 3.319263123557903e-05, "ucb_7": 8.225440979003906e-05, "nk_7": 1, "sv_7": 8.225440979003906e-05, "ucb_8": -9.250640687241685e-06, "nk_8": 1, "sv_8": -9.250640687241685e-06, "ucb_9": 5.9986108681187034e-05, "nk_9": 1, "sv_9": 5.9986108681187034e-05, "ucb_10": 0.0046324036084115505, "nk_10": 47, "sv_10": 0.0046324036084115505, "ucb_11": 0.004638126585632563, "nk_11": 47, "sv_11": 0.004638126585632563, "ucb_12": 0.004941657185554504, "nk_12": 47, "sv_12": 0.004941657185554504, "ucb_13": 0.004024488385766745, "nk_13": 47, "sv_13": 0.004024488385766745, "ucb_14": 0.0036700700875371695, "nk_14": 47, "sv_14": 0.0036700700875371695, "ucb_15": 0.005566915962845087, "nk_15": 47, "sv_15": 0.005566915962845087, "ucb_16": 0.0037937555462121964, "nk_16": 47, "sv_16": 0.0037937555462121964, "ucb_17": 0.0034681230317801237, "nk_17": 47, "sv_17": 0.0034681230317801237, "ucb_18": 0.004559281747788191, "nk_18": 47, "sv_18": 0.004559281747788191, "ucb_19": 0.003951076418161392, "nk_19": 47, "sv_19": 0.003951076418161392, "_timestamp": 1687192894.9084315, "_runtime": 1149.5597274303436, "_step": 47}