{"loss": 2.3065667152404785, "accuracy": 0.0997999981045723, "average_active_clients": 0.0, "_timestamp": 1686665989.037458, "_runtime": 25.06539487838745, "_step": 315, "_wandb": {"runtime": 23}}