{"accuracy": 0.5047999620437622, "val_loss": 1.3675013780593872, "test_loss": 1.378037452697754, "_timestamp": 1688032290.7233372, "_runtime": 95.23432922363281, "_step": 99, "_wandb": {"runtime": 93}}