{"accuracy": 0.9393999576568604, "val_loss": 0.23644475638866425, "test_loss": 0.22111091017723083, "shapley_value_0": 0.13194651331752538, "selection_0": 0, "shapley_value_1": 0.2186613795161247, "selection_1": 0, "shapley_value_2": 0.20778187069296838, "selection_2": 0, "shapley_value_3": 0.21087139672040936, "selection_3": 0, "shapley_value_4": 0.21318339248878534, "selection_4": 0, "shapley_value_5": 0.25542552165009763, "selection_5": 0, "shapley_value_6": 0.21146904811263084, "selection_6": 0, "shapley_value_7": 0.1742112454440859, "selection_7": 0, "shapley_value_8": 0.15084718306859335, "selection_8": 0, "shapley_value_9": 0.1799666777915425, "selection_9": 0, "shapley_value_10": 0.24089396953582762, "selection_10": 0, "shapley_value_11": 0.2428078449314291, "selection_11": 0, "shapley_value_12": 0.2105623223781586, "selection_12": 0, "shapley_value_13": 0.21749880823493, "selection_13": 0, "shapley_value_14": 0.17462645845280755, "selection_14": 0, "shapley_value_15": 0.21279201391339303, "selection_15": 0, "shapley_value_16": 0.20327268809080126, "selection_16": 0, "shapley_value_17": 0.15236531257629393, "selection_17": 0, "shapley_value_18": 0.23679938755252145, "selection_18": 1, "shapley_value_19": 0.16811050554116563, "selection_19": 0, "shapley_value_20": 0.18564635860919954, "selection_20": 1, "shapley_value_21": 0.18117905625700953, "selection_21": 1, "shapley_value_22": 0.2369196208227765, "selection_22": 1, "shapley_value_23": 0.2140181386768818, "selection_23": 0, "shapley_value_24": 0.22896467758850617, "selection_24": 0, "shapley_value_25": 0.13672215368598697, "selection_25": 0, "shapley_value_26": 0.23520526398311964, "selection_26": 0, "shapley_value_27": 0.21533379319310186, "selection_27": 1, "shapley_value_28": 0.24016800203106622, "selection_28": 0, "shapley_value_29": 0.1828315626389799, "selection_29": 0, "shapley_value_30": 0.1995348685979843, "selection_30": 0, "shapley_value_31": 0.18842930270565883, "selection_31": 0, "shapley_value_32": 0.21673595812916752, "selection_32": 0, "shapley_value_33": 0.22304878774014386, "selection_33": 0, "shapley_value_34": 0.20396697986125947, "selection_34": 0, "shapley_value_35": 0.21903923165798184, "selection_35": 0, "shapley_value_36": 0.23084178090095522, "selection_36": 0, "shapley_value_37": 0.12565744224935768, "selection_37": 0, "shapley_value_38": 0.24500359974124217, "selection_38": 0, "shapley_value_39": 0.2206086240708828, "selection_39": 0, "shapley_value_40": 0.21664141219854355, "selection_40": 0, "shapley_value_41": 0.21531265935301774, "selection_41": 0, "shapley_value_42": 0.19956486174464225, "selection_42": 1, "shapley_value_43": 0.2557618805224245, "selection_43": 0, "shapley_value_44": 0.1839391454723146, "selection_44": 0, "shapley_value_45": 0.17887444039185843, "selection_45": 0, "shapley_value_46": 0.2039220482426531, "selection_46": 0, "shapley_value_47": 0.20075431230664256, "selection_47": 0, "shapley_value_48": 0.15858239299721186, "selection_48": 0, "shapley_value_49": 0.2068436677753925, "selection_49": 0, "shapley_value_50": 0.24335283181884074, "selection_50": 0, "shapley_value_51": 0.18292640870809557, "selection_51": 0, "shapley_value_52": 0.1501834424999025, "selection_52": 1, "shapley_value_53": 0.2334704783016985, "selection_53": 0, "shapley_value_54": 0.2243632816374302, "selection_54": 0, "shapley_value_55": 0.18870353073979682, "selection_55": 0, "shapley_value_56": 0.2135822665989399, "selection_56": 0, "shapley_value_57": 0.21214414808154106, "selection_57": 0, "shapley_value_58": 0.20403037768602372, "selection_58": 0, "shapley_value_59": 0.19874554070830344, "selection_59": 0, "shapley_value_60": 0.21295164453983303, "selection_60": 0, "shapley_value_61": 0.16546499727762237, "selection_61": 0, "shapley_value_62": 0.23842622732574287, "selection_62": 0, "shapley_value_63": 0.25099774032831196, "selection_63": 0, "shapley_value_64": 0.16690504587358895, "selection_64": 0, "shapley_value_65": 0.18391853863000868, "selection_65": 1, "shapley_value_66": 0.2056417088210582, "selection_66": 0, "shapley_value_67": 0.17932485977808632, "selection_67": 0, "shapley_value_68": 0.2190721862912178, "selection_68": 0, "shapley_value_69": 0.19502194335272438, "selection_69": 0, "shapley_value_70": 0.2532461260394616, "selection_70": 0, "shapley_value_71": 0.23928836903788825, "selection_71": 1, "shapley_value_72": 0.15678337534268702, "selection_72": 0, "shapley_value_73": 0.24322247196327557, "selection_73": 0, "shapley_value_74": 0.16917220572630562, "selection_74": 0, "shapley_value_75": 0.2621402644862731, "selection_75": 0, "shapley_value_76": 0.20969039937853812, "selection_76": 0, "shapley_value_77": 0.20386694961786272, "selection_77": 0, "shapley_value_78": 0.19699251618981362, "selection_78": 0, "shapley_value_79": 0.2136289853931439, "selection_79": 0, "shapley_value_80": 0.2511956157467582, "selection_80": 0, "shapley_value_81": 0.16874485701322556, "selection_81": 0, "shapley_value_82": 0.2407478191364895, "selection_82": 0, "shapley_value_83": 0.19400158342719082, "selection_83": 0, "shapley_value_84": 0.19257711672782898, "selection_84": 0, "shapley_value_85": 0.16417867362499233, "selection_85": 0, "shapley_value_86": 0.25493691325187684, "selection_86": 0, "shapley_value_87": 0.18513671448983643, "selection_87": 0, "shapley_value_88": 0.1735048203004731, "selection_88": 0, "shapley_value_89": 0.20937503743171693, "selection_89": 0, "shapley_value_90": 0.2205888964533806, "selection_90": 0, "shapley_value_91": 0.21473705673374627, "selection_91": 0, "shapley_value_92": 0.1991624770760536, "selection_92": 0, "shapley_value_93": 0.21144996699690818, "selection_93": 0, "shapley_value_94": 0.17174549847841267, "selection_94": 0, "shapley_value_95": 0.20298853614769485, "selection_95": 0, "shapley_value_96": 0.19304628220200543, "selection_96": 1, "shapley_value_97": 0.24511461915011612, "selection_97": 0, "shapley_value_98": 0.2257581676678224, "selection_98": 0, "shapley_value_99": 0.20878226834535596, "selection_99": 0, "_timestamp": 1687953782.5208879, "_runtime": 315.6618027687073, "_step": 99, "_wandb": {"runtime": 314}}