{"accuracy": 0.125, "val_loss": 3.591677665710449, "test_loss": 3.625304698944092, "_timestamp": 1688407788.2184274, "_runtime": 145.98499846458435, "_step": 99, "_wandb": {"runtime": 144}}