{"accuracy": 0.12939999997615814, "val_loss": 2.296339750289917, "test_loss": 2.295806407928467, "_timestamp": 1687996110.4707463, "_runtime": 137.70107531547546, "_step": 99, "_wandb": {"runtime": 136}}