{"accuracy": 0.13779999315738678, "val_loss": 2.5213165283203125, "test_loss": 2.531212568283081, "_timestamp": 1688397218.3925197, "_runtime": 98.70625472068787, "_step": 99, "_wandb": {"runtime": 97}}