{"accuracy": 0.9273999929428101, "val_loss": 0.2681426703929901, "test_loss": 0.2507408857345581, "shapley_value_0": -1.7486500332752861, "selection_0": 0, "shapley_value_1": -1.5648655315240227, "selection_1": 0, "shapley_value_2": -1.8218815475702286, "selection_2": 0, "shapley_value_3": -1.737946964303653, "selection_3": 0, "shapley_value_4": -1.8131121834119157, "selection_4": 0, "shapley_value_5": -1.7940361003081005, "selection_5": 0, "shapley_value_6": -1.7407380253076554, "selection_6": 0, "shapley_value_7": -1.7756709883610404, "selection_7": 0, "shapley_value_8": -1.7282851596673325, "selection_8": 0, "shapley_value_9": -1.714983935157458, "selection_9": 0, "shapley_value_10": -1.8368671119213107, "selection_10": 0, "shapley_value_11": -1.7971370299657186, "selection_11": 0, "shapley_value_12": -1.711038025220235, "selection_12": 0, "shapley_value_13": -1.7290470510721208, "selection_13": 0, "shapley_value_14": -1.811486734946569, "selection_14": 0, "shapley_value_15": -1.7874168624480569, "selection_15": 0, "shapley_value_16": -1.7084219108025234, "selection_16": 0, "shapley_value_17": -1.8316784987847008, "selection_17": 0, "shapley_value_18": -1.8933550626039501, "selection_18": 1, "shapley_value_19": -1.7966059058904649, "selection_19": 0, "shapley_value_20": -1.7738928198814392, "selection_20": 0, "shapley_value_21": -1.7117110153039299, "selection_21": 0, "shapley_value_22": -1.7538905322551723, "selection_22": 0, "shapley_value_23": -1.8859029918909074, "selection_23": 0, "shapley_value_24": -1.7152964989344277, "selection_24": 0, "shapley_value_25": -1.8888472735881805, "selection_25": 0, "shapley_value_26": -1.9183669398228331, "selection_26": 1, "shapley_value_27": -1.8614449679851532, "selection_27": 0, "shapley_value_28": -1.7242433637380603, "selection_28": 0, "shapley_value_29": -1.897544088959694, "selection_29": 0, "shapley_value_30": -1.760816875100136, "selection_30": 0, "shapley_value_31": -1.9595863898595174, "selection_31": 1, "shapley_value_32": -1.526168735822042, "selection_32": 0, "shapley_value_33": -1.7899404744307197, "selection_33": 0, "shapley_value_34": -1.886441363890966, "selection_34": 0, "shapley_value_35": -1.8483525474866234, "selection_35": 0, "shapley_value_36": -1.894928298393885, "selection_36": 0, "shapley_value_37": -1.7250561833381657, "selection_37": 0, "shapley_value_38": -1.7721756110588711, "selection_38": 0, "shapley_value_39": -1.985807377099991, "selection_39": 1, "_timestamp": 1687991357.3965065, "_runtime": 75.27964854240417, "_step": 99, "_wandb": {"runtime": 73}}