{"accuracy": 0.9365999698638916, "val_loss": 0.23072272539138794, "test_loss": 0.21281635761260986, "_timestamp": 1688024504.865709, "_runtime": 85.32943415641785, "_step": 99, "_wandb": {"runtime": 83}}