{"accuracy": 0.12939999997615814, "val_loss": 2.296339750289917, "test_loss": 2.295806407928467, "_timestamp": 1687995968.5175004, "_runtime": 127.64535546302795, "_step": 99, "_wandb": {"runtime": 126}}