{"accuracy": 0.9225999712944031, "val_loss": 0.27760007977485657, "test_loss": 0.2558273673057556, "_timestamp": 1687995011.5566437, "_runtime": 135.65215969085693, "_step": 99, "_wandb": {"runtime": 134}}