{"accuracy": 0.8093428611755371, "val_loss": 0.5700868964195251, "test_loss": 0.5674265623092651, "_timestamp": 1687986679.28296, "_runtime": 73.78935384750366, "_step": 99, "_wandb": {"runtime": 72}}