{"accuracy": 0.09699999541044235, "val_loss": 12.471994400024414, "test_loss": 12.606605529785156, "shapley_value_0": -1.9009472032388046, "selection_0": 0, "shapley_value_1": -0.014233827590942235, "selection_1": 0, "shapley_value_2": 10.397374068276356, "selection_2": 1, "shapley_value_3": -0.22517708937327008, "selection_3": 0, "shapley_value_4": -2.2438357075055464, "selection_4": 0, "shapley_value_5": 9.81500695678923, "selection_5": 1, "shapley_value_6": -4.077119489510855, "selection_6": 0, "shapley_value_7": 9.521721778975595, "selection_7": 1, "shapley_value_8": -2.350978483756382, "selection_8": 0, "shapley_value_9": -0.605471293131508, "selection_9": 0, "shapley_value_10": -4.153402586778004, "selection_10": 0, "shapley_value_11": -1.8942219614982623, "selection_11": 0, "shapley_value_12": -7.195344328880307, "selection_12": 0, "shapley_value_13": -2.99134730299314, "selection_13": 0, "shapley_value_14": -5.2756146887938185, "selection_14": 0, "shapley_value_15": 0.014571626981100039, "selection_15": 0, "shapley_value_16": 0.0560694058736166, "selection_16": 0, "shapley_value_17": -1.7954772611459098, "selection_17": 0, "shapley_value_18": -0.09228544930617, "selection_18": 0, "shapley_value_19": -2.3423245747884103, "selection_19": 0, "shapley_value_20": -0.3126880658997428, "selection_20": 0, "shapley_value_21": -0.17133160432179828, "selection_21": 0, "shapley_value_22": -1.3725053866704304, "selection_22": 0, "shapley_value_23": -7.47753127415975, "selection_23": 0, "shapley_value_24": -3.5046454668045044, "selection_24": 0, "shapley_value_25": -1.1426413456598912, "selection_25": 0, "shapley_value_26": -0.20965381463368704, "selection_26": 0, "shapley_value_27": -3.886175672213236, "selection_27": 0, "shapley_value_28": 0.20315781235694952, "selection_28": 0, "shapley_value_29": -3.7160283426443748, "selection_29": 0, "shapley_value_30": -0.022460550069808072, "selection_30": 0, "shapley_value_31": 0.07180128494898419, "selection_31": 0, "shapley_value_32": -0.8582988282044735, "selection_32": 0, "shapley_value_33": 0.2250843644142151, "selection_33": 0, "shapley_value_34": -3.4877635439236956, "selection_34": 0, "shapley_value_35": -5.465163846810659, "selection_35": 0, "shapley_value_36": 2.214237296755935, "selection_36": 1, "shapley_value_37": 0.02436661720275879, "selection_37": 0, "shapley_value_38": -2.964998890956244, "selection_38": 0, "shapley_value_39": -1.2347168028354654, "selection_39": 0, "shapley_value_40": -0.503295441468556, "selection_40": 0, "shapley_value_41": -1.9982566237449646, "selection_41": 0, "shapley_value_42": 0.07375669479370206, "selection_42": 0, "shapley_value_43": -0.1807488799095136, "selection_43": 0, "shapley_value_44": 8.584833582019092, "selection_44": 1, "shapley_value_45": -2.079687039057413, "selection_45": 0, "shapley_value_46": -2.880298564831416, "selection_46": 0, "shapley_value_47": 0.22977229621675357, "selection_47": 0, "shapley_value_48": -1.6968501508235927, "selection_48": 0, "shapley_value_49": -3.4305129845937117, "selection_49": 0, "_timestamp": 1688378266.5816648, "_runtime": 92.72646689414978, "_step": 99, "_wandb": {"runtime": 91}}