{"accuracy": 0.1289999932050705, "val_loss": 2.991729497909546, "test_loss": 3.024812936782837, "_timestamp": 1688399919.6481385, "_runtime": 99.66662740707397, "_step": 99, "_wandb": {"runtime": 98}}