{"accuracy": 0.9293999671936035, "val_loss": 0.2578798234462738, "test_loss": 0.23657648265361786, "shapley_value_0": 0.003243756294250488, "selection_0": 0, "shapley_value_1": 0.003022103309631348, "selection_1": 0, "shapley_value_2": 0.0025003147125244136, "selection_2": 0, "shapley_value_3": 0.0048779726028442385, "selection_3": 0, "shapley_value_4": 0.002981719970703125, "selection_4": 0, "shapley_value_5": 0.0037518787384033204, "selection_5": 0, "shapley_value_6": 0.0041267633438110355, "selection_6": 0, "shapley_value_7": 0.002070732116699218, "selection_7": 0, "shapley_value_8": 0.0030375099182128906, "selection_8": 0, "shapley_value_9": 0.001748518943786621, "selection_9": 0, "shapley_value_10": 0.0014623880386352539, "selection_10": 0, "shapley_value_11": -9.9131935521176e-06, "selection_11": 0, "shapley_value_12": -8.00709975393195e-05, "selection_12": 0, "shapley_value_13": 0.010866060256958004, "selection_13": 0, "shapley_value_14": 0.00996088981628418, "selection_14": 0, "shapley_value_15": 0.010612649917602537, "selection_15": 0, "shapley_value_16": 0.0004486037838843561, "selection_16": 0, "shapley_value_17": -0.0007118676838121916, "selection_17": 0, "shapley_value_18": -0.00015817190471448397, "selection_18": 0, "shapley_value_19": 0.00652191162109375, "selection_19": 0, "shapley_value_20": 0.02959328174591064, "selection_20": 0, "shapley_value_21": 0.013659725189208985, "selection_21": 0, "shapley_value_22": 0.008955121040344238, "selection_22": 0, "shapley_value_23": 0.013527660369873047, "selection_23": 0, "shapley_value_24": 0.021548142433166505, "selection_24": 0, "shapley_value_25": 0.08685561776161195, "selection_25": 0, "shapley_value_26": 0.06261455297470092, "selection_26": 0, "shapley_value_27": -0.00024218308298211349, "selection_27": 0, "shapley_value_28": 0.010552706718444825, "selection_28": 0, "shapley_value_29": 0.02153602123260499, "selection_29": 0, "shapley_value_30": 0.02949806690216064, "selection_30": 0, "shapley_value_31": 0.011134657859802246, "selection_31": 0, "shapley_value_32": 0.023235616683959962, "selection_32": 0, "shapley_value_33": 0.0326807975769043, "selection_33": 0, "shapley_value_34": 0.027098340988159178, "selection_34": 0, "shapley_value_35": 0.0902146279811859, "selection_35": 0, "shapley_value_36": 0.013020744323730469, "selection_36": 0, "shapley_value_37": 0.08158230364322663, "selection_37": 0, "shapley_value_38": 0.12247335612773898, "selection_38": 0, "shapley_value_39": 0.013587026596069337, "selection_39": 0, "shapley_value_40": 0.245319634511553, "selection_40": 1, "shapley_value_41": -0.0002957143281635485, "selection_41": 0, "shapley_value_42": 0.11252232134342194, "selection_42": 0, "shapley_value_43": 0.008211963176727295, "selection_43": 0, "shapley_value_44": 0.00629274368286133, "selection_44": 0, "shapley_value_45": 0.24470117231210067, "selection_45": 1, "shapley_value_46": 0.15017525245745977, "selection_46": 0, "shapley_value_47": 0.19773288139275141, "selection_47": 1, "shapley_value_48": 0.19903310213238004, "selection_48": 0, "shapley_value_49": 0.03842534780502319, "selection_49": 0, "shapley_value_50": 0.21794370075066888, "selection_50": 0, "shapley_value_51": -0.00041619727486058285, "selection_51": 0, "shapley_value_52": 0.09897722363471984, "selection_52": 0, "shapley_value_53": 0.16140201040676663, "selection_53": 0, "shapley_value_54": 0.08286296784877778, "selection_54": 0, "shapley_value_55": 0.08037697613239288, "selection_55": 0, "shapley_value_56": 0.19711852582295733, "selection_56": 0, "shapley_value_57": 0.18459791427850722, "selection_57": 0, "shapley_value_58": 0.18608623812596, "selection_58": 0, "shapley_value_59": 0.036264686584472655, "selection_59": 0, "shapley_value_60": 0.18632571518421173, "selection_60": 0, "shapley_value_61": 0.12754751086235047, "selection_61": 0, "shapley_value_62": 0.23463463025874104, "selection_62": 1, "shapley_value_63": 0.21877065825462338, "selection_63": 1, "shapley_value_64": 0.22981268556260348, "selection_64": 1, "shapley_value_65": 0.1676471936702728, "selection_65": 0, "shapley_value_66": -0.0007434581455431486, "selection_66": 0, "shapley_value_67": 0.20506072870709688, "selection_67": 0, "shapley_value_68": 0.03653910636901856, "selection_68": 0, "shapley_value_69": 0.10030612319707873, "selection_69": 0, "shapley_value_70": 0.21199561269118866, "selection_70": 0, "shapley_value_71": 0.1720821357749359, "selection_71": 0, "shapley_value_72": 0.13974000558257102, "selection_72": 0, "shapley_value_73": 0.19438215394814812, "selection_73": 0, "shapley_value_74": 0.09436694920063018, "selection_74": 0, "shapley_value_75": 0.19286777776021224, "selection_75": 0, "shapley_value_76": 0.15838219659669056, "selection_76": 0, "shapley_value_77": 0.17759433040144848, "selection_77": 0, "shapley_value_78": -0.00012723395698948913, "selection_78": 0, "shapley_value_79": 0.16432630751216623, "selection_79": 0, "shapley_value_80": 0.22460275505889546, "selection_80": 1, "shapley_value_81": 0.17838831865787508, "selection_81": 0, "shapley_value_82": 0.1838555198907852, "selection_82": 0, "shapley_value_83": 0.14391019448637962, "selection_83": 0, "shapley_value_84": 0.1769272099600898, "selection_84": 0, "shapley_value_85": 0.2207080480926916, "selection_85": 1, "shapley_value_86": 0.09585802614688874, "selection_86": 0, "shapley_value_87": 0.22408416818226537, "selection_87": 0, "shapley_value_88": 0.22112992782145738, "selection_88": 0, "shapley_value_89": 0.20457398956236633, "selection_89": 0, "shapley_value_90": 0.22607290507973843, "selection_90": 1, "shapley_value_91": 0.10229667400058949, "selection_91": 0, "shapley_value_92": 0.21946768527939203, "selection_92": 0, "shapley_value_93": 0.18568901979006253, "selection_93": 0, "shapley_value_94": 0.19916218254715204, "selection_94": 0, "shapley_value_95": 0.15596198713779452, "selection_95": 0, "shapley_value_96": 0.22782529257542913, "selection_96": 1, "shapley_value_97": 0.21060717416204675, "selection_97": 0, "shapley_value_98": 0.2195553038337014, "selection_98": 0, "shapley_value_99": 0.21162688185771306, "selection_99": 0, "_timestamp": 1687950839.9314044, "_runtime": 314.65444135665894, "_step": 99, "_wandb": {"runtime": 313}}