{"accuracy": 0.811610221862793, "val_loss": 0.5820044279098511, "test_loss": 0.5761027336120605, "shapley_value_0": -1.4105057741204896, "selection_0": 0, "shapley_value_1": -1.1147157811281974, "selection_1": 0, "shapley_value_2": -1.2503994901974995, "selection_2": 0, "shapley_value_3": -1.373270489551403, "selection_3": 0, "shapley_value_4": -1.2045675764481223, "selection_4": 0, "shapley_value_5": -1.4346139771597728, "selection_5": 1, "shapley_value_6": -1.3740636739465923, "selection_6": 0, "shapley_value_7": -1.3239306630911651, "selection_7": 0, "shapley_value_8": -1.4231690605481466, "selection_8": 0, "shapley_value_9": -1.3188404699166614, "selection_9": 1, "shapley_value_10": -1.3143911787441802, "selection_10": 0, "shapley_value_11": -1.4087262948354085, "selection_11": 0, "shapley_value_12": -1.2426476538181304, "selection_12": 0, "shapley_value_13": -1.3021335457310532, "selection_13": 0, "shapley_value_14": -1.1676439679030215, "selection_14": 0, "shapley_value_15": -1.3099329206678605, "selection_15": 0, "shapley_value_16": -1.3027447329627144, "selection_16": 0, "shapley_value_17": -1.0849896317873247, "selection_17": 0, "shapley_value_18": -1.2234783461599643, "selection_18": 0, "shapley_value_19": -1.3489546616872152, "selection_19": 0, "shapley_value_20": -1.1016722789832525, "selection_20": 0, "shapley_value_21": -1.2809686561425526, "selection_21": 0, "shapley_value_22": -1.1263701756795248, "selection_22": 0, "shapley_value_23": -0.8132180074850718, "selection_23": 0, "shapley_value_24": -1.2146549849283128, "selection_24": 0, "shapley_value_25": -1.1180191318194073, "selection_25": 0, "shapley_value_26": -1.2770305786814007, "selection_26": 1, "shapley_value_27": -1.083884759382768, "selection_27": 0, "shapley_value_28": -1.1209325095017753, "selection_28": 0, "shapley_value_29": -1.4404301215440798, "selection_29": 0, "shapley_value_30": -1.5311827460924785, "selection_30": 0, "shapley_value_31": -1.1545246088946304, "selection_31": 0, "shapley_value_32": -0.9804678079154757, "selection_32": 0, "shapley_value_33": -1.174783766269684, "selection_33": 0, "shapley_value_34": -1.3925207995233084, "selection_34": 0, "shapley_value_35": -1.4823654969533284, "selection_35": 0, "shapley_value_36": -1.0471762994925178, "selection_36": 0, "shapley_value_37": -1.488566035316104, "selection_37": 1, "shapley_value_38": -1.1676515464981398, "selection_38": 0, "shapley_value_39": -1.3295683481476523, "selection_39": 0, "_timestamp": 1687985462.6313586, "_runtime": 72.86761355400085, "_step": 99, "_wandb": {"runtime": 71}}