{"accuracy": 0.09699999541044235, "val_loss": 12.599335670471191, "test_loss": 12.749345779418945, "shapley_value_0": -1.4541302389568755, "selection_0": 0, "shapley_value_1": -2.7590564489364624, "selection_1": 0, "shapley_value_2": 9.575147836738163, "selection_2": 1, "shapley_value_3": -0.2812771002451573, "selection_3": 0, "shapley_value_4": -2.244444489479065, "selection_4": 0, "shapley_value_5": 8.977696364801936, "selection_5": 1, "shapley_value_6": -4.528801759084068, "selection_6": 0, "shapley_value_7": 8.864583665317344, "selection_7": 1, "shapley_value_8": -1.6276708046595245, "selection_8": 0, "shapley_value_9": -0.17412601908047876, "selection_9": 0, "shapley_value_10": -1.890660246213277, "selection_10": 0, "shapley_value_11": 0.15970099965731333, "selection_11": 0, "shapley_value_12": -6.484444330135981, "selection_12": 0, "shapley_value_13": -5.472154756387075, "selection_13": 0, "shapley_value_14": -4.479140539964041, "selection_14": 0, "shapley_value_15": 0.3153588573137922, "selection_15": 0, "shapley_value_16": -0.012208637264039682, "selection_16": 0, "shapley_value_17": -1.8812339405218772, "selection_17": 0, "shapley_value_18": 0.10983691612879465, "selection_18": 0, "shapley_value_19": -3.1853912274042777, "selection_19": 0, "shapley_value_20": 0.2949280473921035, "selection_20": 0, "shapley_value_21": -0.047972818215687774, "selection_21": 0, "shapley_value_22": -1.0298532909817164, "selection_22": 0, "shapley_value_23": -0.6154141028722124, "selection_23": 0, "shapley_value_24": -3.095294455687206, "selection_24": 0, "shapley_value_25": -0.7757164239883418, "selection_25": 0, "shapley_value_26": -1.143774012724558, "selection_26": 0, "shapley_value_27": -3.1942276259263345, "selection_27": 0, "shapley_value_28": 0.0780828396479285, "selection_28": 0, "shapley_value_29": -3.3719803591569266, "selection_29": 0, "shapley_value_30": -1.1673147545920493, "selection_30": 0, "shapley_value_31": 0.03036034107208252, "selection_31": 0, "shapley_value_32": -1.7315593957900999, "selection_32": 0, "shapley_value_33": -0.11103200912475586, "selection_33": 0, "shapley_value_34": -2.475660612185796, "selection_34": 0, "shapley_value_35": -5.242678304513294, "selection_35": 0, "shapley_value_36": 3.745439125652666, "selection_36": 1, "shapley_value_37": 0.09908201297124108, "selection_37": 0, "shapley_value_38": -0.002442042032877456, "selection_38": 0, "shapley_value_39": -1.2907279133796692, "selection_39": 0, "shapley_value_40": -0.5102104147275286, "selection_40": 0, "shapley_value_41": -1.9531467755635585, "selection_41": 0, "shapley_value_42": 0.1044162909189863, "selection_42": 0, "shapley_value_43": -0.1776881217956543, "selection_43": 0, "shapley_value_44": 8.227817181484168, "selection_44": 1, "shapley_value_45": -2.454791208108265, "selection_45": 0, "shapley_value_46": -2.0914787749449406, "selection_46": 0, "shapley_value_47": -0.7455164690812417, "selection_47": 0, "shapley_value_48": -1.6478290557861328, "selection_48": 0, "shapley_value_49": -0.724990397691726, "selection_49": 0, "_timestamp": 1688378582.5201902, "_runtime": 99.75027322769165, "_step": 99, "_wandb": {"runtime": 98}}