{"accuracy": 0.9357999563217163, "val_loss": 0.22718164324760437, "test_loss": 0.21407590806484222, "shapley_value_0": -1.9476844059924288, "selection_0": 0, "shapley_value_1": -1.7627787409406717, "selection_1": 0, "shapley_value_2": -1.9965645751605428, "selection_2": 0, "shapley_value_3": -1.8117270320653915, "selection_3": 1, "shapley_value_4": -1.722228587383316, "selection_4": 0, "shapley_value_5": -1.6315143362239555, "selection_5": 0, "shapley_value_6": -1.9300180416968136, "selection_6": 0, "shapley_value_7": -1.960920200993617, "selection_7": 0, "shapley_value_8": -1.870920506261644, "selection_8": 0, "shapley_value_9": -1.9580504786637096, "selection_9": 0, "shapley_value_10": -1.6382934465294794, "selection_10": 0, "shapley_value_11": -1.8328315234846544, "selection_11": 0, "shapley_value_12": -1.7723464449246724, "selection_12": 0, "shapley_value_13": -1.9206804100956236, "selection_13": 0, "shapley_value_14": -2.000599847347648, "selection_14": 1, "shapley_value_15": -1.750400465546232, "selection_15": 0, "shapley_value_16": -1.6938123634705942, "selection_16": 0, "shapley_value_17": -1.7319694587753878, "selection_17": 0, "shapley_value_18": -1.77085917478516, "selection_18": 1, "shapley_value_19": -1.9167007818108515, "selection_19": 1, "shapley_value_20": -1.7446044872204463, "selection_20": 0, "shapley_value_21": -1.8226574149095647, "selection_21": 0, "shapley_value_22": -1.6835712678730488, "selection_22": 0, "shapley_value_23": -1.7665866967290638, "selection_23": 0, "shapley_value_24": -1.9737804612288108, "selection_24": 0, "shapley_value_25": -1.6895978003740306, "selection_25": 0, "shapley_value_26": -1.9745404315300474, "selection_26": 0, "shapley_value_27": -1.68228560260364, "selection_27": 0, "shapley_value_28": -1.8284607169528804, "selection_28": 0, "shapley_value_29": -1.7823515733083088, "selection_29": 0, "shapley_value_30": -1.9196795118706567, "selection_30": 0, "shapley_value_31": -1.8144991373022397, "selection_31": 0, "shapley_value_32": -1.8865268143514788, "selection_32": 0, "shapley_value_33": -1.9249958906209832, "selection_33": 0, "shapley_value_34": -2.0031862992931293, "selection_34": 0, "shapley_value_35": -1.8153109207297817, "selection_35": 0, "shapley_value_36": -1.736546336983641, "selection_36": 0, "shapley_value_37": -1.5283032962017586, "selection_37": 0, "shapley_value_38": -1.8294172183130726, "selection_38": 0, "shapley_value_39": -1.9958919199804461, "selection_39": 0, "_timestamp": 1688022828.8598297, "_runtime": 86.78820466995239, "_step": 99, "_wandb": {"runtime": 85}}