{"accuracy": 0.10239999741315842, "val_loss": 11.785438537597656, "test_loss": 11.764689445495605, "shapley_value_0": 0.8317436575889587, "selection_0": 0, "shapley_value_1": 1.5111980510480476, "selection_1": 0, "shapley_value_2": 0.14542858373551162, "selection_2": 0, "shapley_value_3": 5.793816243608793, "selection_3": 1, "shapley_value_4": -3.908588245511055, "selection_4": 0, "shapley_value_5": 1.1467010503013928, "selection_5": 0, "shapley_value_6": -1.559035774072011, "selection_6": 0, "shapley_value_7": 1.4574596666627462, "selection_7": 0, "shapley_value_8": 5.538022567118917, "selection_8": 1, "shapley_value_9": -1.845578225453694, "selection_9": 0, "shapley_value_10": 1.7885537147521977, "selection_10": 0, "shapley_value_11": -0.5260137716929122, "selection_11": 0, "shapley_value_12": -2.1828488757212954, "selection_12": 0, "shapley_value_13": 0.23982875403903797, "selection_13": 0, "shapley_value_14": -2.76551574965318, "selection_14": 0, "shapley_value_15": -0.6255265308750998, "selection_15": 0, "shapley_value_16": 2.5903992283911927, "selection_16": 0, "shapley_value_17": 0.5144090975324312, "selection_17": 0, "shapley_value_18": 2.417951382341839, "selection_18": 0, "shapley_value_19": -3.841985980669657, "selection_19": 0, "shapley_value_20": 1.0360902812745836, "selection_20": 0, "shapley_value_21": 1.2023834740674058, "selection_21": 0, "shapley_value_22": 0.6302789251009625, "selection_22": 0, "shapley_value_23": -2.241907527049383, "selection_23": 0, "shapley_value_24": -2.6668471445639934, "selection_24": 0, "shapley_value_25": -3.112849285205205, "selection_25": 0, "shapley_value_26": -3.4622701307137804, "selection_26": 0, "shapley_value_27": 0.9639430468281104, "selection_27": 0, "shapley_value_28": 1.382595678170522, "selection_28": 0, "shapley_value_29": -2.379198749860128, "selection_29": 0, "shapley_value_30": 2.663958045152517, "selection_30": 0, "shapley_value_31": 0.9496576140324278, "selection_31": 0, "shapley_value_32": -0.04515161448054824, "selection_32": 0, "shapley_value_33": 5.618526164562471, "selection_33": 1, "shapley_value_34": -0.5881943787847249, "selection_34": 0, "shapley_value_35": -3.952787538369496, "selection_35": 0, "shapley_value_36": 5.01727411974044, "selection_36": 0, "shapley_value_37": 0.8759853020310404, "selection_37": 0, "shapley_value_38": 0.4251411880056065, "selection_38": 0, "shapley_value_39": 2.836209425661298, "selection_39": 0, "shapley_value_40": -1.9587139934301376, "selection_40": 0, "shapley_value_41": -1.6373485803604138, "selection_41": 0, "shapley_value_42": 5.51456320902397, "selection_42": 1, "shapley_value_43": 1.0220610985049492, "selection_43": 0, "shapley_value_44": 4.28933236837387, "selection_44": 0, "shapley_value_45": -5.364521397484673, "selection_45": 0, "shapley_value_46": 5.598042501853063, "selection_46": 1, "shapley_value_47": 0.06522126708711896, "selection_47": 0, "shapley_value_48": -2.542583142717679, "selection_48": 0, "shapley_value_49": 0.596794219244094, "selection_49": 0, "_timestamp": 1688383082.976668, "_runtime": 109.34150576591492, "_step": 99, "_wandb": {"runtime": 107}}