{"loss": 0.4632316529750824, "accuracy": 0.8705999851226807, "average_active_clients": 1.2425000000000004, "_timestamp": 1686749575.2214272, "_runtime": 29.819534301757812, "_step": 399, "_wandb": {"runtime": 28}}