{"accuracy": [0.144752636551857, 0.19922655820846558, 0.3200426697731018, 0.41905587911605835], "val_loss": [2.3015222549438477, 2.0697784423828125, 1.8481943607330322, 1.6795624494552612], "test_loss": [2.3028688430786133, 2.06661319732666, 1.8458755016326904, 1.681122064590454], "selections": [0, 0, 0, 0, 1, 0, 0, 1, 0, 0, 0, 0, 0, 0, 0, 0, 0, 0, 0, 0], "shapley_values": [-0.0029772520065307617, 0.047086086273193356, 0.02783600568771362, 0.04603078842163086, 0.07018618822097776, 0.059776036739349364, -0.000273864844749714, 0.07370263576507567, -0.009956322218242445, 0.020172417163848877, 0.047167575359344474, 0.029766464233398442, 0.016874945163726805, 0.014730606079101559, -0.00021295888083321509, 0.01031343936920166, 0.047081217765808106, 0.01594746589660645, -0.008230579526800858, 0.041992852687835695], "_timestamp": 1687790082.2137349, "_runtime": 81.49945878982544, "_step": 3}