{"accuracy": 0.7823376655578613, "val_loss": 0.6306951642036438, "test_loss": 0.6341844201087952, "shapley_value_0": 0.10108552098274232, "selection_0": 0, "shapley_value_1": 0.0350088059902191, "selection_1": 0, "shapley_value_2": 0.09700900077819824, "selection_2": 0, "shapley_value_3": 0.035026742219924925, "selection_3": 0, "shapley_value_4": 0.17652711987495423, "selection_4": 0, "shapley_value_5": 0.0733347189426422, "selection_5": 0, "shapley_value_6": 0.09780895829200745, "selection_6": 0, "shapley_value_7": 0.03126328229904176, "selection_7": 0, "shapley_value_8": 0.23353402733802803, "selection_8": 1, "shapley_value_9": 0.0972892963886261, "selection_9": 0, "shapley_value_10": 0.13207172989845273, "selection_10": 0, "shapley_value_11": 0.06884209871292116, "selection_11": 0, "shapley_value_12": 0.1764189338684082, "selection_12": 0, "shapley_value_13": 0.10916846632957458, "selection_13": 0, "shapley_value_14": 0.030804264545440684, "selection_14": 0, "shapley_value_15": 0.09897069811820987, "selection_15": 0, "shapley_value_16": 0.03641632795333863, "selection_16": 0, "shapley_value_17": 0.1313619840145111, "selection_17": 1, "shapley_value_18": -0.001785378707082648, "selection_18": 0, "shapley_value_19": -0.0006489408643622147, "selection_19": 0, "_timestamp": 1687795632.651178, "_runtime": 932.3827168941498, "_step": 99, "_wandb": {"runtime": 931}}