{"accuracy": 0.10520000010728836, "val_loss": 4.671627521514893, "test_loss": 4.662703037261963, "shapley_value_0": 1.7288772920767463, "selection_0": 0, "shapley_value_1": 4.896263261636097, "selection_1": 0, "shapley_value_2": 0.8125512421131134, "selection_2": 0, "shapley_value_3": 3.6654959971254524, "selection_3": 1, "shapley_value_4": -0.11294091939926174, "selection_4": 0, "shapley_value_5": 2.829421563943227, "selection_5": 0, "shapley_value_6": 0.22928936481475812, "selection_6": 0, "shapley_value_7": 2.666272769371669, "selection_7": 0, "shapley_value_8": 0.3757710615793865, "selection_8": 0, "shapley_value_9": -0.47218953017835236, "selection_9": 0, "shapley_value_10": 0.08873988588651005, "selection_10": 0, "shapley_value_11": 1.100269216299057, "selection_11": 0, "shapley_value_12": 0.24315704107284528, "selection_12": 0, "shapley_value_13": -0.047200953960418436, "selection_13": 1, "shapley_value_14": -0.6547938942909237, "selection_14": 1, "shapley_value_15": 0.8602102001508077, "selection_15": 0, "shapley_value_16": 1.5630153238773343, "selection_16": 0, "shapley_value_17": 1.3174016813437146, "selection_17": 0, "shapley_value_18": 1.0330638031164807, "selection_18": 0, "shapley_value_19": -0.11181207895279006, "selection_19": 0, "shapley_value_20": 0.8251007954279583, "selection_20": 0, "shapley_value_21": 2.2680424988269805, "selection_21": 0, "shapley_value_22": 1.5217597226301827, "selection_22": 0, "shapley_value_23": -1.3997701384403092, "selection_23": 0, "shapley_value_24": -2.085211488935683, "selection_24": 0, "shapley_value_25": -1.0925231068222614, "selection_25": 0, "shapley_value_26": -0.5693113009134925, "selection_26": 0, "shapley_value_27": 0.4965033272902172, "selection_27": 0, "shapley_value_28": 1.3952515443166098, "selection_28": 0, "shapley_value_29": -0.09225069085756962, "selection_29": 0, "shapley_value_30": 3.3285520510240034, "selection_30": 1, "shapley_value_31": 2.361182296276092, "selection_31": 0, "shapley_value_32": 1.67955673734347, "selection_32": 0, "shapley_value_33": 1.5975606242815654, "selection_33": 0, "shapley_value_34": 1.5632267355918883, "selection_34": 0, "shapley_value_35": -0.5768887069490222, "selection_35": 0, "shapley_value_36": 4.926475837375179, "selection_36": 0, "shapley_value_37": 2.099457190434138, "selection_37": 0, "shapley_value_38": 0.9510987619558972, "selection_38": 0, "shapley_value_39": 4.317367877020979, "selection_39": 0, "shapley_value_40": 0.3147086799144745, "selection_40": 0, "shapley_value_41": 0.5687052249908442, "selection_41": 0, "shapley_value_42": 3.538356923695766, "selection_42": 1, "shapley_value_43": 0.3866464912891388, "selection_43": 0, "shapley_value_44": 4.26834469130545, "selection_44": 0, "shapley_value_45": -2.5286893844604488, "selection_45": 0, "shapley_value_46": 2.542860362927119, "selection_46": 0, "shapley_value_47": 0.7167694369951887, "selection_47": 0, "shapley_value_48": 1.3703001777331039, "selection_48": 0, "shapley_value_49": 1.2972992559274037, "selection_49": 0, "_timestamp": 1688385163.5510876, "_runtime": 108.01089859008789, "_step": 99, "_wandb": {"runtime": 106}}