{"accuracy": 0.13819999992847443, "val_loss": 4.609431743621826, "test_loss": 4.677083492279053, "_timestamp": 1688405984.813507, "_runtime": 142.11628913879395, "_step": 99, "_wandb": {"runtime": 140}}