{"accuracy": 0.1136000007390976, "val_loss": 13.046884536743164, "test_loss": 13.04541015625, "_timestamp": 1688027905.6253161, "_runtime": 140.98913407325745, "_step": 99, "_wandb": {"runtime": 139}}