{"accuracy": 0.4697999954223633, "val_loss": 1.4620860815048218, "test_loss": 1.4685420989990234, "shapley_value_0": -0.6447405815124512, "selection_0": 1, "shapley_value_1": -0.18940008790404705, "selection_1": 0, "shapley_value_2": -1.0118823713726466, "selection_2": 0, "shapley_value_3": -0.7125629504521691, "selection_3": 0, "shapley_value_4": -0.8816466596391466, "selection_4": 0, "shapley_value_5": -0.8251707077026369, "selection_5": 0, "shapley_value_6": -0.8735508067267281, "selection_6": 0, "shapley_value_7": -0.9679645867574783, "selection_7": 1, "shapley_value_8": -0.821486972627186, "selection_8": 0, "shapley_value_9": -0.7732826254584574, "selection_9": 0, "shapley_value_10": -1.1078065293175834, "selection_10": 0, "shapley_value_11": -0.7351899299866113, "selection_11": 0, "shapley_value_12": -0.5478463859269116, "selection_12": 0, "shapley_value_13": -0.511975826157464, "selection_13": 0, "shapley_value_14": -0.739474376042684, "selection_14": 0, "shapley_value_15": -0.9814451270633273, "selection_15": 0, "shapley_value_16": -0.4322945237159729, "selection_16": 0, "shapley_value_17": -0.9095646142959593, "selection_17": 0, "shapley_value_18": -1.0870936598096577, "selection_18": 0, "shapley_value_19": -0.68629234234492, "selection_19": 0, "shapley_value_20": -0.45264857610066744, "selection_20": 0, "shapley_value_21": -0.15404137472311671, "selection_21": 0, "shapley_value_22": -0.2445407963934398, "selection_22": 0, "shapley_value_23": -0.47925109664599114, "selection_23": 1, "shapley_value_24": -0.6503657201925915, "selection_24": 0, "shapley_value_25": -0.6985089595501245, "selection_25": 0, "shapley_value_26": -1.3414959396634782, "selection_26": 0, "shapley_value_27": -0.41022708239378747, "selection_27": 1, "shapley_value_28": -0.062476797236336555, "selection_28": 0, "shapley_value_29": -0.9724183678627014, "selection_29": 0, "shapley_value_30": -0.2151728434996172, "selection_30": 0, "shapley_value_31": -1.2208924194176993, "selection_31": 0, "shapley_value_32": -0.014888721963633623, "selection_32": 0, "shapley_value_33": -0.7477379441261287, "selection_33": 0, "shapley_value_34": -0.6992106331719291, "selection_34": 0, "shapley_value_35": -0.535665285587311, "selection_35": 0, "shapley_value_36": -0.4723760684331257, "selection_36": 0, "shapley_value_37": -0.3637680484537496, "selection_37": 0, "shapley_value_38": -0.27197452916039383, "selection_38": 0, "shapley_value_39": -0.9111792688016536, "selection_39": 0, "_timestamp": 1687961713.6948652, "_runtime": 87.49687814712524, "_step": 99, "_wandb": {"runtime": 85}}