{"accuracy": 0.4619999825954437, "val_loss": 1.4880579710006714, "test_loss": 1.503159761428833, "_timestamp": 1687966467.9296765, "_runtime": 124.5832724571228, "_step": 99, "_wandb": {"runtime": 122}}