{"accuracy": 0.9357999563217163, "val_loss": 0.2310764640569687, "test_loss": 0.2162962108850479, "_timestamp": 1688025367.1987476, "_runtime": 89.12693071365356, "_step": 99, "_wandb": {"runtime": 87}}