{"accuracy": 0.837684690952301, "val_loss": 0.537100076675415, "test_loss": 0.5412365794181824, "_timestamp": 1687975178.1114492, "_runtime": 93.91314220428467, "_step": 99, "_wandb": {"runtime": 92}}