{"accuracy": 0.10239999741315842, "val_loss": 5.287722110748291, "test_loss": 5.265884876251221, "shapley_value_0": 0.5993977189064021, "selection_0": 0, "shapley_value_1": 4.429051614973855, "selection_1": 1, "shapley_value_2": 1.0557569066683454, "selection_2": 0, "shapley_value_3": 1.5548262695471446, "selection_3": 0, "shapley_value_4": -4.535930554072062, "selection_4": 0, "shapley_value_5": -2.5206576387087516, "selection_5": 0, "shapley_value_6": -5.539269944032034, "selection_6": 0, "shapley_value_7": 0.4452202433631536, "selection_7": 0, "shapley_value_8": 0.4924752745363444, "selection_8": 1, "shapley_value_9": -8.338134249051413, "selection_9": 0, "shapley_value_10": -1.7012088298797619, "selection_10": 0, "shapley_value_11": -3.8936826189359035, "selection_11": 0, "shapley_value_12": -1.747828761736553, "selection_12": 0, "shapley_value_13": -16.343117435773216, "selection_13": 0, "shapley_value_14": -0.499817649523417, "selection_14": 0, "shapley_value_15": -3.037238160769146, "selection_15": 0, "shapley_value_16": 4.452691300461692, "selection_16": 1, "shapley_value_17": 0.475112922986348, "selection_17": 0, "shapley_value_18": 4.082045127822377, "selection_18": 1, "shapley_value_19": -2.9221120079358447, "selection_19": 0, "shapley_value_20": 0.4036961749747948, "selection_20": 0, "shapley_value_21": -4.162629048029583, "selection_21": 0, "shapley_value_22": 1.8116995096206665, "selection_22": 0, "shapley_value_23": -9.306418577830001, "selection_23": 0, "shapley_value_24": -7.114008466402691, "selection_24": 0, "shapley_value_25": -1.8336067795753475, "selection_25": 0, "shapley_value_26": -2.096837689479192, "selection_26": 0, "shapley_value_27": 2.76607458338593, "selection_27": 0, "shapley_value_28": -0.5296628971894588, "selection_28": 0, "shapley_value_29": 0.6767749389012657, "selection_29": 0, "shapley_value_30": -1.0832568009694419, "selection_30": 0, "shapley_value_31": -0.4699506243069962, "selection_31": 0, "shapley_value_32": 1.358984212080637, "selection_32": 0, "shapley_value_33": 0.8470910415053374, "selection_33": 0, "shapley_value_34": -0.0431923617919292, "selection_34": 0, "shapley_value_35": -3.131474157174429, "selection_35": 0, "shapley_value_36": -0.7310408751169852, "selection_36": 0, "shapley_value_37": -1.1600574155648538, "selection_37": 0, "shapley_value_38": 0.2829720746903191, "selection_38": 0, "shapley_value_39": 2.9358447685576317, "selection_39": 1, "shapley_value_40": 0.8770876367886864, "selection_40": 0, "shapley_value_41": 0.0089440544446302, "selection_41": 0, "shapley_value_42": -4.191135207811991, "selection_42": 0, "shapley_value_43": -0.1814703941345209, "selection_43": 0, "shapley_value_44": 1.1462732326416742, "selection_44": 0, "shapley_value_45": -3.054468452930452, "selection_45": 0, "shapley_value_46": 1.567829359661449, "selection_46": 0, "shapley_value_47": 0.06952423188421442, "selection_47": 0, "shapley_value_48": -2.1324088176091536, "selection_48": 0, "shapley_value_49": 0.2501951257387809, "selection_49": 0, "_timestamp": 1688391301.39425, "_runtime": 116.26475095748901, "_step": 99, "_wandb": {"runtime": 114}}