{"accuracy": 0.09719999879598618, "val_loss": 11.415115356445312, "test_loss": 11.520244598388672, "shapley_value_0": -0.5012784004211426, "selection_0": 0, "shapley_value_1": 10.768923293321556, "selection_1": 1, "shapley_value_2": 0.4816980759302769, "selection_2": 0, "shapley_value_3": 0.014870027701060273, "selection_3": 0, "shapley_value_4": -3.0199103951454163, "selection_4": 0, "shapley_value_5": -1.2508052736520763, "selection_5": 0, "shapley_value_6": -4.475705802440642, "selection_6": 0, "shapley_value_7": -0.38519582152366594, "selection_7": 0, "shapley_value_8": 0.9763246973355617, "selection_8": 0, "shapley_value_9": 0.37192187706629376, "selection_9": 0, "shapley_value_10": -1.8126306335131337, "selection_10": 0, "shapley_value_11": -2.055551101764043, "selection_11": 0, "shapley_value_12": -10.102968603372576, "selection_12": 0, "shapley_value_13": -5.9959636330604535, "selection_13": 0, "shapley_value_14": -2.7699957291285213, "selection_14": 0, "shapley_value_15": 0.13707733154296875, "selection_15": 0, "shapley_value_16": 9.720219344342201, "selection_16": 1, "shapley_value_17": -3.6852888663609806, "selection_17": 0, "shapley_value_18": 10.173905599338037, "selection_18": 1, "shapley_value_19": -2.940235177675884, "selection_19": 0, "shapley_value_20": 1.145745545625687, "selection_20": 0, "shapley_value_21": -0.06461171309153269, "selection_21": 0, "shapley_value_22": -0.07663147648175594, "selection_22": 0, "shapley_value_23": -0.10770308971405118, "selection_23": 0, "shapley_value_24": -3.3663365046183262, "selection_24": 0, "shapley_value_25": -2.2038365205128994, "selection_25": 0, "shapley_value_26": 0.4215333064397173, "selection_26": 0, "shapley_value_27": 0.8787777225176492, "selection_27": 0, "shapley_value_28": -2.7236769398053493, "selection_28": 0, "shapley_value_29": -6.602897753318148, "selection_29": 0, "shapley_value_30": -1.1018870671590173, "selection_30": 0, "shapley_value_31": -0.4873098134994507, "selection_31": 0, "shapley_value_32": -2.8473502695560438, "selection_32": 0, "shapley_value_33": -1.1931093732515983, "selection_33": 0, "shapley_value_34": -1.5942562619845062, "selection_34": 0, "shapley_value_35": -5.173112889130909, "selection_35": 0, "shapley_value_36": 1.1852809791642478, "selection_36": 1, "shapley_value_37": -1.8179745972156527, "selection_37": 0, "shapley_value_38": -8.660513301690418, "selection_38": 0, "shapley_value_39": 10.893275613896547, "selection_39": 1, "shapley_value_40": -0.45316487550735385, "selection_40": 0, "shapley_value_41": -0.07834865649541145, "selection_41": 0, "shapley_value_42": 0.1103489597638454, "selection_42": 0, "shapley_value_43": -0.12209286292393973, "selection_43": 0, "shapley_value_44": 1.0342597536968468, "selection_44": 0, "shapley_value_45": -2.047041296958925, "selection_45": 0, "shapley_value_46": -8.317870974540709, "selection_46": 0, "shapley_value_47": -2.40027453502019, "selection_47": 0, "shapley_value_48": -1.8419865171114607, "selection_48": 0, "shapley_value_49": -0.04055053657955554, "selection_49": 0, "_timestamp": 1688378910.3226185, "_runtime": 102.02389740943909, "_step": 99, "_wandb": {"runtime": 100}}