{"accuracy": 0.10239999741315842, "val_loss": 3.340430498123169, "test_loss": 3.367152690887451, "shapley_value_0": 2.570752057764265, "selection_0": 0, "shapley_value_1": 1.952377439869774, "selection_1": 0, "shapley_value_2": -0.44419168432553624, "selection_2": 0, "shapley_value_3": 3.7115234759118825, "selection_3": 0, "shapley_value_4": -0.3557404081026716, "selection_4": 0, "shapley_value_5": 1.403174548756843, "selection_5": 0, "shapley_value_6": 0.026346776220534274, "selection_6": 0, "shapley_value_7": -0.5259365240732823, "selection_7": 0, "shapley_value_8": 3.193800677303914, "selection_8": 0, "shapley_value_9": -4.833114902178446, "selection_9": 0, "shapley_value_10": -4.951205849647522, "selection_10": 0, "shapley_value_11": 1.7033687512079871, "selection_11": 0, "shapley_value_12": 1.151766135295232, "selection_12": 0, "shapley_value_13": 0, "selection_13": 0, "shapley_value_14": 0, "selection_14": 0, "shapley_value_15": 2.178256407219877, "selection_15": 0, "shapley_value_16": 0, "selection_16": 0, "shapley_value_17": 2.168599251544837, "selection_17": 0, "shapley_value_18": 2.3673023272443694, "selection_18": 0, "shapley_value_19": -5.926373362541199, "selection_19": 0, "shapley_value_20": 1.2590567128998889, "selection_20": 0, "shapley_value_21": -0.34185832738876254, "selection_21": 0, "shapley_value_22": 2.725722496868461, "selection_22": 0, "shapley_value_23": -6.77647340297699, "selection_23": 0, "shapley_value_24": -10.421659290790556, "selection_24": 0, "shapley_value_25": -4.9192315737406425, "selection_25": 0, "shapley_value_26": -1.3584158817927037, "selection_26": 0, "shapley_value_27": -2.0375465552012124, "selection_27": 0, "shapley_value_28": 3.2284480578759136, "selection_28": 0, "shapley_value_29": -1.424536943435669, "selection_29": 0, "shapley_value_30": 3.8997959826673774, "selection_30": 1, "shapley_value_31": 2.889163266389798, "selection_31": 1, "shapley_value_32": 1.7956091303091775, "selection_32": 0, "shapley_value_33": 0, "selection_33": 0, "shapley_value_34": 1.71357042701156, "selection_34": 0, "shapley_value_35": -2.613623599211376, "selection_35": 0, "shapley_value_36": 0, "selection_36": 0, "shapley_value_37": 0, "selection_37": 0, "shapley_value_38": 1.5132396546277134, "selection_38": 0, "shapley_value_39": 2.3978610406319296, "selection_39": 1, "shapley_value_40": -1.5064932505289725, "selection_40": 0, "shapley_value_41": 1.820045767007051, "selection_41": 0, "shapley_value_42": 2.6146960490279727, "selection_42": 0, "shapley_value_43": 0, "selection_43": 0, "shapley_value_44": -1.4293439322047756, "selection_44": 0, "shapley_value_45": 0, "selection_45": 0, "shapley_value_46": 2.6489557574192673, "selection_46": 1, "shapley_value_47": 0, "selection_47": 0, "shapley_value_48": -0.5513928598827782, "selection_48": 0, "shapley_value_49": 3.058516144752502, "selection_49": 1, "_timestamp": 1688385282.8906982, "_runtime": 113.45802211761475, "_step": 99, "_wandb": {"runtime": 111}}