{"accuracy": 0.9359999895095825, "val_loss": 0.2303200215101242, "test_loss": 0.21531741321086884, "shapley_value_0": -1.7313002844651542, "selection_0": 0, "shapley_value_1": -1.7398061712582908, "selection_1": 0, "shapley_value_2": -1.7376479754845302, "selection_2": 0, "shapley_value_3": -1.7452896207571034, "selection_3": 0, "shapley_value_4": -1.7520096162954963, "selection_4": 0, "shapley_value_5": -1.7566570212443668, "selection_5": 0, "shapley_value_6": -1.7560357640186948, "selection_6": 0, "shapley_value_7": -1.7481503228346509, "selection_7": 0, "shapley_value_8": -1.7669419070084893, "selection_8": 0, "shapley_value_9": -1.7746061652898788, "selection_9": 0, "shapley_value_10": -1.7673961808284122, "selection_10": 0, "shapley_value_11": -1.7619201521078742, "selection_11": 0, "shapley_value_12": -1.780279710392157, "selection_12": 0, "shapley_value_13": -1.7897165204087895, "selection_13": 0, "shapley_value_14": -1.7771025394399964, "selection_14": 0, "shapley_value_15": -1.7795468345284462, "selection_15": 0, "shapley_value_16": -1.7924402480324109, "selection_16": 0, "shapley_value_17": -1.79889770001173, "selection_17": 0, "shapley_value_18": -1.8081169004241624, "selection_18": 0, "shapley_value_19": -1.8009490445256238, "selection_19": 0, "shapley_value_20": -1.8275034606456757, "selection_20": 0, "shapley_value_21": -1.820071307818095, "selection_21": 0, "shapley_value_22": -1.8161600242058438, "selection_22": 0, "shapley_value_23": -1.8202696174383164, "selection_23": 0, "shapley_value_24": -1.8379367684324581, "selection_24": 0, "shapley_value_25": -1.8474860891699791, "selection_25": 0, "shapley_value_26": -1.8466709896922116, "selection_26": 0, "shapley_value_27": -1.854700026412805, "selection_27": 0, "shapley_value_28": -1.8681041176120439, "selection_28": 0, "shapley_value_29": -1.8754917715986572, "selection_29": 0, "shapley_value_30": -1.8339890375733376, "selection_30": 0, "shapley_value_31": -1.8635416562358535, "selection_31": 0, "shapley_value_32": -1.9052395527561505, "selection_32": 1, "shapley_value_33": -1.9012584115068123, "selection_33": 0, "shapley_value_34": -1.8633034691214558, "selection_34": 0, "shapley_value_35": -1.9020301913221673, "selection_35": 0, "shapley_value_36": -1.8727366581559177, "selection_36": 0, "shapley_value_37": -1.9134896064798042, "selection_37": 1, "shapley_value_38": -1.9184609885017079, "selection_38": 1, "shapley_value_39": -1.9261302962899207, "selection_39": 1, "_timestamp": 1688021888.7726681, "_runtime": 84.47256016731262, "_step": 99, "_wandb": {"runtime": 82}}