{"accuracy": 0.09699999541044235, "val_loss": 12.932193756103516, "test_loss": 13.06367301940918, "shapley_value_0": -1.2501692076524098, "selection_0": 0, "shapley_value_1": -0.9879504442214959, "selection_1": 0, "shapley_value_2": 10.83806790484757, "selection_2": 1, "shapley_value_3": -0.2418949802716579, "selection_3": 0, "shapley_value_4": -2.245245933532715, "selection_4": 0, "shapley_value_5": 10.107449222273301, "selection_5": 1, "shapley_value_6": -4.237097680568695, "selection_6": 0, "shapley_value_7": 9.832100008152144, "selection_7": 1, "shapley_value_8": -3.942383756240207, "selection_8": 0, "shapley_value_9": 0.47147971391677945, "selection_9": 0, "shapley_value_10": 0.24343236287434866, "selection_10": 0, "shapley_value_11": -3.5365305443604784, "selection_11": 0, "shapley_value_12": -5.805451730887095, "selection_12": 0, "shapley_value_13": -3.5578144888083143, "selection_13": 0, "shapley_value_14": -4.305257558822632, "selection_14": 0, "shapley_value_15": 0.4669888516267142, "selection_15": 0, "shapley_value_16": 0.08311837249332073, "selection_16": 0, "shapley_value_17": -2.2095063328742977, "selection_17": 0, "shapley_value_18": 0.22786280512809842, "selection_18": 0, "shapley_value_19": -2.1910880009333304, "selection_19": 0, "shapley_value_20": -0.5431195775667822, "selection_20": 0, "shapley_value_21": -0.22132049004236798, "selection_21": 0, "shapley_value_22": -0.35055808226267415, "selection_22": 0, "shapley_value_23": -0.03537158171335886, "selection_23": 0, "shapley_value_24": -3.145117163658142, "selection_24": 0, "shapley_value_25": -1.637368142604827, "selection_25": 0, "shapley_value_26": -0.5021462241808567, "selection_26": 0, "shapley_value_27": -1.839197248220444, "selection_27": 0, "shapley_value_28": -1.904000212748845, "selection_28": 0, "shapley_value_29": -3.142774720986685, "selection_29": 0, "shapley_value_30": -0.9753347734610243, "selection_30": 0, "shapley_value_31": 0.15195822715759277, "selection_31": 0, "shapley_value_32": 0.274429798126221, "selection_32": 0, "shapley_value_33": 0.1859036684036255, "selection_33": 0, "shapley_value_34": -2.5852397580941524, "selection_34": 0, "shapley_value_35": -5.587742964426678, "selection_35": 0, "shapley_value_36": 2.0901889781157177, "selection_36": 1, "shapley_value_37": 0.17825500170389752, "selection_37": 0, "shapley_value_38": -2.185486177603405, "selection_38": 0, "shapley_value_39": -0.44395083189010665, "selection_39": 0, "shapley_value_40": -0.562012791633606, "selection_40": 0, "shapley_value_41": -1.7404676477114354, "selection_41": 0, "shapley_value_42": -0.10435452063878436, "selection_42": 0, "shapley_value_43": -0.2413166562716178, "selection_43": 0, "shapley_value_44": 8.87937694810303, "selection_44": 1, "shapley_value_45": -2.2478396495183315, "selection_45": 0, "shapley_value_46": -4.889668971300124, "selection_46": 0, "shapley_value_47": -0.43518655498822567, "selection_47": 0, "shapley_value_48": -1.7941088279088326, "selection_48": 0, "shapley_value_49": -2.1637301842371617, "selection_49": 0, "_timestamp": 1688381308.8598154, "_runtime": 97.2395932674408, "_step": 99, "_wandb": {"runtime": 95}}