{"accuracy": 0.10239999741315842, "val_loss": 6.376833438873291, "test_loss": 6.388146877288818, "shapley_value_0": 0.7805380026499424, "selection_0": 0, "shapley_value_1": 0, "selection_1": 0, "shapley_value_2": -0.9262948036193848, "selection_2": 0, "shapley_value_3": 2.9834616031402197, "selection_3": 0, "shapley_value_4": 1.347967704137166, "selection_4": 0, "shapley_value_5": 3.014691742639693, "selection_5": 0, "shapley_value_6": -4.649866819381714, "selection_6": 0, "shapley_value_7": 3.255573168478376, "selection_7": 1, "shapley_value_8": 3.1957090223828954, "selection_8": 1, "shapley_value_9": 2.9229989647865295, "selection_9": 0, "shapley_value_10": 2.1827088395754504, "selection_10": 0, "shapley_value_11": 1.318123502863778, "selection_11": 0, "shapley_value_12": -0.9818636775016789, "selection_12": 0, "shapley_value_13": 2.029377357827292, "selection_13": 0, "shapley_value_14": 0.35081622997919726, "selection_14": 0, "shapley_value_15": -0.45010865728060434, "selection_15": 0, "shapley_value_16": 3.5712017377217613, "selection_16": 0, "shapley_value_17": -1.1428422629833221, "selection_17": 0, "shapley_value_18": -10.598451952139534, "selection_18": 0, "shapley_value_19": -1.9453425341182287, "selection_19": 0, "shapley_value_20": 0.9826213717460637, "selection_20": 0, "shapley_value_21": 2.959067439331728, "selection_21": 0, "shapley_value_22": 0, "selection_22": 0, "shapley_value_23": -0.2919187489010043, "selection_23": 0, "shapley_value_24": 2.553082545598349, "selection_24": 0, "shapley_value_25": -0.03693947527143641, "selection_25": 0, "shapley_value_26": -8.677028377850847, "selection_26": 0, "shapley_value_27": 1.1609578000174627, "selection_27": 0, "shapley_value_28": 12.173160433769226, "selection_28": 0, "shapley_value_29": -9.135759234428408, "selection_29": 0, "shapley_value_30": 1.277694589951459, "selection_30": 0, "shapley_value_31": -0.9999810357888532, "selection_31": 0, "shapley_value_32": 3.719901654869318, "selection_32": 0, "shapley_value_33": 3.396769137294204, "selection_33": 1, "shapley_value_34": 1.7884108130482668, "selection_34": 0, "shapley_value_35": -0.03987850745518884, "selection_35": 0, "shapley_value_36": 0.6045962075392407, "selection_36": 0, "shapley_value_37": 1.4719380418459571, "selection_37": 0, "shapley_value_38": -6.538717885812124, "selection_38": 0, "shapley_value_39": 2.0986602990715593, "selection_39": 0, "shapley_value_40": 2.289779643217723, "selection_40": 0, "shapley_value_41": 2.574685335159302, "selection_41": 0, "shapley_value_42": 4.012926741882605, "selection_42": 1, "shapley_value_43": 0.3472710847854614, "selection_43": 0, "shapley_value_44": 3.5732545415560404, "selection_44": 0, "shapley_value_45": -5.155499041080475, "selection_45": 0, "shapley_value_46": 3.5327853224743375, "selection_46": 1, "shapley_value_47": -1.5428558091322584, "selection_47": 0, "shapley_value_48": 0.6145961009539089, "selection_48": 0, "shapley_value_49": 2.6694549967845282, "selection_49": 0, "_timestamp": 1688395065.8698285, "_runtime": 114.39539051055908, "_step": 99, "_wandb": {"runtime": 112}}