{"accuracy": 0.9332000017166138, "val_loss": 0.2602534294128418, "test_loss": 0.23988594114780426, "shapley_value_0": 0.002054576873779297, "selection_0": 0, "shapley_value_1": 0.0015349674224853515, "selection_1": 0, "shapley_value_2": 0.0016845178604125977, "selection_2": 0, "shapley_value_3": 0.001198215484619141, "selection_3": 0, "shapley_value_4": 0.030175895094871525, "selection_4": 0, "shapley_value_5": 0.0011035633087158206, "selection_5": 0, "shapley_value_6": 0.0019045352935791013, "selection_6": 0, "shapley_value_7": 0.0017220640182495116, "selection_7": 0, "shapley_value_8": 0.0007217359542846677, "selection_8": 0, "shapley_value_9": 0.0006652116775512695, "selection_9": 0, "shapley_value_10": 0.0043988037109375, "selection_10": 0, "shapley_value_11": 0.0030986833572387695, "selection_11": 0, "shapley_value_12": 0.003719205856323243, "selection_12": 0, "shapley_value_13": 0.004683432579040527, "selection_13": 0, "shapley_value_14": 0.0018286991119384768, "selection_14": 0, "shapley_value_15": 0.07488326191902157, "selection_15": 0, "shapley_value_16": 0.006299605369567871, "selection_16": 0, "shapley_value_17": 0.0024568939208984364, "selection_17": 0, "shapley_value_18": 0.0038648033142089843, "selection_18": 0, "shapley_value_19": 0.002793364524841308, "selection_19": 0, "shapley_value_20": 0.20852089486122133, "selection_20": 0, "shapley_value_21": 0.008044795989990233, "selection_21": 0, "shapley_value_22": 0.008717908859252926, "selection_22": 0, "shapley_value_23": 0.007908296585083009, "selection_23": 0, "shapley_value_24": 0.0017880153656005858, "selection_24": 0, "shapley_value_25": 0.009255447387695313, "selection_25": 0, "shapley_value_26": 0.005935769081115722, "selection_26": 0, "shapley_value_27": 0.005931119918823242, "selection_27": 0, "shapley_value_28": 0.008856334686279298, "selection_28": 0, "shapley_value_29": 0.007097129821777345, "selection_29": 0, "shapley_value_30": 0.016295638084411625, "selection_30": 0, "shapley_value_31": 0.005983591079711913, "selection_31": 0, "shapley_value_32": 0.01913501739501953, "selection_32": 0, "shapley_value_33": 0.01063681125640869, "selection_33": 0, "shapley_value_34": 0.007524971961975098, "selection_34": 0, "shapley_value_35": 0.008159785270690915, "selection_35": 0, "shapley_value_36": 0.01422488212585449, "selection_36": 0, "shapley_value_37": 0.02245155811309814, "selection_37": 0, "shapley_value_38": 0.018931832313537594, "selection_38": 0, "shapley_value_39": -0.0002736166903847142, "selection_39": 0, "shapley_value_40": 0.09429256439208984, "selection_40": 0, "shapley_value_41": 0.036747484207153326, "selection_41": 0, "shapley_value_42": 0.03688285350799561, "selection_42": 0, "shapley_value_43": 0.023785600662231444, "selection_43": 0, "shapley_value_44": 0.022762084007263185, "selection_44": 0, "shapley_value_45": 0.010171551704406739, "selection_45": 0, "shapley_value_46": 0.027438111305236827, "selection_46": 0, "shapley_value_47": 0.03411241054534912, "selection_47": 0, "shapley_value_48": 0.033110327720642097, "selection_48": 0, "shapley_value_49": 0.024015045166015624, "selection_49": 0, "shapley_value_50": 0.07586566597223282, "selection_50": 0, "shapley_value_51": 0.17951585972309111, "selection_51": 1, "shapley_value_52": 0.029049429893493652, "selection_52": 0, "shapley_value_53": 0.10878363688786824, "selection_53": 0, "shapley_value_54": 0.12464045464992524, "selection_54": 0, "shapley_value_55": 0.08729217529296875, "selection_55": 0, "shapley_value_56": 0.21473422611460968, "selection_56": 0, "shapley_value_57": 0.0239994478225708, "selection_57": 0, "shapley_value_58": 0.16196556309858956, "selection_58": 1, "shapley_value_59": 0.24145848972400777, "selection_59": 1, "shapley_value_60": 0.24125627916796422, "selection_60": 1, "shapley_value_61": -0.00020790727514969674, "selection_61": 0, "shapley_value_62": 0.2296744842121476, "selection_62": 1, "shapley_value_63": 0.19246994124009062, "selection_63": 0, "shapley_value_64": 0.19428401584884056, "selection_64": 0, "shapley_value_65": 0.25038142137667707, "selection_65": 1, "shapley_value_66": 0.22493877568056708, "selection_66": 0, "shapley_value_67": 0.22616166320897768, "selection_67": 1, "shapley_value_68": 0.1251874272028605, "selection_68": 0, "shapley_value_69": 0.22404730630123004, "selection_69": 0, "shapley_value_70": 0.18799949970423135, "selection_70": 0, "shapley_value_71": 0.24501581875716938, "selection_71": 1, "shapley_value_72": 0.24048176029036125, "selection_72": 1, "shapley_value_73": 0.18473462581634517, "selection_73": 0, "shapley_value_74": 0.21689895393032774, "selection_74": 0, "shapley_value_75": 0.11503549973169963, "selection_75": 0, "shapley_value_76": 0.20741314090788363, "selection_76": 0, "shapley_value_77": 0.17172423928976058, "selection_77": 0, "shapley_value_78": 0.034554495811462416, "selection_78": 0, "shapley_value_79": -0.001157898651926141, "selection_79": 0, "shapley_value_80": 0.21626113084522458, "selection_80": 0, "shapley_value_81": 0.1219214380571717, "selection_81": 0, "shapley_value_82": 0.18912415431096005, "selection_82": 0, "shapley_value_83": 0.20828268341014258, "selection_83": 0, "shapley_value_84": 0.1403465339541435, "selection_84": 0, "shapley_value_85": 0.20880497051435606, "selection_85": 0, "shapley_value_86": 0.1844129605726762, "selection_86": 0, "shapley_value_87": 0.11565455873807269, "selection_87": 0, "shapley_value_88": 0.1378366199731827, "selection_88": 0, "shapley_value_89": 0.11001081446806589, "selection_89": 0, "shapley_value_90": 0.21460764800890905, "selection_90": 0, "shapley_value_91": 0.19670772382616997, "selection_91": 0, "shapley_value_92": 0.1873322502924846, "selection_92": 0, "shapley_value_93": 0.13419435828924176, "selection_93": 0, "shapley_value_94": 0.10250607271989187, "selection_94": 0, "shapley_value_95": 0.21255813639611004, "selection_95": 0, "shapley_value_96": 0.23031015333262353, "selection_96": 1, "shapley_value_97": 0.11118263085683187, "selection_97": 0, "shapley_value_98": 0.07182101914757176, "selection_98": 0, "shapley_value_99": 0.21437723437945044, "selection_99": 0, "_timestamp": 1687910534.434749, "_runtime": 313.77537393569946, "_step": 99, "_wandb": {"runtime": 312}}