{"loss": 0.6564077138900757, "accuracy": 0.8166000247001648, "average_active_clients": 0.8975, "_timestamp": 1686749241.5876288, "_runtime": 29.65272879600525, "_step": 399, "_wandb": {"runtime": 27}}