{"accuracy": 0.1297999918460846, "val_loss": 3.5381600856781006, "test_loss": 3.571404218673706, "_timestamp": 1688408235.8827193, "_runtime": 140.914142370224, "_step": 99, "_wandb": {"runtime": 139}}