{"accuracy": 0.09799999743700027, "val_loss": 3.9366281032562256, "test_loss": 3.9372153282165527, "_timestamp": 1687968386.676274, "_runtime": 133.8708620071411, "_step": 99, "_wandb": {"runtime": 132}}