{"accuracy": 0.49239999055862427, "val_loss": 1.413949728012085, "test_loss": 1.4431101083755493, "shapley_value_0": -0.7848720484309726, "selection_0": 0, "shapley_value_1": -0.46581964139585136, "selection_1": 0, "shapley_value_2": -0.9371157941364109, "selection_2": 0, "shapley_value_3": -0.7712942083676655, "selection_3": 0, "shapley_value_4": -0.817863588531812, "selection_4": 0, "shapley_value_5": -0.5864614617256894, "selection_5": 0, "shapley_value_6": -0.6817208064926995, "selection_6": 0, "shapley_value_7": -0.9261020421981813, "selection_7": 0, "shapley_value_8": -0.9115157392289902, "selection_8": 0, "shapley_value_9": -1.0662709951400757, "selection_9": 0, "shapley_value_10": -0.9181239008903502, "selection_10": 0, "shapley_value_11": -0.7804422161795878, "selection_11": 0, "shapley_value_12": -0.3594507944016228, "selection_12": 0, "shapley_value_13": -0.4142209556367662, "selection_13": 0, "shapley_value_14": -0.6025514682133991, "selection_14": 0, "shapley_value_15": -0.902251417438189, "selection_15": 0, "shapley_value_16": -0.42167467375596346, "selection_16": 0, "shapley_value_17": -1.0176722645759582, "selection_17": 1, "shapley_value_18": -1.1171048951871467, "selection_18": 0, "shapley_value_19": -0.5718849546769086, "selection_19": 0, "shapley_value_20": -0.6443837881088256, "selection_20": 0, "shapley_value_21": -0.2147070823931228, "selection_21": 0, "shapley_value_22": -0.209841509660085, "selection_22": 0, "shapley_value_23": -0.5985311093153778, "selection_23": 0, "shapley_value_24": -0.5218435486157738, "selection_24": 1, "shapley_value_25": -0.7638959785302479, "selection_25": 0, "shapley_value_26": -1.1447891574917415, "selection_26": 0, "shapley_value_27": -0.19059101475609683, "selection_27": 0, "shapley_value_28": -0.025284502241346207, "selection_28": 0, "shapley_value_29": -0.8697259937013898, "selection_29": 0, "shapley_value_30": -0.41442120406362754, "selection_30": 0, "shapley_value_31": -1.2407316366831462, "selection_31": 0, "shapley_value_32": -0.05543008645375558, "selection_32": 0, "shapley_value_33": -0.6657364020744958, "selection_33": 0, "shapley_value_34": -0.42779330412546784, "selection_34": 1, "shapley_value_35": -0.6957164963086446, "selection_35": 0, "shapley_value_36": -0.5981271564960481, "selection_36": 0, "shapley_value_37": -0.31628903945287046, "selection_37": 0, "shapley_value_38": -0.4822780092557269, "selection_38": 1, "shapley_value_39": -0.6939373052481449, "selection_39": 0, "_timestamp": 1687962525.9037364, "_runtime": 101.3320083618164, "_step": 99, "_wandb": {"runtime": 99}}