{"accuracy": 0.5081999897956848, "val_loss": 1.3564728498458862, "test_loss": 1.3789021968841553, "shapley_value_0": -0.691477636496226, "selection_0": 0, "shapley_value_1": -0.6143613497416175, "selection_1": 0, "shapley_value_2": -0.6911629438400271, "selection_2": 0, "shapley_value_3": -0.6981516361236573, "selection_3": 0, "shapley_value_4": -0.6963411013285316, "selection_4": 0, "shapley_value_5": -0.6989003817240395, "selection_5": 0, "shapley_value_6": -0.6921590288480124, "selection_6": 0, "shapley_value_7": -0.7102802634239197, "selection_7": 0, "shapley_value_8": -0.6781624515851339, "selection_8": 0, "shapley_value_9": -0.6969488382339477, "selection_9": 0, "shapley_value_10": -0.6954763134320576, "selection_10": 0, "shapley_value_11": -0.7072169820467631, "selection_11": 0, "shapley_value_12": -0.6916346748669941, "selection_12": 0, "shapley_value_13": -0.7233163515726726, "selection_13": 0, "shapley_value_14": -0.7048176209131879, "selection_14": 0, "shapley_value_15": -0.7267807284990948, "selection_15": 0, "shapley_value_16": -0.7396491567293803, "selection_16": 0, "shapley_value_17": -0.7357506910959877, "selection_17": 0, "shapley_value_18": -0.7541500449180603, "selection_18": 0, "shapley_value_19": -0.6659478942553202, "selection_19": 0, "shapley_value_20": -0.7172640323638916, "selection_20": 0, "shapley_value_21": -0.6870617826779684, "selection_21": 0, "shapley_value_22": -0.7406846086184184, "selection_22": 0, "shapley_value_23": -0.7061947703361511, "selection_23": 0, "shapley_value_24": -0.7341017762819924, "selection_24": 0, "shapley_value_25": -0.7660586277643839, "selection_25": 1, "shapley_value_26": -0.6879338820775349, "selection_26": 0, "shapley_value_27": -0.7246735294659933, "selection_27": 0, "shapley_value_28": -0.7715645273526512, "selection_28": 1, "shapley_value_29": -0.7357572476069131, "selection_29": 0, "shapley_value_30": -0.7277952472368875, "selection_30": 0, "shapley_value_31": -0.7433496991793314, "selection_31": 0, "shapley_value_32": -0.7527957240740457, "selection_32": 0, "shapley_value_33": -0.7541717171669007, "selection_33": 0, "shapley_value_34": -0.7531608025232952, "selection_34": 0, "shapley_value_35": -0.7522168596585594, "selection_35": 0, "shapley_value_36": -0.7575149099032086, "selection_36": 0, "shapley_value_37": -0.7516470392545063, "selection_37": 0, "shapley_value_38": -0.7672219673792521, "selection_38": 1, "shapley_value_39": -0.7759606520334879, "selection_39": 1, "_timestamp": 1688030144.630518, "_runtime": 102.6211428642273, "_step": 99, "_wandb": {"runtime": 101}}