{"accuracy": 0.10260000079870224, "val_loss": 3.5643835067749023, "test_loss": 3.5769922733306885, "_timestamp": 1688400844.244555, "_runtime": 97.69029903411865, "_step": 99, "_wandb": {"runtime": 96}}