{"accuracy": 0.09779999405145645, "val_loss": 6.662171840667725, "test_loss": 6.688692092895508, "shapley_value_0": -1.3193689982096357, "selection_0": 0, "shapley_value_1": 2.925694350153208, "selection_1": 0, "shapley_value_2": 4.748669245026325, "selection_2": 1, "shapley_value_3": 0.7246605177720389, "selection_3": 0, "shapley_value_4": -10.149661074082058, "selection_4": 0, "shapley_value_5": 1.1595227148221885, "selection_5": 0, "shapley_value_6": -3.100238508648342, "selection_6": 0, "shapley_value_7": 0.39811047712961783, "selection_7": 0, "shapley_value_8": 0.9953564703464506, "selection_8": 0, "shapley_value_9": -1.6115457415580752, "selection_9": 0, "shapley_value_10": -1.4826743370956834, "selection_10": 0, "shapley_value_11": -0.03288760781288147, "selection_11": 0, "shapley_value_12": -2.6222662031650543, "selection_12": 0, "shapley_value_13": -2.8602703743510784, "selection_13": 0, "shapley_value_14": -4.438454641236199, "selection_14": 0, "shapley_value_15": 0.5385633433858553, "selection_15": 0, "shapley_value_16": 3.128650382713035, "selection_16": 0, "shapley_value_17": 3.0998105287551887, "selection_17": 0, "shapley_value_18": 3.0318442094020353, "selection_18": 0, "shapley_value_19": -1.5974646210670462, "selection_19": 0, "shapley_value_20": -0.18314079046249399, "selection_20": 0, "shapley_value_21": 1.65425592660904, "selection_21": 0, "shapley_value_22": -1.5657209621535415, "selection_22": 0, "shapley_value_23": -8.216927319765091, "selection_23": 0, "shapley_value_24": -7.2210362056891135, "selection_24": 0, "shapley_value_25": -3.2439328680435815, "selection_25": 0, "shapley_value_26": -7.286634332603879, "selection_26": 0, "shapley_value_27": 1.6862709124883015, "selection_27": 0, "shapley_value_28": -0.3893428246180218, "selection_28": 0, "shapley_value_29": -3.6423276861508698, "selection_29": 0, "shapley_value_30": 2.8965925872325897, "selection_30": 1, "shapley_value_31": 0.5397861732376938, "selection_31": 0, "shapley_value_32": 0.4405521008703436, "selection_32": 0, "shapley_value_33": 1.6186593274275451, "selection_33": 0, "shapley_value_34": -0.48051285247008013, "selection_34": 0, "shapley_value_35": -2.755217572053272, "selection_35": 0, "shapley_value_36": 2.3931716879208875, "selection_36": 1, "shapley_value_37": 0.7714133969059692, "selection_37": 0, "shapley_value_38": 1.0350068459908162, "selection_38": 0, "shapley_value_39": 2.252927409667595, "selection_39": 0, "shapley_value_40": -3.366949730449253, "selection_40": 0, "shapley_value_41": -1.5430151720841732, "selection_41": 0, "shapley_value_42": 3.0235451459884652, "selection_42": 0, "shapley_value_43": 1.885554763178031, "selection_43": 0, "shapley_value_44": 5.597479283809659, "selection_44": 1, "shapley_value_45": -8.994131048520408, "selection_45": 0, "shapley_value_46": -1.2873332897822056, "selection_46": 0, "shapley_value_47": 10.214088141918182, "selection_47": 1, "shapley_value_48": -0.7338687976201363, "selection_48": 0, "shapley_value_49": 3.181825160980223, "selection_49": 0, "_timestamp": 1688396458.783824, "_runtime": 107.34177303314209, "_step": 99, "_wandb": {"runtime": 105}}