{"accuracy": 0.10239999741315842, "val_loss": 4.89028787612915, "test_loss": 4.89081335067749, "shapley_value_0": 0.23743351300557514, "selection_0": 0, "shapley_value_1": 4.135927035695031, "selection_1": 0, "shapley_value_2": 3.7237326999505362, "selection_2": 0, "shapley_value_3": 1.9750446853814307, "selection_3": 1, "shapley_value_4": 1.0602710048357644, "selection_4": 0, "shapley_value_5": 1.3280743890338473, "selection_5": 0, "shapley_value_6": -0.20380467176437422, "selection_6": 0, "shapley_value_7": 0.899497742454211, "selection_7": 0, "shapley_value_8": -0.22848501801490806, "selection_8": 0, "shapley_value_9": 0, "selection_9": 0, "shapley_value_10": -2.9194862643877664, "selection_10": 0, "shapley_value_11": -0.7090172052383423, "selection_11": 0, "shapley_value_12": -5.561018516620001, "selection_12": 0, "shapley_value_13": -5.826918204625447, "selection_13": 0, "shapley_value_14": -5.407136579354603, "selection_14": 0, "shapley_value_15": 2.043630064702502, "selection_15": 0, "shapley_value_16": 3.855318067366617, "selection_16": 0, "shapley_value_17": 1.54649141629537, "selection_17": 0, "shapley_value_18": 3.0125740990042695, "selection_18": 1, "shapley_value_19": 0, "selection_19": 0, "shapley_value_20": 0.04015088081359893, "selection_20": 0, "shapley_value_21": 1.6912523176934982, "selection_21": 0, "shapley_value_22": 2.686431700081538, "selection_22": 0, "shapley_value_23": -0.22378926475842853, "selection_23": 0, "shapley_value_24": -9.66225335995356, "selection_24": 0, "shapley_value_25": -6.352329174677532, "selection_25": 0, "shapley_value_26": -6.136193156242367, "selection_26": 0, "shapley_value_27": 2.6141031280807816, "selection_27": 0, "shapley_value_28": 1.3242684735192194, "selection_28": 0, "shapley_value_29": 0.505216946204504, "selection_29": 0, "shapley_value_30": 2.978367060422897, "selection_30": 0, "shapley_value_31": 2.6319826112853155, "selection_31": 0, "shapley_value_32": 1.3156086736255224, "selection_32": 1, "shapley_value_33": 3.1577784485287133, "selection_33": 1, "shapley_value_34": -1.1864031205574666, "selection_34": 0, "shapley_value_35": -0.40002667903900146, "selection_35": 0, "shapley_value_36": 4.810129757942976, "selection_36": 1, "shapley_value_37": 0.1356032457616596, "selection_37": 0, "shapley_value_38": 1.9710588826649427, "selection_38": 0, "shapley_value_39": -1.7637265125910417, "selection_39": 0, "shapley_value_40": -5.015489538510639, "selection_40": 0, "shapley_value_41": -5.661945422490437, "selection_41": 0, "shapley_value_42": 2.0069636066754653, "selection_42": 0, "shapley_value_43": 2.6881160616874697, "selection_43": 0, "shapley_value_44": 1.804812361796696, "selection_44": 0, "shapley_value_45": -6.96838414669037, "selection_45": 0, "shapley_value_46": 3.960531145334244, "selection_46": 0, "shapley_value_47": 1.1831725239753723, "selection_47": 0, "shapley_value_48": -2.5196605026721963, "selection_48": 0, "shapley_value_49": 2.8945527911186213, "selection_49": 0, "_timestamp": 1688394717.047276, "_runtime": 109.84932398796082, "_step": 99, "_wandb": {"runtime": 108}}