{"accuracy": 0.12879998981952667, "val_loss": 2.9914650917053223, "test_loss": 3.024540662765503, "_timestamp": 1688399296.592449, "_runtime": 98.56949305534363, "_step": 99, "_wandb": {"runtime": 97}}