{"accuracy": 0.10019999742507935, "val_loss": 3.3716742992401123, "test_loss": 3.3811213970184326, "shapley_value_0": 2.878107991483476, "selection_0": 0, "shapley_value_1": 1.405380403995514, "selection_1": 0, "shapley_value_2": 0, "selection_2": 0, "shapley_value_3": 2.303216918751045, "selection_3": 1, "shapley_value_4": -3.787085096041361, "selection_4": 0, "shapley_value_5": 1.1237245226899784, "selection_5": 0, "shapley_value_6": -4.645138104756674, "selection_6": 0, "shapley_value_7": 0.8441332463632554, "selection_7": 0, "shapley_value_8": 1.7001341382662454, "selection_8": 0, "shapley_value_9": 0.5547279235389494, "selection_9": 0, "shapley_value_10": -0.8138937221633059, "selection_10": 0, "shapley_value_11": -8.301327288150787, "selection_11": 0, "shapley_value_12": 6.11990906794866, "selection_12": 0, "shapley_value_13": 0, "selection_13": 0, "shapley_value_14": -0.7862154285113014, "selection_14": 0, "shapley_value_15": 3.0698283030873257, "selection_15": 0, "shapley_value_16": 1.334152034918467, "selection_16": 0, "shapley_value_17": 0.1784831616613598, "selection_17": 0, "shapley_value_18": 4.042831579844156, "selection_18": 0, "shapley_value_19": -2.9051730831464138, "selection_19": 0, "shapley_value_20": 1.4448047738384315, "selection_20": 0, "shapley_value_21": 1.2749406894048056, "selection_21": 0, "shapley_value_22": 4.000609270904375, "selection_22": 0, "shapley_value_23": 1.2174167368147104, "selection_23": 0, "shapley_value_24": -4.289441804091133, "selection_24": 0, "shapley_value_25": -7.722732861836752, "selection_25": 0, "shapley_value_26": 0.3986205061276751, "selection_26": 0, "shapley_value_27": -0.2536998788515721, "selection_27": 0, "shapley_value_28": 3.8781900700481473, "selection_28": 1, "shapley_value_29": -0.3318870597415504, "selection_29": 0, "shapley_value_30": 1.7480525702238083, "selection_30": 0, "shapley_value_31": 4.168761622631688, "selection_31": 1, "shapley_value_32": 1.2378556013107302, "selection_32": 0, "shapley_value_33": 2.3372392563356286, "selection_33": 0, "shapley_value_34": -1.9166470368703203, "selection_34": 0, "shapley_value_35": -2.672849893569947, "selection_35": 0, "shapley_value_36": -0.5119413137435913, "selection_36": 0, "shapley_value_37": 4.18724596891247, "selection_37": 1, "shapley_value_38": 1.4642848049600918, "selection_38": 0, "shapley_value_39": 2.338488399982452, "selection_39": 0, "shapley_value_40": -0.027053284645080212, "selection_40": 0, "shapley_value_41": -1.4851069649060573, "selection_41": 0, "shapley_value_42": 0, "selection_42": 0, "shapley_value_43": 1.0475186556577682, "selection_43": 0, "shapley_value_44": 0.5953236008301757, "selection_44": 0, "shapley_value_45": -5.564394414424893, "selection_45": 0, "shapley_value_46": 0, "selection_46": 0, "shapley_value_47": 0, "selection_47": 0, "shapley_value_48": -2.8223058482011165, "selection_48": 0, "shapley_value_49": 1.3774835864702863, "selection_49": 1, "_timestamp": 1688393433.0139277, "_runtime": 109.77722072601318, "_step": 99, "_wandb": {"runtime": 108}}