{"accuracy": 0.8371178507804871, "val_loss": 0.48897022008895874, "test_loss": 0.48809733986854553, "shapley_value_0": -1.3330203195412953, "selection_0": 0, "shapley_value_1": -1.3843703312533242, "selection_1": 0, "shapley_value_2": -1.420483064083826, "selection_2": 0, "shapley_value_3": -1.5873614648977916, "selection_3": 0, "shapley_value_4": -1.4677318587447659, "selection_4": 0, "shapley_value_5": -1.4009137511253358, "selection_5": 0, "shapley_value_6": -1.205044453794306, "selection_6": 0, "shapley_value_7": -1.3807007292906441, "selection_7": 0, "shapley_value_8": -1.4086071873704593, "selection_8": 1, "shapley_value_9": -1.4649722702575454, "selection_9": 0, "shapley_value_10": -1.1373309607689197, "selection_10": 1, "shapley_value_11": -1.2926322221755984, "selection_11": 0, "shapley_value_12": -1.4656492670377093, "selection_12": 0, "shapley_value_13": -1.157228107635792, "selection_13": 0, "shapley_value_14": -1.1718414803345998, "selection_14": 0, "shapley_value_15": -1.1789005315966075, "selection_15": 0, "shapley_value_16": -1.2862906376520793, "selection_16": 0, "shapley_value_17": -1.4662428225080169, "selection_17": 0, "shapley_value_18": -1.2702908402397515, "selection_18": 0, "shapley_value_19": -1.20566288381815, "selection_19": 0, "shapley_value_20": -1.3128423076687437, "selection_20": 0, "shapley_value_21": -1.1916788157188531, "selection_21": 0, "shapley_value_22": -1.4185386189708005, "selection_22": 0, "shapley_value_23": -1.14425886604521, "selection_23": 0, "shapley_value_24": -1.250010916756259, "selection_24": 0, "shapley_value_25": -1.198981975064133, "selection_25": 1, "shapley_value_26": -1.2213278504518361, "selection_26": 1, "shapley_value_27": -1.1055822599501837, "selection_27": 0, "shapley_value_28": -1.2304621506155577, "selection_28": 0, "shapley_value_29": -1.3846324284871416, "selection_29": 0, "shapley_value_30": -1.5415668732080703, "selection_30": 0, "shapley_value_31": -1.3946645884286788, "selection_31": 0, "shapley_value_32": -1.0362204575177394, "selection_32": 0, "shapley_value_33": -1.3373825152715042, "selection_33": 0, "shapley_value_34": -1.1538038286897871, "selection_34": 0, "shapley_value_35": -1.3367875505376743, "selection_35": 0, "shapley_value_36": -1.3815489540497459, "selection_36": 0, "shapley_value_37": -1.5539995431900024, "selection_37": 0, "shapley_value_38": -1.5264910807212193, "selection_38": 0, "shapley_value_39": -1.501680220876421, "selection_39": 0, "_timestamp": 1687971706.6218448, "_runtime": 78.60169887542725, "_step": 99, "_wandb": {"runtime": 76}}