{"accuracy": 0.9369999766349792, "val_loss": 0.22893086075782776, "test_loss": 0.21406768262386322, "shapley_value_0": -1.8229812439165862, "selection_0": 0, "shapley_value_1": -1.7861517162786587, "selection_1": 0, "shapley_value_2": -1.7645124644041061, "selection_2": 0, "shapley_value_3": -1.7903589327365923, "selection_3": 0, "shapley_value_4": -1.8205071230729424, "selection_4": 0, "shapley_value_5": -1.9752236908922591, "selection_5": 0, "shapley_value_6": -1.7797959112759794, "selection_6": 0, "shapley_value_7": -1.959068211771193, "selection_7": 0, "shapley_value_8": -1.9020727631591614, "selection_8": 0, "shapley_value_9": -1.9820372089743614, "selection_9": 0, "shapley_value_10": -1.9332165781940727, "selection_10": 0, "shapley_value_11": -1.9694120021480506, "selection_11": 0, "shapley_value_12": -1.8062332448032166, "selection_12": 0, "shapley_value_13": -1.8112385295557252, "selection_13": 1, "shapley_value_14": -1.7487512571471078, "selection_14": 0, "shapley_value_15": -1.9566665828227996, "selection_15": 0, "shapley_value_16": -1.5326213256145518, "selection_16": 0, "shapley_value_17": -1.8258062429500344, "selection_17": 0, "shapley_value_18": -1.6863816224393389, "selection_18": 1, "shapley_value_19": -1.9433225260840523, "selection_19": 0, "shapley_value_20": -1.9189855878551805, "selection_20": 0, "shapley_value_21": -1.8464138661821683, "selection_21": 0, "shapley_value_22": -1.7707713703314463, "selection_22": 0, "shapley_value_23": -1.8432037619252999, "selection_23": 0, "shapley_value_24": -1.835831968170224, "selection_24": 0, "shapley_value_25": -1.90306448660515, "selection_25": 0, "shapley_value_26": -1.9419022185934915, "selection_26": 0, "shapley_value_27": -1.8836376127742587, "selection_27": 0, "shapley_value_28": -1.6788380818234545, "selection_28": 1, "shapley_value_29": -1.9922858483734587, "selection_29": 0, "shapley_value_30": -1.8233469396829602, "selection_30": 0, "shapley_value_31": -1.9309215909904904, "selection_31": 0, "shapley_value_32": -1.8422195247951005, "selection_32": 0, "shapley_value_33": -1.8729115813970565, "selection_33": 0, "shapley_value_34": -1.7173430187006793, "selection_34": 0, "shapley_value_35": -1.7408052825679379, "selection_35": 0, "shapley_value_36": -1.697140029735035, "selection_36": 0, "shapley_value_37": -1.8988866686820987, "selection_37": 0, "shapley_value_38": -1.7854937041799228, "selection_38": 0, "shapley_value_39": -1.732443953553836, "selection_39": 1, "_timestamp": 1688023021.142347, "_runtime": 93.05490708351135, "_step": 99, "_wandb": {"runtime": 91}}