{"accuracy": 0.0997999981045723, "val_loss": 8.514702796936035, "test_loss": 8.553905487060547, "shapley_value_0": 16.16795802116394, "selection_0": 1, "shapley_value_1": 1.671236521402995, "selection_1": 0, "shapley_value_2": 1.0864968299865718, "selection_2": 0, "shapley_value_3": 5.694509058086959, "selection_3": 1, "shapley_value_4": 0.7763557235399885, "selection_4": 0, "shapley_value_5": 0.762941273053487, "selection_5": 0, "shapley_value_6": 0, "selection_6": 0, "shapley_value_7": 1.9849493714670345, "selection_7": 0, "shapley_value_8": 4.556385763229862, "selection_8": 0, "shapley_value_9": 0, "selection_9": 0, "shapley_value_10": -8.41850330432256, "selection_10": 0, "shapley_value_11": 0, "selection_11": 0, "shapley_value_12": 0, "selection_12": 0, "shapley_value_13": -1.1992312272389731, "selection_13": 0, "shapley_value_14": -4.076400309801102, "selection_14": 0, "shapley_value_15": 0, "selection_15": 0, "shapley_value_16": 0, "selection_16": 0, "shapley_value_17": -0.4046380917231236, "selection_17": 0, "shapley_value_18": 3.026829168910071, "selection_18": 0, "shapley_value_19": -6.61194364229838, "selection_19": 0, "shapley_value_20": 0, "selection_20": 0, "shapley_value_21": -1.844739357630412, "selection_21": 0, "shapley_value_22": 2.4620279934671196, "selection_22": 1, "shapley_value_23": -6.313468098640444, "selection_23": 0, "shapley_value_24": -3.4150508244832363, "selection_24": 0, "shapley_value_25": -1.3579099575678502, "selection_25": 0, "shapley_value_26": 0, "selection_26": 0, "shapley_value_27": 1.8403834726499482, "selection_27": 0, "shapley_value_28": 1.6933682998021446, "selection_28": 0, "shapley_value_29": -5.0077528158823625, "selection_29": 0, "shapley_value_30": 6.12638668846666, "selection_30": 1, "shapley_value_31": 1.2589442729949945, "selection_31": 0, "shapley_value_32": 2.4079506347576776, "selection_32": 0, "shapley_value_33": 4.504766784180168, "selection_33": 0, "shapley_value_34": -2.5374163190523777, "selection_34": 0, "shapley_value_35": -2.1041963199774436, "selection_35": 0, "shapley_value_36": 2.2276832608529076, "selection_36": 0, "shapley_value_37": 2.792371007924279, "selection_37": 0, "shapley_value_38": 0, "selection_38": 0, "shapley_value_39": 0, "selection_39": 0, "shapley_value_40": 2.442663785785135, "selection_40": 0, "shapley_value_41": 0, "selection_41": 0, "shapley_value_42": 0, "selection_42": 0, "shapley_value_43": 1.900647423333593, "selection_43": 0, "shapley_value_44": 3.435838466702083, "selection_44": 1, "shapley_value_45": -1.57337886095047, "selection_45": 0, "shapley_value_46": 4.880253588711774, "selection_46": 0, "shapley_value_47": 1.0606447964003596, "selection_47": 0, "shapley_value_48": -4.212927937507626, "selection_48": 0, "shapley_value_49": 0, "selection_49": 0, "_timestamp": 1688390256.9923105, "_runtime": 108.93792843818665, "_step": 99, "_wandb": {"runtime": 107}}