{"accuracy": 0.4551999866962433, "val_loss": 1.5121244192123413, "test_loss": 1.543460726737976, "_timestamp": 1687965006.099234, "_runtime": 86.19052910804749, "_step": 99, "_wandb": {"runtime": 84}}