{"accuracy": 0.7393218278884888, "val_loss": 0.8111404180526733, "test_loss": 0.807952880859375, "shapley_value_0": -1.223835339148839, "selection_0": 0, "shapley_value_1": -1.180034154653549, "selection_1": 0, "shapley_value_2": -1.1586460657417774, "selection_2": 0, "shapley_value_3": -1.1620578633414376, "selection_3": 0, "shapley_value_4": -1.1973719155346905, "selection_4": 0, "shapley_value_5": -1.167396894007018, "selection_5": 0, "shapley_value_6": -1.158794011130478, "selection_6": 0, "shapley_value_7": -1.171349667367481, "selection_7": 0, "shapley_value_8": -1.1778787022981887, "selection_8": 1, "shapley_value_9": -1.1527238024605642, "selection_9": 0, "shapley_value_10": -1.2635063661469352, "selection_10": 0, "shapley_value_11": -1.2791624029477437, "selection_11": 0, "shapley_value_12": -1.1844044923782349, "selection_12": 0, "shapley_value_13": -1.1763498341595682, "selection_13": 0, "shapley_value_14": -1.1708422347351355, "selection_14": 0, "shapley_value_15": -1.2012765457232797, "selection_15": 0, "shapley_value_16": -1.199840117068518, "selection_16": 0, "shapley_value_17": -1.1578462786144679, "selection_17": 0, "shapley_value_18": -1.2304122613535986, "selection_18": 0, "shapley_value_19": -1.1730533679326376, "selection_19": 0, "shapley_value_20": -1.1688389989236991, "selection_20": 1, "shapley_value_21": -1.2949405362208686, "selection_21": 0, "shapley_value_22": -1.187659079120273, "selection_22": 0, "shapley_value_23": -1.1302623723307228, "selection_23": 1, "shapley_value_24": -1.2281577388445535, "selection_24": 0, "shapley_value_25": -1.227700218558311, "selection_25": 0, "shapley_value_26": -1.2088663379351292, "selection_26": 0, "shapley_value_27": -1.1484480301539102, "selection_27": 0, "shapley_value_28": -1.143107606569926, "selection_28": 0, "shapley_value_29": -1.2623117367426553, "selection_29": 0, "shapley_value_30": -1.3179138749837875, "selection_30": 0, "shapley_value_31": -1.2539022465546923, "selection_31": 0, "shapley_value_32": -1.1334292214326185, "selection_32": 0, "shapley_value_33": -1.2229932943979898, "selection_33": 0, "shapley_value_34": -1.1771350900332134, "selection_34": 0, "shapley_value_35": -1.2806385358174637, "selection_35": 0, "shapley_value_36": -1.1647254427274072, "selection_36": 0, "shapley_value_37": -1.3400798042615252, "selection_37": 0, "shapley_value_38": -1.1992579599221547, "selection_38": 0, "shapley_value_39": -1.1753893127808204, "selection_39": 1, "_timestamp": 1687984441.0719519, "_runtime": 77.5690758228302, "_step": 99, "_wandb": {"runtime": 76}}