{"accuracy": 0.09699999541044235, "val_loss": 12.71710205078125, "test_loss": 12.87474536895752, "shapley_value_0": -2.5934410492579145, "selection_0": 0, "shapley_value_1": -3.4781379302342725, "selection_1": 0, "shapley_value_2": 9.834859945083577, "selection_2": 1, "shapley_value_3": -0.07294187943140606, "selection_3": 0, "shapley_value_4": -2.772840956846874, "selection_4": 0, "shapley_value_5": 9.339362851116388, "selection_5": 1, "shapley_value_6": -4.413242359956104, "selection_6": 0, "shapley_value_7": 9.048344469953468, "selection_7": 1, "shapley_value_8": -3.0382925768693303, "selection_8": 0, "shapley_value_9": 0.295428256193798, "selection_9": 0, "shapley_value_10": -3.7729091346263885, "selection_10": 0, "shapley_value_11": -2.567051708698275, "selection_11": 0, "shapley_value_12": -4.098123500744501, "selection_12": 0, "shapley_value_13": -2.6379199922084817, "selection_13": 0, "shapley_value_14": -5.027007559935251, "selection_14": 0, "shapley_value_15": 0.2668577829996739, "selection_15": 0, "shapley_value_16": 0.45176709493001327, "selection_16": 0, "shapley_value_17": -0.22180090347925763, "selection_17": 0, "shapley_value_18": -0.6650416056315103, "selection_18": 0, "shapley_value_19": -3.3009689648946114, "selection_19": 0, "shapley_value_20": 0.02663030227025276, "selection_20": 0, "shapley_value_21": -0.1406478484471636, "selection_21": 0, "shapley_value_22": -3.561930189530057, "selection_22": 0, "shapley_value_23": -0.6784654259681702, "selection_23": 0, "shapley_value_24": -4.853780418634414, "selection_24": 0, "shapley_value_25": -1.5713762442270909, "selection_25": 0, "shapley_value_26": -0.1725027163823456, "selection_26": 0, "shapley_value_27": -2.558570603529612, "selection_27": 0, "shapley_value_28": -1.948341141144435, "selection_28": 0, "shapley_value_29": -3.3409645855426797, "selection_29": 0, "shapley_value_30": -0.3684764901796982, "selection_30": 0, "shapley_value_31": -2.092953787909614, "selection_31": 0, "shapley_value_32": -0.07445335388183683, "selection_32": 0, "shapley_value_33": -0.07280308008194059, "selection_33": 0, "shapley_value_34": -2.8002595603466025, "selection_34": 0, "shapley_value_35": -5.148035446802776, "selection_35": 0, "shapley_value_36": 3.173830903017962, "selection_36": 1, "shapley_value_37": 0.1308462421099339, "selection_37": 0, "shapley_value_38": -2.822114636500678, "selection_38": 0, "shapley_value_39": -1.3528465628623954, "selection_39": 0, "shapley_value_40": -0.5424940983454389, "selection_40": 0, "shapley_value_41": -2.0402041474978123, "selection_41": 0, "shapley_value_42": 0.08926973740259747, "selection_42": 0, "shapley_value_43": -0.17177029450734516, "selection_43": 0, "shapley_value_44": 8.508927257543196, "selection_44": 1, "shapley_value_45": -2.2844322721163435, "selection_45": 0, "shapley_value_46": -1.808581064144771, "selection_46": 0, "shapley_value_47": 0.15328993399938118, "selection_47": 0, "shapley_value_48": -2.314062237739564, "selection_48": 0, "shapley_value_49": 0.35852251450220685, "selection_49": 0, "_timestamp": 1688381618.2769334, "_runtime": 98.91566944122314, "_step": 99, "_wandb": {"runtime": 97}}