{"accuracy": 0.5072000026702881, "val_loss": 1.3700857162475586, "test_loss": 1.38394033908844, "shapley_value_0": -0.7060018452731046, "selection_0": 0, "shapley_value_1": -0.6719541218545703, "selection_1": 0, "shapley_value_2": -0.70165513753891, "selection_2": 0, "shapley_value_3": -0.694230381647746, "selection_3": 0, "shapley_value_4": -0.697895960374312, "selection_4": 0, "shapley_value_5": -0.6928390264511108, "selection_5": 0, "shapley_value_6": -0.6968618848107077, "selection_6": 0, "shapley_value_7": -0.7009722232818603, "selection_7": 0, "shapley_value_8": -0.7040678479454734, "selection_8": 0, "shapley_value_9": -0.7001593748728434, "selection_9": 0, "shapley_value_10": -0.7059172431627907, "selection_10": 0, "shapley_value_11": -0.7121665000915527, "selection_11": 0, "shapley_value_12": -0.7002928654352824, "selection_12": 0, "shapley_value_13": -0.7268706083297727, "selection_13": 0, "shapley_value_14": -0.6782359679539997, "selection_14": 0, "shapley_value_15": -0.7070460081100464, "selection_15": 0, "shapley_value_16": -0.7326843297040022, "selection_16": 0, "shapley_value_17": -0.7468765338261922, "selection_17": 0, "shapley_value_18": -0.7334264296072502, "selection_18": 0, "shapley_value_19": -0.6869550509886306, "selection_19": 0, "shapley_value_20": -0.7171757022539773, "selection_20": 0, "shapley_value_21": -0.7082396781805791, "selection_21": 1, "shapley_value_22": -0.7473285913467406, "selection_22": 1, "shapley_value_23": -0.7055599093437196, "selection_23": 0, "shapley_value_24": -0.7389006177584331, "selection_24": 0, "shapley_value_25": -0.7548893910867195, "selection_25": 0, "shapley_value_26": -0.7142147439898864, "selection_26": 1, "shapley_value_27": -0.726706862449646, "selection_27": 0, "shapley_value_28": -0.7457155342455264, "selection_28": 0, "shapley_value_29": -0.7461866656939187, "selection_29": 0, "shapley_value_30": -0.7382677475611367, "selection_30": 0, "shapley_value_31": -0.7456786712010699, "selection_31": 1, "shapley_value_32": -0.7514354109764099, "selection_32": 0, "shapley_value_33": -0.7571788673047666, "selection_33": 0, "shapley_value_34": -0.7313415695119787, "selection_34": 0, "shapley_value_35": -0.7442280804669414, "selection_35": 0, "shapley_value_36": -0.7513778739505343, "selection_36": 0, "shapley_value_37": -0.7442256742053558, "selection_37": 0, "shapley_value_38": -0.7627379231982763, "selection_38": 0, "shapley_value_39": -0.7757671894850557, "selection_39": 0, "_timestamp": 1688029828.592582, "_runtime": 96.98063087463379, "_step": 99, "_wandb": {"runtime": 95}}