{"accuracy": 0.8368511199951172, "val_loss": 0.5152953863143921, "test_loss": 0.5121816396713257, "_timestamp": 1687986849.220105, "_runtime": 79.34302687644958, "_step": 99, "_wandb": {"runtime": 77}}