{"accuracy": 0.9377999901771545, "val_loss": 0.23464182019233704, "test_loss": 0.2177002727985382, "shapley_value_0": 0.20478372004628181, "selection_0": 0, "shapley_value_1": 0.16725512138009072, "selection_1": 0, "shapley_value_2": 0.1857134529054165, "selection_2": 0, "shapley_value_3": 0.1561728250682354, "selection_3": 1, "shapley_value_4": 0.24470932257175448, "selection_4": 0, "shapley_value_5": 0.21129694232344626, "selection_5": 0, "shapley_value_6": 0.16741818472743036, "selection_6": 0, "shapley_value_7": 0.1649003089603625, "selection_7": 0, "shapley_value_8": 0.20729287278652192, "selection_8": 0, "shapley_value_9": 0.21308316507935526, "selection_9": 0, "shapley_value_10": 0.1971026311218739, "selection_10": 0, "shapley_value_11": 0.21083273607492442, "selection_11": 0, "shapley_value_12": 0.18989712267486678, "selection_12": 0, "shapley_value_13": 0.1819004724323749, "selection_13": 0, "shapley_value_14": 0.18891506680846215, "selection_14": 0, "shapley_value_15": 0.2003341934084893, "selection_15": 0, "shapley_value_16": 0.22264966002106665, "selection_16": 0, "shapley_value_17": 0.16966304582357405, "selection_17": 0, "shapley_value_18": 0.17613711503148077, "selection_18": 0, "shapley_value_19": 0.2005646122992039, "selection_19": 0, "shapley_value_20": 0.2064457009136677, "selection_20": 0, "shapley_value_21": 0.16981098490953445, "selection_21": 0, "shapley_value_22": 0.2109761487841606, "selection_22": 0, "shapley_value_23": 0.20120076510310173, "selection_23": 0, "shapley_value_24": 0.1898370656967163, "selection_24": 0, "shapley_value_25": 0.1714454347193241, "selection_25": 0, "shapley_value_26": 0.18806315641654164, "selection_26": 0, "shapley_value_27": 0.1677846495509148, "selection_27": 1, "shapley_value_28": 0.18448093339800833, "selection_28": 0, "shapley_value_29": 0.214115632712841, "selection_29": 0, "shapley_value_30": 0.20698795938491815, "selection_30": 0, "shapley_value_31": 0.23020878621935847, "selection_31": 0, "shapley_value_32": 0.2379820227324962, "selection_32": 0, "shapley_value_33": 0.22695349869132042, "selection_33": 0, "shapley_value_34": 0.18533036679029466, "selection_34": 0, "shapley_value_35": 0.2572080249488354, "selection_35": 0, "shapley_value_36": 0.1591625009994758, "selection_36": 1, "shapley_value_37": 0.14337221151590346, "selection_37": 1, "shapley_value_38": 0.20365681606531144, "selection_38": 0, "shapley_value_39": 0.15386918705701827, "selection_39": 1, "shapley_value_40": 0.17522561883926394, "selection_40": 0, "shapley_value_41": 0.1984121772050858, "selection_41": 0, "shapley_value_42": 0.13174085686081335, "selection_42": 1, "shapley_value_43": 0.20347262874245642, "selection_43": 0, "shapley_value_44": 0.19453170835971834, "selection_44": 0, "shapley_value_45": 0.2228079026341438, "selection_45": 0, "shapley_value_46": 0.22664032915234564, "selection_46": 0, "shapley_value_47": 0.19610433527827262, "selection_47": 0, "shapley_value_48": 0.20512650412321087, "selection_48": 0, "shapley_value_49": 0.20593335172533989, "selection_49": 0, "shapley_value_50": 0.1712277458012104, "selection_50": 0, "shapley_value_51": 0.21170057159662248, "selection_51": 0, "shapley_value_52": 0.18299068701267246, "selection_52": 0, "shapley_value_53": 0.22803938791155814, "selection_53": 0, "shapley_value_54": 0.1873752187788486, "selection_54": 0, "shapley_value_55": 0.1718744055173899, "selection_55": 0, "shapley_value_56": 0.18875055596232418, "selection_56": 0, "shapley_value_57": 0.16740297082066538, "selection_57": 1, "shapley_value_58": 0.21164795142412185, "selection_58": 0, "shapley_value_59": 0.246329627007246, "selection_59": 0, "shapley_value_60": 0.15198476675152778, "selection_60": 1, "shapley_value_61": 0.2340618360936642, "selection_61": 0, "shapley_value_62": 0.20853704497218134, "selection_62": 0, "shapley_value_63": 0.21198673063516615, "selection_63": 0, "shapley_value_64": 0.15235909730196, "selection_64": 1, "shapley_value_65": 0.22833221051096916, "selection_65": 0, "shapley_value_66": 0.20968591801430053, "selection_66": 0, "shapley_value_67": 0.21905342131853103, "selection_67": 0, "shapley_value_68": 0.17838305553793904, "selection_68": 0, "shapley_value_69": 0.1736841839253902, "selection_69": 0, "shapley_value_70": 0.24373040926456452, "selection_70": 0, "shapley_value_71": 0.22206749442219736, "selection_71": 0, "shapley_value_72": 0.20835057172179225, "selection_72": 0, "shapley_value_73": 0.20676462271809576, "selection_73": 0, "shapley_value_74": 0.20350478708744052, "selection_74": 0, "shapley_value_75": 0.23936358723044396, "selection_75": 0, "shapley_value_76": 0.1817699570310743, "selection_76": 0, "shapley_value_77": 0.17765289721990887, "selection_77": 0, "shapley_value_78": 0.15623281195759775, "selection_78": 1, "shapley_value_79": 0.2129641759693622, "selection_79": 0, "shapley_value_80": 0.1658620766699314, "selection_80": 0, "shapley_value_81": 0.21611258786916734, "selection_81": 0, "shapley_value_82": 0.23094233703613284, "selection_82": 0, "shapley_value_83": 0.21402901288866993, "selection_83": 0, "shapley_value_84": 0.22126959818601608, "selection_84": 0, "shapley_value_85": 0.21285543951392177, "selection_85": 0, "shapley_value_86": 0.22620845922827715, "selection_86": 0, "shapley_value_87": 0.18533134600520138, "selection_87": 0, "shapley_value_88": 0.20657079452276234, "selection_88": 0, "shapley_value_89": 0.25047398400306703, "selection_89": 0, "shapley_value_90": 0.22845418354868885, "selection_90": 0, "shapley_value_91": 0.21977416712045672, "selection_91": 0, "shapley_value_92": 0.19224045967585163, "selection_92": 0, "shapley_value_93": 0.17060164719820023, "selection_93": 0, "shapley_value_94": 0.24002757200598718, "selection_94": 0, "shapley_value_95": 0.24224387347698212, "selection_95": 0, "shapley_value_96": 0.24750750514864922, "selection_96": 0, "shapley_value_97": 0.23518746533989904, "selection_97": 0, "shapley_value_98": 0.20036158555746084, "selection_98": 0, "shapley_value_99": 0.20314843851327896, "selection_99": 0, "_timestamp": 1687958975.9045937, "_runtime": 317.03489875793457, "_step": 99, "_wandb": {"runtime": 315}}