{"accuracy": 0.9359999895095825, "val_loss": 0.23469188809394836, "test_loss": 0.21221812069416046, "shapley_value_0": 0.21611848419904706, "selection_0": 0, "shapley_value_1": 0.2034834569237734, "selection_1": 0, "shapley_value_2": 0.17983617872313448, "selection_2": 0, "shapley_value_3": 0.23829618549346926, "selection_3": 0, "shapley_value_4": 0.14439932057261465, "selection_4": 1, "shapley_value_5": 0.18308555570244786, "selection_5": 0, "shapley_value_6": 0.17713460496068004, "selection_6": 1, "shapley_value_7": 0.20988062557578088, "selection_7": 0, "shapley_value_8": 0.22446362331509592, "selection_8": 0, "shapley_value_9": 0.19474362127090755, "selection_9": 0, "shapley_value_10": 0.18747258436679842, "selection_10": 0, "shapley_value_11": 0.21608472332358358, "selection_11": 0, "shapley_value_12": 0.1750413326621056, "selection_12": 0, "shapley_value_13": 0.16631853207945824, "selection_13": 1, "shapley_value_14": 0.21442984893918035, "selection_14": 0, "shapley_value_15": 0.20204395914234613, "selection_15": 0, "shapley_value_16": 0.19830286902189256, "selection_16": 0, "shapley_value_17": 0.20093919086456302, "selection_17": 0, "shapley_value_18": 0.19716630181670186, "selection_18": 0, "shapley_value_19": 0.1928005713224411, "selection_19": 0, "shapley_value_20": 0.18569618278741834, "selection_20": 0, "shapley_value_21": 0.16991224557161333, "selection_21": 1, "shapley_value_22": 0.18160861200094222, "selection_22": 0, "shapley_value_23": 0.23283267816901207, "selection_23": 0, "shapley_value_24": 0.15478546136617663, "selection_24": 1, "shapley_value_25": 0.22894818520545962, "selection_25": 0, "shapley_value_26": 0.210604493272932, "selection_26": 0, "shapley_value_27": 0.16807494178414345, "selection_27": 1, "shapley_value_28": 0.19742333737015721, "selection_28": 0, "shapley_value_29": 0.2171673639118672, "selection_29": 0, "shapley_value_30": 0.22022317153215404, "selection_30": 0, "shapley_value_31": 0.15971698269248008, "selection_31": 0, "shapley_value_32": 0.15365394505858423, "selection_32": 1, "shapley_value_33": 0.2041117976605892, "selection_33": 0, "shapley_value_34": 0.20807508161664007, "selection_34": 0, "shapley_value_35": 0.24995048332214354, "selection_35": 0, "shapley_value_36": 0.17873574689030644, "selection_36": 0, "shapley_value_37": 0.18829057589173318, "selection_37": 0, "shapley_value_38": 0.24887544657838978, "selection_38": 0, "shapley_value_39": 0.2158935205936432, "selection_39": 0, "shapley_value_40": 0.18994007575511934, "selection_40": 0, "shapley_value_41": 0.18821905437111855, "selection_41": 0, "shapley_value_42": 0.19089764308929444, "selection_42": 0, "shapley_value_43": 0.19758357557654382, "selection_43": 0, "shapley_value_44": 0.14777881720662117, "selection_44": 0, "shapley_value_45": 0.20724237859249114, "selection_45": 0, "shapley_value_46": 0.18084216770529743, "selection_46": 0, "shapley_value_47": 0.1487482967674732, "selection_47": 1, "shapley_value_48": 0.21658283305168152, "selection_48": 0, "shapley_value_49": 0.1707067669630051, "selection_49": 0, "shapley_value_50": 0.18310574987530712, "selection_50": 0, "shapley_value_51": 0.19767408427596092, "selection_51": 0, "shapley_value_52": 0.2266948516666889, "selection_52": 0, "shapley_value_53": 0.1853056665956974, "selection_53": 0, "shapley_value_54": 0.20695582062006, "selection_54": 0, "shapley_value_55": 0.19806985941529273, "selection_55": 0, "shapley_value_56": 0.2380874405126822, "selection_56": 0, "shapley_value_57": 0.22377529484033584, "selection_57": 0, "shapley_value_58": 0.1663824915289879, "selection_58": 0, "shapley_value_59": 0.2220960825383663, "selection_59": 0, "shapley_value_60": 0.1528461735844612, "selection_60": 1, "shapley_value_61": 0.19649784978283077, "selection_61": 0, "shapley_value_62": 0.20391065794229507, "selection_62": 0, "shapley_value_63": 0.18948547777533536, "selection_63": 0, "shapley_value_64": 0.19159549546241755, "selection_64": 0, "shapley_value_65": 0.1785257800519467, "selection_65": 0, "shapley_value_66": 0.20394368839263916, "selection_66": 0, "shapley_value_67": 0.17293789553642275, "selection_67": 0, "shapley_value_68": 0.25421575969457627, "selection_68": 0, "shapley_value_69": 0.20464909079670904, "selection_69": 0, "shapley_value_70": 0.15462141226624188, "selection_70": 1, "shapley_value_71": 0.20108141428232193, "selection_71": 0, "shapley_value_72": 0.2071886850893498, "selection_72": 0, "shapley_value_73": 0.22257164806127552, "selection_73": 0, "shapley_value_74": 0.22584188577846476, "selection_74": 0, "shapley_value_75": 0.20830147644877436, "selection_75": 0, "shapley_value_76": 0.21207862365245825, "selection_76": 0, "shapley_value_77": 0.20016581389307975, "selection_77": 0, "shapley_value_78": 0.22075410211086272, "selection_78": 0, "shapley_value_79": 0.1671059087216854, "selection_79": 0, "shapley_value_80": 0.21917342633008957, "selection_80": 0, "shapley_value_81": 0.27313953307271, "selection_81": 0, "shapley_value_82": 0.18726925174186101, "selection_82": 0, "shapley_value_83": 0.24784484311938287, "selection_83": 0, "shapley_value_84": 0.22184580779075622, "selection_84": 0, "shapley_value_85": 0.16940810920574043, "selection_85": 0, "shapley_value_86": 0.244323956489563, "selection_86": 0, "shapley_value_87": 0.18315107387304302, "selection_87": 0, "shapley_value_88": 0.26837484920024873, "selection_88": 0, "shapley_value_89": 0.19451675316691397, "selection_89": 0, "shapley_value_90": 0.20422627159953116, "selection_90": 0, "shapley_value_91": 0.2509929953217506, "selection_91": 0, "shapley_value_92": 0.17734382554888725, "selection_92": 0, "shapley_value_93": 0.1976450720507848, "selection_93": 0, "shapley_value_94": 0.2595450352132321, "selection_94": 0, "shapley_value_95": 0.21197573643922807, "selection_95": 0, "shapley_value_96": 0.27459947487711905, "selection_96": 0, "shapley_value_97": 0.20847495800256732, "selection_97": 0, "shapley_value_98": 0.20929633975028997, "selection_98": 0, "shapley_value_99": 0.19053972163796423, "selection_99": 0, "_timestamp": 1687924664.4702656, "_runtime": 322.0045347213745, "_step": 99, "_wandb": {"runtime": 320}}