{"accuracy": 0.12619999051094055, "val_loss": 2.300482749938965, "test_loss": 2.3018298149108887, "_timestamp": 1688027178.0405343, "_runtime": 136.61154913902283, "_step": 99, "_wandb": {"runtime": 135}}