{"accuracy": 0.10379999876022339, "val_loss": 2.3578202724456787, "test_loss": 2.3557612895965576, "_timestamp": 1688036246.4649885, "_runtime": 152.45540952682495, "_step": 99, "_wandb": {"runtime": 150}}