{"accuracy": 0.13819999992847443, "val_loss": 4.608747482299805, "test_loss": 4.67640495300293, "_timestamp": 1688404644.981217, "_runtime": 145.08052682876587, "_step": 99, "_wandb": {"runtime": 143}}