{"accuracy": 0.9325999617576599, "val_loss": 0.2537132799625397, "test_loss": 0.2369622141122818, "shapley_value_0": 0.0032528734207153322, "selection_0": 0, "shapley_value_1": 0.0034926939010620117, "selection_1": 0, "shapley_value_2": 0.0024440526962280274, "selection_2": 0, "shapley_value_3": 0.003178868293762207, "selection_3": 0, "shapley_value_4": 0.002494087219238281, "selection_4": 0, "shapley_value_5": 0.1992844422459602, "selection_5": 0, "shapley_value_6": 0.00466524600982666, "selection_6": 0, "shapley_value_7": -0.0003333970120078639, "selection_7": 0, "shapley_value_8": -0.00027789567646227385, "selection_8": 0, "shapley_value_9": 0.002308220863342285, "selection_9": 0, "shapley_value_10": 0.007992987632751462, "selection_10": 0, "shapley_value_11": 0.007902593612670898, "selection_11": 0, "shapley_value_12": 0.007794084548950195, "selection_12": 0, "shapley_value_13": 0.009478001594543458, "selection_13": 0, "shapley_value_14": 0.007133746147155761, "selection_14": 0, "shapley_value_15": 0.007852754592895509, "selection_15": 0, "shapley_value_16": 0.008634347915649414, "selection_16": 0, "shapley_value_17": 0.005775890350341797, "selection_17": 0, "shapley_value_18": 0.0050512123107910156, "selection_18": 0, "shapley_value_19": 0.003872947692871095, "selection_19": 0, "shapley_value_20": 0.01882204532623291, "selection_20": 0, "shapley_value_21": 0.005639839172363281, "selection_21": 0, "shapley_value_22": 0.016920242309570305, "selection_22": 0, "shapley_value_23": 0.016298260688781742, "selection_23": 0, "shapley_value_24": 0.02156399726867676, "selection_24": 0, "shapley_value_25": 0.015549764633178711, "selection_25": 0, "shapley_value_26": 0.009859743118286133, "selection_26": 0, "shapley_value_27": -0.0002666900032445004, "selection_27": 0, "shapley_value_28": 0.013101258277893067, "selection_28": 0, "shapley_value_29": 0.027046289443969727, "selection_29": 0, "shapley_value_30": 0.010485544204711914, "selection_30": 0, "shapley_value_31": 0.0061636209487915036, "selection_31": 0, "shapley_value_32": 0.02304984569549561, "selection_32": 0, "shapley_value_33": 0.016343288672597784, "selection_33": 0, "shapley_value_34": 0.02705071926116943, "selection_34": 0, "shapley_value_35": 0.013792061805725097, "selection_35": 0, "shapley_value_36": -0.0009497717807167455, "selection_36": 0, "shapley_value_37": 0.03261275768280028, "selection_37": 0, "shapley_value_38": 0.01961487293243409, "selection_38": 0, "shapley_value_39": 0.018022704124450683, "selection_39": 0, "shapley_value_40": 0.24114080971287147, "selection_40": 1, "shapley_value_41": 0.03090766191482544, "selection_41": 0, "shapley_value_42": 0.031794183254241944, "selection_42": 0, "shapley_value_43": 0.0902533358335495, "selection_43": 0, "shapley_value_44": 0.029542231559753426, "selection_44": 0, "shapley_value_45": 0.16776019871234893, "selection_45": 0, "shapley_value_46": 0.19913150803910362, "selection_46": 0, "shapley_value_47": 0.07471392273902894, "selection_47": 0, "shapley_value_48": 0.08186417549848556, "selection_48": 0, "shapley_value_49": 0.2263727856427431, "selection_49": 1, "shapley_value_50": 0.12386636674404142, "selection_50": 0, "shapley_value_51": 0.18533769726753235, "selection_51": 0, "shapley_value_52": 0.2278304043081072, "selection_52": 1, "shapley_value_53": 0.12159788340330124, "selection_53": 1, "shapley_value_54": 0.1981284265307819, "selection_54": 0, "shapley_value_55": 0.16190722814628056, "selection_55": 0, "shapley_value_56": 0.23521915529134144, "selection_56": 1, "shapley_value_57": 0.18082818621397018, "selection_57": 0, "shapley_value_58": 0.035365474224090566, "selection_58": 0, "shapley_value_59": 0.03622464418411255, "selection_59": 0, "shapley_value_60": 0.17961787594689263, "selection_60": 0, "shapley_value_61": 0.1904134915981974, "selection_61": 0, "shapley_value_62": 0.22743848962168547, "selection_62": 1, "shapley_value_63": 0.15563343276580174, "selection_63": 0, "shapley_value_64": 0.21817270027266608, "selection_64": 1, "shapley_value_65": 0.19019318397228535, "selection_65": 0, "shapley_value_66": 0.08542720575081675, "selection_66": 0, "shapley_value_67": 0.19756985140474215, "selection_67": 0, "shapley_value_68": 0.11351438879966735, "selection_68": 0, "shapley_value_69": 0.2186437946039697, "selection_69": 0, "shapley_value_70": 0.21371732054612572, "selection_70": 0, "shapley_value_71": 0.18133223895843212, "selection_71": 0, "shapley_value_72": 0.1812093373537063, "selection_72": 0, "shapley_value_73": 0.1912643330938676, "selection_73": 0, "shapley_value_74": 0.20562779699053085, "selection_74": 0, "shapley_value_75": 0.1752052617818117, "selection_75": 0, "shapley_value_76": 0.09406060934066772, "selection_76": 0, "shapley_value_77": 0.15372129042345778, "selection_77": 0, "shapley_value_78": 0.1026875458161036, "selection_78": 0, "shapley_value_79": -0.0012755958657515677, "selection_79": 0, "shapley_value_80": 0.19810219758086736, "selection_80": 0, "shapley_value_81": 0.21362014853954317, "selection_81": 0, "shapley_value_82": 0.21677370634816948, "selection_82": 0, "shapley_value_83": 0.21614504173780105, "selection_83": 0, "shapley_value_84": 0.15200793075561522, "selection_84": 0, "shapley_value_85": 0.22520741660486562, "selection_85": 1, "shapley_value_86": 0.2108060980041822, "selection_86": 0, "shapley_value_87": 0.2269115980565548, "selection_87": 1, "shapley_value_88": 0.19574403680861, "selection_88": 0, "shapley_value_89": 0.16938087999123583, "selection_89": 0, "shapley_value_90": 0.2007201928442175, "selection_90": 0, "shapley_value_91": 0.1994033445966871, "selection_91": 0, "shapley_value_92": 0.11845588664213814, "selection_92": 0, "shapley_value_93": 0.24405169812115757, "selection_93": 1, "shapley_value_94": 0.077023109793663, "selection_94": 0, "shapley_value_95": 0.08683588015405755, "selection_95": 0, "shapley_value_96": 0.1827185491323471, "selection_96": 0, "shapley_value_97": 0.15358219599723819, "selection_97": 0, "shapley_value_98": 0.16880118800534144, "selection_98": 0, "shapley_value_99": 0.18160421150922773, "selection_99": 0, "_timestamp": 1687951484.10522, "_runtime": 316.9312720298767, "_step": 99, "_wandb": {"runtime": 315}}