{"accuracy": 0.9337999820709229, "val_loss": 0.23100601136684418, "test_loss": 0.2141420692205429, "_timestamp": 1688025071.6409175, "_runtime": 95.27344942092896, "_step": 99, "_wandb": {"runtime": 93}}