{"accuracy": 0.5015999674797058, "val_loss": 1.3794045448303223, "test_loss": 1.4106332063674927, "shapley_value_0": -0.6840576052665714, "selection_0": 0, "shapley_value_1": -0.6265418688456217, "selection_1": 0, "shapley_value_2": -0.6907426118850707, "selection_2": 0, "shapley_value_3": -0.7008856018384299, "selection_3": 0, "shapley_value_4": -0.697129722436269, "selection_4": 0, "shapley_value_5": -0.6939695318539937, "selection_5": 0, "shapley_value_6": -0.6724451780319216, "selection_6": 0, "shapley_value_7": -0.7099172870318097, "selection_7": 0, "shapley_value_8": -0.6960256854693097, "selection_8": 0, "shapley_value_9": -0.6898450652758281, "selection_9": 0, "shapley_value_10": -0.7037049651145937, "selection_10": 0, "shapley_value_11": -0.7006023526191711, "selection_11": 0, "shapley_value_12": -0.6884448409080506, "selection_12": 0, "shapley_value_13": -0.729950722058614, "selection_13": 0, "shapley_value_14": -0.6908991177876789, "selection_14": 0, "shapley_value_15": -0.725627195835113, "selection_15": 0, "shapley_value_16": -0.742498763402303, "selection_16": 0, "shapley_value_17": -0.736345140139262, "selection_17": 0, "shapley_value_18": -0.7420459270477295, "selection_18": 0, "shapley_value_19": -0.6865199367205304, "selection_19": 0, "shapley_value_20": -0.7140098810195923, "selection_20": 0, "shapley_value_21": -0.6771624366442364, "selection_21": 0, "shapley_value_22": -0.7430158933003739, "selection_22": 0, "shapley_value_23": -0.7154934287071228, "selection_23": 0, "shapley_value_24": -0.7267258882522583, "selection_24": 0, "shapley_value_25": -0.7613444487253825, "selection_25": 0, "shapley_value_26": -0.6858488241831461, "selection_26": 0, "shapley_value_27": -0.7303611755371093, "selection_27": 0, "shapley_value_28": -0.7625227808952332, "selection_28": 1, "shapley_value_29": -0.7301195740699769, "selection_29": 0, "shapley_value_30": -0.7353925665219625, "selection_30": 0, "shapley_value_31": -0.7440048575401308, "selection_31": 0, "shapley_value_32": -0.7499845822652181, "selection_32": 0, "shapley_value_33": -0.7554094632466635, "selection_33": 0, "shapley_value_34": -0.7471783359845479, "selection_34": 0, "shapley_value_35": -0.7537163138389589, "selection_35": 0, "shapley_value_36": -0.7567674875259399, "selection_36": 0, "shapley_value_37": -0.7715406894683838, "selection_37": 1, "shapley_value_38": -0.752098802725474, "selection_38": 1, "shapley_value_39": -0.7890709201494852, "selection_39": 1, "_timestamp": 1688030473.9309142, "_runtime": 106.98271322250366, "_step": 99, "_wandb": {"runtime": 105}}