{"accuracy": 0.5055999755859375, "val_loss": 1.4049030542373657, "test_loss": 1.416989803314209, "shapley_value_0": -0.5628873450415472, "selection_0": 0, "shapley_value_1": -0.310463481479221, "selection_1": 0, "shapley_value_2": -0.8936948467183997, "selection_2": 0, "shapley_value_3": -0.8845062312625706, "selection_3": 0, "shapley_value_4": -0.8156031590920908, "selection_4": 0, "shapley_value_5": -0.7797722617785139, "selection_5": 0, "shapley_value_6": -0.5646262096636222, "selection_6": 0, "shapley_value_7": -0.7137146128548514, "selection_7": 0, "shapley_value_8": -0.8329601128896076, "selection_8": 0, "shapley_value_9": -0.6490149317365703, "selection_9": 0, "shapley_value_10": -1.0262308694698195, "selection_10": 1, "shapley_value_11": -0.6388164177919045, "selection_11": 0, "shapley_value_12": -0.5821795499686039, "selection_12": 0, "shapley_value_13": -0.19346142382848822, "selection_13": 1, "shapley_value_14": -0.8203330198923748, "selection_14": 0, "shapley_value_15": -1.0106795117968608, "selection_15": 0, "shapley_value_16": -0.6729616045951847, "selection_16": 1, "shapley_value_17": -0.9062892255328948, "selection_17": 0, "shapley_value_18": -1.1937087476253512, "selection_18": 0, "shapley_value_19": -0.5580443541208906, "selection_19": 0, "shapley_value_20": -0.8221285002572193, "selection_20": 0, "shapley_value_21": -0.24733071327209483, "selection_21": 0, "shapley_value_22": -0.3848632347016107, "selection_22": 0, "shapley_value_23": -0.6535605722003516, "selection_23": 0, "shapley_value_24": -0.5420714815457662, "selection_24": 0, "shapley_value_25": -0.8831113444434272, "selection_25": 0, "shapley_value_26": -1.2034166653951008, "selection_26": 0, "shapley_value_27": -0.25363888429558795, "selection_27": 0, "shapley_value_28": -0.2235258059068161, "selection_28": 0, "shapley_value_29": -0.758415532112122, "selection_29": 0, "shapley_value_30": -0.22778069178263347, "selection_30": 0, "shapley_value_31": -1.1335539718468985, "selection_31": 0, "shapley_value_32": 0.032039006551106905, "selection_32": 0, "shapley_value_33": -0.6643612140264268, "selection_33": 0, "shapley_value_34": -0.40348270064906055, "selection_34": 0, "shapley_value_35": -0.7436701412554141, "selection_35": 0, "shapley_value_36": -0.5435072095305835, "selection_36": 1, "shapley_value_37": -0.48633791605631504, "selection_37": 0, "shapley_value_38": -0.39860667785008747, "selection_38": 0, "shapley_value_39": -1.0225397461936587, "selection_39": 0, "_timestamp": 1687962324.6996984, "_runtime": 93.71145439147949, "_step": 99, "_wandb": {"runtime": 92}}