{"accuracy": 0.09699999541044235, "val_loss": 14.744282722473145, "test_loss": 14.909882545471191, "shapley_value_0": -2.1726046105225887, "selection_0": 0, "shapley_value_1": -0.32026073336601235, "selection_1": 0, "shapley_value_2": 10.952313922746205, "selection_2": 1, "shapley_value_3": -0.44846888383229455, "selection_3": 0, "shapley_value_4": -1.9614375233650208, "selection_4": 0, "shapley_value_5": 9.929962410087935, "selection_5": 1, "shapley_value_6": -1.2823943595091507, "selection_6": 0, "shapley_value_7": 9.688813769375836, "selection_7": 1, "shapley_value_8": -2.2245684663454695, "selection_8": 0, "shapley_value_9": 0.11522987484931857, "selection_9": 0, "shapley_value_10": -3.2085377375284843, "selection_10": 0, "shapley_value_11": -2.2050124704837795, "selection_11": 0, "shapley_value_12": -6.0354451437791194, "selection_12": 0, "shapley_value_13": -4.581233084201814, "selection_13": 0, "shapley_value_14": -4.981572190920513, "selection_14": 0, "shapley_value_15": 0.02262540658315082, "selection_15": 0, "shapley_value_16": 0.30749368998739407, "selection_16": 0, "shapley_value_17": -2.2703873515129103, "selection_17": 0, "shapley_value_18": 0.385422984759012, "selection_18": 0, "shapley_value_19": -2.1797368129094448, "selection_19": 0, "shapley_value_20": -0.9592624174224008, "selection_20": 0, "shapley_value_21": 11.126061939674873, "selection_21": 1, "shapley_value_22": -1.8799568613370257, "selection_22": 0, "shapley_value_23": -0.1805706818898516, "selection_23": 0, "shapley_value_24": -5.3294112980365735, "selection_24": 0, "shapley_value_25": -1.91804842154185, "selection_25": 0, "shapley_value_26": -0.07777965068817094, "selection_26": 0, "shapley_value_27": -1.701624691486359, "selection_27": 0, "shapley_value_28": -1.8894995053609196, "selection_28": 0, "shapley_value_29": -3.384930233160651, "selection_29": 0, "shapley_value_30": -0.6640230119228367, "selection_30": 0, "shapley_value_31": 0.05118739604949951, "selection_31": 0, "shapley_value_32": -0.845882634321848, "selection_32": 0, "shapley_value_33": -0.08038866519928156, "selection_33": 0, "shapley_value_34": -2.690710475047429, "selection_34": 0, "shapley_value_35": -5.532032072544098, "selection_35": 0, "shapley_value_36": 1.8884629814648168, "selection_36": 0, "shapley_value_37": -10.652501384417215, "selection_37": 0, "shapley_value_38": -2.608976105848949, "selection_38": 0, "shapley_value_39": -0.9626381397247314, "selection_39": 0, "shapley_value_40": -0.48396134376525923, "selection_40": 0, "shapley_value_41": -2.5992170373598737, "selection_41": 0, "shapley_value_42": -0.09616945187250892, "selection_42": 0, "shapley_value_43": -0.22249364852905273, "selection_43": 0, "shapley_value_44": 9.03517490245876, "selection_44": 1, "shapley_value_45": -2.3970363934834804, "selection_45": 0, "shapley_value_46": -3.0777819255987815, "selection_46": 0, "shapley_value_47": -1.0358890394369755, "selection_47": 0, "shapley_value_48": -1.4476535121599836, "selection_48": 0, "shapley_value_49": -1.8063727319240588, "selection_49": 0, "_timestamp": 1688382518.7786746, "_runtime": 100.91669154167175, "_step": 99, "_wandb": {"runtime": 99}}