{"accuracy": 0.923799991607666, "val_loss": 0.29263854026794434, "test_loss": 0.26080140471458435, "shapley_value_0": 0.0023180913925170896, "selection_0": 0, "shapley_value_1": 0.004012417793273927, "selection_1": 0, "shapley_value_2": 0.0017057418823242187, "selection_2": 0, "shapley_value_3": 0.0033158254623413086, "selection_3": 0, "shapley_value_4": 0.0016248607635498053, "selection_4": 0, "shapley_value_5": 0.004011139869689941, "selection_5": 0, "shapley_value_6": 0.004474925994873046, "selection_6": 0, "shapley_value_7": -0.0006361509624280428, "selection_7": 0, "shapley_value_8": 0.002487444877624512, "selection_8": 0, "shapley_value_9": 0.003237042427062988, "selection_9": 0, "shapley_value_10": -8.0058449193051e-06, "selection_10": 0, "shapley_value_11": -0.00021378617537649055, "selection_11": 0, "shapley_value_12": 0.09890156924724579, "selection_12": 0, "shapley_value_13": 0.008164353370666505, "selection_13": 0, "shapley_value_14": 0.01403348445892334, "selection_14": 0, "shapley_value_15": 0.01055314540863037, "selection_15": 0, "shapley_value_16": 0.014012007713317872, "selection_16": 0, "shapley_value_17": 0.008293843269348143, "selection_17": 0, "shapley_value_18": 0.0026209354400634766, "selection_18": 0, "shapley_value_19": 0.005079808235168457, "selection_19": 0, "shapley_value_20": 0.018769707679748532, "selection_20": 0, "shapley_value_21": 0.01926139354705811, "selection_21": 0, "shapley_value_22": 0.01152364730834961, "selection_22": 0, "shapley_value_23": 0.021737747192382813, "selection_23": 0, "shapley_value_24": 0.01077672004699707, "selection_24": 0, "shapley_value_25": 0.018261299133300785, "selection_25": 0, "shapley_value_26": -0.000768598757292095, "selection_26": 0, "shapley_value_27": 0.012794380187988279, "selection_27": 0, "shapley_value_28": 0.01054624080657959, "selection_28": 0, "shapley_value_29": 0.018863782882690427, "selection_29": 0, "shapley_value_30": 0.048686676025390625, "selection_30": 0, "shapley_value_31": 0.025677828788757323, "selection_31": 0, "shapley_value_32": 0.004418807029724119, "selection_32": 0, "shapley_value_33": 0.009027271270751952, "selection_33": 0, "shapley_value_34": 0.15612430591332288, "selection_34": 0, "shapley_value_35": 0.04237463474273682, "selection_35": 0, "shapley_value_36": 0.03176278591156005, "selection_36": 0, "shapley_value_37": 0.051560072898864745, "selection_37": 0, "shapley_value_38": 0.024261813163757317, "selection_38": 0, "shapley_value_39": 0.022752833366394033, "selection_39": 0, "shapley_value_40": 0.007667186260223391, "selection_40": 0, "shapley_value_41": 0.030641553401947023, "selection_41": 0, "shapley_value_42": 0.070786771774292, "selection_42": 0, "shapley_value_43": 0.008170735836029052, "selection_43": 0, "shapley_value_44": 0.03715555667877196, "selection_44": 0, "shapley_value_45": 0.03102247476577759, "selection_45": 0, "shapley_value_46": 0.045373420715332034, "selection_46": 0, "shapley_value_47": 0.03198671817779541, "selection_47": 0, "shapley_value_48": 0.03320945978164673, "selection_48": 0, "shapley_value_49": 0.04576942205429077, "selection_49": 0, "shapley_value_50": 0.08444734334945679, "selection_50": 0, "shapley_value_51": 0.047240467071533204, "selection_51": 0, "shapley_value_52": 0.10808664083480837, "selection_52": 0, "shapley_value_53": 0.06147417545318605, "selection_53": 0, "shapley_value_54": 0.036935071945190426, "selection_54": 0, "shapley_value_55": 0.11779667615890509, "selection_55": 0, "shapley_value_56": 0.11954106807708739, "selection_56": 0, "shapley_value_57": 0.061186676025390616, "selection_57": 0, "shapley_value_58": -0.000580605707670513, "selection_58": 0, "shapley_value_59": 0.06016040325164795, "selection_59": 0, "shapley_value_60": 0.05954053822316623, "selection_60": 0, "shapley_value_61": 0.08541636228561401, "selection_61": 0, "shapley_value_62": 0.10243647575378416, "selection_62": 0, "shapley_value_63": 0.10782632410526274, "selection_63": 0, "shapley_value_64": 0.12166741609573364, "selection_64": 0, "shapley_value_65": 0.2012259529600617, "selection_65": 1, "shapley_value_66": 0.11949399232864381, "selection_66": 0, "shapley_value_67": 0.10407516956329343, "selection_67": 0, "shapley_value_68": 0.1056843137741089, "selection_68": 0, "shapley_value_69": 0.08623250246047977, "selection_69": 0, "shapley_value_70": 0.15644503076871238, "selection_70": 0, "shapley_value_71": 0.09216751337051392, "selection_71": 0, "shapley_value_72": 0.022817654609680174, "selection_72": 0, "shapley_value_73": 0.11185132026672359, "selection_73": 0, "shapley_value_74": 0.21671408747633297, "selection_74": 1, "shapley_value_75": 0.1340860438346863, "selection_75": 0, "shapley_value_76": -0.0017838415346647565, "selection_76": 0, "shapley_value_77": 0.046198272705078126, "selection_77": 0, "shapley_value_78": 0.15003257880869666, "selection_78": 0, "shapley_value_79": 0.0428767991065979, "selection_79": 0, "shapley_value_80": 0.22482612350251938, "selection_80": 1, "shapley_value_81": 0.15233597159385684, "selection_81": 0, "shapley_value_82": 0.10642350435256956, "selection_82": 0, "shapley_value_83": 0.15996798336505888, "selection_83": 0, "shapley_value_84": 0.22146498000337955, "selection_84": 1, "shapley_value_85": 0.20627269040454516, "selection_85": 1, "shapley_value_86": 0.07771346807479855, "selection_86": 0, "shapley_value_87": -0.000995635986328125, "selection_87": 0, "shapley_value_88": 0.14215411275625228, "selection_88": 0, "shapley_value_89": 0.12995660841464995, "selection_89": 0, "shapley_value_90": 0.06001623749732971, "selection_90": 0, "shapley_value_91": 0.1613224348000118, "selection_91": 0, "shapley_value_92": 0.2137244916311986, "selection_92": 1, "shapley_value_93": 0.08820927500724793, "selection_93": 0, "shapley_value_94": 0.14715943768620493, "selection_94": 0, "shapley_value_95": 0.11605454564094547, "selection_95": 0, "shapley_value_96": 0.24443388832870283, "selection_96": 1, "shapley_value_97": 0.21490627045258442, "selection_97": 1, "shapley_value_98": 0.2254590005789333, "selection_98": 1, "shapley_value_99": 0.2237597044573889, "selection_99": 1, "_timestamp": 1687948597.4829443, "_runtime": 314.87183022499084, "_step": 99, "_wandb": {"runtime": 313}}