{"accuracy": 0.13840000331401825, "val_loss": 4.693289279937744, "test_loss": 4.761664390563965, "_timestamp": 1688403279.1753006, "_runtime": 143.8632936477661, "_step": 99, "_wandb": {"runtime": 142}}