{"accuracy": 0.09959999471902847, "val_loss": 3.5220327377319336, "test_loss": 3.5512046813964844, "shapley_value_0": 3.278776824474334, "selection_0": 0, "shapley_value_1": 3.3544953485329954, "selection_1": 1, "shapley_value_2": 0, "selection_2": 0, "shapley_value_3": 3.1730195043622977, "selection_3": 0, "shapley_value_4": -0.3937439372142155, "selection_4": 0, "shapley_value_5": 1.2279195686181392, "selection_5": 0, "shapley_value_6": 0, "selection_6": 0, "shapley_value_7": -1.0821275313695278, "selection_7": 0, "shapley_value_8": 0, "selection_8": 0, "shapley_value_9": -6.5478399594624825, "selection_9": 0, "shapley_value_10": -1.7891923288504277, "selection_10": 0, "shapley_value_11": 0, "selection_11": 0, "shapley_value_12": 0, "selection_12": 0, "shapley_value_13": -4.365256190299987, "selection_13": 0, "shapley_value_14": -8.118577977021534, "selection_14": 0, "shapley_value_15": -3.4162524938583374, "selection_15": 0, "shapley_value_16": 2.3337925976397944, "selection_16": 0, "shapley_value_17": 2.1170996000068354, "selection_17": 0, "shapley_value_18": 2.8200856857829617, "selection_18": 1, "shapley_value_19": 0.3877502381801601, "selection_19": 0, "shapley_value_20": 2.5956860184669495, "selection_20": 0, "shapley_value_21": 1.4096190730730698, "selection_21": 0, "shapley_value_22": -4.744527538617451, "selection_22": 0, "shapley_value_23": 0, "selection_23": 0, "shapley_value_24": -8.191648662090303, "selection_24": 0, "shapley_value_25": -1.9678107202053075, "selection_25": 0, "shapley_value_26": -3.902981559435527, "selection_26": 0, "shapley_value_27": 3.8848795016606643, "selection_27": 0, "shapley_value_28": 1.1914632850223115, "selection_28": 1, "shapley_value_29": -4.7141441504160575, "selection_29": 0, "shapley_value_30": 0, "selection_30": 0, "shapley_value_31": 0.47101448702089677, "selection_31": 0, "shapley_value_32": 0.13581374287605286, "selection_32": 0, "shapley_value_33": 2.649993777784527, "selection_33": 0, "shapley_value_34": -4.440619885921475, "selection_34": 1, "shapley_value_35": -4.054856975873312, "selection_35": 0, "shapley_value_36": 5.379003675942569, "selection_36": 1, "shapley_value_37": 1.5465367259802647, "selection_37": 0, "shapley_value_38": 1.6703583250443141, "selection_38": 0, "shapley_value_39": 2.3677358905474346, "selection_39": 0, "shapley_value_40": -6.894032518068951, "selection_40": 0, "shapley_value_41": 1.437299241622289, "selection_41": 0, "shapley_value_42": 3.2281098188580697, "selection_42": 0, "shapley_value_43": 1.1366816262404114, "selection_43": 0, "shapley_value_44": 0.13512965043385705, "selection_44": 0, "shapley_value_45": -12.93084979057312, "selection_45": 0, "shapley_value_46": 0, "selection_46": 0, "shapley_value_47": 2.414989237984021, "selection_47": 0, "shapley_value_48": -5.512080788612366, "selection_48": 0, "shapley_value_49": 2.1698734615788315, "selection_49": 0, "_timestamp": 1688393078.8843138, "_runtime": 109.13974070549011, "_step": 99, "_wandb": {"runtime": 107}}