{"accuracy": 0.10019999742507935, "val_loss": 2.3106865882873535, "test_loss": 2.309614658355713, "_timestamp": 1687968104.98507, "_runtime": 131.2034649848938, "_step": 99, "_wandb": {"runtime": 129}}