{"loss": 0.29495057463645935, "accuracy": 0.9151999950408936, "average_active_clients": 4.0, "_timestamp": 1686668531.544178, "_runtime": 37.72372794151306, "_step": 399, "_wandb": {"runtime": 36}}