{"loss": 0.22213558852672577, "accuracy": 0.9377999901771545, "average_active_clients": 10.0, "client_values_0": -0.09917102754116058, "client_values_1": -0.05162320286035538, "client_values_2": -0.07892334461212158, "client_values_3": -0.10699354112148285, "client_values_4": -0.0639992281794548, "client_values_5": -0.09550798684358597, "client_values_6": -0.11806008219718933, "client_values_7": -0.10652291029691696, "client_values_8": -0.07006338983774185, "client_values_9": -0.07654763758182526, "client_values_10": 0.00854097492992878, "client_values_11": -0.0014369311975315213, "client_values_12": 0.002400413155555725, "client_values_13": 0.006039352156221867, "client_values_14": 0.010833540931344032, "client_values_15": 0.012905653566122055, "client_values_16": 0.012310367077589035, "client_values_17": 0.01225324533879757, "client_values_18": 0.00674861017614603, "client_values_19": 0.009889524430036545, "_timestamp": 1687259495.5655713, "_runtime": 537.8407073020935, "_step": 99, "_wandb": {"runtime": 532}}