{"accuracy": 0.9149999618530273, "val_loss": 0.3009249269962311, "test_loss": 0.2774357795715332, "_timestamp": 1687995426.047987, "_runtime": 129.76993608474731, "_step": 99, "_wandb": {"runtime": 128}}