{"loss": 0.3307412564754486, "accuracy": 0.9059999585151672, "average_active_clients": 2.909999999999999, "_timestamp": 1686668646.9143133, "_runtime": 37.56781029701233, "_step": 399, "_wandb": {"runtime": 35}}