{"accuracy": 0.9296000003814697, "val_loss": 0.25539371371269226, "test_loss": 0.23860830068588257, "shapley_value_0": 0.00035472869873046873, "selection_0": 0, "shapley_value_1": 0.003966360092163086, "selection_1": 0, "shapley_value_2": 0.06432459652423858, "selection_2": 0, "shapley_value_3": 0.004950990676879884, "selection_3": 0, "shapley_value_4": 0.0019656658172607423, "selection_4": 0, "shapley_value_5": 0.09526727616786956, "selection_5": 0, "shapley_value_6": 0.003047800064086914, "selection_6": 0, "shapley_value_7": 0.0036153602600097656, "selection_7": 0, "shapley_value_8": 0.002075614929199219, "selection_8": 0, "shapley_value_9": 0.0009212303161621091, "selection_9": 0, "shapley_value_10": 0.006676268577575683, "selection_10": 0, "shapley_value_11": 0.003921389579772949, "selection_11": 0, "shapley_value_12": 0.007746758460998535, "selection_12": 0, "shapley_value_13": 0.008224163055419922, "selection_13": 0, "shapley_value_14": 0.04759123325347901, "selection_14": 0, "shapley_value_15": 0.006744427680969238, "selection_15": 0, "shapley_value_16": 0.011399703025817871, "selection_16": 0, "shapley_value_17": 0.008422303199768062, "selection_17": 0, "shapley_value_18": 0.009317336082458496, "selection_18": 0, "shapley_value_19": 0.01038869380950928, "selection_19": 0, "shapley_value_20": 0.010843009948730468, "selection_20": 0, "shapley_value_21": 0.021753096580505372, "selection_21": 0, "shapley_value_22": 0.022401986122131342, "selection_22": 0, "shapley_value_23": 0.008219642639160156, "selection_23": 0, "shapley_value_24": 0.018871870040893555, "selection_24": 0, "shapley_value_25": 0.010196657180786132, "selection_25": 0, "shapley_value_26": 0.012482519149780274, "selection_26": 0, "shapley_value_27": 0.03390274524688721, "selection_27": 0, "shapley_value_28": 0.026400551795959473, "selection_28": 0, "shapley_value_29": 0.011137571334838867, "selection_29": 0, "shapley_value_30": 0.024687981605529784, "selection_30": 0, "shapley_value_31": 0.040056042671203614, "selection_31": 0, "shapley_value_32": -0.0001403783497057463, "selection_32": 0, "shapley_value_33": 0.02793314933776855, "selection_33": 0, "shapley_value_34": 0.013450841903686523, "selection_34": 0, "shapley_value_35": 0.023400545120239258, "selection_35": 0, "shapley_value_36": 0.022560296058654786, "selection_36": 0, "shapley_value_37": 0.04225331783294676, "selection_37": 0, "shapley_value_38": 0.0560681825876236, "selection_38": 0, "shapley_value_39": 0.027473254203796385, "selection_39": 0, "shapley_value_40": 0.03843400478363037, "selection_40": 0, "shapley_value_41": 0.014997768402099605, "selection_41": 0, "shapley_value_42": 0.01638891696929932, "selection_42": 0, "shapley_value_43": 0.18403515201807025, "selection_43": 0, "shapley_value_44": 0.21339956405885835, "selection_44": 0, "shapley_value_45": 0.15180842796961466, "selection_45": 1, "shapley_value_46": 0.014599692821502686, "selection_46": 0, "shapley_value_47": 0.04005310773849487, "selection_47": 0, "shapley_value_48": 0.09305675536394116, "selection_48": 0, "shapley_value_49": 0.2553519554321583, "selection_49": 1, "shapley_value_50": 0.22308783973372268, "selection_50": 0, "shapley_value_51": 0.2116909435391426, "selection_51": 1, "shapley_value_52": 0.2210279256105423, "selection_52": 0, "shapley_value_53": 0.12481822709242503, "selection_53": 0, "shapley_value_54": 0.22870296619440383, "selection_54": 1, "shapley_value_55": 0.20322243405712972, "selection_55": 0, "shapley_value_56": 0.012434897422790527, "selection_56": 0, "shapley_value_57": 0.19341160229841867, "selection_57": 0, "shapley_value_58": 0.15329655289649963, "selection_58": 0, "shapley_value_59": 0.23905709559062752, "selection_59": 1, "shapley_value_60": 0.12739635586738585, "selection_60": 0, "shapley_value_61": 0.2317653468960808, "selection_61": 1, "shapley_value_62": 0.2458891868591308, "selection_62": 1, "shapley_value_63": 0.19195074720816183, "selection_63": 0, "shapley_value_64": 0.20134941009680432, "selection_64": 0, "shapley_value_65": 0.21696291037144197, "selection_65": 0, "shapley_value_66": 0.11595815456227256, "selection_66": 0, "shapley_value_67": 0.19597612601060133, "selection_67": 0, "shapley_value_68": 0.2311116330997616, "selection_68": 1, "shapley_value_69": 0.2157886911784449, "selection_69": 0, "shapley_value_70": 0.16094048116888318, "selection_70": 0, "shapley_value_71": 0.1327381134033203, "selection_71": 0, "shapley_value_72": 0.23742173349857332, "selection_72": 1, "shapley_value_73": 0.08361544162034987, "selection_73": 0, "shapley_value_74": 0.09486422032117843, "selection_74": 0, "shapley_value_75": 0.18090443611145018, "selection_75": 0, "shapley_value_76": 0.18843086113532384, "selection_76": 0, "shapley_value_77": 0.18716139023120584, "selection_77": 0, "shapley_value_78": 0.09300720363855364, "selection_78": 0, "shapley_value_79": 0.07693858435279444, "selection_79": 0, "shapley_value_80": 0.18191449880599975, "selection_80": 0, "shapley_value_81": 0.17540497073105404, "selection_81": 0, "shapley_value_82": 0.2002965859104605, "selection_82": 0, "shapley_value_83": 0.19892908092588185, "selection_83": 0, "shapley_value_84": 0.19061299827965827, "selection_84": 0, "shapley_value_85": 0.18270284986495972, "selection_85": 0, "shapley_value_86": 0.22686400886015456, "selection_86": 0, "shapley_value_87": 0.1835516083240509, "selection_87": 0, "shapley_value_88": 0.20307296961545945, "selection_88": 0, "shapley_value_89": 0.1241062873915622, "selection_89": 0, "shapley_value_90": 0.20451329123863124, "selection_90": 0, "shapley_value_91": 0.18061313182115551, "selection_91": 0, "shapley_value_92": 0.16776168134063482, "selection_92": 0, "shapley_value_93": 0.10266452103853227, "selection_93": 0, "shapley_value_94": 0.20022247821092606, "selection_94": 0, "shapley_value_95": 0.22054226462657636, "selection_95": 0, "shapley_value_96": 0.21211046753106294, "selection_96": 0, "shapley_value_97": 0.028418732881546026, "selection_97": 0, "shapley_value_98": 0.21447559718427991, "selection_98": 0, "shapley_value_99": 0.21726918022632608, "selection_99": 1, "_timestamp": 1687952795.514491, "_runtime": 326.25545716285706, "_step": 99, "_wandb": {"runtime": 324}}