{"accuracy": 0.5022000074386597, "val_loss": 1.3789399862289429, "test_loss": 1.3860728740692139, "shapley_value_0": -0.8580286502838135, "selection_0": 0, "shapley_value_1": -0.6795887708663939, "selection_1": 0, "shapley_value_2": -0.6438628258528533, "selection_2": 0, "shapley_value_3": -0.6709019559802432, "selection_3": 0, "shapley_value_4": -0.746021168572562, "selection_4": 0, "shapley_value_5": -0.7635966804292467, "selection_5": 0, "shapley_value_6": -0.8375889283639412, "selection_6": 1, "shapley_value_7": -0.6682044516007105, "selection_7": 0, "shapley_value_8": -0.7875205543306137, "selection_8": 0, "shapley_value_9": -0.7225762826425058, "selection_9": 0, "shapley_value_10": -0.7402543915642634, "selection_10": 0, "shapley_value_11": -0.6696452660994097, "selection_11": 0, "shapley_value_12": -0.6904073490036858, "selection_12": 0, "shapley_value_13": -0.7440084964036944, "selection_13": 0, "shapley_value_14": -0.656163049466682, "selection_14": 0, "shapley_value_15": -0.6754467884699503, "selection_15": 0, "shapley_value_16": -0.7649164641344988, "selection_16": 0, "shapley_value_17": -0.8288817405700685, "selection_17": 0, "shapley_value_18": -0.7401011103675481, "selection_18": 0, "shapley_value_19": -0.582166936662462, "selection_19": 0, "shapley_value_20": -0.7445078646695173, "selection_20": 0, "shapley_value_21": -0.6777895324760014, "selection_21": 0, "shapley_value_22": -0.7060148517290751, "selection_22": 0, "shapley_value_23": -0.7504368269885026, "selection_23": 0, "shapley_value_24": -0.6693199939197965, "selection_24": 1, "shapley_value_25": -0.7542657114210582, "selection_25": 0, "shapley_value_26": -0.7575602928797401, "selection_26": 0, "shapley_value_27": -0.6573185703971167, "selection_27": 1, "shapley_value_28": -0.7041731061357445, "selection_28": 0, "shapley_value_29": -0.7905399203300474, "selection_29": 0, "shapley_value_30": -0.7361900385688332, "selection_30": 1, "shapley_value_31": -0.7792464603077282, "selection_31": 0, "shapley_value_32": -0.7888504178435716, "selection_32": 0, "shapley_value_33": -0.7367444793383281, "selection_33": 0, "shapley_value_34": -0.7113806853691735, "selection_34": 0, "shapley_value_35": -0.8461604250801932, "selection_35": 0, "shapley_value_36": -0.7678103678756293, "selection_36": 0, "shapley_value_37": -0.579174353962853, "selection_37": 0, "shapley_value_38": -0.6738031109174092, "selection_38": 0, "shapley_value_39": -0.7474559148152671, "selection_39": 0, "_timestamp": 1688031549.467964, "_runtime": 95.91393899917603, "_step": 99, "_wandb": {"runtime": 94}}