{"accuracy": 0.8333833813667297, "val_loss": 0.5108590126037598, "test_loss": 0.5101848244667053, "_timestamp": 1687987264.6419787, "_runtime": 76.01197576522827, "_step": 99, "_wandb": {"runtime": 74}}