{"loss": 0.5646703839302063, "accuracy": 0.821399986743927, "average_active_clients": 5.585000000000003, "_timestamp": 1686666321.5665426, "_runtime": 26.029602527618408, "_step": 399, "_wandb": {"runtime": 24}}