{"accuracy": 0.8671268224716187, "val_loss": 0.41898083686828613, "test_loss": 0.417473703622818, "shapley_value_0": -1.4644618564181857, "selection_0": 0, "shapley_value_1": -1.389572170647708, "selection_1": 0, "shapley_value_2": -1.3089105958739913, "selection_2": 0, "shapley_value_3": -1.3661524876952171, "selection_3": 0, "shapley_value_4": -1.3952592421661725, "selection_4": 0, "shapley_value_5": -1.378462633400252, "selection_5": 0, "shapley_value_6": -1.3958361022400132, "selection_6": 0, "shapley_value_7": -1.3778165429830547, "selection_7": 0, "shapley_value_8": -1.374856560594506, "selection_8": 1, "shapley_value_9": -1.3667822761668098, "selection_9": 0, "shapley_value_10": -1.4734848318276579, "selection_10": 0, "shapley_value_11": -1.5037198352317014, "selection_11": 0, "shapley_value_12": -1.397873538010048, "selection_12": 0, "shapley_value_13": -1.4505482504765195, "selection_13": 1, "shapley_value_14": -1.4001198162635167, "selection_14": 0, "shapley_value_15": -1.461626198556688, "selection_15": 0, "shapley_value_16": -1.4569742915531, "selection_16": 0, "shapley_value_17": -1.3800289978583653, "selection_17": 0, "shapley_value_18": -1.4926804293085025, "selection_18": 1, "shapley_value_19": -1.4475490927696228, "selection_19": 1, "shapley_value_20": -1.3305635270145206, "selection_20": 0, "shapley_value_21": -1.4630709754096134, "selection_21": 0, "shapley_value_22": -1.4168626964092255, "selection_22": 0, "shapley_value_23": -1.2557636903391947, "selection_23": 0, "shapley_value_24": -1.4655375326121294, "selection_24": 0, "shapley_value_25": -1.5257996618747711, "selection_25": 0, "shapley_value_26": -1.5209332165263947, "selection_26": 0, "shapley_value_27": -1.2861159486430032, "selection_27": 0, "shapley_value_28": -1.3295951684315999, "selection_28": 0, "shapley_value_29": -1.572320526554471, "selection_29": 0, "shapley_value_30": -1.5291867194076378, "selection_30": 0, "shapley_value_31": -1.5249488241970541, "selection_31": 0, "shapley_value_32": -1.2478831205517058, "selection_32": 0, "shapley_value_33": -1.462704001615445, "selection_33": 0, "shapley_value_34": -1.445586331464626, "selection_34": 0, "shapley_value_35": -1.5745621522267659, "selection_35": 0, "shapley_value_36": -1.4326199332873029, "selection_36": 0, "shapley_value_37": -1.5084571304420624, "selection_37": 0, "shapley_value_38": -1.4595751552670089, "selection_38": 0, "shapley_value_39": -1.4181790153185525, "selection_39": 0, "_timestamp": 1687984529.9640198, "_runtime": 82.5112407207489, "_step": 99, "_wandb": {"runtime": 80}}