{"accuracy": 0.9312000274658203, "val_loss": 0.20920370519161224, "test_loss": 0.23873545229434967, "shapley_value_0": -1.8282904348203117, "selection_0": 0, "shapley_value_1": -1.8310483396053314, "selection_1": 1, "shapley_value_2": -1.824113773611875, "selection_2": 0, "shapley_value_3": -1.8142955456024565, "selection_3": 0, "shapley_value_4": -1.828596205665515, "selection_4": 0, "shapley_value_5": -1.8326123211628353, "selection_5": 0, "shapley_value_6": -1.8248141228388515, "selection_6": 0, "shapley_value_7": -1.830114957231742, "selection_7": 0, "shapley_value_8": -1.831626989902594, "selection_8": 0, "shapley_value_9": -1.8165449909865854, "selection_9": 0, "shapley_value_10": -1.8237150154179995, "selection_10": 0, "shapley_value_11": -1.8277038025359313, "selection_11": 0, "shapley_value_12": -1.8202759808663165, "selection_12": 0, "shapley_value_13": -1.8412665232188175, "selection_13": 1, "shapley_value_14": -1.8376970862348871, "selection_14": 0, "shapley_value_15": -1.8401158178846042, "selection_15": 1, "shapley_value_16": -1.8429982567375356, "selection_16": 0, "shapley_value_17": -1.8435809156208327, "selection_17": 0, "shapley_value_18": -1.8308307049852426, "selection_18": 0, "shapley_value_19": -1.8449554140820645, "selection_19": 1, "shapley_value_20": -1.8438675398627917, "selection_20": 0, "shapley_value_21": -1.8425031075874965, "selection_21": 0, "shapley_value_22": -1.8499788845578826, "selection_22": 0, "shapley_value_23": -1.8404737363258998, "selection_23": 0, "shapley_value_24": -1.8517568641238746, "selection_24": 0, "shapley_value_25": -1.8470091720422108, "selection_25": 0, "shapley_value_26": -1.8514188362492456, "selection_26": 0, "shapley_value_27": -1.855159928953206, "selection_27": 0, "shapley_value_28": -1.8389189995470498, "selection_28": 0, "shapley_value_29": -1.8509048727296644, "selection_29": 0, "shapley_value_30": -1.831234891657476, "selection_30": 0, "shapley_value_31": -1.8418904926095685, "selection_31": 0, "shapley_value_32": -1.8569155799018011, "selection_32": 0, "shapley_value_33": -1.8707467648718097, "selection_33": 0, "shapley_value_34": -1.840002182250222, "selection_34": 0, "shapley_value_35": -1.859980360501342, "selection_35": 0, "shapley_value_36": -1.8363319174164818, "selection_36": 0, "shapley_value_37": -1.878259853521983, "selection_37": 0, "shapley_value_38": -1.871337354183197, "selection_38": 0, "shapley_value_39": -1.8843385765949883, "selection_39": 0, "_timestamp": 1687992075.7571974, "_runtime": 424.0898804664612, "_step": 99, "_wandb": {"runtime": 422}}