{"accuracy": 0.9307999610900879, "val_loss": 0.25613582134246826, "test_loss": 0.24419187009334564, "shapley_value_0": 0.0010323303937911986, "selection_0": 0, "shapley_value_1": 0.001749749183654785, "selection_1": 0, "shapley_value_2": -8.39107914974815e-05, "selection_2": 0, "shapley_value_3": 0.0018357038497924805, "selection_3": 0, "shapley_value_4": 0.0008130979537963865, "selection_4": 0, "shapley_value_5": 0.000578923225402832, "selection_5": 0, "shapley_value_6": 0.0015485048294067382, "selection_6": 0, "shapley_value_7": 0.00036085128784179687, "selection_7": 0, "shapley_value_8": 0.0008972835540771483, "selection_8": 0, "shapley_value_9": 0.00046846389770507826, "selection_9": 0, "shapley_value_10": 0.005886311531066895, "selection_10": 0, "shapley_value_11": 0.0024521255493164073, "selection_11": 0, "shapley_value_12": 0.005874347686767578, "selection_12": 0, "shapley_value_13": 0.05935934662818908, "selection_13": 0, "shapley_value_14": 0.003260645866394043, "selection_14": 0, "shapley_value_15": 0.0029735565185546875, "selection_15": 0, "shapley_value_16": 0.0013500499725341798, "selection_16": 0, "shapley_value_17": 0.004603552818298337, "selection_17": 0, "shapley_value_18": 0.006055407524108887, "selection_18": 0, "shapley_value_19": 0.0035324001312255857, "selection_19": 0, "shapley_value_20": -2.9206275939941406e-06, "selection_20": 0, "shapley_value_21": 0.008113636970520019, "selection_21": 0, "shapley_value_22": 0.014788699150085452, "selection_22": 0, "shapley_value_23": 0.006292643547058107, "selection_23": 0, "shapley_value_24": 0.004805459976196289, "selection_24": 0, "shapley_value_25": 0.003194723129272461, "selection_25": 0, "shapley_value_26": -0.00014967667429070724, "selection_26": 0, "shapley_value_27": 0.0744393104314804, "selection_27": 0, "shapley_value_28": 0.010404143333435058, "selection_28": 0, "shapley_value_29": 0.00870981216430664, "selection_29": 0, "shapley_value_30": 0.010812029838562016, "selection_30": 0, "shapley_value_31": 0.011823954582214356, "selection_31": 0, "shapley_value_32": 0.013620514869689938, "selection_32": 0, "shapley_value_33": 0.018755755424499514, "selection_33": 0, "shapley_value_34": 0.018093576431274416, "selection_34": 0, "shapley_value_35": 0.05645533382892609, "selection_35": 0, "shapley_value_36": 0.022529654502868653, "selection_36": 0, "shapley_value_37": 0.011463117599487305, "selection_37": 0, "shapley_value_38": 0.018994383811950687, "selection_38": 0, "shapley_value_39": 0.02722456932067871, "selection_39": 0, "shapley_value_40": 0.03284751892089845, "selection_40": 0, "shapley_value_41": 0.21998567552277543, "selection_41": 1, "shapley_value_42": 0.027809925079345703, "selection_42": 0, "shapley_value_43": 0.03322403907775879, "selection_43": 0, "shapley_value_44": 0.017994461059570314, "selection_44": 0, "shapley_value_45": 0.034103021621704095, "selection_45": 0, "shapley_value_46": 0.231259187921401, "selection_46": 1, "shapley_value_47": 0.24332239151000976, "selection_47": 1, "shapley_value_48": 0.023632936477661123, "selection_48": 0, "shapley_value_49": 0.02872060775756836, "selection_49": 0, "shapley_value_50": 0.19157290798776289, "selection_50": 0, "shapley_value_51": 0.21134036873068127, "selection_51": 0, "shapley_value_52": 0.18048465232054398, "selection_52": 0, "shapley_value_53": 0.007882437705993652, "selection_53": 0, "shapley_value_54": 0.18177317765023973, "selection_54": 1, "shapley_value_55": 0.2337479939369055, "selection_55": 1, "shapley_value_56": -7.382192109760486e-05, "selection_56": 0, "shapley_value_57": 0.03180586814880371, "selection_57": 0, "shapley_value_58": 0.08633220255374909, "selection_58": 0, "shapley_value_59": 0.17104110503196718, "selection_59": 0, "shapley_value_60": 0.0885144406557083, "selection_60": 0, "shapley_value_61": 0.22245200335979465, "selection_61": 1, "shapley_value_62": 0.2019386045480597, "selection_62": 0, "shapley_value_63": 0.15079413941928316, "selection_63": 0, "shapley_value_64": 0.1977981852975331, "selection_64": 0, "shapley_value_65": 0.23879934309951725, "selection_65": 1, "shapley_value_66": 0.17205303410689035, "selection_66": 0, "shapley_value_67": 0.12455224215984345, "selection_67": 0, "shapley_value_68": 0.09676309287548066, "selection_68": 0, "shapley_value_69": 0.2270840734243393, "selection_69": 1, "shapley_value_70": 0.09650285303592682, "selection_70": 0, "shapley_value_71": 0.1912005462646485, "selection_71": 0, "shapley_value_72": 0.22267832975108906, "selection_72": 0, "shapley_value_73": 0.21358238917021527, "selection_73": 0, "shapley_value_74": 0.1915945765261064, "selection_74": 0, "shapley_value_75": 0.08443695664405823, "selection_75": 0, "shapley_value_76": 0.08256441712379456, "selection_76": 0, "shapley_value_77": 0.17118601030773586, "selection_77": 0, "shapley_value_78": 0.14710072445869443, "selection_78": 0, "shapley_value_79": 0.21319066623846689, "selection_79": 0, "shapley_value_80": 0.07958145737648009, "selection_80": 0, "shapley_value_81": 0.22088265964100434, "selection_81": 0, "shapley_value_82": 0.13036596185910074, "selection_82": 0, "shapley_value_83": 0.20519165506362916, "selection_83": 0, "shapley_value_84": 0.17989781176050504, "selection_84": 0, "shapley_value_85": 0.11740219712257387, "selection_85": 0, "shapley_value_86": 0.20344209119125647, "selection_86": 0, "shapley_value_87": 0.1958718107640743, "selection_87": 0, "shapley_value_88": 0.1771556973457336, "selection_88": 0, "shapley_value_89": 0.22649544711840355, "selection_89": 1, "shapley_value_90": 0.17442144327693515, "selection_90": 0, "shapley_value_91": 0.20073670392944695, "selection_91": 0, "shapley_value_92": 0.16434558376669883, "selection_92": 0, "shapley_value_93": -0.0017833396008140163, "selection_93": 0, "shapley_value_94": 0.21847620964050293, "selection_94": 1, "shapley_value_95": 0.16864736960993873, "selection_95": 0, "shapley_value_96": 0.1681380861252546, "selection_96": 0, "shapley_value_97": 0.1899657986685634, "selection_97": 0, "shapley_value_98": 0.11435724139213561, "selection_98": 0, "shapley_value_99": 0.18523066232601804, "selection_99": 0, "_timestamp": 1687911841.1164477, "_runtime": 316.7574815750122, "_step": 99, "_wandb": {"runtime": 315}}