{"accuracy": 0.9161999821662903, "val_loss": 0.2893263101577759, "test_loss": 0.2761211395263672, "shapley_value_0": -1.8622369418541591, "selection_0": 0, "shapley_value_1": -1.3895062795943682, "selection_1": 0, "shapley_value_2": -2.035737742980321, "selection_2": 0, "shapley_value_3": -1.9269131695230801, "selection_3": 0, "shapley_value_4": -2.050434675481584, "selection_4": 0, "shapley_value_5": -1.9808461529513197, "selection_5": 0, "shapley_value_6": -1.9988542372981706, "selection_6": 0, "shapley_value_7": -1.9167152990897496, "selection_7": 0, "shapley_value_8": -1.7776814301808674, "selection_8": 0, "shapley_value_9": -1.7477184968690083, "selection_9": 0, "shapley_value_10": -1.9211300753411797, "selection_10": 0, "shapley_value_11": -1.863146256517481, "selection_11": 1, "shapley_value_12": -1.688056087210065, "selection_12": 0, "shapley_value_13": -1.8784978886445363, "selection_13": 1, "shapley_value_14": -1.8127593894799547, "selection_14": 0, "shapley_value_15": -1.617339216527485, "selection_15": 0, "shapley_value_16": -1.7327381791891878, "selection_16": 0, "shapley_value_17": -1.9244605534606507, "selection_17": 0, "shapley_value_18": -1.8765723888690655, "selection_18": 0, "shapley_value_19": -1.8874928580992154, "selection_19": 0, "shapley_value_20": -1.7189202188026336, "selection_20": 0, "shapley_value_21": -1.3967100462565818, "selection_21": 0, "shapley_value_22": -1.726043336258994, "selection_22": 0, "shapley_value_23": -1.7216863643240048, "selection_23": 0, "shapley_value_24": -1.636720628449411, "selection_24": 0, "shapley_value_25": -1.9279518304047762, "selection_25": 0, "shapley_value_26": -2.098642203211784, "selection_26": 0, "shapley_value_27": -1.7410591768495964, "selection_27": 0, "shapley_value_28": -1.6960211868087451, "selection_28": 0, "shapley_value_29": -2.045443326234818, "selection_29": 0, "shapley_value_30": -1.5338120087981224, "selection_30": 1, "shapley_value_31": -2.006292574107647, "selection_31": 0, "shapley_value_32": -1.5006732903420927, "selection_32": 0, "shapley_value_33": -1.699558125092433, "selection_33": 0, "shapley_value_34": -1.814510554075241, "selection_34": 0, "shapley_value_35": -1.9113539861781255, "selection_35": 1, "shapley_value_36": -2.024637736876806, "selection_36": 0, "shapley_value_37": -1.744130051798291, "selection_37": 0, "shapley_value_38": -1.5165261812508104, "selection_38": 0, "shapley_value_39": -1.8793208797772727, "selection_39": 0, "_timestamp": 1687991715.9422638, "_runtime": 85.97941493988037, "_step": 99, "_wandb": {"runtime": 84}}