{"accuracy": 0.10239999741315842, "val_loss": 5.795482635498047, "test_loss": 5.802231311798096, "shapley_value_0": 1.9311390055550472, "selection_0": 0, "shapley_value_1": 1.7053428540627162, "selection_1": 0, "shapley_value_2": 6.503715614477793, "selection_2": 0, "shapley_value_3": 4.801453782263256, "selection_3": 1, "shapley_value_4": -7.001454512278238, "selection_4": 0, "shapley_value_5": 1.4529863559838496, "selection_5": 0, "shapley_value_6": -7.021668940782546, "selection_6": 0, "shapley_value_7": -0.43372782071431476, "selection_7": 0, "shapley_value_8": 4.866595477053203, "selection_8": 1, "shapley_value_9": -2.4735767543315887, "selection_9": 0, "shapley_value_10": -0.4270630776882173, "selection_10": 0, "shapley_value_11": 0.9537298778692889, "selection_11": 0, "shapley_value_12": -3.9283942646450467, "selection_12": 0, "shapley_value_13": -1.2340924739837653, "selection_13": 0, "shapley_value_14": -5.989475081364313, "selection_14": 0, "shapley_value_15": 0.19872015714645475, "selection_15": 0, "shapley_value_16": 1.6371297736962636, "selection_16": 0, "shapley_value_17": 5.171525200208029, "selection_17": 0, "shapley_value_18": 4.74672071139018, "selection_18": 1, "shapley_value_19": -3.954502767986723, "selection_19": 0, "shapley_value_20": -0.5584339471090412, "selection_20": 0, "shapley_value_21": -1.4106111427148182, "selection_21": 0, "shapley_value_22": 0.2104340990384408, "selection_22": 0, "shapley_value_23": -5.484473784764608, "selection_23": 0, "shapley_value_24": -5.511113901933032, "selection_24": 0, "shapley_value_25": -8.870436966419216, "selection_25": 0, "shapley_value_26": -6.060908761289386, "selection_26": 0, "shapley_value_27": -1.0385941465695703, "selection_27": 0, "shapley_value_28": 1.351546227931977, "selection_28": 0, "shapley_value_29": 0.927857547998429, "selection_29": 0, "shapley_value_30": 1.366509405771891, "selection_30": 0, "shapley_value_31": -0.648898214101792, "selection_31": 0, "shapley_value_32": 5.869365870952606, "selection_32": 0, "shapley_value_33": 4.647262468934059, "selection_33": 0, "shapley_value_34": -1.8269404371579496, "selection_34": 0, "shapley_value_35": -3.422675609588623, "selection_35": 0, "shapley_value_36": 0, "selection_36": 0, "shapley_value_37": 0.6476326253679066, "selection_37": 0, "shapley_value_38": 6.244546711444855, "selection_38": 0, "shapley_value_39": 2.07884912751615, "selection_39": 0, "shapley_value_40": 3.5720879117647812, "selection_40": 0, "shapley_value_41": -2.3906335711479185, "selection_41": 0, "shapley_value_42": 4.898348224163056, "selection_42": 1, "shapley_value_43": 0.14495163162549332, "selection_43": 0, "shapley_value_44": -5.179444789886476, "selection_44": 0, "shapley_value_45": -7.794049511353175, "selection_45": 0, "shapley_value_46": 5.173432101374086, "selection_46": 1, "shapley_value_47": 0.008994507292906961, "selection_47": 0, "shapley_value_48": -2.5657145977020273, "selection_48": 0, "shapley_value_49": -0.18571895360946744, "selection_49": 0, "_timestamp": 1688396345.0155637, "_runtime": 115.39732360839844, "_step": 99, "_wandb": {"runtime": 113}}