{"accuracy": 0.9373999834060669, "val_loss": 0.23558205366134644, "test_loss": 0.21977344155311584, "shapley_value_0": 0.23284854848276487, "selection_0": 0, "shapley_value_1": 0.20063198620080946, "selection_1": 0, "shapley_value_2": 0.16469817335893905, "selection_2": 0, "shapley_value_3": 0.23510545335032723, "selection_3": 0, "shapley_value_4": 0.17266561376827735, "selection_4": 0, "shapley_value_5": 0.17308836895384289, "selection_5": 1, "shapley_value_6": 0.19178182622790335, "selection_6": 0, "shapley_value_7": 0.20442373594641686, "selection_7": 0, "shapley_value_8": 0.21263172155618668, "selection_8": 0, "shapley_value_9": 0.22886396082964808, "selection_9": 0, "shapley_value_10": 0.150125463936064, "selection_10": 0, "shapley_value_11": 0.208726986181793, "selection_11": 1, "shapley_value_12": 0.24545069074944442, "selection_12": 0, "shapley_value_13": 0.21687627177346835, "selection_13": 0, "shapley_value_14": 0.2097314876616001, "selection_14": 1, "shapley_value_15": 0.2159786870777607, "selection_15": 0, "shapley_value_16": 0.21457412652719404, "selection_16": 0, "shapley_value_17": 0.16856794858710808, "selection_17": 0, "shapley_value_18": 0.21281781626218246, "selection_18": 0, "shapley_value_19": 0.1639905434045178, "selection_19": 0, "shapley_value_20": 0.1965362230539322, "selection_20": 0, "shapley_value_21": 0.19983383703231813, "selection_21": 0, "shapley_value_22": 0.2057535698711872, "selection_22": 0, "shapley_value_23": 0.1703127915991677, "selection_23": 0, "shapley_value_24": 0.15810985469155842, "selection_24": 0, "shapley_value_25": 0.17896002961529628, "selection_25": 0, "shapley_value_26": 0.17509507967366114, "selection_26": 0, "shapley_value_27": 0.20559950913253583, "selection_27": 0, "shapley_value_28": 0.2317988427389752, "selection_28": 0, "shapley_value_29": 0.2476977349953218, "selection_29": 0, "shapley_value_30": 0.2451985361088406, "selection_30": 0, "shapley_value_31": 0.17949622330069542, "selection_31": 1, "shapley_value_32": 0.21094495153427126, "selection_32": 0, "shapley_value_33": 0.20816947337985034, "selection_33": 0, "shapley_value_34": 0.23625857689306498, "selection_34": 0, "shapley_value_35": 0.21628773561120038, "selection_35": 0, "shapley_value_36": 0.2145455000346357, "selection_36": 0, "shapley_value_37": 0.16177359120713342, "selection_37": 0, "shapley_value_38": 0.208485449641943, "selection_38": 0, "shapley_value_39": 0.1979912770688534, "selection_39": 0, "shapley_value_40": 0.17187010241879352, "selection_40": 0, "shapley_value_41": 0.20186342988516154, "selection_41": 0, "shapley_value_42": 0.2032271595001221, "selection_42": 0, "shapley_value_43": 0.1965602842271328, "selection_43": 0, "shapley_value_44": 0.16088381939464147, "selection_44": 0, "shapley_value_45": 0.23030853599309917, "selection_45": 0, "shapley_value_46": 0.20814068335294725, "selection_46": 0, "shapley_value_47": 0.17573167072402107, "selection_47": 0, "shapley_value_48": 0.17296587669187122, "selection_48": 0, "shapley_value_49": 0.18175452288985255, "selection_49": 0, "shapley_value_50": 0.2141883046329022, "selection_50": 0, "shapley_value_51": 0.15940067161070673, "selection_51": 0, "shapley_value_52": 0.21218466117978094, "selection_52": 0, "shapley_value_53": 0.1854915473461151, "selection_53": 1, "shapley_value_54": 0.22559465614232146, "selection_54": 0, "shapley_value_55": 0.21227814844250678, "selection_55": 0, "shapley_value_56": 0.15863247685439402, "selection_56": 0, "shapley_value_57": 0.22843196332454677, "selection_57": 0, "shapley_value_58": 0.12977038949728012, "selection_58": 0, "shapley_value_59": 0.2157320891727101, "selection_59": 0, "shapley_value_60": 0.22036592293869364, "selection_60": 1, "shapley_value_61": 0.19006829142570494, "selection_61": 0, "shapley_value_62": 0.15805719061030285, "selection_62": 0, "shapley_value_63": 0.21203986969590188, "selection_63": 0, "shapley_value_64": 0.174570635524061, "selection_64": 0, "shapley_value_65": 0.1975239324867725, "selection_65": 0, "shapley_value_66": 0.1727620256818526, "selection_66": 0, "shapley_value_67": 0.18026968694395487, "selection_67": 0, "shapley_value_68": 0.1999730176221817, "selection_68": 0, "shapley_value_69": 0.19941641849279407, "selection_69": 0, "shapley_value_70": 0.20501313287019732, "selection_70": 0, "shapley_value_71": 0.18045189727119537, "selection_71": 0, "shapley_value_72": 0.21904557756402276, "selection_72": 1, "shapley_value_73": 0.18099825677275655, "selection_73": 1, "shapley_value_74": 0.23052020026878878, "selection_74": 0, "shapley_value_75": 0.24490649188106708, "selection_75": 0, "shapley_value_76": 0.19096012642979623, "selection_76": 0, "shapley_value_77": 0.2013760587275028, "selection_77": 0, "shapley_value_78": 0.19652562435520324, "selection_78": 1, "shapley_value_79": 0.19449146124720576, "selection_79": 0, "shapley_value_80": 0.24723332028497344, "selection_80": 0, "shapley_value_81": 0.2233088889447126, "selection_81": 0, "shapley_value_82": 0.19854732847213744, "selection_82": 0, "shapley_value_83": 0.21320999774336813, "selection_83": 0, "shapley_value_84": 0.2354082093184644, "selection_84": 0, "shapley_value_85": 0.21352605676651, "selection_85": 0, "shapley_value_86": 0.2121204545497894, "selection_86": 0, "shapley_value_87": 0.18389827862381933, "selection_87": 0, "shapley_value_88": 0.2434721823984926, "selection_88": 0, "shapley_value_89": 0.16340177804231645, "selection_89": 0, "shapley_value_90": 0.2142557812333107, "selection_90": 0, "shapley_value_91": 0.19079509767889977, "selection_91": 0, "shapley_value_92": 0.19312843170762062, "selection_92": 1, "shapley_value_93": 0.20422186583280566, "selection_93": 0, "shapley_value_94": 0.1966386359035969, "selection_94": 0, "shapley_value_95": 0.1980227202129992, "selection_95": 0, "shapley_value_96": 0.2113297601342201, "selection_96": 0, "shapley_value_97": 0.19287077756931906, "selection_97": 0, "shapley_value_98": 0.24058642823587764, "selection_98": 0, "shapley_value_99": 0.2049391850531101, "selection_99": 0, "_timestamp": 1687954119.5226252, "_runtime": 321.54492712020874, "_step": 99, "_wandb": {"runtime": 319}}