{"accuracy": 0.8198126554489136, "val_loss": 0.558693528175354, "test_loss": 0.5550552606582642, "_timestamp": 1687987508.1666532, "_runtime": 77.86958312988281, "_step": 99, "_wandb": {"runtime": 76}}