{"accuracy": 0.9381999969482422, "val_loss": 0.2335042506456375, "test_loss": 0.20973289012908936, "shapley_value_0": 0.21883798450231556, "selection_0": 1, "shapley_value_1": 0.2038823031783104, "selection_1": 0, "shapley_value_2": 0.23660658828236844, "selection_2": 0, "shapley_value_3": 0.2411897274580869, "selection_3": 0, "shapley_value_4": 0.17459891200065616, "selection_4": 1, "shapley_value_5": 0.17721681633591652, "selection_5": 0, "shapley_value_6": 0.2159468041062355, "selection_6": 0, "shapley_value_7": 0.2183595092594624, "selection_7": 0, "shapley_value_8": 0.19541887855529785, "selection_8": 0, "shapley_value_9": 0.18277755925059322, "selection_9": 1, "shapley_value_10": 0.2092031159726056, "selection_10": 1, "shapley_value_11": 0.2699175803363323, "selection_11": 0, "shapley_value_12": 0.2279928988760168, "selection_12": 0, "shapley_value_13": 0.2225385163047097, "selection_13": 0, "shapley_value_14": 0.12954753249491516, "selection_14": 0, "shapley_value_15": 0.20660318100452418, "selection_15": 0, "shapley_value_16": 0.17329102616735365, "selection_16": 0, "shapley_value_17": 0.20717208328843117, "selection_17": 0, "shapley_value_18": 0.160592095653216, "selection_18": 0, "shapley_value_19": 0.15953729791773688, "selection_19": 0, "shapley_value_20": 0.20035322353243828, "selection_20": 0, "shapley_value_21": 0.17661885900629892, "selection_21": 0, "shapley_value_22": 0.1803375338183509, "selection_22": 0, "shapley_value_23": 0.18168652799394394, "selection_23": 0, "shapley_value_24": 0.21982775498520243, "selection_24": 0, "shapley_value_25": 0.2491091493584893, "selection_25": 0, "shapley_value_26": 0.15089870504817068, "selection_26": 0, "shapley_value_27": 0.19693663191638497, "selection_27": 1, "shapley_value_28": 0.22649983484351466, "selection_28": 0, "shapley_value_29": 0.15080822699599797, "selection_29": 0, "shapley_value_30": 0.2305910431796854, "selection_30": 0, "shapley_value_31": 0.18051231430636513, "selection_31": 0, "shapley_value_32": 0.17413536780410344, "selection_32": 0, "shapley_value_33": 0.22600400258194317, "selection_33": 0, "shapley_value_34": 0.13432708013802766, "selection_34": 0, "shapley_value_35": 0.1808572187357479, "selection_35": 0, "shapley_value_36": 0.2229991686073217, "selection_36": 0, "shapley_value_37": 0.21483908408880237, "selection_37": 0, "shapley_value_38": 0.18671854811906816, "selection_38": 0, "shapley_value_39": 0.2153490547835827, "selection_39": 0, "shapley_value_40": 0.1667854861087269, "selection_40": 0, "shapley_value_41": 0.2164965632259846, "selection_41": 0, "shapley_value_42": 0.177323921918869, "selection_42": 0, "shapley_value_43": 0.2225892970778725, "selection_43": 0, "shapley_value_44": 0.22805431528524914, "selection_44": 0, "shapley_value_45": 0.16129036224550675, "selection_45": 1, "shapley_value_46": 0.20638592467966835, "selection_46": 0, "shapley_value_47": 0.19175446504354474, "selection_47": 0, "shapley_value_48": 0.2150926415622234, "selection_48": 0, "shapley_value_49": 0.18187854310870172, "selection_49": 0, "shapley_value_50": 0.20773900082707403, "selection_50": 0, "shapley_value_51": 0.22653229903091088, "selection_51": 0, "shapley_value_52": 0.23490660130977634, "selection_52": 0, "shapley_value_53": 0.18833650740981103, "selection_53": 0, "shapley_value_54": 0.19929929265379903, "selection_54": 0, "shapley_value_55": 0.20231484165787691, "selection_55": 0, "shapley_value_56": 0.21614738070793701, "selection_56": 1, "shapley_value_57": 0.16240110188722612, "selection_57": 0, "shapley_value_58": 0.21447587299346926, "selection_58": 0, "shapley_value_59": 0.2541997335851192, "selection_59": 0, "shapley_value_60": 0.2090067559182644, "selection_60": 0, "shapley_value_61": 0.17475461201535333, "selection_61": 0, "shapley_value_62": 0.17840396940708161, "selection_62": 0, "shapley_value_63": 0.1632298513915804, "selection_63": 0, "shapley_value_64": 0.18051165338845276, "selection_64": 0, "shapley_value_65": 0.1496250158217218, "selection_65": 0, "shapley_value_66": 0.22426303657618432, "selection_66": 1, "shapley_value_67": 0.1896491286158562, "selection_67": 1, "shapley_value_68": 0.2189341164718975, "selection_68": 0, "shapley_value_69": 0.15718496054410933, "selection_69": 0, "shapley_value_70": 0.21314337855577467, "selection_70": 0, "shapley_value_71": 0.24372029868039216, "selection_71": 0, "shapley_value_72": 0.18160842176940706, "selection_72": 0, "shapley_value_73": 0.15075921197732287, "selection_73": 0, "shapley_value_74": 0.19361333914022696, "selection_74": 1, "shapley_value_75": 0.1739505319462882, "selection_75": 0, "shapley_value_76": 0.18076510151227318, "selection_76": 0, "shapley_value_77": 0.23683617925244652, "selection_77": 0, "shapley_value_78": 0.2111175065934658, "selection_78": 0, "shapley_value_79": 0.2251907850395549, "selection_79": 0, "shapley_value_80": 0.2109295687973499, "selection_80": 0, "shapley_value_81": 0.2256376258351586, "selection_81": 0, "shapley_value_82": 0.21584504273533817, "selection_82": 0, "shapley_value_83": 0.12329008473769615, "selection_83": 0, "shapley_value_84": 0.2039206723570824, "selection_84": 0, "shapley_value_85": 0.23938509786670858, "selection_85": 0, "shapley_value_86": 0.167556828988923, "selection_86": 0, "shapley_value_87": 0.2606761852651835, "selection_87": 0, "shapley_value_88": 0.2688502211123705, "selection_88": 0, "shapley_value_89": 0.20797210371494296, "selection_89": 0, "shapley_value_90": 0.21214887326955795, "selection_90": 0, "shapley_value_91": 0.22768236542289905, "selection_91": 0, "shapley_value_92": 0.15840834707021711, "selection_92": 0, "shapley_value_93": 0.17772403554783928, "selection_93": 0, "shapley_value_94": 0.21577819594740869, "selection_94": 0, "shapley_value_95": 0.17393755283620618, "selection_95": 0, "shapley_value_96": 0.21282327023419467, "selection_96": 0, "shapley_value_97": 0.17486349791288378, "selection_97": 0, "shapley_value_98": 0.2373603289777582, "selection_98": 0, "shapley_value_99": 0.2235520961880684, "selection_99": 0, "_timestamp": 1687914681.8171349, "_runtime": 314.5927608013153, "_step": 99, "_wandb": {"runtime": 313}}