{"accuracy": 0.15399999916553497, "val_loss": 2.99873948097229, "test_loss": 3.0611751079559326, "_timestamp": 1688397321.2428603, "_runtime": 97.2410192489624, "_step": 99, "_wandb": {"runtime": 95}}