{"accuracy": 0.9273999929428101, "val_loss": 0.2698245346546173, "test_loss": 0.25528275966644287, "shapley_value_0": 0.0018342208862304685, "selection_0": 0, "shapley_value_1": 0.0003900003433227539, "selection_1": 0, "shapley_value_2": 0.0008148956298828125, "selection_2": 0, "shapley_value_3": 0.0010274982452392579, "selection_3": 0, "shapley_value_4": 0.0015163230895996094, "selection_4": 0, "shapley_value_5": 0.0019573211669921876, "selection_5": 0, "shapley_value_6": 0.0008694171905517578, "selection_6": 0, "shapley_value_7": 0.0024619150161743156, "selection_7": 0, "shapley_value_8": 0.001095166206359863, "selection_8": 0, "shapley_value_9": 0.0008703374862670899, "selection_9": 0, "shapley_value_10": 0.1617146659748895, "selection_10": 0, "shapley_value_11": 0.008369579315185545, "selection_11": 0, "shapley_value_12": 0.00521087646484375, "selection_12": 0, "shapley_value_13": 0.0024808835983276367, "selection_13": 0, "shapley_value_14": 0.003977828025817871, "selection_14": 0, "shapley_value_15": 0.005828113555908203, "selection_15": 0, "shapley_value_16": 0.002803854942321777, "selection_16": 0, "shapley_value_17": 0.15199429878166743, "selection_17": 0, "shapley_value_18": 0.004615654945373536, "selection_18": 0, "shapley_value_19": 0.002835674285888672, "selection_19": 0, "shapley_value_20": 0.17850093764066693, "selection_20": 0, "shapley_value_21": 0.012611861228942872, "selection_21": 0, "shapley_value_22": 0.011713552474975585, "selection_22": 0, "shapley_value_23": 0.014034738540649414, "selection_23": 0, "shapley_value_24": 0.014068665504455567, "selection_24": 0, "shapley_value_25": 0.00786280632019043, "selection_25": 0, "shapley_value_26": 0.017973380088806147, "selection_26": 0, "shapley_value_27": 0.007409648895263674, "selection_27": 0, "shapley_value_28": 0.00897736549377442, "selection_28": 0, "shapley_value_29": 0.00723651885986328, "selection_29": 0, "shapley_value_30": 0.027165536880493155, "selection_30": 0, "shapley_value_31": 0.07829220265150072, "selection_31": 0, "shapley_value_32": 0.019055037498474127, "selection_32": 0, "shapley_value_33": 0.024214153289794923, "selection_33": 0, "shapley_value_34": 0.01007643222808838, "selection_34": 0, "shapley_value_35": 0.019446253776550293, "selection_35": 0, "shapley_value_36": 0.028282294273376463, "selection_36": 0, "shapley_value_37": 0.011647500991821286, "selection_37": 0, "shapley_value_38": -0.00010331053482858758, "selection_38": 0, "shapley_value_39": 0.01624214172363282, "selection_39": 0, "shapley_value_40": 0.009401307106018069, "selection_40": 0, "shapley_value_41": 0.017995872497558595, "selection_41": 0, "shapley_value_42": 0.013722949028015132, "selection_42": 0, "shapley_value_43": 0.2167231425046921, "selection_43": 1, "shapley_value_44": 0.03205241203308105, "selection_44": 0, "shapley_value_45": 0.02481292724609375, "selection_45": 0, "shapley_value_46": 0.1082788429657618, "selection_46": 0, "shapley_value_47": 0.010308127403259277, "selection_47": 0, "shapley_value_48": 0.023633418083190912, "selection_48": 0, "shapley_value_49": 0.024104137420654287, "selection_49": 0, "shapley_value_50": 0.1730735882785585, "selection_50": 0, "shapley_value_51": 0.03149762153625489, "selection_51": 0, "shapley_value_52": 0.11837293903032937, "selection_52": 0, "shapley_value_53": 0.2345575358213917, "selection_53": 1, "shapley_value_54": 0.2133194299386098, "selection_54": 0, "shapley_value_55": 0.015624025166034698, "selection_55": 0, "shapley_value_56": -2.9576452154862254e-05, "selection_56": 0, "shapley_value_57": 0.03181962013244629, "selection_57": 0, "shapley_value_58": 0.18509568663743828, "selection_58": 0, "shapley_value_59": 0.01583374738693237, "selection_59": 0, "shapley_value_60": 0.12163974185784658, "selection_60": 0, "shapley_value_61": 0.22480885724837962, "selection_61": 1, "shapley_value_62": 0.19545731923796913, "selection_62": 0, "shapley_value_63": 0.2161912267477551, "selection_63": 0, "shapley_value_64": 0.11612437526384987, "selection_64": 0, "shapley_value_65": 0.13879892721772194, "selection_65": 0, "shapley_value_66": 0.22542452688921577, "selection_66": 1, "shapley_value_67": 0.2704648870229721, "selection_67": 1, "shapley_value_68": 0.23251915986537933, "selection_68": 1, "shapley_value_69": 0.21721252116773807, "selection_69": 0, "shapley_value_70": 0.12166594346364341, "selection_70": 0, "shapley_value_71": 0.14608893966674805, "selection_71": 0, "shapley_value_72": 0.06621008902788164, "selection_72": 0, "shapley_value_73": -0.0013064334267064144, "selection_73": 0, "shapley_value_74": 0.11840610638260843, "selection_74": 0, "shapley_value_75": 0.11235580424467721, "selection_75": 0, "shapley_value_76": 0.170654039606452, "selection_76": 0, "shapley_value_77": 0.18288843154907225, "selection_77": 0, "shapley_value_78": 0.2067280677662176, "selection_78": 0, "shapley_value_79": -0.001320336994371916, "selection_79": 0, "shapley_value_80": 0.21363866470076823, "selection_80": 0, "shapley_value_81": 0.1653409674018622, "selection_81": 1, "shapley_value_82": -0.0016596317291259766, "selection_82": 0, "shapley_value_83": 0.13912239294303091, "selection_83": 0, "shapley_value_84": 0.13698913693428041, "selection_84": 0, "shapley_value_85": 0.12973927214741707, "selection_85": 0, "shapley_value_86": 0.22075229793787, "selection_86": 1, "shapley_value_87": 0.19498345842957499, "selection_87": 0, "shapley_value_88": 0.2129720345916956, "selection_88": 0, "shapley_value_89": 0.12790745824575428, "selection_89": 0, "shapley_value_90": 0.14322300404310226, "selection_90": 0, "shapley_value_91": 0.22390005839158258, "selection_91": 1, "shapley_value_92": 0.15738308438232967, "selection_92": 0, "shapley_value_93": 0.16398160568305423, "selection_93": 0, "shapley_value_94": 0.240726086885957, "selection_94": 1, "shapley_value_95": 0.0942222809791565, "selection_95": 0, "shapley_value_96": 0.17101199719640944, "selection_96": 0, "shapley_value_97": 0.19390653603955318, "selection_97": 0, "shapley_value_98": 0.16299370161124635, "selection_98": 0, "shapley_value_99": 0.16339871405770903, "selection_99": 0, "_timestamp": 1687910872.4629648, "_runtime": 332.0897867679596, "_step": 99, "_wandb": {"runtime": 330}}