{"accuracy": 0.5040000081062317, "val_loss": 1.3679993152618408, "test_loss": 1.378448724746704, "_timestamp": 1688034262.419852, "_runtime": 150.46764993667603, "_step": 99, "_wandb": {"runtime": 148}}