{"accuracy": 0.1289999932050705, "val_loss": 2.991640567779541, "test_loss": 3.024691343307495, "_timestamp": 1688398657.9681377, "_runtime": 96.92233872413635, "_step": 99, "_wandb": {"runtime": 95}}