{"accuracy": 0.4001999795436859, "val_loss": 1.7520256042480469, "test_loss": 1.7601401805877686, "shapley_value_0": -0.5949694359744035, "selection_0": 0, "shapley_value_1": -0.4742285580862134, "selection_1": 1, "shapley_value_2": -0.9900947610537214, "selection_2": 0, "shapley_value_3": -0.8245009581247962, "selection_3": 1, "shapley_value_4": -0.7671593541190738, "selection_4": 0, "shapley_value_5": -0.7139025642758323, "selection_5": 0, "shapley_value_6": -0.7000058094660444, "selection_6": 0, "shapley_value_7": -0.9104139963785807, "selection_7": 0, "shapley_value_8": -0.7153927258082798, "selection_8": 0, "shapley_value_9": -0.8270721634229025, "selection_9": 0, "shapley_value_10": -0.8773412466049191, "selection_10": 0, "shapley_value_11": -0.8286888758341473, "selection_11": 0, "shapley_value_12": -0.6048791368802389, "selection_12": 0, "shapley_value_13": -0.6952176832017445, "selection_13": 0, "shapley_value_14": -0.6410112877686818, "selection_14": 0, "shapley_value_15": -0.9967396974563597, "selection_15": 0, "shapley_value_16": -0.6808301323936099, "selection_16": 0, "shapley_value_17": -1.2273322840531664, "selection_17": 0, "shapley_value_18": -1.0493280808130898, "selection_18": 0, "shapley_value_19": -0.6736007588250297, "selection_19": 0, "shapley_value_20": -0.8650657998190986, "selection_20": 0, "shapley_value_21": -0.38698743007801206, "selection_21": 1, "shapley_value_22": -0.4335418383280435, "selection_22": 0, "shapley_value_23": -0.6709735194842019, "selection_23": 0, "shapley_value_24": -0.5563350836435955, "selection_24": 0, "shapley_value_25": -0.9446119599872166, "selection_25": 0, "shapley_value_26": -1.1241642501619122, "selection_26": 0, "shapley_value_27": -0.4229596694310506, "selection_27": 0, "shapley_value_28": -0.25609363449944383, "selection_28": 0, "shapley_value_29": -1.000611662864685, "selection_29": 0, "shapley_value_30": -0.3943098606886688, "selection_30": 0, "shapley_value_31": -1.2113385498523708, "selection_31": 0, "shapley_value_32": 0.19692913187501582, "selection_32": 1, "shapley_value_33": -0.6971452986752544, "selection_33": 0, "shapley_value_34": -0.8042326039738127, "selection_34": 0, "shapley_value_35": -0.9734544197718303, "selection_35": 0, "shapley_value_36": -0.757240584918431, "selection_36": 0, "shapley_value_37": -0.5415077390092792, "selection_37": 0, "shapley_value_38": -0.5023477607303196, "selection_38": 0, "shapley_value_39": -1.0386243184407555, "selection_39": 0, "_timestamp": 1687960480.3266866, "_runtime": 84.82853055000305, "_step": 99, "_wandb": {"runtime": 83}}