{"accuracy": 0.8232470154762268, "val_loss": 0.6394571661949158, "test_loss": 0.6389358043670654, "_timestamp": 1687989102.590197, "_runtime": 89.2374119758606, "_step": 99, "_wandb": {"runtime": 87}}