{"accuracy": 0.9373999834060669, "val_loss": 0.23416242003440857, "test_loss": 0.21105945110321045, "shapley_value_0": 0.2095644801855087, "selection_0": 0, "shapley_value_1": 0.20685611361265183, "selection_1": 0, "shapley_value_2": 0.1961138161122799, "selection_2": 0, "shapley_value_3": 0.2357699251174927, "selection_3": 0, "shapley_value_4": 0.1544372131427129, "selection_4": 0, "shapley_value_5": 0.1717701726489597, "selection_5": 0, "shapley_value_6": 0.20470671364665033, "selection_6": 0, "shapley_value_7": 0.1617394839061631, "selection_7": 0, "shapley_value_8": 0.1349145214573333, "selection_8": 0, "shapley_value_9": 0.2100539640784264, "selection_9": 0, "shapley_value_10": 0.13238793097436427, "selection_10": 0, "shapley_value_11": 0.17371680114004348, "selection_11": 0, "shapley_value_12": 0.20421295189857483, "selection_12": 0, "shapley_value_13": 0.16362124873532186, "selection_13": 0, "shapley_value_14": 0.20878142824769022, "selection_14": 0, "shapley_value_15": 0.176145931750536, "selection_15": 1, "shapley_value_16": 0.20486853194236748, "selection_16": 0, "shapley_value_17": 0.20934191104769706, "selection_17": 0, "shapley_value_18": 0.2003717285990715, "selection_18": 0, "shapley_value_19": 0.24411931501193482, "selection_19": 0, "shapley_value_20": 0.1867432885468006, "selection_20": 0, "shapley_value_21": 0.22828635185956953, "selection_21": 0, "shapley_value_22": 0.2579726592451334, "selection_22": 0, "shapley_value_23": 0.23564248868010262, "selection_23": 0, "shapley_value_24": 0.17555508606963682, "selection_24": 0, "shapley_value_25": 0.18849006676673888, "selection_25": 1, "shapley_value_26": 0.21284379826250827, "selection_26": 0, "shapley_value_27": 0.2099209852516651, "selection_27": 0, "shapley_value_28": 0.18097920692629285, "selection_28": 0, "shapley_value_29": 0.2111386565728621, "selection_29": 1, "shapley_value_30": 0.2474431009997021, "selection_30": 0, "shapley_value_31": 0.24120409491387285, "selection_31": 1, "shapley_value_32": 0.21817382102662866, "selection_32": 0, "shapley_value_33": 0.21468220797452056, "selection_33": 0, "shapley_value_34": 0.13604606200009586, "selection_34": 0, "shapley_value_35": 0.17296879278288946, "selection_35": 0, "shapley_value_36": 0.19817204627394674, "selection_36": 0, "shapley_value_37": 0.19668187889456748, "selection_37": 0, "shapley_value_38": 0.1660586306783888, "selection_38": 0, "shapley_value_39": 0.18715838631203302, "selection_39": 0, "shapley_value_40": 0.2204644478722052, "selection_40": 0, "shapley_value_41": 0.24477380088784473, "selection_41": 0, "shapley_value_42": 0.2008788332641125, "selection_42": 0, "shapley_value_43": 0.2150852769613266, "selection_43": 0, "shapley_value_44": 0.2066471026524117, "selection_44": 0, "shapley_value_45": 0.20292436927556992, "selection_45": 0, "shapley_value_46": 0.2577202139298121, "selection_46": 0, "shapley_value_47": 0.1814183281353342, "selection_47": 0, "shapley_value_48": 0.19811607423424724, "selection_48": 0, "shapley_value_49": 0.20561779344081882, "selection_49": 0, "shapley_value_50": 0.17289899610810808, "selection_50": 0, "shapley_value_51": 0.12766698323190212, "selection_51": 0, "shapley_value_52": 0.2028349416553974, "selection_52": 0, "shapley_value_53": 0.1703534416688813, "selection_53": 0, "shapley_value_54": 0.21397915223240851, "selection_54": 0, "shapley_value_55": 0.19273219782114032, "selection_55": 0, "shapley_value_56": 0.2028850535750389, "selection_56": 0, "shapley_value_57": 0.1705251016550594, "selection_57": 0, "shapley_value_58": 0.159531137591217, "selection_58": 0, "shapley_value_59": 0.22483674474737866, "selection_59": 1, "shapley_value_60": 0.24571106439287013, "selection_60": 0, "shapley_value_61": 0.17667393717326613, "selection_61": 0, "shapley_value_62": 0.20747266709804535, "selection_62": 0, "shapley_value_63": 0.1656444662809372, "selection_63": 0, "shapley_value_64": 0.2145498747825622, "selection_64": 0, "shapley_value_65": 0.19517130276560782, "selection_65": 0, "shapley_value_66": 0.24868942897428167, "selection_66": 0, "shapley_value_67": 0.18854602515697477, "selection_67": 0, "shapley_value_68": 0.20881900721788402, "selection_68": 0, "shapley_value_69": 0.17283246642351147, "selection_69": 1, "shapley_value_70": 0.1648617977426763, "selection_70": 0, "shapley_value_71": 0.20775168791413307, "selection_71": 0, "shapley_value_72": 0.20767593327164652, "selection_72": 0, "shapley_value_73": 0.20601117143034936, "selection_73": 0, "shapley_value_74": 0.16144984791676203, "selection_74": 0, "shapley_value_75": 0.19252676859498025, "selection_75": 0, "shapley_value_76": 0.21319129809737197, "selection_76": 0, "shapley_value_77": 0.2486652526801283, "selection_77": 0, "shapley_value_78": 0.19418780040740966, "selection_78": 0, "shapley_value_79": 0.2439981330891973, "selection_79": 1, "shapley_value_80": 0.23484076475555246, "selection_80": 0, "shapley_value_81": 0.20942750695347784, "selection_81": 0, "shapley_value_82": 0.25255116524795695, "selection_82": 0, "shapley_value_83": 0.16663299545732851, "selection_83": 0, "shapley_value_84": 0.17338440477848055, "selection_84": 1, "shapley_value_85": 0.21738601344823832, "selection_85": 0, "shapley_value_86": 0.20631262794136998, "selection_86": 0, "shapley_value_87": 0.18046471946769294, "selection_87": 0, "shapley_value_88": 0.23659482275897806, "selection_88": 0, "shapley_value_89": 0.2026820695996284, "selection_89": 0, "shapley_value_90": 0.2278404663367705, "selection_90": 0, "shapley_value_91": 0.22933181174776773, "selection_91": 0, "shapley_value_92": 0.1887101047635078, "selection_92": 0, "shapley_value_93": 0.1952576238811016, "selection_93": 0, "shapley_value_94": 0.1994403231739998, "selection_94": 0, "shapley_value_95": 0.2171603445410728, "selection_95": 0, "shapley_value_96": 0.1618248665001657, "selection_96": 0, "shapley_value_97": 0.21551856964826585, "selection_97": 1, "shapley_value_98": 0.20366582848523787, "selection_98": 0, "shapley_value_99": 0.24067173997561134, "selection_99": 1, "_timestamp": 1687913729.0870545, "_runtime": 307.96429657936096, "_step": 99, "_wandb": {"runtime": 306}}