{"accuracy": 0.09719999879598618, "val_loss": 2.5570170879364014, "test_loss": 2.577970027923584, "_timestamp": 1688411116.1667862, "_runtime": 144.70367527008057, "_step": 99, "_wandb": {"runtime": 143}}