{"loss": 1.8269749879837036, "accuracy": 0.3361999988555908, "average_active_clients": 10.0, "client_values_0": -0.17231407761573792, "client_values_1": -0.6116266250610352, "client_values_2": -0.02983597293496132, "client_values_3": -0.8870305418968201, "client_values_4": -0.10844577848911285, "client_values_5": -0.5772660374641418, "client_values_6": -0.12046457827091217, "client_values_7": -0.3487544357776642, "client_values_8": -0.9721210598945618, "client_values_9": -0.23364883661270142, "client_values_10": -0.15198734402656555, "client_values_11": -0.4743850827217102, "client_values_12": -0.7106717824935913, "client_values_13": -0.2855767607688904, "client_values_14": -0.47773027420043945, "client_values_15": -0.3365652859210968, "client_values_16": -0.6059360504150391, "client_values_17": -0.40457162261009216, "client_values_18": -0.13129250705242157, "client_values_19": -0.1307840496301651, "client_values_20": -0.021739989519119263, "client_values_21": -0.3930148482322693, "client_values_22": -0.481311172246933, "client_values_23": -0.27695661783218384, "client_values_24": -0.014698926359415054, "client_values_25": -0.6574245691299438, "client_values_26": -0.166557177901268, "client_values_27": -0.09801174700260162, "client_values_28": -0.03970624879002571, "client_values_29": -0.0746510848402977, "client_values_30": -0.30207395553588867, "client_values_31": -0.4692847728729248, "client_values_32": -0.9352685213088989, "client_values_33": -0.3402560353279114, "client_values_34": -0.19327320158481598, "client_values_35": -0.35255900025367737, "client_values_36": -0.3432644009590149, "client_values_37": -0.10412788391113281, "client_values_38": -0.6138057708740234, "client_values_39": -0.08007250726222992, "client_values_40": -0.7528860569000244, "client_values_41": -0.6549881100654602, "client_values_42": -0.30870139598846436, "client_values_43": -0.2569916248321533, "client_values_44": -0.7453545331954956, "client_values_45": -0.528122067451477, "client_values_46": -0.22297361493110657, "client_values_47": -0.3059573769569397, "client_values_48": -0.3110243082046509, "client_values_49": -0.08426084369421005, "client_values_50": -0.028146563097834587, "client_values_51": -1.0527949333190918, "client_values_52": -0.05379091948270798, "client_values_53": -0.27940136194229126, "client_values_54": -0.10510166734457016, "client_values_55": -0.001281004399061203, "client_values_56": -0.06366997957229614, "client_values_57": -0.33302393555641174, "client_values_58": -0.3783824145793915, "client_values_59": -0.023629367351531982, "client_values_60": -0.37127530574798584, "client_values_61": -0.03482271730899811, "client_values_62": -0.27210307121276855, "client_values_63": -0.06820253282785416, "client_values_64": -0.03390488028526306, "client_values_65": -0.01643487438559532, "client_values_66": -0.0895390510559082, "client_values_67": -0.44460436701774597, "client_values_68": 0.21104970574378967, "client_values_69": -0.3656620979309082, "client_values_70": -0.044646233320236206, "client_values_71": -0.170723095536232, "client_values_72": 0.429310142993927, "client_values_73": -0.12683016061782837, "client_values_74": -0.21412494778633118, "client_values_75": -0.003796932753175497, "client_values_76": -0.03336116671562195, "client_values_77": -0.1689298450946808, "client_values_78": -0.046737879514694214, "client_values_79": -0.5900347828865051, "client_values_80": -0.19443397223949432, "client_values_81": -0.21901142597198486, "client_values_82": 0.300792396068573, "client_values_83": -0.005155190825462341, "client_values_84": -0.22298575937747955, "client_values_85": -0.31633609533309937, "client_values_86": -0.14815843105316162, "client_values_87": -0.5919218063354492, "client_values_88": -0.007931619882583618, "client_values_89": -0.7755562663078308, "client_values_90": -0.12374058365821838, "client_values_91": -0.08941563963890076, "client_values_92": -0.5093047618865967, "client_values_93": -0.020296689122915268, "client_values_94": -0.46946191787719727, "client_values_95": -0.42197397351264954, "client_values_96": -0.12501022219657898, "client_values_97": -0.8902703523635864, "client_values_98": 0.3449975252151489, "client_values_99": -0.375175416469574, "_timestamp": 1687341436.8102498, "_runtime": 1475.2733128070831, "_step": 99, "_wandb": {"runtime": 1473}}