{"accuracy": 0.10239999741315842, "val_loss": 4.169299125671387, "test_loss": 4.190215110778809, "shapley_value_0": 2.038368362046423, "selection_0": 1, "shapley_value_1": 5.070836536089578, "selection_1": 1, "shapley_value_2": 0, "selection_2": 0, "shapley_value_3": 1.2904597009931291, "selection_3": 0, "shapley_value_4": -17.17766628662745, "selection_4": 0, "shapley_value_5": 1.3820589515897967, "selection_5": 0, "shapley_value_6": -0.9601031939188651, "selection_6": 0, "shapley_value_7": -1.0941548744837446, "selection_7": 0, "shapley_value_8": -10.163723468780516, "selection_8": 0, "shapley_value_9": -7.343091090520225, "selection_9": 0, "shapley_value_10": 0.438197150116875, "selection_10": 0, "shapley_value_11": 1.5939698417981463, "selection_11": 0, "shapley_value_12": -2.2157022953033447, "selection_12": 0, "shapley_value_13": -2.908932526906332, "selection_13": 0, "shapley_value_14": 0.591716354801541, "selection_14": 0, "shapley_value_15": -5.659583767255146, "selection_15": 0, "shapley_value_16": 5.132824708409862, "selection_16": 1, "shapley_value_17": 1.7295169007210507, "selection_17": 0, "shapley_value_18": 3.2010838394491086, "selection_18": 1, "shapley_value_19": -1.945589280128479, "selection_19": 0, "shapley_value_20": -3.271307309468588, "selection_20": 0, "shapley_value_21": -4.162630677223206, "selection_21": 0, "shapley_value_22": -1.7068790992101022, "selection_22": 0, "shapley_value_23": -5.364651004473368, "selection_23": 0, "shapley_value_24": -9.835265894730885, "selection_24": 0, "shapley_value_25": -9.170127352078751, "selection_25": 0, "shapley_value_26": -3.2194988628228476, "selection_26": 0, "shapley_value_27": 2.612244351704915, "selection_27": 0, "shapley_value_28": 1.3319410781065621, "selection_28": 0, "shapley_value_29": 1.4285963972409568, "selection_29": 0, "shapley_value_30": 0.7621458351612093, "selection_30": 0, "shapley_value_31": 0.8653027971585591, "selection_31": 0, "shapley_value_32": -0.04672618707021137, "selection_32": 0, "shapley_value_33": 2.3202956186400523, "selection_33": 1, "shapley_value_34": -5.42462809880575, "selection_34": 0, "shapley_value_35": -12.421790043512981, "selection_35": 0, "shapley_value_36": -2.4097996950149536, "selection_36": 0, "shapley_value_37": 0.7695361442036089, "selection_37": 0, "shapley_value_38": 1.9527714346294036, "selection_38": 0, "shapley_value_39": 0, "selection_39": 0, "shapley_value_40": 0.6381286117765637, "selection_40": 0, "shapley_value_41": 1.3036589225133253, "selection_41": 0, "shapley_value_42": 1.5809662540753677, "selection_42": 0, "shapley_value_43": 0.28352248668670677, "selection_43": 0, "shapley_value_44": 1.474402127442537, "selection_44": 0, "shapley_value_45": -1.032862901687622, "selection_45": 0, "shapley_value_46": 0.8169910609722133, "selection_46": 0, "shapley_value_47": -2.3371595193942403, "selection_47": 0, "shapley_value_48": -3.8738417625427246, "selection_48": 0, "shapley_value_49": -4.653134822845459, "selection_49": 0, "_timestamp": 1688390142.7399385, "_runtime": 113.0128173828125, "_step": 99, "_wandb": {"runtime": 111}}