{"accuracy": 0.3604748249053955, "val_loss": 2.263850450515747, "test_loss": 2.2615127563476562, "_timestamp": 1687989671.2769396, "_runtime": 96.06223964691162, "_step": 99, "_wandb": {"runtime": 94}}