{"accuracy": 0.8552566170692444, "val_loss": 0.44848597049713135, "test_loss": 0.4499349594116211, "shapley_value_0": -1.392506898442904, "selection_0": 0, "shapley_value_1": -1.3647987027963004, "selection_1": 0, "shapley_value_2": -1.35921148955822, "selection_2": 0, "shapley_value_3": -1.3254818826913835, "selection_3": 0, "shapley_value_4": -1.3920875310897831, "selection_4": 0, "shapley_value_5": -1.3965338259935378, "selection_5": 0, "shapley_value_6": -1.3601703812678658, "selection_6": 0, "shapley_value_7": -1.3668964991966885, "selection_7": 0, "shapley_value_8": -1.357411338885625, "selection_8": 0, "shapley_value_9": -1.3689889977375667, "selection_9": 0, "shapley_value_10": -1.4403291473786035, "selection_10": 0, "shapley_value_11": -1.4285640905300778, "selection_11": 0, "shapley_value_12": -1.366852253675461, "selection_12": 0, "shapley_value_13": -1.4414818078279497, "selection_13": 0, "shapley_value_14": -1.4233063548803329, "selection_14": 0, "shapley_value_15": -1.430108446876208, "selection_15": 0, "shapley_value_16": -1.4558239787817002, "selection_16": 0, "shapley_value_17": -1.3952689458926524, "selection_17": 0, "shapley_value_18": -1.4730499148368839, "selection_18": 0, "shapley_value_19": -1.366865622003873, "selection_19": 0, "shapley_value_20": -1.3986655225356421, "selection_20": 0, "shapley_value_21": -1.456577105323474, "selection_21": 0, "shapley_value_22": -1.4554523100455605, "selection_22": 0, "shapley_value_23": -1.3602544764677684, "selection_23": 0, "shapley_value_24": -1.474874124924342, "selection_24": 0, "shapley_value_25": -1.4802565097808835, "selection_25": 0, "shapley_value_26": -1.4988344500462214, "selection_26": 0, "shapley_value_27": -1.2546866724888481, "selection_27": 0, "shapley_value_28": -1.4051833858092626, "selection_28": 0, "shapley_value_29": -1.4573171685139332, "selection_29": 0, "shapley_value_30": -1.5923170497020085, "selection_30": 1, "shapley_value_31": -1.5039314121007918, "selection_31": 0, "shapley_value_32": -1.3925629278024039, "selection_32": 0, "shapley_value_33": -1.5139973908662798, "selection_33": 1, "shapley_value_34": -1.5111058423916497, "selection_34": 0, "shapley_value_35": -1.5322592069705325, "selection_35": 1, "shapley_value_36": -1.4928260485331215, "selection_36": 0, "shapley_value_37": -1.499996138612429, "selection_37": 0, "shapley_value_38": -1.5385262658198673, "selection_38": 1, "shapley_value_39": -1.4199233800172804, "selection_39": 0, "_timestamp": 1687971261.8868363, "_runtime": 84.34103322029114, "_step": 99, "_wandb": {"runtime": 82}}