{"accuracy": 0.13599999248981476, "val_loss": 3.110125780105591, "test_loss": 3.1423161029815674, "_timestamp": 1688410057.1773367, "_runtime": 146.0994997024536, "_step": 99, "_wandb": {"runtime": 144}}