{"accuracy": 0.7684305906295776, "val_loss": 1.3898228406906128, "test_loss": 1.39101243019104, "_timestamp": 1687975650.2018921, "_runtime": 92.22422623634338, "_step": 99, "_wandb": {"runtime": 90}}