{"accuracy": 0.4899999797344208, "val_loss": 1.4171991348266602, "test_loss": 1.433290958404541, "shapley_value_0": -0.5463278492291768, "selection_0": 0, "shapley_value_1": -0.31643879810969044, "selection_1": 0, "shapley_value_2": -0.7472356955210367, "selection_2": 0, "shapley_value_3": -0.7241509040196735, "selection_3": 0, "shapley_value_4": -0.6522313753763835, "selection_4": 0, "shapley_value_5": -0.6197408954302468, "selection_5": 0, "shapley_value_6": -0.6045516649881998, "selection_6": 0, "shapley_value_7": -0.74512757062912, "selection_7": 0, "shapley_value_8": -0.6883199095726014, "selection_8": 0, "shapley_value_9": -0.614686914285024, "selection_9": 0, "shapley_value_10": -0.7327462712923685, "selection_10": 1, "shapley_value_11": -0.6681512554486593, "selection_11": 0, "shapley_value_12": -0.5879397312800086, "selection_12": 0, "shapley_value_13": -0.4664044141769409, "selection_13": 0, "shapley_value_14": -0.4997620900472004, "selection_14": 0, "shapley_value_15": -0.7475625395774842, "selection_15": 0, "shapley_value_16": -0.5543864170710248, "selection_16": 0, "shapley_value_17": -0.7300764163335163, "selection_17": 0, "shapley_value_18": -0.7615317026774088, "selection_18": 1, "shapley_value_19": -0.5462606906890871, "selection_19": 0, "shapley_value_20": -0.5977008501688642, "selection_20": 0, "shapley_value_21": -0.3593998869260151, "selection_21": 0, "shapley_value_22": -0.456567974885305, "selection_22": 0, "shapley_value_23": -0.6228695988655091, "selection_23": 0, "shapley_value_24": -0.5323158860206603, "selection_24": 0, "shapley_value_25": -0.6280478755633034, "selection_25": 0, "shapley_value_26": -0.8341180721918745, "selection_26": 1, "shapley_value_27": -0.40734527111053465, "selection_27": 0, "shapley_value_28": -0.2939836502075196, "selection_28": 0, "shapley_value_29": -0.6978115836779277, "selection_29": 0, "shapley_value_30": -0.4586277882258097, "selection_30": 0, "shapley_value_31": -0.8648614486058552, "selection_31": 1, "shapley_value_32": 0.08631000518798837, "selection_32": 0, "shapley_value_33": -0.643236577510834, "selection_33": 0, "shapley_value_34": -0.5069442232449851, "selection_34": 0, "shapley_value_35": -0.6072716315587362, "selection_35": 0, "shapley_value_36": -0.6816104968388875, "selection_36": 0, "shapley_value_37": -0.49352860848108915, "selection_37": 0, "shapley_value_38": -0.5168057362238567, "selection_38": 0, "shapley_value_39": -0.6788131554921469, "selection_39": 0, "_timestamp": 1687961048.0377522, "_runtime": 86.5429482460022, "_step": 99, "_wandb": {"runtime": 85}}