{"accuracy": 0.10439999401569366, "val_loss": 2.9957692623138428, "test_loss": 2.9929728507995605, "_timestamp": 1687968247.0619528, "_runtime": 136.682443857193, "_step": 99, "_wandb": {"runtime": 135}}