{"accuracy": 0.9027999639511108, "val_loss": 0.366040974855423, "test_loss": 0.33931654691696167, "shapley_value_0": 0.021303995251655574, "selection_0": 0, "shapley_value_1": 0.16485704203446705, "selection_1": 0, "shapley_value_2": 0.20290616134802505, "selection_2": 0, "shapley_value_3": 0.11406180878480277, "selection_3": 0, "shapley_value_4": 0.13788310368855794, "selection_4": 0, "shapley_value_5": 0.19890490313371026, "selection_5": 0, "shapley_value_6": 0.12757597982883453, "selection_6": 1, "shapley_value_7": 0.0757334840297699, "selection_7": 0, "shapley_value_8": 0.11463763793309528, "selection_8": 0, "shapley_value_9": 0.17898646851380665, "selection_9": 1, "shapley_value_10": 0.1547355252504349, "selection_10": 0, "shapley_value_11": 0.1416250948111216, "selection_11": 0, "shapley_value_12": 0.1534362308184306, "selection_12": 0, "shapley_value_13": 0.1690906526645025, "selection_13": 0, "shapley_value_14": 0.09314832786719007, "selection_14": 0, "shapley_value_15": 0.11556240697701774, "selection_15": 0, "shapley_value_16": 0.16678224921226506, "selection_16": 1, "shapley_value_17": 0.11691936751206718, "selection_17": 1, "shapley_value_18": 0.04310026317834854, "selection_18": 0, "shapley_value_19": 0.08880797366301219, "selection_19": 1, "shapley_value_20": 0.2028065186738968, "selection_20": 0, "shapley_value_21": 0.17417250374952953, "selection_21": 0, "shapley_value_22": 0.19127420167128248, "selection_22": 0, "shapley_value_23": 0.06435981750488279, "selection_23": 0, "shapley_value_24": 0.16606654206911722, "selection_24": 0, "shapley_value_25": 0.025232571363449093, "selection_25": 0, "shapley_value_26": 0.20122618317604068, "selection_26": 0, "shapley_value_27": 0.17933553596337637, "selection_27": 0, "shapley_value_28": 0.13738237599531808, "selection_28": 1, "shapley_value_29": 0.010671033921994661, "selection_29": 0, "shapley_value_30": 0.10746177077293394, "selection_30": 0, "shapley_value_31": 0.03794324398040772, "selection_31": 0, "shapley_value_32": 0.08673200070858002, "selection_32": 0, "shapley_value_33": 0.08151012390851975, "selection_33": 0, "shapley_value_34": 0.14246233423550925, "selection_34": 0, "shapley_value_35": 0.08544813871383666, "selection_35": 0, "shapley_value_36": 0.1716671355565389, "selection_36": 0, "shapley_value_37": 0.05624992161989212, "selection_37": 0, "shapley_value_38": 0.17694082121054336, "selection_38": 0, "shapley_value_39": 0.2368712105353673, "selection_39": 0, "shapley_value_40": 0.21210096220175426, "selection_40": 0, "shapley_value_41": 0.11952915092309313, "selection_41": 0, "shapley_value_42": 0.1255714879433314, "selection_42": 1, "shapley_value_43": 0.1566081229845683, "selection_43": 0, "shapley_value_44": 0.06913138359785079, "selection_44": 0, "shapley_value_45": 0.10637129227320352, "selection_45": 0, "shapley_value_46": 0.16770561516284943, "selection_46": 0, "shapley_value_47": 0.11651540219783785, "selection_47": 0, "shapley_value_48": 0.14920677701632182, "selection_48": 0, "shapley_value_49": 0.14923895359039308, "selection_49": 0, "shapley_value_50": 0.13836590806643168, "selection_50": 0, "shapley_value_51": 0.16480734229087832, "selection_51": 0, "shapley_value_52": 0.09910561482111614, "selection_52": 0, "shapley_value_53": 0.07157225966453552, "selection_53": 0, "shapley_value_54": 0.13079917470614114, "selection_54": 0, "shapley_value_55": 0.07455365976220683, "selection_55": 0, "shapley_value_56": 0.18214280625184376, "selection_56": 0, "shapley_value_57": 0.18244204719861346, "selection_57": 0, "shapley_value_58": 0.08930135369300843, "selection_58": 0, "shapley_value_59": 0.15336861769358315, "selection_59": 0, "shapley_value_60": 0.17230372885862985, "selection_60": 0, "shapley_value_61": 0.08751321732997894, "selection_61": 0, "shapley_value_62": 0.20026652455329896, "selection_62": 0, "shapley_value_63": 0.10877746442953747, "selection_63": 0, "shapley_value_64": 0.1615046880642573, "selection_64": 0, "shapley_value_65": 0.07647611498832702, "selection_65": 0, "shapley_value_66": 0.17840174595514935, "selection_66": 0, "shapley_value_67": 0.2132903355360031, "selection_67": 0, "shapley_value_68": 0.15743614792823793, "selection_68": 0, "shapley_value_69": 0.16869429926077525, "selection_69": 0, "shapley_value_70": 0.24058253387610118, "selection_70": 0, "shapley_value_71": 0.16975058495998385, "selection_71": 0, "shapley_value_72": 0.1390299697717031, "selection_72": 0, "shapley_value_73": 0.142027388215065, "selection_73": 1, "shapley_value_74": 0.15491458694140112, "selection_74": 1, "shapley_value_75": 0.23293097535769144, "selection_75": 0, "shapley_value_76": 0.17795947651068367, "selection_76": 0, "shapley_value_77": 0.2051700580120087, "selection_77": 0, "shapley_value_78": 0.17136175970236464, "selection_78": 0, "shapley_value_79": 0.07697467841600117, "selection_79": 0, "shapley_value_80": 0.19072717785835266, "selection_80": 0, "shapley_value_81": 0.03844011783599852, "selection_81": 0, "shapley_value_82": 0.1912147094806035, "selection_82": 0, "shapley_value_83": 0.16307802836100263, "selection_83": 0, "shapley_value_84": 0.11474117219448088, "selection_84": 0, "shapley_value_85": 0.16952981491883598, "selection_85": 0, "shapley_value_86": 0.17591463645299277, "selection_86": 0, "shapley_value_87": 0.15275213887816977, "selection_87": 1, "shapley_value_88": 0.11150707821051281, "selection_88": 0, "shapley_value_89": 0.15060711026191712, "selection_89": 0, "shapley_value_90": 0.2091962003707886, "selection_90": 0, "shapley_value_91": 0.24256730059782664, "selection_91": 0, "shapley_value_92": 0.20417322496573131, "selection_92": 0, "shapley_value_93": 0.20470582246780397, "selection_93": 0, "shapley_value_94": 0.1673510692516963, "selection_94": 0, "shapley_value_95": 0.07238310321381218, "selection_95": 0, "shapley_value_96": 0.1827700388431549, "selection_96": 0, "shapley_value_97": 0.1354122076954758, "selection_97": 0, "shapley_value_98": 0.18795069018999735, "selection_98": 0, "shapley_value_99": 0.20499620695908868, "selection_99": 0, "_timestamp": 1687960036.8054478, "_runtime": 84.98609471321106, "_step": 27, "_wandb": {"runtime": 85}}