{"loss": 0.19767481088638306, "accuracy": 0.9423999786376953, "average_active_clients": 2.0, "_timestamp": 1687179630.776576, "_runtime": 82.80707502365112, "_step": 99, "_wandb": {"runtime": 82}}