{"loss": 0.34097498655319214, "accuracy": 0.8981999754905701, "average_active_clients": 10.0, "ucb_0": 0.04286614805459976, "nk_0": 16, "sv_0": -0.0069478293880820274, "ucb_1": 0.04217608645558357, "nk_1": 18, "sv_1": -0.004788984078913927, "ucb_2": 0.04200422018766403, "nk_2": 17, "sv_2": -0.0063224369660019875, "ucb_3": 0.041865479201078415, "nk_3": 18, "sv_3": -0.005099592264741659, "ucb_4": 0.041966043412685394, "nk_4": 18, "sv_4": -0.00499902805313468, "ucb_5": 0.042890988290309906, "nk_5": 17, "sv_5": -0.005435668397694826, "ucb_6": 0.041726864874362946, "nk_6": 18, "sv_6": -0.005238204263150692, "ucb_7": 0.04172149673104286, "nk_7": 18, "sv_7": -0.005243574734777212, "ucb_8": 0.04195951670408249, "nk_8": 18, "sv_8": -0.005005554296076298, "ucb_9": 0.04202435165643692, "nk_9": 18, "sv_9": -0.004940717946738005, "ucb_10": 0.04257312789559364, "nk_10": 42, "sv_10": 0.011827272363007069, "ucb_11": 0.04287676513195038, "nk_11": 35, "sv_11": 0.009196366183459759, "ucb_12": 0.04227519407868385, "nk_12": 33, "sv_12": 0.007589191198348999, "ucb_13": 0.04241751879453659, "nk_13": 39, "sv_13": 0.010511036030948162, "ucb_14": 0.04237571358680725, "nk_14": 33, "sv_14": 0.007689712103456259, "ucb_15": 0.042288925498723984, "nk_15": 32, "sv_15": 0.0070651257410645485, "ucb_16": 0.04282679408788681, "nk_16": 32, "sv_16": 0.007602993864566088, "ucb_17": 0.042784277349710464, "nk_17": 38, "sv_17": 0.010460699908435345, "ucb_18": 0.042586661875247955, "nk_18": 39, "sv_18": 0.010680179111659527, "ucb_19": 0.04281733185052872, "nk_19": 31, "sv_19": 0.007029913365840912, "_timestamp": 1687191713.66875, "_runtime": 1139.8483510017395, "_step": 52}