{"loss": 2.087252140045166, "accuracy": 0.5273999571800232, "average_active_clients": 10.0, "client_values_0": -0.01861429214477539, "client_values_1": 0.023429444059729576, "client_values_2": 0.03740791231393814, "client_values_3": 0.01743270456790924, "client_values_4": 0.0361127033829689, "client_values_5": 0.018391381949186325, "client_values_6": -0.016862232238054276, "client_values_7": 0.021155599504709244, "client_values_8": 0.007773136720061302, "client_values_9": -0.0013273051008582115, "client_values_10": 0.1306145191192627, "client_values_11": 0.10244861990213394, "client_values_12": 0.06801899522542953, "client_values_13": 0.11240342259407043, "client_values_14": 0.06298279017210007, "client_values_15": 0.10073510557413101, "client_values_16": 0.09519566595554352, "client_values_17": 0.09883280098438263, "client_values_18": 0.060306333005428314, "client_values_19": 0.06323999911546707, "_timestamp": 1687258341.1725252, "_runtime": 35.31096816062927, "_step": 4, "_wandb": {"runtime": 38}}