{"accuracy": 0.18119999766349792, "val_loss": 2.5440421104431152, "test_loss": 2.5885009765625, "_timestamp": 1688401961.423548, "_runtime": 96.3201379776001, "_step": 99, "_wandb": {"runtime": 94}}