{"accuracy": 0.12879998981952667, "val_loss": 2.991870403289795, "test_loss": 3.024925470352173, "_timestamp": 1688399814.712017, "_runtime": 101.06222915649414, "_step": 99, "_wandb": {"runtime": 99}}