{"accuracy": 0.0965999960899353, "val_loss": 4.740769863128662, "test_loss": 4.829011917114258, "shapley_value_0": 4.449268236699231, "selection_0": 1, "shapley_value_1": 1.1122001687685648, "selection_1": 1, "shapley_value_2": -0.8219284812609358, "selection_2": 0, "shapley_value_3": 0, "selection_3": 0, "shapley_value_4": 1.2508395860592525, "selection_4": 0, "shapley_value_5": 0.1374990542729697, "selection_5": 0, "shapley_value_6": -0.2781983514626818, "selection_6": 0, "shapley_value_7": 1.7130070372864052, "selection_7": 0, "shapley_value_8": 1.7683152764562577, "selection_8": 0, "shapley_value_9": -0.5029662185245084, "selection_9": 0, "shapley_value_10": -2.419542193412779, "selection_10": 0, "shapley_value_11": 2.5219247589508695, "selection_11": 0, "shapley_value_12": -0.31075043148464676, "selection_12": 0, "shapley_value_13": 0, "selection_13": 0, "shapley_value_14": -8.97223436832428, "selection_14": 0, "shapley_value_15": 1.2262680669625599, "selection_15": 0, "shapley_value_16": 1.2473606665929164, "selection_16": 0, "shapley_value_17": 1.3849845263693068, "selection_17": 0, "shapley_value_18": -0.6333261728286748, "selection_18": 0, "shapley_value_19": -6.8308238983154315, "selection_19": 0, "shapley_value_20": -0.793657660484314, "selection_20": 0, "shapley_value_21": 1.236275056997935, "selection_21": 0, "shapley_value_22": 1.2632721472870223, "selection_22": 1, "shapley_value_23": -8.137417713801065, "selection_23": 0, "shapley_value_24": 0, "selection_24": 0, "shapley_value_25": -0.3146276076634731, "selection_25": 0, "shapley_value_26": -6.109783381223679, "selection_26": 0, "shapley_value_27": 1.901004066542973, "selection_27": 0, "shapley_value_28": 1.950854355096817, "selection_28": 1, "shapley_value_29": 0, "selection_29": 0, "shapley_value_30": -2.55781586964925, "selection_30": 0, "shapley_value_31": 0, "selection_31": 0, "shapley_value_32": 4.192080158089834, "selection_32": 0, "shapley_value_33": -5.918657143910725, "selection_33": 0, "shapley_value_34": 0, "selection_34": 0, "shapley_value_35": -1.7908674081166573, "selection_35": 0, "shapley_value_36": 4.376292157353777, "selection_36": 1, "shapley_value_37": 0, "selection_37": 0, "shapley_value_38": 1.385705320371521, "selection_38": 0, "shapley_value_39": 3.1438099145889282, "selection_39": 0, "shapley_value_40": -3.3604998389879874, "selection_40": 0, "shapley_value_41": 0, "selection_41": 0, "shapley_value_42": 1.091159502665203, "selection_42": 0, "shapley_value_43": 2.0773105108075676, "selection_43": 0, "shapley_value_44": -0.6279740929603568, "selection_44": 0, "shapley_value_45": -1.0846640666325875, "selection_45": 0, "shapley_value_46": 1.592215000818937, "selection_46": 0, "shapley_value_47": 1.5857803357972038, "selection_47": 0, "shapley_value_48": -0.2507747054100026, "selection_48": 0, "shapley_value_49": 0.13265295823415002, "selection_49": 0, "_timestamp": 1688394370.0242188, "_runtime": 109.95872187614441, "_step": 99, "_wandb": {"runtime": 108}}