{"accuracy": 0.8592911958694458, "val_loss": 0.43730294704437256, "test_loss": 0.43552184104919434, "shapley_value_0": -1.448924560348193, "selection_0": 0, "shapley_value_1": -1.3909055411815645, "selection_1": 0, "shapley_value_2": -1.3118577231963475, "selection_2": 0, "shapley_value_3": -1.362114547689756, "selection_3": 0, "shapley_value_4": -1.3887484778960544, "selection_4": 0, "shapley_value_5": -1.3950327197710672, "selection_5": 0, "shapley_value_6": -1.3700509458780288, "selection_6": 0, "shapley_value_7": -1.3793157686789825, "selection_7": 0, "shapley_value_8": -1.3141985108455023, "selection_8": 0, "shapley_value_9": -1.321287873387337, "selection_9": 0, "shapley_value_10": -1.4725403944651283, "selection_10": 0, "shapley_value_11": -1.4952454715967183, "selection_11": 0, "shapley_value_12": -1.3515907357136403, "selection_12": 0, "shapley_value_13": -1.4135461171468098, "selection_13": 0, "shapley_value_14": -1.3927854438622793, "selection_14": 0, "shapley_value_15": -1.4676855345567066, "selection_15": 0, "shapley_value_16": -1.4912143796682353, "selection_16": 0, "shapley_value_17": -1.3991687099138892, "selection_17": 0, "shapley_value_18": -1.48582681119442, "selection_18": 0, "shapley_value_19": -1.3644762247800823, "selection_19": 0, "shapley_value_20": -1.3351142992575962, "selection_20": 0, "shapley_value_21": -1.4764816631873448, "selection_21": 0, "shapley_value_22": -1.4413240353266399, "selection_22": 0, "shapley_value_23": -1.266917042930921, "selection_23": 0, "shapley_value_24": -1.447838655114174, "selection_24": 0, "shapley_value_25": -1.5547432959079743, "selection_25": 1, "shapley_value_26": -1.5305793702602384, "selection_26": 1, "shapley_value_27": -1.2950194130341208, "selection_27": 0, "shapley_value_28": -1.3200207004944482, "selection_28": 0, "shapley_value_29": -1.5072402308384574, "selection_29": 0, "shapley_value_30": -1.523876752456029, "selection_30": 1, "shapley_value_31": -1.4901849399010338, "selection_31": 0, "shapley_value_32": -1.2348582774400714, "selection_32": 0, "shapley_value_33": -1.5117970774571101, "selection_33": 0, "shapley_value_34": -1.3845069527626037, "selection_34": 0, "shapley_value_35": -1.5656061669190722, "selection_35": 1, "shapley_value_36": -1.3553667277097705, "selection_36": 0, "shapley_value_37": -1.4461356798807778, "selection_37": 0, "shapley_value_38": -1.4707595656315486, "selection_38": 0, "shapley_value_39": -1.3445090264081956, "selection_39": 0, "_timestamp": 1687985211.8582745, "_runtime": 78.43641138076782, "_step": 99, "_wandb": {"runtime": 76}}