{"accuracy": 0.4617999792098999, "val_loss": 1.4954633712768555, "test_loss": 1.5187121629714966, "_timestamp": 1688035325.973336, "_runtime": 143.4240210056305, "_step": 99, "_wandb": {"runtime": 141}}