{"loss": 2.1422007083892822, "accuracy": 0.47759997844696045, "average_active_clients": 10.0, "_timestamp": 1686918483.3555818, "_runtime": 152.01068377494812, "_step": 399, "_wandb": {"runtime": 150}}