{"accuracy": 0.10019999742507935, "val_loss": 5.4928998947143555, "test_loss": 5.4835734367370605, "shapley_value_0": -0.011503338813781294, "selection_0": 0, "shapley_value_1": 2.8639405238808986, "selection_1": 0, "shapley_value_2": -0.624611934026083, "selection_2": 0, "shapley_value_3": 3.7556465404729042, "selection_3": 0, "shapley_value_4": -13.719982941945396, "selection_4": 0, "shapley_value_5": 1.3766152262687685, "selection_5": 0, "shapley_value_6": 0, "selection_6": 0, "shapley_value_7": -3.9069306453069057, "selection_7": 0, "shapley_value_8": 3.1563240289688115, "selection_8": 1, "shapley_value_9": 0.5327148834864306, "selection_9": 0, "shapley_value_10": 0, "selection_10": 0, "shapley_value_11": 0, "selection_11": 0, "shapley_value_12": 1.155981070465512, "selection_12": 0, "shapley_value_13": 2.5613656044006348, "selection_13": 0, "shapley_value_14": 1.247781410813332, "selection_14": 0, "shapley_value_15": 0.5026994695266087, "selection_15": 0, "shapley_value_16": 2.2571281790733346, "selection_16": 0, "shapley_value_17": 1.705093700816666, "selection_17": 0, "shapley_value_18": 0, "selection_18": 0, "shapley_value_19": -3.8145592610041295, "selection_19": 0, "shapley_value_20": 0.9229644065101937, "selection_20": 0, "shapley_value_21": -0.12948838869730572, "selection_21": 0, "shapley_value_22": 1.6523258636395135, "selection_22": 0, "shapley_value_23": -1.7054357528686523, "selection_23": 0, "shapley_value_24": 0, "selection_24": 0, "shapley_value_25": -0.7190670371055603, "selection_25": 0, "shapley_value_26": 0, "selection_26": 0, "shapley_value_27": 2.1109677652517957, "selection_27": 0, "shapley_value_28": 2.529865029530647, "selection_28": 0, "shapley_value_29": 0, "selection_29": 0, "shapley_value_30": 6.0449508515497055, "selection_30": 1, "shapley_value_31": 2.5286324305666823, "selection_31": 0, "shapley_value_32": 1.6945803792853111, "selection_32": 0, "shapley_value_33": 3.249187014721058, "selection_33": 0, "shapley_value_34": 0.2388350466887159, "selection_34": 0, "shapley_value_35": -6.3809052010377245, "selection_35": 1, "shapley_value_36": -2.134418984254202, "selection_36": 0, "shapley_value_37": 2.358371425999536, "selection_37": 0, "shapley_value_38": -4.956842422485355, "selection_38": 0, "shapley_value_39": 2.660511186871773, "selection_39": 0, "shapley_value_40": 0.8418061882257466, "selection_40": 0, "shapley_value_41": 2.2053398589293165, "selection_41": 0, "shapley_value_42": 3.096936439022873, "selection_42": 1, "shapley_value_43": 0, "selection_43": 0, "shapley_value_44": 2.5407870244979858, "selection_44": 0, "shapley_value_45": -12.663068731625877, "selection_45": 0, "shapley_value_46": 4.634689240079176, "selection_46": 1, "shapley_value_47": 0, "selection_47": 0, "shapley_value_48": -7.197868307431536, "selection_48": 0, "shapley_value_49": 0, "selection_49": 0, "_timestamp": 1688386798.2686236, "_runtime": 112.22884249687195, "_step": 99, "_wandb": {"runtime": 110}}