{"accuracy": 0.9387999773025513, "val_loss": 0.23451198637485504, "test_loss": 0.21121327579021454, "shapley_value_0": 0.18642046692967418, "selection_0": 0, "shapley_value_1": 0.22276262351870538, "selection_1": 0, "shapley_value_2": 0.1570103798508644, "selection_2": 1, "shapley_value_3": 0.2014824286997318, "selection_3": 0, "shapley_value_4": 0.20027790036797524, "selection_4": 0, "shapley_value_5": 0.2687237290740013, "selection_5": 0, "shapley_value_6": 0.21885748663544655, "selection_6": 0, "shapley_value_7": 0.22440567329525943, "selection_7": 0, "shapley_value_8": 0.21227382725477223, "selection_8": 0, "shapley_value_9": 0.20216686582565302, "selection_9": 0, "shapley_value_10": 0.17148844903707505, "selection_10": 1, "shapley_value_11": 0.12606902041090168, "selection_11": 1, "shapley_value_12": 0.1659088478088379, "selection_12": 0, "shapley_value_13": 0.20952856570482256, "selection_13": 0, "shapley_value_14": 0.20421353326345743, "selection_14": 0, "shapley_value_15": 0.19209071858014384, "selection_15": 0, "shapley_value_16": 0.21472630852460864, "selection_16": 0, "shapley_value_17": 0.23444412067532544, "selection_17": 0, "shapley_value_18": 0.20336312758922576, "selection_18": 0, "shapley_value_19": 0.23157310599088668, "selection_19": 0, "shapley_value_20": 0.23396736207604413, "selection_20": 0, "shapley_value_21": 0.23742356595396993, "selection_21": 0, "shapley_value_22": 0.2213999369740486, "selection_22": 0, "shapley_value_23": 0.20076485058665278, "selection_23": 0, "shapley_value_24": 0.18733699896931647, "selection_24": 0, "shapley_value_25": 0.2037646140754223, "selection_25": 0, "shapley_value_26": 0.23071315237879753, "selection_26": 0, "shapley_value_27": 0.10840330424904825, "selection_27": 1, "shapley_value_28": 0.20817458492517468, "selection_28": 0, "shapley_value_29": 0.16642131003737448, "selection_29": 0, "shapley_value_30": 0.1950169120054496, "selection_30": 0, "shapley_value_31": 0.18148873424530026, "selection_31": 0, "shapley_value_32": 0.14673450568318366, "selection_32": 1, "shapley_value_33": 0.20561166191101074, "selection_33": 0, "shapley_value_34": 0.18378359436988836, "selection_34": 0, "shapley_value_35": 0.1946730667054653, "selection_35": 0, "shapley_value_36": 0.22902155140042302, "selection_36": 0, "shapley_value_37": 0.23939745041728017, "selection_37": 0, "shapley_value_38": 0.22816253796219826, "selection_38": 0, "shapley_value_39": 0.19476952335238457, "selection_39": 0, "shapley_value_40": 0.24550385984778406, "selection_40": 0, "shapley_value_41": 0.14881425598263742, "selection_41": 0, "shapley_value_42": 0.21290436354279518, "selection_42": 0, "shapley_value_43": 0.14277760034799575, "selection_43": 1, "shapley_value_44": 0.16866030111908917, "selection_44": 1, "shapley_value_45": 0.16444950589537619, "selection_45": 0, "shapley_value_46": 0.19752354094386101, "selection_46": 0, "shapley_value_47": 0.16629588082432747, "selection_47": 0, "shapley_value_48": 0.19640238380432132, "selection_48": 0, "shapley_value_49": 0.1554247586429119, "selection_49": 1, "shapley_value_50": 0.17466299606938113, "selection_50": 0, "shapley_value_51": 0.2242234010100365, "selection_51": 0, "shapley_value_52": 0.21110530626773832, "selection_52": 0, "shapley_value_53": 0.19573475390672684, "selection_53": 0, "shapley_value_54": 0.16961345198750497, "selection_54": 0, "shapley_value_55": 0.18121687361598016, "selection_55": 0, "shapley_value_56": 0.16734829166531562, "selection_56": 0, "shapley_value_57": 0.2310784446299076, "selection_57": 0, "shapley_value_58": 0.18381046432256695, "selection_58": 0, "shapley_value_59": 0.21292360961437223, "selection_59": 0, "shapley_value_60": 0.21066831356287005, "selection_60": 0, "shapley_value_61": 0.1816281007669474, "selection_61": 0, "shapley_value_62": 0.15738329708576201, "selection_62": 0, "shapley_value_63": 0.13717613995075226, "selection_63": 1, "shapley_value_64": 0.18977975504021893, "selection_64": 0, "shapley_value_65": 0.2186546886563301, "selection_65": 0, "shapley_value_66": 0.20090199294686323, "selection_66": 0, "shapley_value_67": 0.18366336134076117, "selection_67": 0, "shapley_value_68": 0.18946744233369825, "selection_68": 0, "shapley_value_69": 0.24518766966462135, "selection_69": 0, "shapley_value_70": 0.21402558531572943, "selection_70": 0, "shapley_value_71": 0.20932391477886, "selection_71": 0, "shapley_value_72": 0.17531571748852728, "selection_72": 0, "shapley_value_73": 0.2300991549460512, "selection_73": 0, "shapley_value_74": 0.19874567112326624, "selection_74": 0, "shapley_value_75": 0.21574928641319277, "selection_75": 0, "shapley_value_76": 0.2002728801369667, "selection_76": 0, "shapley_value_77": 0.18295783892273904, "selection_77": 0, "shapley_value_78": 0.18611836022138598, "selection_78": 0, "shapley_value_79": 0.1786216606795788, "selection_79": 0, "shapley_value_80": 0.19649684375524518, "selection_80": 0, "shapley_value_81": 0.16626652744412423, "selection_81": 0, "shapley_value_82": 0.14784544544285566, "selection_82": 0, "shapley_value_83": 0.19023860884653895, "selection_83": 0, "shapley_value_84": 0.20436556744575501, "selection_84": 0, "shapley_value_85": 0.20446036702394488, "selection_85": 0, "shapley_value_86": 0.18620748719573024, "selection_86": 0, "shapley_value_87": 0.21377340036630632, "selection_87": 0, "shapley_value_88": 0.18360550180077545, "selection_88": 0, "shapley_value_89": 0.22675631812214858, "selection_89": 0, "shapley_value_90": 0.24460996425151826, "selection_90": 0, "shapley_value_91": 0.2332385972738266, "selection_91": 0, "shapley_value_92": 0.22805300414562227, "selection_92": 0, "shapley_value_93": 0.22943473595380787, "selection_93": 0, "shapley_value_94": 0.1914364877641201, "selection_94": 0, "shapley_value_95": 0.20379987621307372, "selection_95": 0, "shapley_value_96": 0.15941739556193352, "selection_96": 1, "shapley_value_97": 0.192954885751009, "selection_97": 0, "shapley_value_98": 0.1793515713810921, "selection_98": 0, "shapley_value_99": 0.22591497123241422, "selection_99": 0, "_timestamp": 1687928858.8693786, "_runtime": 319.20646953582764, "_step": 99, "_wandb": {"runtime": 317}}