{"accuracy": 0.8684272170066833, "val_loss": 0.425858736038208, "test_loss": 0.42345184087753296, "shapley_value_0": -1.4747994830211002, "selection_0": 0, "shapley_value_1": -1.3926306585470836, "selection_1": 0, "shapley_value_2": -1.307589055101077, "selection_2": 0, "shapley_value_3": -1.3330213169256848, "selection_3": 0, "shapley_value_4": -1.3428616146246592, "selection_4": 0, "shapley_value_5": -1.3611756225426992, "selection_5": 0, "shapley_value_6": -1.321978042523066, "selection_6": 0, "shapley_value_7": -1.3247532288233437, "selection_7": 0, "shapley_value_8": -1.3173880447944009, "selection_8": 0, "shapley_value_9": -1.3102175066868464, "selection_9": 0, "shapley_value_10": -1.4865808496872581, "selection_10": 0, "shapley_value_11": -1.5023710817098617, "selection_11": 0, "shapley_value_12": -1.3569599727789559, "selection_12": 0, "shapley_value_13": -1.4396639426549274, "selection_13": 0, "shapley_value_14": -1.4176257719596226, "selection_14": 0, "shapley_value_15": -1.480268465479215, "selection_15": 0, "shapley_value_16": -1.5283952613671619, "selection_16": 0, "shapley_value_17": -1.3430233637491864, "selection_17": 0, "shapley_value_18": -1.4931918472051622, "selection_18": 0, "shapley_value_19": -1.4166280637184778, "selection_19": 0, "shapley_value_20": -1.3109816839297614, "selection_20": 0, "shapley_value_21": -1.508156630396843, "selection_21": 0, "shapley_value_22": -1.421454306443532, "selection_22": 0, "shapley_value_23": -1.2396685659885407, "selection_23": 0, "shapley_value_24": -1.476069579521815, "selection_24": 0, "shapley_value_25": -1.5296371579170223, "selection_25": 1, "shapley_value_26": -1.5624619742234547, "selection_26": 1, "shapley_value_27": -1.253117138147354, "selection_27": 0, "shapley_value_28": -1.3126218934853875, "selection_28": 0, "shapley_value_29": -1.5171453257401786, "selection_29": 0, "shapley_value_30": -1.5363874197006226, "selection_30": 1, "shapley_value_31": -1.5095384438832602, "selection_31": 0, "shapley_value_32": -1.2874816199143726, "selection_32": 0, "shapley_value_33": -1.5283596058686573, "selection_33": 0, "shapley_value_34": -1.4633075376351674, "selection_34": 0, "shapley_value_35": -1.5769917031129204, "selection_35": 1, "shapley_value_36": -1.3989201535781224, "selection_36": 0, "shapley_value_37": -1.4724840372800827, "selection_37": 0, "shapley_value_38": -1.484832212328911, "selection_38": 0, "shapley_value_39": -1.4032376259565358, "selection_39": 0, "_timestamp": 1687984783.4901114, "_runtime": 79.21308541297913, "_step": 99, "_wandb": {"runtime": 77}}