{"accuracy": 0.07759999483823776, "val_loss": 2.337594985961914, "test_loss": 2.339304208755493, "_timestamp": 1688036395.8432298, "_runtime": 143.37104988098145, "_step": 99, "_wandb": {"runtime": 141}}