{"loss": 0.6166232228279114, "accuracy": 0.8118000030517578, "average_active_clients": 0.8975, "_timestamp": 1686735620.693474, "_runtime": 23.361741065979004, "_step": 399, "_wandb": {"runtime": 20}}