{"accuracy": 0.8184424638748169, "val_loss": 0.48523208498954773, "test_loss": 0.48592230677604675, "shapley_value_0": 0.07492110550403597, "selection_0": 0, "shapley_value_1": 0.07326349377632141, "selection_1": 0, "shapley_value_2": 0.07072186291217805, "selection_2": 0, "shapley_value_3": 0.21788914382457733, "selection_3": 1, "shapley_value_4": 0.03650386273860932, "selection_4": 0, "shapley_value_5": -0.00011759055288214433, "selection_5": 0, "shapley_value_6": 0.14555891513824465, "selection_6": 1, "shapley_value_7": 0.10946688115596767, "selection_7": 0, "shapley_value_8": 0.07319420754909514, "selection_8": 0, "shapley_value_9": -0.0013854111495770905, "selection_9": 0, "shapley_value_10": -0.0005378315323277524, "selection_10": 0, "shapley_value_11": 0.03728426098823547, "selection_11": 0, "shapley_value_12": 0.10956845343112943, "selection_12": 0, "shapley_value_13": 0.0006269580125808716, "selection_13": 0, "shapley_value_14": 0.0745564192533493, "selection_14": 0, "shapley_value_15": 0.037419255971908566, "selection_15": 0, "shapley_value_16": 0.10938331604003906, "selection_16": 0, "shapley_value_17": 0.0003721058368682861, "selection_17": 0, "shapley_value_18": 0.10969512403011324, "selection_18": 0, "shapley_value_19": 0.0007989329099655152, "selection_19": 0, "_timestamp": 1687792590.969898, "_runtime": 937.7591819763184, "_step": 99, "_wandb": {"runtime": 937}}