{"accuracy": 0.9177999496459961, "val_loss": 0.3162742853164673, "test_loss": 0.28714293241500854, "shapley_value_0": 0.0018342208862304685, "selection_0": 0, "shapley_value_1": 0.0003900003433227539, "selection_1": 0, "shapley_value_2": 0.0008148956298828125, "selection_2": 0, "shapley_value_3": 0.0010274982452392579, "selection_3": 0, "shapley_value_4": 0.0015163230895996094, "selection_4": 0, "shapley_value_5": 0.0019573211669921876, "selection_5": 0, "shapley_value_6": 0.0008694171905517578, "selection_6": 0, "shapley_value_7": 0.0024619150161743156, "selection_7": 0, "shapley_value_8": 0.001095166206359863, "selection_8": 0, "shapley_value_9": 0.0008703374862670899, "selection_9": 0, "shapley_value_10": 0.20396310149283903, "selection_10": 1, "shapley_value_11": 0.008369579315185545, "selection_11": 0, "shapley_value_12": 0.00521087646484375, "selection_12": 0, "shapley_value_13": 0.0024808835983276367, "selection_13": 0, "shapley_value_14": 0.003977828025817871, "selection_14": 0, "shapley_value_15": 0.005828113555908203, "selection_15": 0, "shapley_value_16": 0.002803854942321777, "selection_16": 0, "shapley_value_17": 0.2081293857949121, "selection_17": 1, "shapley_value_18": 0.004615654945373536, "selection_18": 0, "shapley_value_19": 0.002835674285888672, "selection_19": 0, "shapley_value_20": 0.10785373508930206, "selection_20": 0, "shapley_value_21": 0.012611861228942872, "selection_21": 0, "shapley_value_22": 0.011713552474975585, "selection_22": 0, "shapley_value_23": 0.014034738540649414, "selection_23": 0, "shapley_value_24": 0.014068665504455567, "selection_24": 0, "shapley_value_25": 0.00786280632019043, "selection_25": 0, "shapley_value_26": 0.017973380088806147, "selection_26": 0, "shapley_value_27": 0.007409648895263674, "selection_27": 0, "shapley_value_28": 0.00897736549377442, "selection_28": 0, "shapley_value_29": 0.00723651885986328, "selection_29": 0, "shapley_value_30": 0.027165536880493155, "selection_30": 0, "shapley_value_31": 0.03354722499847412, "selection_31": 0, "shapley_value_32": 0.019055037498474127, "selection_32": 0, "shapley_value_33": 0.024214153289794923, "selection_33": 0, "shapley_value_34": 0.01007643222808838, "selection_34": 0, "shapley_value_35": 0.019446253776550293, "selection_35": 0, "shapley_value_36": 0.028282294273376463, "selection_36": 0, "shapley_value_37": 0.011647500991821286, "selection_37": 0, "shapley_value_38": -0.00010331053482858758, "selection_38": 0, "shapley_value_39": 0.01624214172363282, "selection_39": 0, "shapley_value_40": 0.009401307106018069, "selection_40": 0, "shapley_value_41": 0.017995872497558595, "selection_41": 0, "shapley_value_42": 0.013722949028015132, "selection_42": 0, "shapley_value_43": 0.03335980892181396, "selection_43": 0, "shapley_value_44": 0.03205241203308105, "selection_44": 0, "shapley_value_45": 0.02481292724609375, "selection_45": 0, "shapley_value_46": 0.045998964309692386, "selection_46": 0, "shapley_value_47": 0.010308127403259277, "selection_47": 0, "shapley_value_48": 0.023633418083190912, "selection_48": 0, "shapley_value_49": 0.024104137420654287, "selection_49": 0, "shapley_value_50": 0.045125813484191896, "selection_50": 0, "shapley_value_51": 0.03149762153625489, "selection_51": 0, "shapley_value_52": 0.1224360865354538, "selection_52": 0, "shapley_value_53": 0.03887618303298952, "selection_53": 0, "shapley_value_54": 0.04644309759140014, "selection_54": 0, "shapley_value_55": 0.015624025166034698, "selection_55": 0, "shapley_value_56": -2.9576452154862254e-05, "selection_56": 0, "shapley_value_57": 0.03181962013244629, "selection_57": 0, "shapley_value_58": 0.038897345066070545, "selection_58": 0, "shapley_value_59": 0.01583374738693237, "selection_59": 0, "shapley_value_60": 0.08193214178085326, "selection_60": 0, "shapley_value_61": 0.107671959400177, "selection_61": 0, "shapley_value_62": 0.07162397623062132, "selection_62": 0, "shapley_value_63": 0.059755306243896494, "selection_63": 0, "shapley_value_64": 0.118515493273735, "selection_64": 0, "shapley_value_65": 0.06144654512405398, "selection_65": 0, "shapley_value_66": 0.08405041933059693, "selection_66": 0, "shapley_value_67": 0.08301459074020386, "selection_67": 0, "shapley_value_68": 0.08638709783554076, "selection_68": 0, "shapley_value_69": 0.09791026115417481, "selection_69": 0, "shapley_value_70": 0.1986497105129749, "selection_70": 1, "shapley_value_71": 0.10273324012756348, "selection_71": 0, "shapley_value_72": 0.05238769769668581, "selection_72": 0, "shapley_value_73": -0.0013064334267064144, "selection_73": 0, "shapley_value_74": 0.08675305604934692, "selection_74": 0, "shapley_value_75": 0.08504530668258667, "selection_75": 0, "shapley_value_76": 0.08970807790756227, "selection_76": 0, "shapley_value_77": 0.10038496971130371, "selection_77": 0, "shapley_value_78": 0.1978563893168837, "selection_78": 1, "shapley_value_79": -0.001320336994371916, "selection_79": 0, "shapley_value_80": 0.04482012987136841, "selection_80": 0, "shapley_value_81": 0.08919641733169556, "selection_81": 0, "shapley_value_82": -0.0016596317291259766, "selection_82": 0, "shapley_value_83": 0.20576567105464902, "selection_83": 1, "shapley_value_84": 0.11211435556411743, "selection_84": 0, "shapley_value_85": 0.08900068521499638, "selection_85": 0, "shapley_value_86": 0.21257960573169907, "selection_86": 1, "shapley_value_87": 0.09024152517318726, "selection_87": 0, "shapley_value_88": 0.06567968130111698, "selection_88": 0, "shapley_value_89": 0.12413423180580138, "selection_89": 0, "shapley_value_90": 0.10466059803962707, "selection_90": 0, "shapley_value_91": 0.0812344217300415, "selection_91": 0, "shapley_value_92": 0.20140505047639212, "selection_92": 1, "shapley_value_93": 0.12174981594085693, "selection_93": 0, "shapley_value_94": 0.21000283965799546, "selection_94": 1, "shapley_value_95": 0.0796123802661896, "selection_95": 0, "shapley_value_96": 0.22274744033813473, "selection_96": 1, "shapley_value_97": 0.12221276938915253, "selection_97": 0, "shapley_value_98": 0.10402964830398562, "selection_98": 0, "shapley_value_99": 0.2115523057640268, "selection_99": 1, "_timestamp": 1687907664.345771, "_runtime": 321.714919090271, "_step": 99, "_wandb": {"runtime": 320}}