{"loss": 0.3408590257167816, "accuracy": 0.9043999910354614, "average_active_clients": 10.0, "_timestamp": 1686665677.2906618, "_runtime": 26.496795892715454, "_step": 399, "_wandb": {"runtime": 24}}