{"accuracy": 0.9239999651908875, "val_loss": 0.2716246545314789, "test_loss": 0.25380733609199524, "shapley_value_0": -1.7880494962135955, "selection_0": 0, "shapley_value_1": -1.6528190883497396, "selection_1": 0, "shapley_value_2": -1.8117637554804489, "selection_2": 0, "shapley_value_3": -1.7631512690674178, "selection_3": 0, "shapley_value_4": -1.8184100816647213, "selection_4": 0, "shapley_value_5": -1.7943019201358155, "selection_5": 0, "shapley_value_6": -1.7801787320411564, "selection_6": 0, "shapley_value_7": -1.8163851916790008, "selection_7": 0, "shapley_value_8": -1.7370006243387857, "selection_8": 0, "shapley_value_9": -1.7198416234718428, "selection_9": 0, "shapley_value_10": -1.7999392290910083, "selection_10": 0, "shapley_value_11": -1.8109674682219825, "selection_11": 0, "shapley_value_12": -1.7218244183394644, "selection_12": 0, "shapley_value_13": -1.7527759364157012, "selection_13": 0, "shapley_value_14": -1.8101368447144826, "selection_14": 0, "shapley_value_15": -1.8098643740018208, "selection_15": 0, "shapley_value_16": -1.7330974191427229, "selection_16": 0, "shapley_value_17": -1.9048261344432833, "selection_17": 0, "shapley_value_18": -1.9060672365483786, "selection_18": 0, "shapley_value_19": -1.8217112561066948, "selection_19": 0, "shapley_value_20": -1.8057740507302462, "selection_20": 0, "shapley_value_21": -1.7209382429718971, "selection_21": 0, "shapley_value_22": -1.7634494711052289, "selection_22": 0, "shapley_value_23": -1.9055225936075049, "selection_23": 0, "shapley_value_24": -1.7457793905879513, "selection_24": 0, "shapley_value_25": -1.923044999440511, "selection_25": 0, "shapley_value_26": -1.9327647189299262, "selection_26": 0, "shapley_value_27": -1.888523315389951, "selection_27": 0, "shapley_value_28": -1.7616723550088478, "selection_28": 0, "shapley_value_29": -1.997837248775694, "selection_29": 0, "shapley_value_30": -1.7257056243908708, "selection_30": 1, "shapley_value_31": -2.0192508250474925, "selection_31": 0, "shapley_value_32": -1.5758341986035544, "selection_32": 1, "shapley_value_33": -1.739211529493332, "selection_33": 0, "shapley_value_34": -1.992607247261774, "selection_34": 1, "shapley_value_35": -1.975158601999283, "selection_35": 1, "shapley_value_36": -1.9040033363160636, "selection_36": 0, "shapley_value_37": -1.8144345700740814, "selection_37": 0, "shapley_value_38": -1.7500758386320536, "selection_38": 0, "shapley_value_39": -2.0616802831490832, "selection_39": 0, "_timestamp": 1687990692.1194177, "_runtime": 87.64879369735718, "_step": 99, "_wandb": {"runtime": 86}}