{"accuracy": 0.9359999895095825, "val_loss": 0.23370793461799622, "test_loss": 0.21297265589237213, "shapley_value_0": 0.17842656556102965, "selection_0": 0, "shapley_value_1": 0.19156757995486262, "selection_1": 0, "shapley_value_2": 0.23101547758687627, "selection_2": 1, "shapley_value_3": 0.23577063836834647, "selection_3": 0, "shapley_value_4": 0.1989798575639725, "selection_4": 0, "shapley_value_5": 0.22494439669630742, "selection_5": 0, "shapley_value_6": 0.22982067622921679, "selection_6": 0, "shapley_value_7": 0.1521217577324973, "selection_7": 0, "shapley_value_8": 0.20591492765828182, "selection_8": 0, "shapley_value_9": 0.24399732987989078, "selection_9": 0, "shapley_value_10": 0.202600269138813, "selection_10": 0, "shapley_value_11": 0.1938274483241533, "selection_11": 0, "shapley_value_12": 0.2134638288617134, "selection_12": 0, "shapley_value_13": 0.15545359257194732, "selection_13": 0, "shapley_value_14": 0.15536150637600155, "selection_14": 0, "shapley_value_15": 0.15589994877576827, "selection_15": 0, "shapley_value_16": 0.21355164399743076, "selection_16": 0, "shapley_value_17": 0.2080645244419575, "selection_17": 0, "shapley_value_18": 0.22852975980802015, "selection_18": 0, "shapley_value_19": 0.16391218357616, "selection_19": 0, "shapley_value_20": 0.18534810325503345, "selection_20": 0, "shapley_value_21": 0.1988020258843899, "selection_21": 0, "shapley_value_22": 0.17459529678026836, "selection_22": 0, "shapley_value_23": 0.22506524115800855, "selection_23": 1, "shapley_value_24": 0.24520163953304291, "selection_24": 0, "shapley_value_25": 0.1670813708504041, "selection_25": 0, "shapley_value_26": 0.20392206355929376, "selection_26": 0, "shapley_value_27": 0.17355048030614853, "selection_27": 0, "shapley_value_28": 0.20093462735414508, "selection_28": 0, "shapley_value_29": 0.21062094694375988, "selection_29": 0, "shapley_value_30": 0.2016804669515083, "selection_30": 0, "shapley_value_31": 0.20441144716739656, "selection_31": 0, "shapley_value_32": 0.24696126623587178, "selection_32": 0, "shapley_value_33": 0.20870786529779434, "selection_33": 0, "shapley_value_34": 0.21316556310653684, "selection_34": 0, "shapley_value_35": 0.17498421523779156, "selection_35": 0, "shapley_value_36": 0.18815864369273178, "selection_36": 1, "shapley_value_37": 0.21193161026998, "selection_37": 0, "shapley_value_38": 0.1990867903828621, "selection_38": 0, "shapley_value_39": 0.1695381323165364, "selection_39": 0, "shapley_value_40": 0.2031819179356098, "selection_40": 1, "shapley_value_41": 0.19019098606705662, "selection_41": 1, "shapley_value_42": 0.1555911454227235, "selection_42": 0, "shapley_value_43": 0.22922840513966297, "selection_43": 0, "shapley_value_44": 0.21053126100803676, "selection_44": 0, "shapley_value_45": 0.19926979649066928, "selection_45": 0, "shapley_value_46": 0.17561907751692665, "selection_46": 0, "shapley_value_47": 0.19519985431432724, "selection_47": 0, "shapley_value_48": 0.2091472570002079, "selection_48": 0, "shapley_value_49": 0.1722306626704004, "selection_49": 0, "shapley_value_50": 0.21698148369789122, "selection_50": 0, "shapley_value_51": 0.1901677938699722, "selection_51": 0, "shapley_value_52": 0.16382029682397845, "selection_52": 0, "shapley_value_53": 0.19149261182546612, "selection_53": 0, "shapley_value_54": 0.22948352510278872, "selection_54": 0, "shapley_value_55": 0.2493574878573418, "selection_55": 0, "shapley_value_56": 0.210548416018486, "selection_56": 0, "shapley_value_57": 0.20984297492287374, "selection_57": 1, "shapley_value_58": 0.15593427544274518, "selection_58": 0, "shapley_value_59": 0.1806254360742039, "selection_59": 0, "shapley_value_60": 0.20778612800491486, "selection_60": 0, "shapley_value_61": 0.1604983111553722, "selection_61": 0, "shapley_value_62": 0.15613274461693233, "selection_62": 0, "shapley_value_63": 0.1899655710160732, "selection_63": 0, "shapley_value_64": 0.16391747594751116, "selection_64": 0, "shapley_value_65": 0.2030784966349602, "selection_65": 0, "shapley_value_66": 0.22702462526884945, "selection_66": 0, "shapley_value_67": 0.2138266942501068, "selection_67": 0, "shapley_value_68": 0.1998151168823242, "selection_68": 0, "shapley_value_69": 0.20701539066433905, "selection_69": 0, "shapley_value_70": 0.1910194174349308, "selection_70": 1, "shapley_value_71": 0.19343023988604544, "selection_71": 0, "shapley_value_72": 0.17764793607923723, "selection_72": 0, "shapley_value_73": 0.13262505363672975, "selection_73": 0, "shapley_value_74": 0.19879981203612526, "selection_74": 0, "shapley_value_75": 0.21062601560354235, "selection_75": 0, "shapley_value_76": 0.22371839287606152, "selection_76": 0, "shapley_value_77": 0.1649439513683319, "selection_77": 0, "shapley_value_78": 0.19016537308692935, "selection_78": 1, "shapley_value_79": 0.17913200166490342, "selection_79": 0, "shapley_value_80": 0.20863696795701983, "selection_80": 1, "shapley_value_81": 0.21622550344467167, "selection_81": 0, "shapley_value_82": 0.25360696415106454, "selection_82": 0, "shapley_value_83": 0.1721744797627131, "selection_83": 0, "shapley_value_84": 0.17326928638749653, "selection_84": 0, "shapley_value_85": 0.1940252479910851, "selection_85": 0, "shapley_value_86": 0.23910341891375453, "selection_86": 0, "shapley_value_87": 0.1958675132393837, "selection_87": 0, "shapley_value_88": 0.24982875871161625, "selection_88": 1, "shapley_value_89": 0.16685600376791426, "selection_89": 0, "shapley_value_90": 0.2155770415067672, "selection_90": 0, "shapley_value_91": 0.20934910476207733, "selection_91": 0, "shapley_value_92": 0.25462840462724373, "selection_92": 0, "shapley_value_93": 0.18077591919236713, "selection_93": 0, "shapley_value_94": 0.25444667540490634, "selection_94": 0, "shapley_value_95": 0.20874469846487043, "selection_95": 0, "shapley_value_96": 0.2740090680619082, "selection_96": 0, "shapley_value_97": 0.2123001351681623, "selection_97": 0, "shapley_value_98": 0.18621135930168, "selection_98": 0, "shapley_value_99": 0.23513610102913604, "selection_99": 0, "_timestamp": 1687915339.888132, "_runtime": 328.11960220336914, "_step": 99, "_wandb": {"runtime": 326}}