{"accuracy": 0.10439999401569366, "val_loss": 2.3191518783569336, "test_loss": 2.3157026767730713, "_timestamp": 1688412007.3702974, "_runtime": 142.73128938674927, "_step": 99, "_wandb": {"runtime": 141}}