{"accuracy": 0.8589051365852356, "val_loss": 0.44514551758766174, "test_loss": 0.44054514169692993, "_timestamp": 1688039460.909128, "_runtime": 46.5670268535614, "_step": 99, "_wandb": {"runtime": 45}}