{"accuracy": 0.09699999541044235, "val_loss": 5.13088846206665, "test_loss": 5.215695858001709, "shapley_value_0": 3.064116341670354, "selection_0": 0, "shapley_value_1": 0, "selection_1": 0, "shapley_value_2": 1.9420102675755824, "selection_2": 0, "shapley_value_3": 1.9516007476382786, "selection_3": 0, "shapley_value_4": 0.11979448994000767, "selection_4": 0, "shapley_value_5": 2.175780503522782, "selection_5": 1, "shapley_value_6": -0.6513453404108691, "selection_6": 0, "shapley_value_7": 2.047862233537616, "selection_7": 0, "shapley_value_8": 0, "selection_8": 0, "shapley_value_9": -0.05830068389574494, "selection_9": 0, "shapley_value_10": -3.9912205537160226, "selection_10": 0, "shapley_value_11": 1.9135656849543259, "selection_11": 0, "shapley_value_12": -5.693808019161226, "selection_12": 0, "shapley_value_13": 0, "selection_13": 0, "shapley_value_14": -5.476422071456909, "selection_14": 0, "shapley_value_15": 0.5596981247266131, "selection_15": 0, "shapley_value_16": 2.7364057501157126, "selection_16": 0, "shapley_value_17": 4.330403383525594, "selection_17": 1, "shapley_value_18": 0, "selection_18": 0, "shapley_value_19": -0.6564839482307439, "selection_19": 0, "shapley_value_20": 1.8639146862206633, "selection_20": 0, "shapley_value_21": 0, "selection_21": 0, "shapley_value_22": 1.6395233454126306, "selection_22": 0, "shapley_value_23": -1.2487142533063886, "selection_23": 0, "shapley_value_24": 0, "selection_24": 0, "shapley_value_25": -3.7533642450968436, "selection_25": 0, "shapley_value_26": -4.449913342793785, "selection_26": 0, "shapley_value_27": 1.3711933332184947, "selection_27": 0, "shapley_value_28": 2.059230546156566, "selection_28": 1, "shapley_value_29": 0, "selection_29": 0, "shapley_value_30": 1.4549202381395825, "selection_30": 0, "shapley_value_31": 0, "selection_31": 0, "shapley_value_32": 0, "selection_32": 0, "shapley_value_33": 6.413610657056172, "selection_33": 1, "shapley_value_34": 1.0420100212097165, "selection_34": 0, "shapley_value_35": 1.1532150904337568, "selection_35": 0, "shapley_value_36": -0.5966685414314261, "selection_36": 0, "shapley_value_37": 0, "selection_37": 0, "shapley_value_38": 1.4989761947057185, "selection_38": 0, "shapley_value_39": 1.6490525725560308, "selection_39": 0, "shapley_value_40": 0.2496447331375545, "selection_40": 0, "shapley_value_41": 3.415329538939293, "selection_41": 0, "shapley_value_42": 2.1449110461216345, "selection_42": 0, "shapley_value_43": 1.588799546162287, "selection_43": 0, "shapley_value_44": 2.309355067710082, "selection_44": 1, "shapley_value_45": -1.427017043034236, "selection_45": 0, "shapley_value_46": 2.4665583426302122, "selection_46": 0, "shapley_value_47": 2.196714023749033, "selection_47": 0, "shapley_value_48": 0.33968330754174125, "selection_48": 0, "shapley_value_49": 1.5030004017882872, "selection_49": 0, "_timestamp": 1688390832.9486487, "_runtime": 115.10646867752075, "_step": 99, "_wandb": {"runtime": 113}}