{"accuracy": 0.9251999855041504, "val_loss": 0.27099373936653137, "test_loss": 0.2544843554496765, "shapley_value_0": -1.7782709275682764, "selection_0": 0, "shapley_value_1": -1.7853221905728178, "selection_1": 0, "shapley_value_2": -1.8750627194390155, "selection_2": 0, "shapley_value_3": -1.7459840953350068, "selection_3": 0, "shapley_value_4": -2.0663839436712714, "selection_4": 0, "shapley_value_5": -1.949084145327409, "selection_5": 1, "shapley_value_6": -1.9872968622616358, "selection_6": 0, "shapley_value_7": -1.8094943116108575, "selection_7": 0, "shapley_value_8": -1.9186840198106232, "selection_8": 0, "shapley_value_9": -1.7527007345969858, "selection_9": 0, "shapley_value_10": -1.9388269660649473, "selection_10": 0, "shapley_value_11": -1.88446691830953, "selection_11": 0, "shapley_value_12": -1.667753735593721, "selection_12": 0, "shapley_value_13": -1.682529490441084, "selection_13": 0, "shapley_value_14": -1.7002557558672766, "selection_14": 0, "shapley_value_15": -1.926417967787495, "selection_15": 0, "shapley_value_16": -1.5130038483020587, "selection_16": 0, "shapley_value_17": -2.0172216184437275, "selection_17": 0, "shapley_value_18": -2.0038691123326617, "selection_18": 0, "shapley_value_19": -1.7994415983557701, "selection_19": 0, "shapley_value_20": -1.8106396456559501, "selection_20": 0, "shapley_value_21": -1.7529354227913754, "selection_21": 0, "shapley_value_22": -1.4922693098584812, "selection_22": 0, "shapley_value_23": -1.9288236642325363, "selection_23": 1, "shapley_value_24": -1.6900538516541321, "selection_24": 0, "shapley_value_25": -1.8306476016839344, "selection_25": 0, "shapley_value_26": -1.942841821660598, "selection_26": 0, "shapley_value_27": -1.9631342351436616, "selection_27": 1, "shapley_value_28": -1.5409283389647805, "selection_28": 0, "shapley_value_29": -1.86818434242849, "selection_29": 0, "shapley_value_30": -1.6285897384990344, "selection_30": 0, "shapley_value_31": -2.0462217387698947, "selection_31": 0, "shapley_value_32": -1.5209020084804956, "selection_32": 0, "shapley_value_33": -1.6695471902688341, "selection_33": 0, "shapley_value_34": -1.951664866672622, "selection_34": 0, "shapley_value_35": -1.8855375816424687, "selection_35": 1, "shapley_value_36": -1.808678694746711, "selection_36": 0, "shapley_value_37": -1.719367802143097, "selection_37": 0, "shapley_value_38": -1.7198293079932534, "selection_38": 0, "shapley_value_39": -2.117913390199343, "selection_39": 0, "_timestamp": 1687992053.6194072, "_runtime": 86.28984427452087, "_step": 99, "_wandb": {"runtime": 84}}