{"accuracy": 0.8399186730384827, "val_loss": 0.5326498746871948, "test_loss": 0.5367424488067627, "_timestamp": 1687974977.0865035, "_runtime": 98.1769003868103, "_step": 99, "_wandb": {"runtime": 96}}