{"accuracy": 0.9339999556541443, "val_loss": 0.23501543700695038, "test_loss": 0.2205331027507782, "_timestamp": 1688026282.3435044, "_runtime": 139.0559434890747, "_step": 99, "_wandb": {"runtime": 137}}