{"accuracy": 0.14219999313354492, "val_loss": 4.276694297790527, "test_loss": 4.337790012359619, "_timestamp": 1688407337.1617994, "_runtime": 141.90009951591492, "_step": 99, "_wandb": {"runtime": 140}}