{"accuracy": 0.14219999313354492, "val_loss": 4.276610851287842, "test_loss": 4.337687015533447, "_timestamp": 1688406587.950903, "_runtime": 145.5890188217163, "_step": 99, "_wandb": {"runtime": 144}}