{"loss": 0.19695162773132324, "accuracy": 0.9412000179290771, "average_active_clients": 2.0, "_timestamp": 1687176470.6620588, "_runtime": 71.25868773460388, "_step": 99, "_wandb": {"runtime": 70}}