{"accuracy": 0.09719999879598618, "val_loss": 10.64289379119873, "test_loss": 10.714768409729004, "shapley_value_0": -1.2310170431931813, "selection_0": 0, "shapley_value_1": 11.072118511566748, "selection_1": 1, "shapley_value_2": 0.35792917013168335, "selection_2": 0, "shapley_value_3": -0.42304664850234985, "selection_3": 0, "shapley_value_4": -2.079778015613556, "selection_4": 0, "shapley_value_5": -1.1085361573431236, "selection_5": 0, "shapley_value_6": -4.086606105168659, "selection_6": 0, "shapley_value_7": -2.5308563431104023, "selection_7": 0, "shapley_value_8": -7.93419055143992, "selection_8": 0, "shapley_value_9": 0.27518232663472375, "selection_9": 0, "shapley_value_10": -4.057359168926874, "selection_10": 0, "shapley_value_11": -0.5942726234594984, "selection_11": 0, "shapley_value_12": -3.6403353313604994, "selection_12": 0, "shapley_value_13": 0.2808353900909424, "selection_13": 0, "shapley_value_14": -5.029948373635609, "selection_14": 0, "shapley_value_15": 0.07964475949605276, "selection_15": 0, "shapley_value_16": 9.976763502756755, "selection_16": 1, "shapley_value_17": -3.369279623031616, "selection_17": 0, "shapley_value_18": 10.422282486491733, "selection_18": 1, "shapley_value_19": 0.8120053907235472, "selection_19": 0, "shapley_value_20": -0.23822762568791722, "selection_20": 0, "shapley_value_21": -0.06669036547342966, "selection_21": 0, "shapley_value_22": -2.2699584762255363, "selection_22": 0, "shapley_value_23": 0.38219060500462776, "selection_23": 0, "shapley_value_24": -3.895574629306793, "selection_24": 0, "shapley_value_25": -1.5577266812324524, "selection_25": 0, "shapley_value_26": -0.08534105618794774, "selection_26": 0, "shapley_value_27": 0.6150456070899963, "selection_27": 0, "shapley_value_28": -1.9976951380570747, "selection_28": 0, "shapley_value_29": -7.016524404287338, "selection_29": 0, "shapley_value_30": -0.7944449583689364, "selection_30": 0, "shapley_value_31": 0.22876930236816317, "selection_31": 0, "shapley_value_32": -0.784711758295696, "selection_32": 0, "shapley_value_33": 0.14230720202128033, "selection_33": 0, "shapley_value_34": 0.6633996168772374, "selection_34": 0, "shapley_value_35": -1.0543265044689178, "selection_35": 0, "shapley_value_36": 1.1619219861924652, "selection_36": 1, "shapley_value_37": 0.23702555894851685, "selection_37": 0, "shapley_value_38": -8.775181869665783, "selection_38": 0, "shapley_value_39": 11.162159962642594, "selection_39": 1, "shapley_value_40": -0.4938268065452571, "selection_40": 0, "shapley_value_41": -1.629685501257578, "selection_41": 0, "shapley_value_42": -0.1038699746131897, "selection_42": 0, "shapley_value_43": -0.26435200373331735, "selection_43": 0, "shapley_value_44": 1.0166655338328827, "selection_44": 0, "shapley_value_45": -2.448851863543193, "selection_45": 0, "shapley_value_46": -6.165692895650861, "selection_46": 0, "shapley_value_47": -0.1727192401886002, "selection_47": 0, "shapley_value_48": -2.0041712125142412, "selection_48": 0, "shapley_value_49": -1.9930917322635646, "selection_49": 0, "_timestamp": 1688381205.3649654, "_runtime": 112.15013241767883, "_step": 99, "_wandb": {"runtime": 110}}