{"loss": 0.21932047605514526, "accuracy": 0.9350000023841858, "average_active_clients": 2.0, "client_values_0": -0.018604446202516556, "client_values_1": -0.039343275129795074, "client_values_2": -0.029325835406780243, "client_values_3": -0.019159063696861267, "client_values_4": -0.04691045731306076, "client_values_5": 0.0009232014417648315, "client_values_6": -0.005595669150352478, "client_values_7": -0.04271293058991432, "client_values_8": -0.10020202398300171, "client_values_9": -0.05657079815864563, "client_values_10": 0.03344591334462166, "client_values_11": 0.016175784170627594, "client_values_12": 0.005047705955803394, "client_values_13": 0.03042212873697281, "client_values_14": 0.021378271281719208, "client_values_15": 0.010929517447948456, "client_values_16": 0.023164916783571243, "client_values_17": 0.026773601770401, "client_values_18": 0.02446458302438259, "client_values_19": 0.03508022427558899, "_timestamp": 1687262793.0198593, "_runtime": 81.23731827735901, "_step": 99, "_wandb": {"runtime": 79}}