{"loss": 0.34406164288520813, "accuracy": 0.9027999639511108, "average_active_clients": 9.272499999999997, "_timestamp": 1686667649.3122342, "_runtime": 26.44938325881958, "_step": 399, "_wandb": {"runtime": 24}}