{"accuracy": 0.09699999541044235, "val_loss": 12.471382141113281, "test_loss": 12.606032371520996, "shapley_value_0": -1.9005973239739737, "selection_0": 0, "shapley_value_1": -0.01060924927393625, "selection_1": 0, "shapley_value_2": 10.396639720194756, "selection_2": 1, "shapley_value_3": -0.22517865896224976, "selection_3": 0, "shapley_value_4": -2.24384234348933, "selection_4": 0, "shapley_value_5": 9.814386564493176, "selection_5": 1, "shapley_value_6": -4.077128966649372, "selection_6": 0, "shapley_value_7": 9.521253719594739, "selection_7": 1, "shapley_value_8": -2.3493586977322893, "selection_8": 0, "shapley_value_9": -0.6081124643484745, "selection_9": 0, "shapley_value_10": -4.152970929940541, "selection_10": 0, "shapley_value_11": -1.8942159712314592, "selection_11": 0, "shapley_value_12": -7.194069822629293, "selection_12": 0, "shapley_value_13": -2.991540203491847, "selection_13": 0, "shapley_value_14": -5.275654474894206, "selection_14": 0, "shapley_value_15": 0.014582037925720215, "selection_15": 0, "shapley_value_16": 0.058170215288798136, "selection_16": 0, "shapley_value_17": -1.7950064539909358, "selection_17": 0, "shapley_value_18": -0.09170077244440655, "selection_18": 0, "shapley_value_19": -2.342398802439373, "selection_19": 0, "shapley_value_20": -0.3120924631754563, "selection_20": 0, "shapley_value_21": -0.17093052466710423, "selection_21": 0, "shapley_value_22": -1.3726420137617321, "selection_22": 0, "shapley_value_23": -7.476501067479453, "selection_23": 0, "shapley_value_24": -3.5057350993156433, "selection_24": 0, "shapley_value_25": -1.1426353851954145, "selection_25": 0, "shapley_value_26": -0.20935708284378007, "selection_26": 0, "shapley_value_27": -3.8855794966220856, "selection_27": 0, "shapley_value_28": 0.2018730640411377, "selection_28": 0, "shapley_value_29": -3.7160007158915214, "selection_29": 0, "shapley_value_30": -0.022359430789947732, "selection_30": 0, "shapley_value_31": 0.0717938741048183, "selection_31": 0, "shapley_value_32": -0.8600900868574761, "selection_32": 0, "shapley_value_33": 0.2251527508099871, "selection_33": 0, "shapley_value_34": -3.4896518786748256, "selection_34": 0, "shapley_value_35": -5.465022901693979, "selection_35": 0, "shapley_value_36": 2.213593358958596, "selection_36": 1, "shapley_value_37": 0.024308880170185176, "selection_37": 0, "shapley_value_38": -2.9664200146993007, "selection_38": 0, "shapley_value_39": -1.2351698080698643, "selection_39": 0, "shapley_value_40": -0.5032442212104793, "selection_40": 0, "shapley_value_41": -1.9981776873270682, "selection_41": 0, "shapley_value_42": 0.0735017458597822, "selection_42": 0, "shapley_value_43": -0.1807763377825422, "selection_43": 0, "shapley_value_44": 8.584269808026292, "selection_44": 1, "shapley_value_45": -2.07963345448176, "selection_45": 0, "shapley_value_46": -2.880452513694764, "selection_46": 0, "shapley_value_47": 0.2304699420928958, "selection_47": 0, "shapley_value_48": -1.6970011194547014, "selection_48": 0, "shapley_value_49": -3.43304165204366, "selection_49": 0, "_timestamp": 1688380419.4202235, "_runtime": 96.80216836929321, "_step": 99, "_wandb": {"runtime": 95}}