{"accuracy": 0.10279999673366547, "val_loss": 3.8385629653930664, "test_loss": 3.868533134460449, "shapley_value_0": 2.5086622430432226, "selection_0": 1, "shapley_value_1": 5.478208621342974, "selection_1": 1, "shapley_value_2": -1.0832377672195435, "selection_2": 0, "shapley_value_3": 3.349289651711781, "selection_3": 1, "shapley_value_4": -5.423075397809349, "selection_4": 0, "shapley_value_5": 1.8101269348462425, "selection_5": 0, "shapley_value_6": 0, "selection_6": 0, "shapley_value_7": 1.4956964909294514, "selection_7": 0, "shapley_value_8": 0, "selection_8": 0, "shapley_value_9": 0.26341068744659335, "selection_9": 0, "shapley_value_10": -1.864879061778387, "selection_10": 0, "shapley_value_11": -4.010172128677368, "selection_11": 0, "shapley_value_12": -4.708250363667808, "selection_12": 0, "shapley_value_13": -2.6803533633550014, "selection_13": 0, "shapley_value_14": 0.45607342322667455, "selection_14": 0, "shapley_value_15": 3.3155009746551514, "selection_15": 0, "shapley_value_16": 5.499782195707571, "selection_16": 1, "shapley_value_17": 4.767414524441674, "selection_17": 0, "shapley_value_18": 0.8535361289978018, "selection_18": 0, "shapley_value_19": -0.8543700211577944, "selection_19": 0, "shapley_value_20": 0.3626762462986834, "selection_20": 0, "shapley_value_21": -4.162603775660198, "selection_21": 0, "shapley_value_22": -0.9046799086389087, "selection_22": 0, "shapley_value_23": -14.482706387837727, "selection_23": 0, "shapley_value_24": -9.158019820849105, "selection_24": 0, "shapley_value_25": -10.080815593401589, "selection_25": 0, "shapley_value_26": -9.502875725428263, "selection_26": 0, "shapley_value_27": 1.972199984538703, "selection_27": 0, "shapley_value_28": 0.9309616883595784, "selection_28": 0, "shapley_value_29": 0.6925716267691708, "selection_29": 0, "shapley_value_30": 1.4595550696055097, "selection_30": 0, "shapley_value_31": -0.9561060269673654, "selection_31": 0, "shapley_value_32": 0, "selection_32": 0, "shapley_value_33": -12.292449275652565, "selection_33": 0, "shapley_value_34": 1.661290526390074, "selection_34": 0, "shapley_value_35": 0, "selection_35": 0, "shapley_value_36": 0.40409704049428363, "selection_36": 0, "shapley_value_37": 0.48917334857914224, "selection_37": 0, "shapley_value_38": 0.8294197694928039, "selection_38": 0, "shapley_value_39": 2.800260265668233, "selection_39": 1, "shapley_value_40": 0, "selection_40": 0, "shapley_value_41": 0, "selection_41": 0, "shapley_value_42": 3.2740273560796465, "selection_42": 0, "shapley_value_43": 1.6888326774040863, "selection_43": 0, "shapley_value_44": 0, "selection_44": 0, "shapley_value_45": -12.036992907524109, "selection_45": 0, "shapley_value_46": 2.400890592071745, "selection_46": 0, "shapley_value_47": 0, "selection_47": 0, "shapley_value_48": 0, "selection_48": 0, "shapley_value_49": 0, "selection_49": 0, "_timestamp": 1688393665.537327, "_runtime": 116.05797815322876, "_step": 99, "_wandb": {"runtime": 114}}