{"accuracy": 0.8094095587730408, "val_loss": 0.5551307797431946, "test_loss": 0.5537323951721191, "_timestamp": 1687988154.3881087, "_runtime": 85.32211875915527, "_step": 99, "_wandb": {"runtime": 83}}