{"accuracy": 0.09239999949932098, "val_loss": 2.611001491546631, "test_loss": 2.603429079055786, "_timestamp": 1688410965.0332747, "_runtime": 143.89836168289185, "_step": 99, "_wandb": {"runtime": 142}}