{"accuracy": 0.8198126554489136, "val_loss": 0.558693528175354, "test_loss": 0.5550552606582642, "_timestamp": 1687987423.2765775, "_runtime": 73.31585049629211, "_step": 99, "_wandb": {"runtime": 71}}