{"accuracy": 0.8391517996788025, "val_loss": 0.5020090937614441, "test_loss": 0.5047356486320496, "shapley_value_0": -1.3446071236221877, "selection_0": 0, "shapley_value_1": -1.1146726244025762, "selection_1": 0, "shapley_value_2": -1.479979835805439, "selection_2": 0, "shapley_value_3": -1.3521278533670638, "selection_3": 0, "shapley_value_4": -1.2834337438855852, "selection_4": 0, "shapley_value_5": -1.4562547008196516, "selection_5": 0, "shapley_value_6": -1.2795341699211686, "selection_6": 1, "shapley_value_7": -1.3357972651720047, "selection_7": 0, "shapley_value_8": -1.4251887367831333, "selection_8": 0, "shapley_value_9": -1.342714972794056, "selection_9": 0, "shapley_value_10": -1.3516816865830195, "selection_10": 0, "shapley_value_11": -1.4257038672765099, "selection_11": 0, "shapley_value_12": -1.5610796858867009, "selection_12": 0, "shapley_value_13": -1.146605911354224, "selection_13": 0, "shapley_value_14": -1.4510173709304242, "selection_14": 0, "shapley_value_15": -1.3970090528329213, "selection_15": 0, "shapley_value_16": -1.2506995532247762, "selection_16": 0, "shapley_value_17": -1.2832725064622033, "selection_17": 0, "shapley_value_18": -1.2899142379562056, "selection_18": 0, "shapley_value_19": -1.4347224976077222, "selection_19": 0, "shapley_value_20": -1.0926999524235728, "selection_20": 1, "shapley_value_21": -1.1959223598241808, "selection_21": 0, "shapley_value_22": -1.3481340507666268, "selection_22": 0, "shapley_value_23": -1.1339656074841817, "selection_23": 0, "shapley_value_24": -1.3424141456683476, "selection_24": 0, "shapley_value_25": -1.0956388144266036, "selection_25": 0, "shapley_value_26": -1.3433883569457314, "selection_26": 0, "shapley_value_27": -1.099721852577094, "selection_27": 0, "shapley_value_28": -1.2595718017330875, "selection_28": 0, "shapley_value_29": -1.55230945845445, "selection_29": 1, "shapley_value_30": -1.549281187852224, "selection_30": 0, "shapley_value_31": -1.3832125604152679, "selection_31": 0, "shapley_value_32": -1.2714470605055492, "selection_32": 0, "shapley_value_33": -1.1547854708300698, "selection_33": 0, "shapley_value_34": -1.4778081359285302, "selection_34": 0, "shapley_value_35": -1.5736076125392209, "selection_35": 0, "shapley_value_36": -1.2381161096550168, "selection_36": 1, "shapley_value_37": -1.299597366650899, "selection_37": 0, "shapley_value_38": -1.4056347102829905, "selection_38": 0, "shapley_value_39": -1.3132734740221936, "selection_39": 0, "_timestamp": 1687971622.3387456, "_runtime": 80.85084748268127, "_step": 99, "_wandb": {"runtime": 79}}