{"accuracy": 0.18119999766349792, "val_loss": 2.5445680618286133, "test_loss": 2.5890109539031982, "_timestamp": 1688401859.3864563, "_runtime": 94.55279016494751, "_step": 99, "_wandb": {"runtime": 93}}