{"accuracy": 0.1289999932050705, "val_loss": 2.9915199279785156, "test_loss": 3.0246078968048096, "_timestamp": 1688399399.0107322, "_runtime": 97.02798914909363, "_step": 99, "_wandb": {"runtime": 95}}