{"accuracy": 0.9350000023841858, "val_loss": 0.24195116758346558, "test_loss": 0.2276836484670639, "_timestamp": 1687869242.8461983, "_runtime": 137.86486840248108, "_step": 99, "_wandb": {"runtime": 136}}