{"loss": 0.33365023136138916, "accuracy": 0.9070000052452087, "average_active_clients": 10.0, "_timestamp": 1686667784.5677679, "_runtime": 25.41878390312195, "_step": 399, "_wandb": {"runtime": 23}}