{"accuracy": 0.824013888835907, "val_loss": 0.5123046636581421, "test_loss": 0.5157700181007385, "shapley_value_0": -1.144525110721588, "selection_0": 0, "shapley_value_1": -1.2215079750333513, "selection_1": 0, "shapley_value_2": -1.3740718166033425, "selection_2": 0, "shapley_value_3": -1.2450121442476911, "selection_3": 0, "shapley_value_4": -1.3117038408915203, "selection_4": 0, "shapley_value_5": -1.3084572310800902, "selection_5": 0, "shapley_value_6": -1.2176877558231356, "selection_6": 0, "shapley_value_7": -1.2583088704517909, "selection_7": 0, "shapley_value_8": -1.4652238170305885, "selection_8": 0, "shapley_value_9": -1.643101147810618, "selection_9": 0, "shapley_value_10": -1.1088782495922513, "selection_10": 0, "shapley_value_11": -1.38567054271698, "selection_11": 0, "shapley_value_12": -1.3548215284492031, "selection_12": 0, "shapley_value_13": -1.2797336853467498, "selection_13": 0, "shapley_value_14": -1.596376825462688, "selection_14": 0, "shapley_value_15": -1.0037265939590259, "selection_15": 0, "shapley_value_16": -1.439571350812912, "selection_16": 0, "shapley_value_17": -1.6075612058242164, "selection_17": 0, "shapley_value_18": -1.300596370299657, "selection_18": 0, "shapley_value_19": -1.388192760447661, "selection_19": 0, "shapley_value_20": -1.4052688905170985, "selection_20": 0, "shapley_value_21": -1.3958454688390096, "selection_21": 1, "shapley_value_22": -1.3158690333366394, "selection_22": 0, "shapley_value_23": -1.2490936319033308, "selection_23": 0, "shapley_value_24": -1.08694658809238, "selection_24": 0, "shapley_value_25": -1.3810514731284902, "selection_25": 0, "shapley_value_26": -1.1430118370939184, "selection_26": 0, "shapley_value_27": -1.2681623101234436, "selection_27": 0, "shapley_value_28": -1.1083283954196508, "selection_28": 1, "shapley_value_29": -1.1324284215768177, "selection_29": 0, "shapley_value_30": -1.3045589009920755, "selection_30": 0, "shapley_value_31": -1.4958429402775237, "selection_31": 0, "shapley_value_32": -1.322343497049241, "selection_32": 0, "shapley_value_33": -1.4796659492311022, "selection_33": 0, "shapley_value_34": -1.47136691764549, "selection_34": 0, "shapley_value_35": -1.4104034329454103, "selection_35": 1, "shapley_value_36": -1.51175806671381, "selection_36": 1, "shapley_value_37": -1.1993872589535182, "selection_37": 0, "shapley_value_38": -1.4900620977083843, "selection_38": 0, "shapley_value_39": -1.5761545388786875, "selection_39": 0, "_timestamp": 1687971964.4431653, "_runtime": 77.82270836830139, "_step": 99, "_wandb": {"runtime": 76}}