{"loss": 0.31162184476852417, "accuracy": 0.9113999605178833, "average_active_clients": 10.0, "_timestamp": 1686667584.3670318, "_runtime": 25.771735906600952, "_step": 399, "_wandb": {"runtime": 23}}