{"accuracy": 0.1387999951839447, "val_loss": 3.3881285190582275, "test_loss": 3.432955741882324, "shapley_value_0": 1.3462165037790936, "selection_0": 0, "shapley_value_1": 3.1669270771521107, "selection_1": 0, "shapley_value_2": 2.100426804688242, "selection_2": 0, "shapley_value_3": 3.4437637357484734, "selection_3": 0, "shapley_value_4": -2.764079814155897, "selection_4": 0, "shapley_value_5": 0.680892418932032, "selection_5": 1, "shapley_value_6": -0.8365777134895328, "selection_6": 0, "shapley_value_7": 1.0981473109938884, "selection_7": 0, "shapley_value_8": -0.03419514780952815, "selection_8": 1, "shapley_value_9": -1.574729732672373, "selection_9": 0, "shapley_value_10": 1.4228401243686677, "selection_10": 0, "shapley_value_11": -0.5351612998379602, "selection_11": 0, "shapley_value_12": -2.4732257872819896, "selection_12": 0, "shapley_value_13": -0.5579013341949096, "selection_13": 0, "shapley_value_14": -4.41322227815787, "selection_14": 1, "shapley_value_15": -0.9225835469033985, "selection_15": 0, "shapley_value_16": 3.319383559519784, "selection_16": 1, "shapley_value_17": 0.9776905156947941, "selection_17": 0, "shapley_value_18": 3.9501784435907994, "selection_18": 0, "shapley_value_19": -3.6723337918519983, "selection_19": 0, "shapley_value_20": 0.5113242492079735, "selection_20": 0, "shapley_value_21": 1.3771500368913014, "selection_21": 0, "shapley_value_22": 0.05107874245870647, "selection_22": 0, "shapley_value_23": -2.8072229474782944, "selection_23": 0, "shapley_value_24": -3.455628742774327, "selection_24": 0, "shapley_value_25": -4.659230242172876, "selection_25": 0, "shapley_value_26": -4.335380388630761, "selection_26": 0, "shapley_value_27": 0.7549411177635195, "selection_27": 0, "shapley_value_28": 0.2965084811051685, "selection_28": 0, "shapley_value_29": -3.397188812494278, "selection_29": 0, "shapley_value_30": 2.1818467974662776, "selection_30": 0, "shapley_value_31": -0.3215294934454412, "selection_31": 0, "shapley_value_32": 1.2180292805035908, "selection_32": 0, "shapley_value_33": 2.7731971203112136, "selection_33": 0, "shapley_value_34": 0.1489297265098212, "selection_34": 0, "shapley_value_35": -2.6474081377188368, "selection_35": 0, "shapley_value_36": 4.626821797234671, "selection_36": 0, "shapley_value_37": -0.5579265654087067, "selection_37": 0, "shapley_value_38": -0.48350035481982817, "selection_38": 0, "shapley_value_39": 4.0502340487944775, "selection_39": 1, "shapley_value_40": -1.9960539539655044, "selection_40": 0, "shapley_value_41": -1.2219769789112938, "selection_41": 0, "shapley_value_42": 2.241504623776391, "selection_42": 0, "shapley_value_43": 2.157703068011846, "selection_43": 0, "shapley_value_44": 4.192236158109847, "selection_44": 0, "shapley_value_45": -4.449988265832265, "selection_45": 0, "shapley_value_46": 3.311144932111104, "selection_46": 0, "shapley_value_47": -0.069023719855717, "selection_47": 0, "shapley_value_48": -0.6790137026045059, "selection_48": 0, "shapley_value_49": 0.513439307610194, "selection_49": 0, "_timestamp": 1688383765.8034022, "_runtime": 110.66627717018127, "_step": 99, "_wandb": {"runtime": 109}}