{"accuracy": 0.39719998836517334, "val_loss": 1.8995379209518433, "test_loss": 1.9177166223526, "shapley_value_0": -0.664748443497552, "selection_0": 0, "shapley_value_1": -0.39162760622361137, "selection_1": 0, "shapley_value_2": -0.9488674203554787, "selection_2": 0, "shapley_value_3": -0.8778689622879028, "selection_3": 0, "shapley_value_4": -0.8401022127696448, "selection_4": 0, "shapley_value_5": -0.8574641784032186, "selection_5": 0, "shapley_value_6": -0.7526967695781163, "selection_6": 0, "shapley_value_7": -0.9407710075378415, "selection_7": 0, "shapley_value_8": -0.8273417088720532, "selection_8": 0, "shapley_value_9": -0.7647790624981833, "selection_9": 0, "shapley_value_10": -1.0480044603347782, "selection_10": 0, "shapley_value_11": -0.9255572636922202, "selection_11": 0, "shapley_value_12": -0.6479092389345171, "selection_12": 0, "shapley_value_13": -0.5333828420350045, "selection_13": 0, "shapley_value_14": -0.7075662499382381, "selection_14": 0, "shapley_value_15": -1.1416938602924345, "selection_15": 0, "shapley_value_16": -0.7334398315066386, "selection_16": 0, "shapley_value_17": -0.9488478203614554, "selection_17": 0, "shapley_value_18": -1.0316098332405088, "selection_18": 0, "shapley_value_19": -0.6620414753754934, "selection_19": 0, "shapley_value_20": -0.8068164246422901, "selection_20": 0, "shapley_value_21": -0.3345796845176004, "selection_21": 1, "shapley_value_22": -0.36375912753018463, "selection_22": 1, "shapley_value_23": -0.7371351094472975, "selection_23": 0, "shapley_value_24": -0.6339870647147848, "selection_24": 0, "shapley_value_25": -1.0564888517061868, "selection_25": 0, "shapley_value_26": -1.0704523821671805, "selection_26": 0, "shapley_value_27": -0.4341429869333903, "selection_27": 0, "shapley_value_28": -0.31722098509470614, "selection_28": 1, "shapley_value_29": -1.1081395347913106, "selection_29": 0, "shapley_value_30": -0.4294810030195447, "selection_30": 0, "shapley_value_31": -1.2347546021143605, "selection_31": 0, "shapley_value_32": 0.16728639011984464, "selection_32": 1, "shapley_value_33": -0.7097429775056382, "selection_33": 0, "shapley_value_34": -0.6281857043504712, "selection_34": 0, "shapley_value_35": -0.9446526567141215, "selection_35": 0, "shapley_value_36": -0.7535718149609038, "selection_36": 0, "shapley_value_37": -0.6700884456987733, "selection_37": 0, "shapley_value_38": -0.4517281623113723, "selection_38": 0, "shapley_value_39": -1.0138016740481057, "selection_39": 0, "_timestamp": 1687960667.1209905, "_runtime": 82.02745962142944, "_step": 99, "_wandb": {"runtime": 80}}