{"accuracy": 0.09719999879598618, "val_loss": 7.277650833129883, "test_loss": 7.349454879760742, "shapley_value_0": 0.784525861342748, "selection_0": 0, "shapley_value_1": 7.498285772654929, "selection_1": 1, "shapley_value_2": -2.8073912421862284, "selection_2": 0, "shapley_value_3": -1.0300775686899821, "selection_3": 0, "shapley_value_4": -5.82673015197118, "selection_4": 0, "shapley_value_5": 0.012055867248111104, "selection_5": 0, "shapley_value_6": 0.7225907047589621, "selection_6": 0, "shapley_value_7": 0.810193396749951, "selection_7": 0, "shapley_value_8": -1.2700977444648742, "selection_8": 0, "shapley_value_9": -1.949847792585691, "selection_9": 0, "shapley_value_10": -0.30041637023289935, "selection_10": 0, "shapley_value_11": -1.8323777198791504, "selection_11": 0, "shapley_value_12": -4.639537816246351, "selection_12": 0, "shapley_value_13": -1.377745027343432, "selection_13": 0, "shapley_value_14": -7.9218051566018, "selection_14": 0, "shapley_value_15": -2.4163220127423606, "selection_15": 0, "shapley_value_16": 7.188708790080259, "selection_16": 1, "shapley_value_17": -1.9533053557078042, "selection_17": 0, "shapley_value_18": 7.003121065504756, "selection_18": 1, "shapley_value_19": -7.403067323896619, "selection_19": 0, "shapley_value_20": -1.5251408682929144, "selection_20": 0, "shapley_value_21": -0.8110164437029098, "selection_21": 0, "shapley_value_22": -3.0666588584582, "selection_22": 0, "shapley_value_23": -1.5843205451965336, "selection_23": 0, "shapley_value_24": -7.723428659968907, "selection_24": 0, "shapley_value_25": -5.137584322028689, "selection_25": 0, "shapley_value_26": -5.8383734358681565, "selection_26": 0, "shapley_value_27": 3.951122214396794, "selection_27": 0, "shapley_value_28": -3.5421103636423745, "selection_28": 0, "shapley_value_29": -2.5860059579213455, "selection_29": 0, "shapley_value_30": 0.11815049818583948, "selection_30": 1, "shapley_value_31": -0.23207411879584935, "selection_31": 0, "shapley_value_32": -1.2801560958226517, "selection_32": 0, "shapley_value_33": -0.5269603956313362, "selection_33": 0, "shapley_value_34": -1.4459476629892982, "selection_34": 0, "shapley_value_35": -8.561781730916765, "selection_35": 0, "shapley_value_36": 3.5137190650670957, "selection_36": 0, "shapley_value_37": 0.47731410132514124, "selection_37": 0, "shapley_value_38": -3.3122092584768934, "selection_38": 0, "shapley_value_39": 7.394815875911244, "selection_39": 1, "shapley_value_40": -4.553870623310408, "selection_40": 0, "shapley_value_41": -2.055697078506153, "selection_41": 0, "shapley_value_42": 0.0005077090528278205, "selection_42": 0, "shapley_value_43": -0.7068566348817619, "selection_43": 0, "shapley_value_44": 2.5854832748572028, "selection_44": 0, "shapley_value_45": -4.669623911380767, "selection_45": 0, "shapley_value_46": -2.142793857389026, "selection_46": 0, "shapley_value_47": -1.526518707474072, "selection_47": 0, "shapley_value_48": -3.7966993848482775, "selection_48": 0, "shapley_value_49": -1.3972826368278932, "selection_49": 0, "_timestamp": 1688384002.3285697, "_runtime": 111.47449469566345, "_step": 99, "_wandb": {"runtime": 109}}