{"loss": 0.22121933102607727, "accuracy": 0.9353999495506287, "average_active_clients": 4.0, "_timestamp": 1686668411.070039, "_runtime": 129.12567114830017, "_step": 399, "_wandb": {"runtime": 125}}