{"accuracy": 0.0965999960899353, "val_loss": 4.296813488006592, "test_loss": 4.373368263244629, "shapley_value_0": 3.1150217359348895, "selection_0": 1, "shapley_value_1": 0, "selection_1": 0, "shapley_value_2": 2.8301936528748928, "selection_2": 0, "shapley_value_3": 0, "selection_3": 0, "shapley_value_4": -2.352568030357361, "selection_4": 0, "shapley_value_5": 5.081698831283685, "selection_5": 1, "shapley_value_6": 0.9979163077142509, "selection_6": 0, "shapley_value_7": 3.1543429550670448, "selection_7": 0, "shapley_value_8": 3.628916838875523, "selection_8": 0, "shapley_value_9": 0.3304158548514049, "selection_9": 0, "shapley_value_10": -1.322826361656189, "selection_10": 0, "shapley_value_11": 1.712767466350838, "selection_11": 0, "shapley_value_12": 0, "selection_12": 0, "shapley_value_13": 1.593593623903063, "selection_13": 0, "shapley_value_14": -8.650349458058676, "selection_14": 0, "shapley_value_15": 1.619385399200298, "selection_15": 0, "shapley_value_16": 1.8697152371500059, "selection_16": 1, "shapley_value_17": 1.5839493362991897, "selection_17": 0, "shapley_value_18": 0, "selection_18": 0, "shapley_value_19": -1.1493056615193673, "selection_19": 0, "shapley_value_20": 2.0168782890888677, "selection_20": 0, "shapley_value_21": 2.544142074528195, "selection_21": 0, "shapley_value_22": 2.2439689954121915, "selection_22": 0, "shapley_value_23": -4.181033690770466, "selection_23": 0, "shapley_value_24": -6.955195824305218, "selection_24": 0, "shapley_value_25": -5.879657785097759, "selection_25": 0, "shapley_value_26": -4.449913203716278, "selection_26": 0, "shapley_value_27": 2.128989375105091, "selection_27": 0, "shapley_value_28": 2.8380375723044073, "selection_28": 1, "shapley_value_29": 0.7170321623484295, "selection_29": 0, "shapley_value_30": 0, "selection_30": 0, "shapley_value_31": 0, "selection_31": 0, "shapley_value_32": 2.5112692525794915, "selection_32": 0, "shapley_value_33": 0, "selection_33": 0, "shapley_value_34": -1.3222095568974819, "selection_34": 0, "shapley_value_35": 1.0164248148600268, "selection_35": 0, "shapley_value_36": -0.1095987359682719, "selection_36": 0, "shapley_value_37": 1.6660100524885617, "selection_37": 0, "shapley_value_38": 0, "selection_38": 0, "shapley_value_39": 2.53741592168808, "selection_39": 0, "shapley_value_40": 0, "selection_40": 0, "shapley_value_41": 1.9939747804250474, "selection_41": 1, "shapley_value_42": 3.4052036748482624, "selection_42": 0, "shapley_value_43": -1.859935124715168, "selection_43": 0, "shapley_value_44": 0, "selection_44": 0, "shapley_value_45": 0.47174189488093177, "selection_45": 0, "shapley_value_46": 3.555053906503066, "selection_46": 0, "shapley_value_47": 4.561548037661447, "selection_47": 0, "shapley_value_48": 0.2717612783114123, "selection_48": 0, "shapley_value_49": 3.0437340885400777, "selection_49": 0, "_timestamp": 1688392008.9520278, "_runtime": 113.57399487495422, "_step": 99, "_wandb": {"runtime": 112}}