{"accuracy": 0.799373209476471, "val_loss": 0.5429849624633789, "test_loss": 0.5426571369171143, "shapley_value_0": -1.3455623697351529, "selection_0": 0, "shapley_value_1": -1.010228345791499, "selection_1": 0, "shapley_value_2": -1.0078428164124489, "selection_2": 0, "shapley_value_3": -1.235524336496989, "selection_3": 0, "shapley_value_4": -1.1888943195343018, "selection_4": 0, "shapley_value_5": -1.2494975372597024, "selection_5": 0, "shapley_value_6": -1.4356580728139634, "selection_6": 1, "shapley_value_7": -1.45264556672838, "selection_7": 0, "shapley_value_8": -1.0710163485436213, "selection_8": 0, "shapley_value_9": -1.0759392142295838, "selection_9": 0, "shapley_value_10": -1.4816325977444653, "selection_10": 0, "shapley_value_11": -1.468321904540062, "selection_11": 0, "shapley_value_12": -1.3929458612050765, "selection_12": 0, "shapley_value_13": -1.1766583558284873, "selection_13": 0, "shapley_value_14": -1.3171653492110116, "selection_14": 0, "shapley_value_15": -1.6125330577294033, "selection_15": 0, "shapley_value_16": -1.393067378264207, "selection_16": 0, "shapley_value_17": -1.1812369426091516, "selection_17": 0, "shapley_value_18": -1.475756511543736, "selection_18": 0, "shapley_value_19": -1.286226557691892, "selection_19": 1, "shapley_value_20": -0.9511319838819049, "selection_20": 0, "shapley_value_21": -1.341719890634219, "selection_21": 0, "shapley_value_22": -1.279131549777407, "selection_22": 0, "shapley_value_23": -0.9344649621934603, "selection_23": 0, "shapley_value_24": -1.406225812931856, "selection_24": 0, "shapley_value_25": -1.296260270205411, "selection_25": 0, "shapley_value_26": -1.3544085539049577, "selection_26": 0, "shapley_value_27": -1.2348897125985887, "selection_27": 0, "shapley_value_28": -1.2827928081536903, "selection_28": 0, "shapley_value_29": -1.3409652170680815, "selection_29": 0, "shapley_value_30": -1.5895396735933094, "selection_30": 0, "shapley_value_31": -1.2983050728455567, "selection_31": 1, "shapley_value_32": -1.1321036484506397, "selection_32": 0, "shapley_value_33": -1.2317906399567924, "selection_33": 0, "shapley_value_34": -1.3354191443859, "selection_34": 0, "shapley_value_35": -1.6533648247520132, "selection_35": 1, "shapley_value_36": -0.9940939999762036, "selection_36": 0, "shapley_value_37": -1.394901014509655, "selection_37": 0, "shapley_value_38": -1.4436435858408607, "selection_38": 0, "shapley_value_39": -1.375727194547653, "selection_39": 0, "_timestamp": 1687985707.5961068, "_runtime": 74.3288676738739, "_step": 99, "_wandb": {"runtime": 72}}