{"accuracy": 0.09699999541044235, "val_loss": 12.605864524841309, "test_loss": 12.753081321716309, "shapley_value_0": -1.9371496240297947, "selection_0": 0, "shapley_value_1": -1.6616170803705854, "selection_1": 0, "shapley_value_2": 10.531411702350033, "selection_2": 1, "shapley_value_3": -0.40504074096679865, "selection_3": 0, "shapley_value_4": -1.9129432837168387, "selection_4": 0, "shapley_value_5": 9.816891705989836, "selection_5": 1, "shapley_value_6": -5.3054755727450065, "selection_6": 0, "shapley_value_7": 9.524446232892847, "selection_7": 1, "shapley_value_8": -2.7075612843036625, "selection_8": 0, "shapley_value_9": -0.1326526900132512, "selection_9": 0, "shapley_value_10": -3.7410016556580867, "selection_10": 0, "shapley_value_11": -0.5358166595300027, "selection_11": 0, "shapley_value_12": -7.345811545848846, "selection_12": 0, "shapley_value_13": -5.695335159699121, "selection_13": 0, "shapley_value_14": -4.801224529743195, "selection_14": 0, "shapley_value_15": 0.19271612167358398, "selection_15": 0, "shapley_value_16": -0.29712038948422353, "selection_16": 0, "shapley_value_17": -1.9827830890814448, "selection_17": 0, "shapley_value_18": -0.023354207475979605, "selection_18": 0, "shapley_value_19": -3.177607258160908, "selection_19": 0, "shapley_value_20": -0.5839471518993369, "selection_20": 0, "shapley_value_21": 0.06301416953404804, "selection_21": 0, "shapley_value_22": -2.6279269456863394, "selection_22": 0, "shapley_value_23": -0.5943852265675869, "selection_23": 0, "shapley_value_24": -3.2276053826014177, "selection_24": 0, "shapley_value_25": -2.3029688000679016, "selection_25": 0, "shapley_value_26": 0.07248351971308375, "selection_26": 0, "shapley_value_27": -0.9867124656836188, "selection_27": 0, "shapley_value_28": -0.24378544092178323, "selection_28": 0, "shapley_value_29": -3.433648357788721, "selection_29": 0, "shapley_value_30": -1.0225218137105312, "selection_30": 0, "shapley_value_31": -0.037204106648762725, "selection_31": 0, "shapley_value_32": 0.055293530225753784, "selection_32": 0, "shapley_value_33": 0.07626436154047589, "selection_33": 0, "shapley_value_34": -3.829450845718382, "selection_34": 0, "shapley_value_35": -4.986632903416952, "selection_35": 0, "shapley_value_36": 2.469723902124189, "selection_36": 1, "shapley_value_37": -0.04430596033732215, "selection_37": 0, "shapley_value_38": -3.1181482275327035, "selection_38": 0, "shapley_value_39": -1.0176306565602609, "selection_39": 0, "shapley_value_40": -0.5135699709256487, "selection_40": 0, "shapley_value_41": -2.1325668295224496, "selection_41": 0, "shapley_value_42": -1.3691460986932125, "selection_42": 0, "shapley_value_43": -0.09609774748484234, "selection_43": 0, "shapley_value_44": 8.676005084193154, "selection_44": 1, "shapley_value_45": -1.8245334823926296, "selection_45": 0, "shapley_value_46": -2.214205543200174, "selection_46": 0, "shapley_value_47": -0.29923990368843034, "selection_47": 0, "shapley_value_48": -2.1738126277923566, "selection_48": 0, "shapley_value_49": -0.3154954512914032, "selection_49": 0, "_timestamp": 1688379893.4996576, "_runtime": 99.72670674324036, "_step": 99, "_wandb": {"runtime": 98}}