{"accuracy": 0.9375999569892883, "val_loss": 0.23052392899990082, "test_loss": 0.21603403985500336, "shapley_value_0": -1.7411317045489945, "selection_0": 0, "shapley_value_1": -1.7427651569247247, "selection_1": 0, "shapley_value_2": -1.7257492616772652, "selection_2": 0, "shapley_value_3": -1.7434149160981178, "selection_3": 0, "shapley_value_4": -1.752837814887365, "selection_4": 0, "shapley_value_5": -1.7571706980466846, "selection_5": 0, "shapley_value_6": -1.7601453979810082, "selection_6": 0, "shapley_value_7": -1.7486705144246417, "selection_7": 0, "shapley_value_8": -1.7714529742797214, "selection_8": 0, "shapley_value_9": -1.744730641444524, "selection_9": 0, "shapley_value_10": -1.7719167610009514, "selection_10": 0, "shapley_value_11": -1.765008247892062, "selection_11": 0, "shapley_value_12": -1.781074380377928, "selection_12": 0, "shapley_value_13": -1.7896371250351273, "selection_13": 0, "shapley_value_14": -1.7731410205364226, "selection_14": 0, "shapley_value_15": -1.7807378401358922, "selection_15": 0, "shapley_value_16": -1.7612582971652349, "selection_16": 0, "shapley_value_17": -1.7953348194559413, "selection_17": 0, "shapley_value_18": -1.8022209967176122, "selection_18": 0, "shapley_value_19": -1.7622277975082394, "selection_19": 0, "shapley_value_20": -1.8256822317838668, "selection_20": 0, "shapley_value_21": -1.8166810512542724, "selection_21": 0, "shapley_value_22": -1.8128641933202743, "selection_22": 0, "shapley_value_23": -1.8200428128242492, "selection_23": 0, "shapley_value_24": -1.8377606953183812, "selection_24": 0, "shapley_value_25": -1.8446519806981083, "selection_25": 0, "shapley_value_26": -1.8437081659833592, "selection_26": 0, "shapley_value_27": -1.8485325450698535, "selection_27": 0, "shapley_value_28": -1.866696135699749, "selection_28": 0, "shapley_value_29": -1.8718721484144532, "selection_29": 0, "shapley_value_30": -1.8774538214008014, "selection_30": 0, "shapley_value_31": -1.8668484911322594, "selection_31": 0, "shapley_value_32": -1.9011956845720615, "selection_32": 0, "shapley_value_33": -1.8976063862442971, "selection_33": 0, "shapley_value_34": -1.9023967122038203, "selection_34": 0, "shapley_value_35": -1.89743211021026, "selection_35": 0, "shapley_value_36": -1.9184839377800624, "selection_36": 1, "shapley_value_37": -1.9148144354422887, "selection_37": 1, "shapley_value_38": -1.919680186112722, "selection_38": 1, "shapley_value_39": -1.927464882532756, "selection_39": 1, "_timestamp": 1688021798.911063, "_runtime": 90.0300760269165, "_step": 99, "_wandb": {"runtime": 88}}