{"accuracy": 0.10239999741315842, "val_loss": 12.936630249023438, "test_loss": 12.882222175598145, "shapley_value_0": 1.8664207657178244, "selection_0": 0, "shapley_value_1": 2.6489664135557245, "selection_1": 0, "shapley_value_2": -0.22954944485709763, "selection_2": 0, "shapley_value_3": 7.9533008800612555, "selection_3": 1, "shapley_value_4": -2.440695633490881, "selection_4": 0, "shapley_value_5": 2.165746080378692, "selection_5": 0, "shapley_value_6": -1.5259421070416768, "selection_6": 0, "shapley_value_7": 2.233958695616041, "selection_7": 0, "shapley_value_8": 8.212119959551712, "selection_8": 1, "shapley_value_9": -1.0531110246976216, "selection_9": 0, "shapley_value_10": 1.9552789699463615, "selection_10": 0, "shapley_value_11": -0.7717862725257871, "selection_11": 0, "shapley_value_12": -2.218560144305229, "selection_12": 0, "shapley_value_13": -0.33098149796327025, "selection_13": 0, "shapley_value_14": -2.3098742564519252, "selection_14": 0, "shapley_value_15": 0.49699365695317577, "selection_15": 0, "shapley_value_16": 4.309612760278912, "selection_16": 0, "shapley_value_17": 0.4312061170736949, "selection_17": 0, "shapley_value_18": 5.17563673522737, "selection_18": 0, "shapley_value_19": -8.07262255748113, "selection_19": 0, "shapley_value_20": 0.32360012133916244, "selection_20": 0, "shapley_value_21": -0.9025672475496926, "selection_21": 0, "shapley_value_22": 0.8604055278831061, "selection_22": 0, "shapley_value_23": -4.240726098418236, "selection_23": 0, "shapley_value_24": -4.854012678066889, "selection_24": 0, "shapley_value_25": -3.640217158529494, "selection_25": 0, "shapley_value_26": -3.2658424112531854, "selection_26": 0, "shapley_value_27": 1.6612911886639057, "selection_27": 0, "shapley_value_28": -0.36559557418028577, "selection_28": 0, "shapley_value_29": -3.0575795504781937, "selection_29": 0, "shapley_value_30": 3.5214921514193223, "selection_30": 0, "shapley_value_31": -0.5838866333166761, "selection_31": 0, "shapley_value_32": 1.5420227580600312, "selection_32": 0, "shapley_value_33": 7.958615319103212, "selection_33": 1, "shapley_value_34": -1.3222985903422035, "selection_34": 0, "shapley_value_35": -2.9748189647992445, "selection_35": 0, "shapley_value_36": 4.688164155857235, "selection_36": 0, "shapley_value_37": -3.158567001422247, "selection_37": 0, "shapley_value_38": -0.4835252828068202, "selection_38": 0, "shapley_value_39": 5.150125024495301, "selection_39": 0, "shapley_value_40": -2.1226624647776293, "selection_40": 0, "shapley_value_41": -1.5424176951249438, "selection_41": 0, "shapley_value_42": 8.096568816711033, "selection_42": 1, "shapley_value_43": -0.27105613152186087, "selection_43": 0, "shapley_value_44": 4.2060980910346615, "selection_44": 0, "shapley_value_45": -3.4529679351382785, "selection_45": 0, "shapley_value_46": 7.910337993668189, "selection_46": 1, "shapley_value_47": -0.1796536842981971, "selection_47": 0, "shapley_value_48": -2.5806211365593805, "selection_48": 0, "shapley_value_49": 0.6681711951891579, "selection_49": 0, "_timestamp": 1688383884.8955126, "_runtime": 112.42812752723694, "_step": 99, "_wandb": {"runtime": 110}}