{"accuracy": 0.9359999895095825, "val_loss": 0.2397659420967102, "test_loss": 0.22731642425060272, "_timestamp": 1687869535.3965335, "_runtime": 133.98128151893616, "_step": 99, "_wandb": {"runtime": 132}}