{"accuracy": 0.0965999960899353, "val_loss": 3.301992654800415, "test_loss": 3.3780035972595215, "shapley_value_0": 0.2649508739511174, "selection_0": 0, "shapley_value_1": 4.511352903933987, "selection_1": 1, "shapley_value_2": -0.7531235416730242, "selection_2": 0, "shapley_value_3": 0.5751875440279646, "selection_3": 0, "shapley_value_4": -2.8199891050656642, "selection_4": 0, "shapley_value_5": 2.3205552895863857, "selection_5": 0, "shapley_value_6": -4.5451775987943, "selection_6": 0, "shapley_value_7": -4.954465786616009, "selection_7": 0, "shapley_value_8": -0.7712624470392857, "selection_8": 0, "shapley_value_9": -0.3013018767038993, "selection_9": 0, "shapley_value_10": -1.7363244493802386, "selection_10": 0, "shapley_value_11": 0.6995594501495352, "selection_11": 0, "shapley_value_12": -3.346755146980284, "selection_12": 0, "shapley_value_13": 0, "selection_13": 0, "shapley_value_14": -4.544641156991323, "selection_14": 0, "shapley_value_15": 0.8888800938924154, "selection_15": 0, "shapley_value_16": 4.545024008480546, "selection_16": 0, "shapley_value_17": 1.5374599993228912, "selection_17": 1, "shapley_value_18": 2.491252363969883, "selection_18": 1, "shapley_value_19": -5.82093773285548, "selection_19": 0, "shapley_value_20": 0.36187659369574615, "selection_20": 0, "shapley_value_21": 0.003329796923531081, "selection_21": 0, "shapley_value_22": 0.7691482955759222, "selection_22": 1, "shapley_value_23": 0, "selection_23": 0, "shapley_value_24": -15.152934551239014, "selection_24": 0, "shapley_value_25": -1.8144822518030814, "selection_25": 0, "shapley_value_26": -7.174019753932953, "selection_26": 0, "shapley_value_27": 2.8909571443285262, "selection_27": 0, "shapley_value_28": 1.0441366145105073, "selection_28": 0, "shapley_value_29": -1.087132016817728, "selection_29": 0, "shapley_value_30": 0.49340886760640995, "selection_30": 0, "shapley_value_31": 2.641610721747079, "selection_31": 0, "shapley_value_32": 1.002375481620667, "selection_32": 0, "shapley_value_33": 0.7806538997424969, "selection_33": 0, "shapley_value_34": -0.29110165437062463, "selection_34": 0, "shapley_value_35": -4.7446759144465105, "selection_35": 0, "shapley_value_36": 0.5472475662827491, "selection_36": 0, "shapley_value_37": 1.3041388988494873, "selection_37": 0, "shapley_value_38": 0.1706377044320111, "selection_38": 0, "shapley_value_39": 3.4054350299712945, "selection_39": 1, "shapley_value_40": -0.6686974664529162, "selection_40": 0, "shapley_value_41": 0.942177414894104, "selection_41": 0, "shapley_value_42": -0.7254173556963606, "selection_42": 0, "shapley_value_43": 1.5894995232423152, "selection_43": 0, "shapley_value_44": -3.7605931162834167, "selection_44": 0, "shapley_value_45": 1.33671001593272, "selection_45": 0, "shapley_value_46": -2.822638114293415, "selection_46": 0, "shapley_value_47": 0.17430419392056015, "selection_47": 0, "shapley_value_48": 0.33789311514960413, "selection_48": 0, "shapley_value_49": -0.08186635800770402, "selection_49": 0, "_timestamp": 1688394832.381846, "_runtime": 108.83623504638672, "_step": 99, "_wandb": {"runtime": 107}}