{"accuracy": 0.9353999495506287, "val_loss": 0.23021122813224792, "test_loss": 0.21591852605342865, "shapley_value_0": -1.8341076321623941, "selection_0": 0, "shapley_value_1": -1.6671083079030118, "selection_1": 0, "shapley_value_2": -1.779228741923968, "selection_2": 1, "shapley_value_3": -1.6756427894035977, "selection_3": 0, "shapley_value_4": -1.8342232086828774, "selection_4": 0, "shapley_value_5": -1.9806002212895288, "selection_5": 0, "shapley_value_6": -1.8404165221886197, "selection_6": 1, "shapley_value_7": -1.99015361815691, "selection_7": 0, "shapley_value_8": -1.9390423351373434, "selection_8": 0, "shapley_value_9": -1.9101795697653736, "selection_9": 0, "shapley_value_10": -1.9734610446861816, "selection_10": 0, "shapley_value_11": -1.9080440010875463, "selection_11": 0, "shapley_value_12": -1.665418560306231, "selection_12": 0, "shapley_value_13": -1.8117257853349051, "selection_13": 0, "shapley_value_14": -1.881783713514988, "selection_14": 0, "shapley_value_15": -1.9905968981258797, "selection_15": 0, "shapley_value_16": -1.6132640848557156, "selection_16": 0, "shapley_value_17": -1.8585343473788463, "selection_17": 0, "shapley_value_18": -1.5886541659181765, "selection_18": 1, "shapley_value_19": -1.999806002196338, "selection_19": 0, "shapley_value_20": -1.923950657248497, "selection_20": 0, "shapley_value_21": -1.5635924637317653, "selection_21": 0, "shapley_value_22": -1.7064359887606566, "selection_22": 0, "shapley_value_23": -1.8790029808878896, "selection_23": 0, "shapley_value_24": -1.8689273504747288, "selection_24": 0, "shapley_value_25": -1.8974228188395497, "selection_25": 0, "shapley_value_26": -1.9748533538409643, "selection_26": 0, "shapley_value_27": -1.918672728751387, "selection_27": 1, "shapley_value_28": -1.579901957602212, "selection_28": 0, "shapley_value_29": -1.9808080638448398, "selection_29": 0, "shapley_value_30": -1.8329266536803475, "selection_30": 0, "shapley_value_31": -1.9820733641584716, "selection_31": 0, "shapley_value_32": -1.7805505629741782, "selection_32": 0, "shapley_value_33": -1.8602613125528609, "selection_33": 0, "shapley_value_34": -1.7791377931833268, "selection_34": 0, "shapley_value_35": -1.8181284982146642, "selection_35": 0, "shapley_value_36": -1.692550297412607, "selection_36": 0, "shapley_value_37": -1.8509618469647002, "selection_37": 0, "shapley_value_38": -1.6440789823730788, "selection_38": 0, "shapley_value_39": -1.694882808128993, "selection_39": 0, "_timestamp": 1688022446.811871, "_runtime": 88.99982213973999, "_step": 99, "_wandb": {"runtime": 87}}