{"accuracy": 0.10459999740123749, "val_loss": 3.2066869735717773, "test_loss": 3.189779281616211, "shapley_value_0": 1.3335710744063058, "selection_0": 0, "shapley_value_1": 1.919606365760167, "selection_1": 0, "shapley_value_2": 2.8997981389363607, "selection_2": 0, "shapley_value_3": 3.654330100073959, "selection_3": 1, "shapley_value_4": 0.9879064838091534, "selection_4": 0, "shapley_value_5": 1.3441915074984232, "selection_5": 0, "shapley_value_6": -0.8425026249002527, "selection_6": 0, "shapley_value_7": 2.06374325354894, "selection_7": 0, "shapley_value_8": 1.0006753345330561, "selection_8": 0, "shapley_value_9": 0.7878509839375816, "selection_9": 0, "shapley_value_10": 0.20450035929679816, "selection_10": 0, "shapley_value_11": 0.9080350836118063, "selection_11": 0, "shapley_value_12": 0.6064131697018944, "selection_12": 0, "shapley_value_13": -1.3963292130717522, "selection_13": 0, "shapley_value_14": -0.38280858397483836, "selection_14": 1, "shapley_value_15": 1.108524888753891, "selection_15": 0, "shapley_value_16": 4.682540761701987, "selection_16": 0, "shapley_value_17": 1.035124107201894, "selection_17": 0, "shapley_value_18": 5.671849724018212, "selection_18": 0, "shapley_value_19": -0.2473353544871016, "selection_19": 0, "shapley_value_20": 3.082597130537033, "selection_20": 0, "shapley_value_21": 2.81651190718015, "selection_21": 0, "shapley_value_22": 1.6855803509553275, "selection_22": 0, "shapley_value_23": 0.1644258677959442, "selection_23": 0, "shapley_value_24": -2.133447728775166, "selection_24": 0, "shapley_value_25": -1.6695526727923644, "selection_25": 0, "shapley_value_26": -0.8881204349023326, "selection_26": 0, "shapley_value_27": -0.1624933560689291, "selection_27": 0, "shapley_value_28": 2.370193727811178, "selection_28": 0, "shapley_value_29": -0.3679246087869005, "selection_29": 1, "shapley_value_30": 1.836766733725866, "selection_30": 0, "shapley_value_31": 2.1802333315213525, "selection_31": 0, "shapley_value_32": 1.6967237909634907, "selection_32": 0, "shapley_value_33": 3.5688943032062412, "selection_33": 1, "shapley_value_34": 1.3036993046601615, "selection_34": 0, "shapley_value_35": 0.605704681078593, "selection_35": 0, "shapley_value_36": 4.6327615145481, "selection_36": 0, "shapley_value_37": 1.1686523775259654, "selection_37": 0, "shapley_value_38": 1.1659681657950078, "selection_38": 0, "shapley_value_39": 2.2021975696086877, "selection_39": 0, "shapley_value_40": 0.21559722026189174, "selection_40": 0, "shapley_value_41": 0.8316249907016756, "selection_41": 0, "shapley_value_42": 2.061635392904282, "selection_42": 0, "shapley_value_43": 0.33932746648788437, "selection_43": 0, "shapley_value_44": 3.872902815992182, "selection_44": 0, "shapley_value_45": -3.427222722106509, "selection_45": 0, "shapley_value_46": 2.3680724084377283, "selection_46": 0, "shapley_value_47": 3.0521154582500456, "selection_47": 0, "shapley_value_48": -0.46819832324981725, "selection_48": 1, "shapley_value_49": 1.2722017586231231, "selection_49": 0, "_timestamp": 1688384475.8294518, "_runtime": 109.07666277885437, "_step": 99, "_wandb": {"runtime": 107}}