{"accuracy": 0.10239999741315842, "val_loss": 5.911935329437256, "test_loss": 5.898693561553955, "shapley_value_0": 1.5270877281824753, "selection_0": 0, "shapley_value_1": -0.0923860702249734, "selection_1": 0, "shapley_value_2": 0.039507851004600525, "selection_2": 0, "shapley_value_3": 1.0400536159674327, "selection_3": 0, "shapley_value_4": -1.7457638118002148, "selection_4": 0, "shapley_value_5": 3.0465984572598974, "selection_5": 1, "shapley_value_6": -0.7414360195398333, "selection_6": 0, "shapley_value_7": 1.1060341232352784, "selection_7": 0, "shapley_value_8": 2.3064577460289, "selection_8": 0, "shapley_value_9": -1.4234297407997982, "selection_9": 0, "shapley_value_10": -6.906329929828646, "selection_10": 0, "shapley_value_11": -2.1322497725486746, "selection_11": 0, "shapley_value_12": -3.4450585444768262, "selection_12": 0, "shapley_value_13": -5.17793646454811, "selection_13": 1, "shapley_value_14": -2.9995111823081966, "selection_14": 0, "shapley_value_15": 0.7175313532352448, "selection_15": 0, "shapley_value_16": 0.5404250298937164, "selection_16": 0, "shapley_value_17": 0.8939258438168148, "selection_17": 0, "shapley_value_18": -0.9881226658821106, "selection_18": 0, "shapley_value_19": -1.400856741269429, "selection_19": 0, "shapley_value_20": 0.07562461296717302, "selection_20": 0, "shapley_value_21": 5.910298712791938, "selection_21": 1, "shapley_value_22": 0.19682851632436132, "selection_22": 0, "shapley_value_23": -7.290786792834599, "selection_23": 0, "shapley_value_24": -3.896408160527546, "selection_24": 0, "shapley_value_25": -3.0585375825564056, "selection_25": 0, "shapley_value_26": -6.430644075075786, "selection_26": 0, "shapley_value_27": 0.45375436544418335, "selection_27": 0, "shapley_value_28": 0.4023714544726348, "selection_28": 0, "shapley_value_29": -1.3813079873720802, "selection_29": 0, "shapley_value_30": 2.479345420996348, "selection_30": 0, "shapley_value_31": 0.20381911993026822, "selection_31": 0, "shapley_value_32": -0.015591373046238996, "selection_32": 0, "shapley_value_33": -11.564215381940208, "selection_33": 0, "shapley_value_34": -1.6738229725095952, "selection_34": 0, "shapley_value_35": -4.8353780441814, "selection_35": 0, "shapley_value_36": 2.7092184935297285, "selection_36": 0, "shapley_value_37": -0.9164920498927438, "selection_37": 0, "shapley_value_38": -4.609247187773388, "selection_38": 0, "shapley_value_39": 0.1906944062974721, "selection_39": 0, "shapley_value_40": -1.616841819551256, "selection_40": 0, "shapley_value_41": -0.612883901596069, "selection_41": 0, "shapley_value_42": 1.686948665866146, "selection_42": 0, "shapley_value_43": 3.1920768898776455, "selection_43": 1, "shapley_value_44": 5.755440182156033, "selection_44": 1, "shapley_value_45": -4.4468069076538095, "selection_45": 0, "shapley_value_46": 0.9258006413777666, "selection_46": 0, "shapley_value_47": 1.9518214927779303, "selection_47": 0, "shapley_value_48": -6.980548004309336, "selection_48": 0, "shapley_value_49": -0.7093709167980006, "selection_49": 0, "_timestamp": 1688396806.70584, "_runtime": 109.26000809669495, "_step": 99, "_wandb": {"runtime": 107}}