{"accuracy": 0.8191124200820923, "val_loss": 0.5344510674476624, "test_loss": 0.5349833369255066, "_timestamp": 1687972738.3592026, "_runtime": 74.9062716960907, "_step": 99, "_wandb": {"runtime": 73}}