{"accuracy": 0.8451869487762451, "val_loss": 0.5159913301467896, "test_loss": 0.5179897546768188, "shapley_value_0": -1.3167585024127253, "selection_0": 1, "shapley_value_1": -1.497703691323598, "selection_1": 0, "shapley_value_2": -1.3631686016365334, "selection_2": 0, "shapley_value_3": -1.2522558279526537, "selection_3": 0, "shapley_value_4": -1.3335108409325278, "selection_4": 0, "shapley_value_5": -1.3303798412283263, "selection_5": 0, "shapley_value_6": -1.4998257681727407, "selection_6": 0, "shapley_value_7": -1.3918618074169862, "selection_7": 0, "shapley_value_8": -1.4671962479750316, "selection_8": 0, "shapley_value_9": -1.4075434654951098, "selection_9": 0, "shapley_value_10": -1.174937320478035, "selection_10": 0, "shapley_value_11": -1.5113870228330297, "selection_11": 0, "shapley_value_12": -1.0571998794873556, "selection_12": 0, "shapley_value_13": -1.3786108175913492, "selection_13": 0, "shapley_value_14": -1.423991335762872, "selection_14": 0, "shapley_value_15": -1.3474239844542284, "selection_15": 0, "shapley_value_16": -1.308627078027436, "selection_16": 0, "shapley_value_17": -1.4724357099760148, "selection_17": 0, "shapley_value_18": -1.1570117407374914, "selection_18": 0, "shapley_value_19": -1.5486219392882452, "selection_19": 0, "shapley_value_20": -1.3676774501800537, "selection_20": 0, "shapley_value_21": -1.2949124972025556, "selection_21": 0, "shapley_value_22": -1.547623760998249, "selection_22": 0, "shapley_value_23": -1.331790739839727, "selection_23": 0, "shapley_value_24": -1.361886113882065, "selection_24": 0, "shapley_value_25": -1.3899676501750944, "selection_25": 1, "shapley_value_26": -1.514396471281846, "selection_26": 1, "shapley_value_27": -1.5013718633424669, "selection_27": 0, "shapley_value_28": -1.2904019819365606, "selection_28": 0, "shapley_value_29": -1.2347092876831691, "selection_29": 0, "shapley_value_30": -1.2772942503293359, "selection_30": 0, "shapley_value_31": -1.2535668760538103, "selection_31": 0, "shapley_value_32": -1.1462555991278756, "selection_32": 0, "shapley_value_33": -1.4995227239348672, "selection_33": 0, "shapley_value_34": -1.4480241593860441, "selection_34": 0, "shapley_value_35": -1.520153342021836, "selection_35": 0, "shapley_value_36": -1.2726255555947623, "selection_36": 0, "shapley_value_37": -1.1986572855994813, "selection_37": 0, "shapley_value_38": -1.3064333117670481, "selection_38": 0, "shapley_value_39": -1.262633681297302, "selection_39": 1, "_timestamp": 1687972306.13516, "_runtime": 81.98112487792969, "_step": 99, "_wandb": {"runtime": 80}}