{"loss": 1.9713832139968872, "accuracy": 0.38359999656677246, "average_active_clients": 2.0, "_timestamp": 1687164866.6540802, "_runtime": 45.64547419548035, "_step": 99, "_wandb": {"runtime": 41}}