{"loss": 0.24557463824748993, "accuracy": 0.9293999671936035, "average_active_clients": 2.0, "_timestamp": 1687262957.0971198, "_runtime": 74.05372071266174, "_step": 99, "_wandb": {"runtime": 72}}