{"accuracy": 0.0997999981045723, "val_loss": 5.916616439819336, "test_loss": 5.9640936851501465, "shapley_value_0": 2.3426923183507706, "selection_0": 0, "shapley_value_1": 5.551192069190671, "selection_1": 1, "shapley_value_2": -1.8264681100845337, "selection_2": 0, "shapley_value_3": 3.5014264583587646, "selection_3": 0, "shapley_value_4": 0, "selection_4": 0, "shapley_value_5": -0.06397345860799213, "selection_5": 0, "shapley_value_6": -2.6129756967226676, "selection_6": 0, "shapley_value_7": 0.6528790933745251, "selection_7": 0, "shapley_value_8": 0, "selection_8": 0, "shapley_value_9": 1.2114399870236716, "selection_9": 0, "shapley_value_10": -1.2813610765669077, "selection_10": 0, "shapley_value_11": -4.540260295073191, "selection_11": 0, "shapley_value_12": -2.5542187293370553, "selection_12": 0, "shapley_value_13": -8.70288340250651, "selection_13": 0, "shapley_value_14": -3.0851070284843454, "selection_14": 0, "shapley_value_15": 1.6291681399532398, "selection_15": 0, "shapley_value_16": 5.611519041218497, "selection_16": 1, "shapley_value_17": 0, "selection_17": 0, "shapley_value_18": 6.205943780532781, "selection_18": 1, "shapley_value_19": 0, "selection_19": 0, "shapley_value_20": -3.0564401149749756, "selection_20": 0, "shapley_value_21": 0.4426366256342995, "selection_21": 0, "shapley_value_22": 0, "selection_22": 0, "shapley_value_23": 0, "selection_23": 0, "shapley_value_24": -9.762436310450237, "selection_24": 0, "shapley_value_25": 0, "selection_25": 0, "shapley_value_26": 0, "selection_26": 0, "shapley_value_27": 3.8574493800600367, "selection_27": 0, "shapley_value_28": 0, "selection_28": 0, "shapley_value_29": -10.076514482498169, "selection_29": 0, "shapley_value_30": -0.8129496441947083, "selection_30": 0, "shapley_value_31": 0, "selection_31": 0, "shapley_value_32": 0, "selection_32": 0, "shapley_value_33": -1.5862312714258842, "selection_33": 0, "shapley_value_34": 1.3304030885299054, "selection_34": 1, "shapley_value_35": -2.6035947203636156, "selection_35": 0, "shapley_value_36": -5.096442659695946, "selection_36": 0, "shapley_value_37": 1.5848709507422014, "selection_37": 0, "shapley_value_38": 0, "selection_38": 0, "shapley_value_39": 6.019607581504405, "selection_39": 1, "shapley_value_40": 2.632753778726626, "selection_40": 0, "shapley_value_41": -1.6516828536987305, "selection_41": 0, "shapley_value_42": 0, "selection_42": 0, "shapley_value_43": -0.3370942672093715, "selection_43": 0, "shapley_value_44": -3.691033959388733, "selection_44": 0, "shapley_value_45": 0, "selection_45": 0, "shapley_value_46": -3.5402568380037938, "selection_46": 0, "shapley_value_47": 0, "selection_47": 0, "shapley_value_48": 0.19314709471331648, "selection_48": 0, "shapley_value_49": 0, "selection_49": 0, "_timestamp": 1688385753.702348, "_runtime": 112.52837610244751, "_step": 99, "_wandb": {"runtime": 111}}