{"accuracy": 0.8403187990188599, "val_loss": 0.5128715634346008, "test_loss": 0.5110321044921875, "_timestamp": 1687987900.6211534, "_runtime": 70.22704744338989, "_step": 99, "_wandb": {"runtime": 68}}