{"accuracy": 0.937999963760376, "val_loss": 0.23337139189243317, "test_loss": 0.21159711480140686, "shapley_value_0": 0.224883057447997, "selection_0": 1, "shapley_value_1": 0.17462581710682978, "selection_1": 0, "shapley_value_2": 0.2023028580546379, "selection_2": 0, "shapley_value_3": 0.17435428496864108, "selection_3": 0, "shapley_value_4": 0.204215059787035, "selection_4": 0, "shapley_value_5": 0.23935201631350952, "selection_5": 0, "shapley_value_6": 0.21309023911302738, "selection_6": 0, "shapley_value_7": 0.1768131493528684, "selection_7": 0, "shapley_value_8": 0.209063571870327, "selection_8": 0, "shapley_value_9": 0.17089339249663882, "selection_9": 0, "shapley_value_10": 0.1629028969009717, "selection_10": 0, "shapley_value_11": 0.16600867336430747, "selection_11": 0, "shapley_value_12": 0.17077328128947153, "selection_12": 0, "shapley_value_13": 0.2012643072605133, "selection_13": 0, "shapley_value_14": 0.2125454748382694, "selection_14": 0, "shapley_value_15": 0.24016407170078977, "selection_15": 0, "shapley_value_16": 0.22495021532882342, "selection_16": 0, "shapley_value_17": 0.20579577231407167, "selection_17": 0, "shapley_value_18": 0.21232933816313743, "selection_18": 0, "shapley_value_19": 0.2255100503834811, "selection_19": 1, "shapley_value_20": 0.21392284759066327, "selection_20": 1, "shapley_value_21": 0.20483659011125566, "selection_21": 0, "shapley_value_22": 0.2238568511605263, "selection_22": 0, "shapley_value_23": 0.2282281636108051, "selection_23": 0, "shapley_value_24": 0.1627632004353735, "selection_24": 0, "shapley_value_25": 0.14968327952755822, "selection_25": 0, "shapley_value_26": 0.16751783424127867, "selection_26": 0, "shapley_value_27": 0.18470580813288687, "selection_27": 0, "shapley_value_28": 0.1914001158475876, "selection_28": 0, "shapley_value_29": 0.15232589337560862, "selection_29": 0, "shapley_value_30": 0.1758762632529986, "selection_30": 1, "shapley_value_31": 0.2088160108707168, "selection_31": 1, "shapley_value_32": 0.15854295565022364, "selection_32": 0, "shapley_value_33": 0.19309706023335454, "selection_33": 0, "shapley_value_34": 0.18865747517347337, "selection_34": 0, "shapley_value_35": 0.17616719471083747, "selection_35": 0, "shapley_value_36": 0.2526949226607879, "selection_36": 0, "shapley_value_37": 0.2366546017473394, "selection_37": 0, "shapley_value_38": 0.16100508928298954, "selection_38": 0, "shapley_value_39": 0.21797440726648676, "selection_39": 1, "shapley_value_40": 0.20165329829500056, "selection_40": 0, "shapley_value_41": 0.1797269281744957, "selection_41": 0, "shapley_value_42": 0.2404671507825454, "selection_42": 1, "shapley_value_43": 0.1791194377839565, "selection_43": 0, "shapley_value_44": 0.17374306635724177, "selection_44": 0, "shapley_value_45": 0.19653655689954755, "selection_45": 0, "shapley_value_46": 0.16539673748943542, "selection_46": 0, "shapley_value_47": 0.23484559045596562, "selection_47": 0, "shapley_value_48": 0.2122727240757509, "selection_48": 0, "shapley_value_49": 0.16751781321234174, "selection_49": 0, "shapley_value_50": 0.17138276605229624, "selection_50": 0, "shapley_value_51": 0.19748225858807564, "selection_51": 0, "shapley_value_52": 0.20259922662377355, "selection_52": 0, "shapley_value_53": 0.1954064562618733, "selection_53": 0, "shapley_value_54": 0.2110411547124386, "selection_54": 0, "shapley_value_55": 0.1856934998333454, "selection_55": 0, "shapley_value_56": 0.15665010147624545, "selection_56": 0, "shapley_value_57": 0.21817333140156484, "selection_57": 0, "shapley_value_58": 0.20159006166686283, "selection_58": 0, "shapley_value_59": 0.21097548536278984, "selection_59": 0, "shapley_value_60": 0.19128146901726722, "selection_60": 0, "shapley_value_61": 0.19407889978509202, "selection_61": 0, "shapley_value_62": 0.1901494421362877, "selection_62": 0, "shapley_value_63": 0.1997904170155525, "selection_63": 0, "shapley_value_64": 0.2091783853471279, "selection_64": 0, "shapley_value_65": 0.1855314098596573, "selection_65": 0, "shapley_value_66": 0.24173913516104226, "selection_66": 0, "shapley_value_67": 0.23016320217739453, "selection_67": 1, "shapley_value_68": 0.16031804889440537, "selection_68": 0, "shapley_value_69": 0.2237327594106847, "selection_69": 0, "shapley_value_70": 0.2106640719473362, "selection_70": 0, "shapley_value_71": 0.16307033566703577, "selection_71": 0, "shapley_value_72": 0.14921355932950975, "selection_72": 0, "shapley_value_73": 0.17455315847843017, "selection_73": 0, "shapley_value_74": 0.140212656437305, "selection_74": 0, "shapley_value_75": 0.20973130291158507, "selection_75": 0, "shapley_value_76": 0.19286909031867977, "selection_76": 0, "shapley_value_77": 0.16284859948688082, "selection_77": 0, "shapley_value_78": 0.16990521762106153, "selection_78": 0, "shapley_value_79": 0.22017153244126925, "selection_79": 0, "shapley_value_80": 0.17727829615275065, "selection_80": 0, "shapley_value_81": 0.16623719208770327, "selection_81": 0, "shapley_value_82": 0.20760084096695244, "selection_82": 0, "shapley_value_83": 0.1652155447900295, "selection_83": 1, "shapley_value_84": 0.18128465202450753, "selection_84": 0, "shapley_value_85": 0.1761577205061913, "selection_85": 1, "shapley_value_86": 0.17842466083168984, "selection_86": 0, "shapley_value_87": 0.2092770622372627, "selection_87": 0, "shapley_value_88": 0.1721209315458933, "selection_88": 0, "shapley_value_89": 0.22477293770421633, "selection_89": 0, "shapley_value_90": 0.22922761881893336, "selection_90": 0, "shapley_value_91": 0.18546366930007935, "selection_91": 0, "shapley_value_92": 0.16405797072147071, "selection_92": 0, "shapley_value_93": 0.2094378057122231, "selection_93": 0, "shapley_value_94": 0.1873626310229301, "selection_94": 0, "shapley_value_95": 0.20008235827088355, "selection_95": 0, "shapley_value_96": 0.16128367682298028, "selection_96": 0, "shapley_value_97": 0.2046104947924614, "selection_97": 0, "shapley_value_98": 0.22887720219113605, "selection_98": 0, "shapley_value_99": 0.2143719076216221, "selection_99": 0, "_timestamp": 1687915966.3616881, "_runtime": 310.1201431751251, "_step": 99, "_wandb": {"runtime": 308}}