{"accuracy": 0.4973999857902527, "val_loss": 1.3937020301818848, "test_loss": 1.41334068775177, "_timestamp": 1688033822.0402977, "_runtime": 89.79053974151611, "_step": 99, "_wandb": {"runtime": 88}}