{"accuracy": 0.0997999981045723, "val_loss": 4.077749729156494, "test_loss": 4.123198509216309, "shapley_value_0": 0.7702491531769435, "selection_0": 1, "shapley_value_1": 1.9872102487800472, "selection_1": 1, "shapley_value_2": 2.3725067166721123, "selection_2": 0, "shapley_value_3": 2.502835211654504, "selection_3": 0, "shapley_value_4": -7.430213491121929, "selection_4": 0, "shapley_value_5": 0, "selection_5": 0, "shapley_value_6": 0.6647363901138306, "selection_6": 0, "shapley_value_7": 4.406227747599284, "selection_7": 0, "shapley_value_8": 2.022126416365305, "selection_8": 1, "shapley_value_9": -3.3354963958263384, "selection_9": 0, "shapley_value_10": 2.4502212007840476, "selection_10": 0, "shapley_value_11": 0.8168434798717499, "selection_11": 0, "shapley_value_12": -3.262057016293208, "selection_12": 0, "shapley_value_13": -3.6898353099823, "selection_13": 0, "shapley_value_14": 0.5783765514691672, "selection_14": 0, "shapley_value_15": 2.0524662848975925, "selection_15": 0, "shapley_value_16": 0.2343781590461731, "selection_16": 0, "shapley_value_17": 3.012359262153666, "selection_17": 0, "shapley_value_18": 0, "selection_18": 0, "shapley_value_19": -7.437989314397177, "selection_19": 0, "shapley_value_20": 0.4067708750565844, "selection_20": 0, "shapley_value_21": 1.5560588469872105, "selection_21": 0, "shapley_value_22": 0.8236172734162748, "selection_22": 0, "shapley_value_23": 0, "selection_23": 0, "shapley_value_24": 0, "selection_24": 0, "shapley_value_25": 1.4721186508735018, "selection_25": 0, "shapley_value_26": 0, "selection_26": 0, "shapley_value_27": 3.186034070120917, "selection_27": 0, "shapley_value_28": -3.886129120985668, "selection_28": 0, "shapley_value_29": 0.6814257383346565, "selection_29": 0, "shapley_value_30": 4.7131435735438885, "selection_30": 1, "shapley_value_31": 2.025057554244995, "selection_31": 0, "shapley_value_32": 2.5140848180926425, "selection_32": 0, "shapley_value_33": 2.538165433284564, "selection_33": 0, "shapley_value_34": 1.904725078079436, "selection_34": 0, "shapley_value_35": 0.24800161520640174, "selection_35": 0, "shapley_value_36": 0, "selection_36": 0, "shapley_value_37": 0, "selection_37": 0, "shapley_value_38": 1.9738550265630086, "selection_38": 0, "shapley_value_39": 2.2833898844926255, "selection_39": 1, "shapley_value_40": 1.9672077894210798, "selection_40": 0, "shapley_value_41": 2.1117513643370738, "selection_41": 0, "shapley_value_42": 4.873373741904895, "selection_42": 0, "shapley_value_43": 2.484343707561493, "selection_43": 0, "shapley_value_44": 1.5654271079434285, "selection_44": 0, "shapley_value_45": -3.2358058293660488, "selection_45": 0, "shapley_value_46": 2.4965793800850706, "selection_46": 0, "shapley_value_47": 2.070553509541501, "selection_47": 0, "shapley_value_48": -6.976020952065788, "selection_48": 0, "shapley_value_49": 4.1371815673306465, "selection_49": 0, "_timestamp": 1688394945.257691, "_runtime": 107.74754190444946, "_step": 99, "_wandb": {"runtime": 106}}