{"loss": 0.9126285910606384, "accuracy": 0.7644000053405762, "average_active_clients": 2.0, "client_values_0": 0.09081058204174042, "client_values_1": 0.04968217760324478, "client_values_2": 0.08000677824020386, "client_values_3": 0.08485303819179535, "client_values_4": 0.08584161102771759, "client_values_5": 0.05, "client_values_6": 0.05250139534473419, "client_values_7": 0.06547299772500992, "client_values_8": 0.1076398640871048, "client_values_9": 0.05, "client_values_10": 0.06479541212320328, "client_values_11": 0.0931989848613739, "client_values_12": 0.05, "client_values_13": 0.11394274234771729, "client_values_14": 0.043234385550022125, "client_values_15": 0.06768941879272461, "client_values_16": 0.05, "client_values_17": 0.0850859060883522, "client_values_18": 0.05, "client_values_19": 0.06762722879648209, "_timestamp": 1687178768.7957811, "_runtime": 21.123574018478394, "_step": 10, "_wandb": {"runtime": 25}}