{"accuracy": 0.13840000331401825, "val_loss": 4.693070888519287, "test_loss": 4.761467933654785, "_timestamp": 1688403582.5072978, "_runtime": 145.74494171142578, "_step": 99, "_wandb": {"runtime": 144}}