{"accuracy": 0.37779998779296875, "val_loss": 2.001136541366577, "test_loss": 2.0045650005340576, "shapley_value_0": -0.6924312644534641, "selection_0": 0, "shapley_value_1": -0.47340551738081316, "selection_1": 0, "shapley_value_2": -0.9856366448932227, "selection_2": 0, "shapley_value_3": -0.715347237057156, "selection_3": 0, "shapley_value_4": -0.6802987754344944, "selection_4": 0, "shapley_value_5": -0.815996338923772, "selection_5": 0, "shapley_value_6": -0.6268811941146852, "selection_6": 0, "shapley_value_7": -0.8211527930365671, "selection_7": 0, "shapley_value_8": -0.7405633032321931, "selection_8": 0, "shapley_value_9": -0.797139436006546, "selection_9": 0, "shapley_value_10": -0.8318594892819722, "selection_10": 0, "shapley_value_11": -0.8338110645612082, "selection_11": 0, "shapley_value_12": -0.5486823916435242, "selection_12": 0, "shapley_value_13": -0.570779255458287, "selection_13": 0, "shapley_value_14": -0.7955941359202067, "selection_14": 0, "shapley_value_15": -0.9967302680015564, "selection_15": 0, "shapley_value_16": -0.696211878458659, "selection_16": 0, "shapley_value_17": -1.1236616373062138, "selection_17": 0, "shapley_value_18": -0.7410340905189516, "selection_18": 0, "shapley_value_19": -0.5773911317189534, "selection_19": 0, "shapley_value_20": -0.9916743834813437, "selection_20": 0, "shapley_value_21": -0.3962619625112061, "selection_21": 1, "shapley_value_22": -0.49238581458727515, "selection_22": 0, "shapley_value_23": -0.5663870275020595, "selection_23": 0, "shapley_value_24": -0.5365306536356608, "selection_24": 0, "shapley_value_25": -0.7765527963638308, "selection_25": 0, "shapley_value_26": -1.3607326944669087, "selection_26": 0, "shapley_value_27": -0.5185437368022071, "selection_27": 0, "shapley_value_28": -0.2684478600819904, "selection_28": 1, "shapley_value_29": -0.7907935248480902, "selection_29": 0, "shapley_value_30": -0.5041568405700453, "selection_30": 0, "shapley_value_31": -0.7437949975331613, "selection_31": 0, "shapley_value_32": 0.33513947720390286, "selection_32": 1, "shapley_value_33": -0.5937761598163177, "selection_33": 0, "shapley_value_34": -0.7098272773954598, "selection_34": 0, "shapley_value_35": -0.906964699427286, "selection_35": 0, "shapley_value_36": -0.8256828387578328, "selection_36": 0, "shapley_value_37": -0.7853898902734121, "selection_37": 0, "shapley_value_38": -0.5100528521415513, "selection_38": 1, "shapley_value_39": -0.7976509730021157, "selection_39": 0, "_timestamp": 1687960185.0566368, "_runtime": 95.7295389175415, "_step": 99, "_wandb": {"runtime": 95}}