{"accuracy": 0.8182788491249084, "val_loss": 0.5213062167167664, "test_loss": 0.5186799168586731, "_timestamp": 1687973689.5673718, "_runtime": 84.24697375297546, "_step": 99, "_wandb": {"runtime": 82}}