{"accuracy": 0.8403187990188599, "val_loss": 0.5128715634346008, "test_loss": 0.5110321044921875, "_timestamp": 1687988061.344775, "_runtime": 75.02999186515808, "_step": 99, "_wandb": {"runtime": 73}}