{"accuracy": 0.8584575653076172, "val_loss": 0.49285435676574707, "test_loss": 0.4903700351715088, "shapley_value_0": -1.4202777610884774, "selection_0": 0, "shapley_value_1": -1.2153521378835042, "selection_1": 0, "shapley_value_2": -1.164902631080512, "selection_2": 0, "shapley_value_3": -1.1830276648203533, "selection_3": 0, "shapley_value_4": -1.3531209462218816, "selection_4": 0, "shapley_value_5": -1.5266305936707394, "selection_5": 0, "shapley_value_6": -1.2333116895622676, "selection_6": 0, "shapley_value_7": -1.4545386064620245, "selection_7": 0, "shapley_value_8": -1.4253803262343767, "selection_8": 0, "shapley_value_9": -1.0014925201733906, "selection_9": 0, "shapley_value_10": -1.1242791141072908, "selection_10": 0, "shapley_value_11": -1.403885652621587, "selection_11": 1, "shapley_value_12": -1.4268845490046913, "selection_12": 0, "shapley_value_13": -1.4572643921488806, "selection_13": 0, "shapley_value_14": -1.3210615897789983, "selection_14": 0, "shapley_value_15": -1.2499247861630989, "selection_15": 0, "shapley_value_16": -1.2016132473945618, "selection_16": 0, "shapley_value_17": -1.4019434352715812, "selection_17": 0, "shapley_value_18": -1.362774667640527, "selection_18": 0, "shapley_value_19": -1.4256466627120972, "selection_19": 0, "shapley_value_20": -1.4930719004737003, "selection_20": 0, "shapley_value_21": -1.132781970832083, "selection_21": 0, "shapley_value_22": -1.5627264512909782, "selection_22": 0, "shapley_value_23": -1.0596502621968586, "selection_23": 0, "shapley_value_24": -1.2816963053884955, "selection_24": 0, "shapley_value_25": -1.2982832772864235, "selection_25": 0, "shapley_value_26": -1.3539749229395832, "selection_26": 0, "shapley_value_27": -1.095758386102377, "selection_27": 1, "shapley_value_28": -0.7735638203042925, "selection_28": 0, "shapley_value_29": -1.4870851205454931, "selection_29": 0, "shapley_value_30": -1.5182802329460774, "selection_30": 1, "shapley_value_31": -1.4191043456395467, "selection_31": 0, "shapley_value_32": -1.1833532077294806, "selection_32": 0, "shapley_value_33": -1.134228690039544, "selection_33": 1, "shapley_value_34": -1.1504356596204968, "selection_34": 0, "shapley_value_35": -1.4349871476491292, "selection_35": 0, "shapley_value_36": -1.11939837038517, "selection_36": 0, "shapley_value_37": -1.4126387039820356, "selection_37": 0, "shapley_value_38": -1.2851471636030412, "selection_38": 0, "shapley_value_39": -1.3013054811292226, "selection_39": 0, "_timestamp": 1687985542.7296093, "_runtime": 75.62442636489868, "_step": 99, "_wandb": {"runtime": 74}}