{"accuracy": 0.47439998388290405, "val_loss": 1.4194979667663574, "test_loss": 1.4615216255187988, "shapley_value_0": -0.49906851053237916, "selection_0": 0, "shapley_value_1": -0.4534402012825014, "selection_1": 0, "shapley_value_2": -0.797937778631846, "selection_2": 1, "shapley_value_3": -0.6620488882064819, "selection_3": 0, "shapley_value_4": -0.6317627112070718, "selection_4": 0, "shapley_value_5": -0.6390243291854861, "selection_5": 0, "shapley_value_6": -0.5647383173306781, "selection_6": 0, "shapley_value_7": -0.8477706379360622, "selection_7": 0, "shapley_value_8": -0.7161879102389019, "selection_8": 0, "shapley_value_9": -0.7340938091278078, "selection_9": 0, "shapley_value_10": -0.7523894945780435, "selection_10": 1, "shapley_value_11": -0.6695736010869343, "selection_11": 0, "shapley_value_12": -0.5966161330540973, "selection_12": 0, "shapley_value_13": -0.4590367356936138, "selection_13": 0, "shapley_value_14": -0.5227082769076032, "selection_14": 0, "shapley_value_15": -1.0342786753619158, "selection_15": 0, "shapley_value_16": -0.6034346262613932, "selection_16": 0, "shapley_value_17": -0.7934271097183228, "selection_17": 1, "shapley_value_18": -0.7761006222830878, "selection_18": 0, "shapley_value_19": -0.6487583080927528, "selection_19": 0, "shapley_value_20": -0.5485849499702455, "selection_20": 0, "shapley_value_21": -0.30126890269192796, "selection_21": 0, "shapley_value_22": -0.3808022881999161, "selection_22": 1, "shapley_value_23": -0.5704166412353517, "selection_23": 0, "shapley_value_24": -0.5101895054181418, "selection_24": 0, "shapley_value_25": -0.5820234417915342, "selection_25": 0, "shapley_value_26": -0.9367198546727499, "selection_26": 0, "shapley_value_27": -0.4329759836196899, "selection_27": 0, "shapley_value_28": -0.2898961486238422, "selection_28": 0, "shapley_value_29": -0.7305822292963664, "selection_29": 0, "shapley_value_30": -0.405928548177083, "selection_30": 0, "shapley_value_31": -0.9616723237214266, "selection_31": 0, "shapley_value_32": 0.10519579052925108, "selection_32": 0, "shapley_value_33": -0.672589103380839, "selection_33": 0, "shapley_value_34": -0.46061971982320105, "selection_34": 0, "shapley_value_35": -0.5800150195757551, "selection_35": 0, "shapley_value_36": -0.5737157781918846, "selection_36": 0, "shapley_value_37": -0.44044720729192105, "selection_37": 0, "shapley_value_38": -0.4823542396227517, "selection_38": 0, "shapley_value_39": -0.7078861236572269, "selection_39": 0, "_timestamp": 1687960954.8815708, "_runtime": 91.81849670410156, "_step": 99, "_wandb": {"runtime": 90}}