{"accuracy": 0.9363999962806702, "val_loss": 0.23019959032535553, "test_loss": 0.21677550673484802, "shapley_value_0": -1.6038073214391868, "selection_0": 0, "shapley_value_1": -2.0150862256685893, "selection_1": 0, "shapley_value_2": -1.9259765883286792, "selection_2": 1, "shapley_value_3": -1.994243695338567, "selection_3": 0, "shapley_value_4": -1.884013779069248, "selection_4": 0, "shapley_value_5": -1.9239550486207009, "selection_5": 1, "shapley_value_6": -1.7846543554103733, "selection_6": 0, "shapley_value_7": -1.8435491087536016, "selection_7": 0, "shapley_value_8": -1.8360315767072497, "selection_8": 0, "shapley_value_9": -1.774937307605376, "selection_9": 0, "shapley_value_10": -1.984301370879014, "selection_10": 0, "shapley_value_11": -1.8127968670041474, "selection_11": 0, "shapley_value_12": -1.8609221443533894, "selection_12": 0, "shapley_value_13": -1.9123586592850863, "selection_13": 0, "shapley_value_14": -2.0019033324150812, "selection_14": 0, "shapley_value_15": -1.6505990454963613, "selection_15": 1, "shapley_value_16": -1.7719539322636344, "selection_16": 0, "shapley_value_17": -1.7919385371108847, "selection_17": 0, "shapley_value_18": -1.8427626378834248, "selection_18": 0, "shapley_value_19": -1.7455025270581246, "selection_19": 0, "shapley_value_20": -1.8826648162470923, "selection_20": 0, "shapley_value_21": -1.734531718823645, "selection_21": 0, "shapley_value_22": -1.6771311141324767, "selection_22": 0, "shapley_value_23": -1.7884072942866218, "selection_23": 0, "shapley_value_24": -1.7937355002477056, "selection_24": 0, "shapley_value_25": -1.9546204251356611, "selection_25": 0, "shapley_value_26": -1.8783142831590443, "selection_26": 0, "shapley_value_27": -1.7425162348275385, "selection_27": 0, "shapley_value_28": -1.567103504141172, "selection_28": 0, "shapley_value_29": -1.8847191582123435, "selection_29": 0, "shapley_value_30": -1.7040156555317696, "selection_30": 0, "shapley_value_31": -1.860226822750909, "selection_31": 0, "shapley_value_32": -2.0018566305438674, "selection_32": 0, "shapley_value_33": -1.9121440927187607, "selection_33": 0, "shapley_value_34": -2.0064034782074116, "selection_34": 0, "shapley_value_35": -1.7505145856627713, "selection_35": 0, "shapley_value_36": -1.8482601653646542, "selection_36": 0, "shapley_value_37": -1.960376598768764, "selection_37": 0, "shapley_value_38": -1.7131772826115288, "selection_38": 1, "shapley_value_39": -1.8198934638941726, "selection_39": 0, "_timestamp": 1688022637.7822423, "_runtime": 87.6794981956482, "_step": 99, "_wandb": {"runtime": 86}}