{"accuracy": 0.1428000032901764, "val_loss": 2.958970308303833, "test_loss": 2.9853854179382324, "_timestamp": 1688409754.8339303, "_runtime": 144.53779220581055, "_step": 99, "_wandb": {"runtime": 142}}