{"accuracy": 0.46063822507858276, "val_loss": 1.9466809034347534, "test_loss": 1.9387600421905518, "_timestamp": 1687970176.1220493, "_runtime": 12.68087124824524, "_step": 8, "_wandb": {"runtime": 12}}