{"accuracy": 0.9225999712944031, "val_loss": 0.27760007977485657, "test_loss": 0.2558273673057556, "_timestamp": 1687995290.385192, "_runtime": 130.42213988304138, "_step": 99, "_wandb": {"runtime": 128}}