{"accuracy": 0.09699999541044235, "val_loss": 11.097644805908203, "test_loss": 11.223207473754883, "shapley_value_0": -1.445367051495446, "selection_0": 0, "shapley_value_1": -1.7897871931393943, "selection_1": 0, "shapley_value_2": 8.840965912077163, "selection_2": 1, "shapley_value_3": -0.2812779744466134, "selection_3": 0, "shapley_value_4": -2.2444441715876273, "selection_4": 0, "shapley_value_5": 7.570728089412054, "selection_5": 1, "shapley_value_6": -4.528805096944172, "selection_6": 0, "shapley_value_7": 7.5229590494057215, "selection_7": 1, "shapley_value_8": -2.0712356368700666, "selection_8": 0, "shapley_value_9": -0.26789008577664486, "selection_9": 0, "shapley_value_10": -1.8912194867928824, "selection_10": 0, "shapley_value_11": 0.1599669158458692, "selection_11": 0, "shapley_value_12": -5.090640515089035, "selection_12": 0, "shapley_value_13": -5.261346320311226, "selection_13": 0, "shapley_value_14": -4.4791372021039315, "selection_14": 0, "shapley_value_15": 0.18985391987694614, "selection_15": 0, "shapley_value_16": 0.02705099752971079, "selection_16": 0, "shapley_value_17": -2.0591508448123923, "selection_17": 0, "shapley_value_18": -0.5161869327227286, "selection_18": 0, "shapley_value_19": -3.185468435287474, "selection_19": 0, "shapley_value_20": 0.30666838089625187, "selection_20": 0, "shapley_value_21": -0.04844236373901367, "selection_21": 0, "shapley_value_22": -1.696428424782221, "selection_22": 0, "shapley_value_23": -0.615552941958109, "selection_23": 0, "shapley_value_24": -3.0941632191340123, "selection_24": 0, "shapley_value_25": -0.7757631540298462, "selection_25": 0, "shapley_value_26": -1.143642822901409, "selection_26": 0, "shapley_value_27": -2.3455875019232417, "selection_27": 0, "shapley_value_28": 0.07847883303960157, "selection_28": 0, "shapley_value_29": -3.0295615891615566, "selection_29": 0, "shapley_value_30": -1.3867088026470604, "selection_30": 0, "shapley_value_31": 0.029459754625955625, "selection_31": 0, "shapley_value_32": -1.7324129541714983, "selection_32": 0, "shapley_value_33": -0.10961119333903113, "selection_33": 0, "shapley_value_34": -2.817969123522441, "selection_34": 0, "shapley_value_35": -5.242118934790293, "selection_35": 0, "shapley_value_36": 2.862715399713925, "selection_36": 1, "shapley_value_37": 0.09893248478571515, "selection_37": 0, "shapley_value_38": -0.38187632958094175, "selection_38": 0, "shapley_value_39": -1.669785499572754, "selection_39": 0, "shapley_value_40": -0.5096304019292193, "selection_40": 0, "shapley_value_41": -1.9535985191663094, "selection_41": 0, "shapley_value_42": 0.10474556684494019, "selection_42": 0, "shapley_value_43": -0.17809844017028809, "selection_43": 0, "shapley_value_44": 7.003342616179632, "selection_44": 1, "shapley_value_45": -2.4548474351565046, "selection_45": 0, "shapley_value_46": -2.380449801683427, "selection_46": 0, "shapley_value_47": -0.6656401753425598, "selection_47": 0, "shapley_value_48": -1.6488711436589556, "selection_48": 0, "shapley_value_49": -0.7065703272819515, "selection_49": 0, "_timestamp": 1688377051.5966935, "_runtime": 78.61109948158264, "_step": 71, "_wandb": {"runtime": 77}}