{"accuracy": 0.9377999901771545, "val_loss": 0.23520053923130035, "test_loss": 0.2134838104248047, "shapley_value_0": 0.19033873707056043, "selection_0": 0, "shapley_value_1": 0.21352779614925382, "selection_1": 0, "shapley_value_2": 0.1784120847284794, "selection_2": 0, "shapley_value_3": 0.22417418056412744, "selection_3": 0, "shapley_value_4": 0.25768079787492754, "selection_4": 0, "shapley_value_5": 0.16711943876743313, "selection_5": 0, "shapley_value_6": 0.2020426582992077, "selection_6": 0, "shapley_value_7": 0.18283309704065323, "selection_7": 0, "shapley_value_8": 0.22054543772339824, "selection_8": 0, "shapley_value_9": 0.18507632023096082, "selection_9": 0, "shapley_value_10": 0.24724558541178704, "selection_10": 0, "shapley_value_11": 0.16450860132512296, "selection_11": 1, "shapley_value_12": 0.19117981415987012, "selection_12": 0, "shapley_value_13": 0.18576778534054758, "selection_13": 0, "shapley_value_14": 0.21119325849413872, "selection_14": 0, "shapley_value_15": 0.16163059172034266, "selection_15": 1, "shapley_value_16": 0.19927464452385904, "selection_16": 0, "shapley_value_17": 0.1814979991018772, "selection_17": 0, "shapley_value_18": 0.17284986981749534, "selection_18": 0, "shapley_value_19": 0.16220927604248647, "selection_19": 1, "shapley_value_20": 0.21193114829063417, "selection_20": 0, "shapley_value_21": 0.18415228205919265, "selection_21": 1, "shapley_value_22": 0.14197600075602532, "selection_22": 1, "shapley_value_23": 0.2042543213665485, "selection_23": 0, "shapley_value_24": 0.191855531334877, "selection_24": 0, "shapley_value_25": 0.16706531974673272, "selection_25": 0, "shapley_value_26": 0.23055385356984642, "selection_26": 0, "shapley_value_27": 0.19485463100671768, "selection_27": 0, "shapley_value_28": 0.2150417673289776, "selection_28": 0, "shapley_value_29": 0.17415500044822693, "selection_29": 0, "shapley_value_30": 0.14188659939169884, "selection_30": 1, "shapley_value_31": 0.21790498617291448, "selection_31": 0, "shapley_value_32": 0.21439241331815723, "selection_32": 0, "shapley_value_33": 0.2289293483495712, "selection_33": 0, "shapley_value_34": 0.19589473646879194, "selection_34": 0, "shapley_value_35": 0.19128024714871458, "selection_35": 0, "shapley_value_36": 0.2015163876712322, "selection_36": 0, "shapley_value_37": 0.189020914465189, "selection_37": 0, "shapley_value_38": 0.20866015705466273, "selection_38": 0, "shapley_value_39": 0.21946651656062982, "selection_39": 0, "shapley_value_40": 0.17149142622947694, "selection_40": 0, "shapley_value_41": 0.23272735419869423, "selection_41": 0, "shapley_value_42": 0.2024170615077019, "selection_42": 0, "shapley_value_43": 0.15787994790077214, "selection_43": 1, "shapley_value_44": 0.20066649019718175, "selection_44": 0, "shapley_value_45": 0.2118871898651123, "selection_45": 0, "shapley_value_46": 0.18075234672427173, "selection_46": 0, "shapley_value_47": 0.2005504387617111, "selection_47": 0, "shapley_value_48": 0.1991225080192089, "selection_48": 0, "shapley_value_49": 0.1949801622362513, "selection_49": 0, "shapley_value_50": 0.1960240733356852, "selection_50": 0, "shapley_value_51": 0.18770200699567793, "selection_51": 0, "shapley_value_52": 0.2238952679038048, "selection_52": 0, "shapley_value_53": 0.19797829416394236, "selection_53": 0, "shapley_value_54": 0.2105864738821983, "selection_54": 0, "shapley_value_55": 0.1873565791249275, "selection_55": 0, "shapley_value_56": 0.2508121438026428, "selection_56": 0, "shapley_value_57": 0.20678928998112678, "selection_57": 0, "shapley_value_58": 0.1697233010828495, "selection_58": 0, "shapley_value_59": 0.19777601623535157, "selection_59": 0, "shapley_value_60": 0.1549136311113834, "selection_60": 1, "shapley_value_61": 0.20889908188581466, "selection_61": 0, "shapley_value_62": 0.216471628934145, "selection_62": 0, "shapley_value_63": 0.2064347204864025, "selection_63": 0, "shapley_value_64": 0.19865782377123833, "selection_64": 0, "shapley_value_65": 0.2034053657948971, "selection_65": 0, "shapley_value_66": 0.18711247095465655, "selection_66": 0, "shapley_value_67": 0.20799189173390992, "selection_67": 0, "shapley_value_68": 0.2222843786478043, "selection_68": 0, "shapley_value_69": 0.20092636653780938, "selection_69": 0, "shapley_value_70": 0.20765138357877735, "selection_70": 0, "shapley_value_71": 0.20347891584038735, "selection_71": 0, "shapley_value_72": 0.19731423273682597, "selection_72": 0, "shapley_value_73": 0.22583397680521014, "selection_73": 0, "shapley_value_74": 0.16964341038622355, "selection_74": 0, "shapley_value_75": 0.22237073177099234, "selection_75": 0, "shapley_value_76": 0.22118062368035316, "selection_76": 0, "shapley_value_77": 0.16982191240787506, "selection_77": 0, "shapley_value_78": 0.21500291785597803, "selection_78": 0, "shapley_value_79": 0.19394045847654345, "selection_79": 0, "shapley_value_80": 0.18186592206358906, "selection_80": 0, "shapley_value_81": 0.18706547507643706, "selection_81": 0, "shapley_value_82": 0.175778820967988, "selection_82": 0, "shapley_value_83": 0.18304799310519146, "selection_83": 0, "shapley_value_84": 0.24797154983878134, "selection_84": 0, "shapley_value_85": 0.20539600697159766, "selection_85": 0, "shapley_value_86": 0.20002388808131216, "selection_86": 0, "shapley_value_87": 0.20656257691979407, "selection_87": 0, "shapley_value_88": 0.2286636239290237, "selection_88": 0, "shapley_value_89": 0.2280867503583431, "selection_89": 0, "shapley_value_90": 0.2350876680973329, "selection_90": 0, "shapley_value_91": 0.20139709958434104, "selection_91": 0, "shapley_value_92": 0.22924626886844637, "selection_92": 0, "shapley_value_93": 0.2280809434354305, "selection_93": 0, "shapley_value_94": 0.16028688767552374, "selection_94": 1, "shapley_value_95": 0.23876204648613925, "selection_95": 0, "shapley_value_96": 0.2176196499764919, "selection_96": 0, "shapley_value_97": 0.17823526868224143, "selection_97": 0, "shapley_value_98": 0.21772504392266273, "selection_98": 0, "shapley_value_99": 0.15825358405709267, "selection_99": 1, "_timestamp": 1687925970.593926, "_runtime": 317.6610200405121, "_step": 99, "_wandb": {"runtime": 316}}