{"accuracy": 0.5044000148773193, "val_loss": 1.368411898612976, "test_loss": 1.3837268352508545, "shapley_value_0": -0.8599816295835704, "selection_0": 0, "shapley_value_1": -0.6923392469232732, "selection_1": 0, "shapley_value_2": -0.6665612724092271, "selection_2": 0, "shapley_value_3": -0.6725032510179462, "selection_3": 1, "shapley_value_4": -0.738432280222575, "selection_4": 0, "shapley_value_5": -0.7154962104909561, "selection_5": 0, "shapley_value_6": -0.7970938483874002, "selection_6": 0, "shapley_value_7": -0.6769051313400268, "selection_7": 0, "shapley_value_8": -0.7074328263600667, "selection_8": 0, "shapley_value_9": -0.6144200506664459, "selection_9": 0, "shapley_value_10": -0.7129737999704148, "selection_10": 0, "shapley_value_11": -0.6930454201168488, "selection_11": 0, "shapley_value_12": -0.5889768401781718, "selection_12": 0, "shapley_value_13": -0.6183588284033313, "selection_13": 0, "shapley_value_14": -0.7352384701371193, "selection_14": 1, "shapley_value_15": -0.6407782280886613, "selection_15": 0, "shapley_value_16": -0.7909319202105205, "selection_16": 0, "shapley_value_17": -0.7943714724646674, "selection_17": 0, "shapley_value_18": -0.7634552505281238, "selection_18": 0, "shapley_value_19": -0.6410438170035678, "selection_19": 0, "shapley_value_20": -0.7764928795042495, "selection_20": 0, "shapley_value_21": -0.7167600641647975, "selection_21": 0, "shapley_value_22": -0.6611419002215067, "selection_22": 0, "shapley_value_23": -0.6851333644655018, "selection_23": 0, "shapley_value_24": -0.6534461999932927, "selection_24": 0, "shapley_value_25": -0.7488749623298645, "selection_25": 0, "shapley_value_26": -0.8186002130861636, "selection_26": 0, "shapley_value_27": -0.6686956220202979, "selection_27": 0, "shapley_value_28": -0.712052558407639, "selection_28": 0, "shapley_value_29": -0.822473894982111, "selection_29": 0, "shapley_value_30": -0.699102648666927, "selection_30": 0, "shapley_value_31": -0.7979907901198778, "selection_31": 0, "shapley_value_32": -0.7262074285083346, "selection_32": 0, "shapley_value_33": -0.8279189467430116, "selection_33": 1, "shapley_value_34": -0.7673768423221731, "selection_34": 0, "shapley_value_35": -0.7714957426755858, "selection_35": 0, "shapley_value_36": -0.8137064509921603, "selection_36": 0, "shapley_value_37": -0.692644780332392, "selection_37": 0, "shapley_value_38": -0.6623689492543539, "selection_38": 1, "shapley_value_39": -0.6993911013458717, "selection_39": 0, "_timestamp": 1688031869.5343542, "_runtime": 101.35844922065735, "_step": 99, "_wandb": {"runtime": 99}}