{"accuracy": 0.8581575155258179, "val_loss": 0.46597880125045776, "test_loss": 0.46518993377685547, "shapley_value_0": -1.5435619623888104, "selection_0": 0, "shapley_value_1": -1.2168724735577903, "selection_1": 0, "shapley_value_2": -1.2854411651690796, "selection_2": 0, "shapley_value_3": -1.3275027070194483, "selection_3": 0, "shapley_value_4": -1.6177484762100942, "selection_4": 0, "shapley_value_5": -1.4716476043065387, "selection_5": 0, "shapley_value_6": -1.312162048949136, "selection_6": 0, "shapley_value_7": -1.4356466531753542, "selection_7": 0, "shapley_value_8": -1.2728420570492744, "selection_8": 0, "shapley_value_9": -1.4493950655062993, "selection_9": 1, "shapley_value_10": -1.4568838030099869, "selection_10": 0, "shapley_value_11": -1.4565427148783645, "selection_11": 1, "shapley_value_12": -1.2692699631055198, "selection_12": 1, "shapley_value_13": -1.3225695788860319, "selection_13": 0, "shapley_value_14": -1.2372146291392188, "selection_14": 0, "shapley_value_15": -1.3237988774975142, "selection_15": 0, "shapley_value_16": -1.4575492131213348, "selection_16": 0, "shapley_value_17": -1.4268208153736899, "selection_17": 0, "shapley_value_18": -1.590179847346412, "selection_18": 0, "shapley_value_19": -1.3231484958758724, "selection_19": 0, "shapley_value_20": -1.1117111614772248, "selection_20": 0, "shapley_value_21": -1.2849155159460175, "selection_21": 0, "shapley_value_22": -1.3402477340264753, "selection_22": 0, "shapley_value_23": -0.9555186009596262, "selection_23": 0, "shapley_value_24": -1.3274871963593695, "selection_24": 0, "shapley_value_25": -1.2654203606976404, "selection_25": 0, "shapley_value_26": -1.3723345370519728, "selection_26": 1, "shapley_value_27": -1.0672382975325867, "selection_27": 0, "shapley_value_28": -1.0481570121787842, "selection_28": 0, "shapley_value_29": -1.5360086290609272, "selection_29": 0, "shapley_value_30": -1.2591524620850882, "selection_30": 0, "shapley_value_31": -1.5059005022048946, "selection_31": 0, "shapley_value_32": -1.1452568746877438, "selection_32": 0, "shapley_value_33": -1.7308556338151302, "selection_33": 0, "shapley_value_34": -1.1838565270105998, "selection_34": 0, "shapley_value_35": -1.526507782715338, "selection_35": 0, "shapley_value_36": -1.2089544578834817, "selection_36": 0, "shapley_value_37": -1.4075807191076726, "selection_37": 0, "shapley_value_38": -1.3604109942913054, "selection_38": 0, "shapley_value_39": -1.3078838288784027, "selection_39": 0, "_timestamp": 1687985293.6086204, "_runtime": 76.19487047195435, "_step": 99, "_wandb": {"runtime": 74}}