{"accuracy": 0.10439999401569366, "val_loss": 2.3180010318756104, "test_loss": 2.3127007484436035, "_timestamp": 1688411710.0072036, "_runtime": 137.4137246608734, "_step": 99, "_wandb": {"runtime": 135}}