{"accuracy": 0.9381999969482422, "val_loss": 0.23241901397705078, "test_loss": 0.2170248031616211, "shapley_value_0": 0.2174085501649163, "selection_0": 0, "shapley_value_1": 0.17881037586927412, "selection_1": 0, "shapley_value_2": 0.2042314007878303, "selection_2": 0, "shapley_value_3": 0.2690390276163816, "selection_3": 0, "shapley_value_4": 0.2070317895710468, "selection_4": 0, "shapley_value_5": 0.2184803922474384, "selection_5": 0, "shapley_value_6": 0.20996699663996693, "selection_6": 0, "shapley_value_7": 0.22057235026359562, "selection_7": 0, "shapley_value_8": 0.2192099708914757, "selection_8": 0, "shapley_value_9": 0.2202241788506508, "selection_9": 0, "shapley_value_10": 0.19588587152957912, "selection_10": 0, "shapley_value_11": 0.22607956856489186, "selection_11": 0, "shapley_value_12": 0.1414136264390415, "selection_12": 1, "shapley_value_13": 0.20406530830264097, "selection_13": 0, "shapley_value_14": 0.15284554971588982, "selection_14": 0, "shapley_value_15": 0.2473271135579456, "selection_15": 0, "shapley_value_16": 0.18244729111591976, "selection_16": 0, "shapley_value_17": 0.19013359715122927, "selection_17": 1, "shapley_value_18": 0.15531542503171494, "selection_18": 0, "shapley_value_19": 0.17987311229109765, "selection_19": 0, "shapley_value_20": 0.17310727122757175, "selection_20": 0, "shapley_value_21": 0.21213081648945806, "selection_21": 0, "shapley_value_22": 0.21689004948735238, "selection_22": 0, "shapley_value_23": 0.2434083540873094, "selection_23": 0, "shapley_value_24": 0.22035525333881378, "selection_24": 0, "shapley_value_25": 0.1934184040129185, "selection_25": 0, "shapley_value_26": 0.24580791348760778, "selection_26": 1, "shapley_value_27": 0.22336446570152305, "selection_27": 1, "shapley_value_28": 0.19220759171247484, "selection_28": 0, "shapley_value_29": 0.16807758388289235, "selection_29": 0, "shapley_value_30": 0.19155515521764752, "selection_30": 0, "shapley_value_31": 0.17343949778212442, "selection_31": 0, "shapley_value_32": 0.17839651094542608, "selection_32": 0, "shapley_value_33": 0.17845373342434565, "selection_33": 0, "shapley_value_34": 0.18755570784211156, "selection_34": 0, "shapley_value_35": 0.23789631672880865, "selection_35": 0, "shapley_value_36": 0.2230161930214275, "selection_36": 0, "shapley_value_37": 0.1811637269457181, "selection_37": 0, "shapley_value_38": 0.19708565497398375, "selection_38": 0, "shapley_value_39": 0.20348981371521951, "selection_39": 0, "shapley_value_40": 0.16319353765911526, "selection_40": 0, "shapley_value_41": 0.223530175008557, "selection_41": 1, "shapley_value_42": 0.21692817151546476, "selection_42": 0, "shapley_value_43": 0.17888036661677892, "selection_43": 0, "shapley_value_44": 0.1538878584849207, "selection_44": 0, "shapley_value_45": 0.24510063743049446, "selection_45": 0, "shapley_value_46": 0.17307547827561695, "selection_46": 0, "shapley_value_47": 0.19321156122966815, "selection_47": 1, "shapley_value_48": 0.17798767344819172, "selection_48": 0, "shapley_value_49": 0.2556406042724847, "selection_49": 0, "shapley_value_50": 0.17013517946004864, "selection_50": 0, "shapley_value_51": 0.2170408299565315, "selection_51": 0, "shapley_value_52": 0.19002629441732455, "selection_52": 1, "shapley_value_53": 0.17899691780931073, "selection_53": 0, "shapley_value_54": 0.19048509541153907, "selection_54": 0, "shapley_value_55": 0.16910855329698987, "selection_55": 0, "shapley_value_56": 0.2193504363298416, "selection_56": 0, "shapley_value_57": 0.24354012673551387, "selection_57": 0, "shapley_value_58": 0.20210699954628947, "selection_58": 0, "shapley_value_59": 0.19152639546990397, "selection_59": 0, "shapley_value_60": 0.1836838545422805, "selection_60": 0, "shapley_value_61": 0.21491952127218247, "selection_61": 0, "shapley_value_62": 0.2350898426771164, "selection_62": 0, "shapley_value_63": 0.17623280816608006, "selection_63": 0, "shapley_value_64": 0.1888121525645256, "selection_64": 1, "shapley_value_65": 0.18627637648896164, "selection_65": 0, "shapley_value_66": 0.1986609106063843, "selection_66": 0, "shapley_value_67": 0.23913534045219428, "selection_67": 0, "shapley_value_68": 0.13838581051677465, "selection_68": 0, "shapley_value_69": 0.2395197970216925, "selection_69": 0, "shapley_value_70": 0.23409459002993327, "selection_70": 0, "shapley_value_71": 0.17038823006968748, "selection_71": 0, "shapley_value_72": 0.1804923533068763, "selection_72": 0, "shapley_value_73": 0.21147288945317264, "selection_73": 0, "shapley_value_74": 0.21769825398921966, "selection_74": 0, "shapley_value_75": 0.23168952584266667, "selection_75": 0, "shapley_value_76": 0.24141644526611675, "selection_76": 0, "shapley_value_77": 0.17454478934494377, "selection_77": 0, "shapley_value_78": 0.2430390221964229, "selection_78": 0, "shapley_value_79": 0.2296675326065583, "selection_79": 0, "shapley_value_80": 0.20389948597550395, "selection_80": 0, "shapley_value_81": 0.18418171864748, "selection_81": 0, "shapley_value_82": 0.19793750485777858, "selection_82": 1, "shapley_value_83": 0.21735787448287008, "selection_83": 0, "shapley_value_84": 0.17047918985287347, "selection_84": 0, "shapley_value_85": 0.2022142296135426, "selection_85": 0, "shapley_value_86": 0.20026016777753827, "selection_86": 0, "shapley_value_87": 0.17911333057284357, "selection_87": 0, "shapley_value_88": 0.19733874019980435, "selection_88": 0, "shapley_value_89": 0.23602967273105274, "selection_89": 0, "shapley_value_90": 0.17992491139305963, "selection_90": 0, "shapley_value_91": 0.14270017659455014, "selection_91": 0, "shapley_value_92": 0.2110156975984573, "selection_92": 0, "shapley_value_93": 0.21069426786899564, "selection_93": 0, "shapley_value_94": 0.20896698927879337, "selection_94": 0, "shapley_value_95": 0.2130580539279862, "selection_95": 0, "shapley_value_96": 0.23575816601514815, "selection_96": 0, "shapley_value_97": 0.21923684567213061, "selection_97": 0, "shapley_value_98": 0.17405592418379254, "selection_98": 0, "shapley_value_99": 0.22352087852629748, "selection_99": 1, "_timestamp": 1687954427.990458, "_runtime": 302.0548141002655, "_step": 99, "_wandb": {"runtime": 300}}