{"accuracy": 0.5037999749183655, "val_loss": 1.3737303018569946, "test_loss": 1.3912824392318726, "_timestamp": 1688033915.497147, "_runtime": 87.81281805038452, "_step": 99, "_wandb": {"runtime": 86}}