{"accuracy": 0.9296000003814697, "val_loss": 0.2580833435058594, "test_loss": 0.2343105971813202, "shapley_value_0": 0.0031994771957397456, "selection_0": 0, "shapley_value_1": 0.07920209825038908, "selection_1": 0, "shapley_value_2": 0.0015592479705810547, "selection_2": 0, "shapley_value_3": 0.0036052417755126948, "selection_3": 0, "shapley_value_4": 0.09539020001888275, "selection_4": 0, "shapley_value_5": 0.0020808124542236327, "selection_5": 0, "shapley_value_6": 0.0051208877563476566, "selection_6": 0, "shapley_value_7": 0.0035982942581176762, "selection_7": 0, "shapley_value_8": 0.22899638422764845, "selection_8": 0, "shapley_value_9": 0.0035818815231323242, "selection_9": 0, "shapley_value_10": 0.012142505645751957, "selection_10": 0, "shapley_value_11": 0.004039397239685058, "selection_11": 0, "shapley_value_12": 0.0050964546203613285, "selection_12": 0, "shapley_value_13": 0.08137769281864164, "selection_13": 0, "shapley_value_14": 0.007201089859008791, "selection_14": 0, "shapley_value_15": 0.007868666648864747, "selection_15": 0, "shapley_value_16": 0.0072040843963623044, "selection_16": 0, "shapley_value_17": 0.05013313531875609, "selection_17": 0, "shapley_value_18": -4.8286036441200655e-05, "selection_18": 0, "shapley_value_19": 0.01179872989654541, "selection_19": 0, "shapley_value_20": 0.010888915061950687, "selection_20": 0, "shapley_value_21": 0.02183408260345459, "selection_21": 0, "shapley_value_22": 0.008977966308593752, "selection_22": 0, "shapley_value_23": 0.011070585250854493, "selection_23": 0, "shapley_value_24": 0.016311817169189457, "selection_24": 0, "shapley_value_25": 0.01833227157592773, "selection_25": 0, "shapley_value_26": -0.0006241045500102796, "selection_26": 0, "shapley_value_27": 0.010241203308105469, "selection_27": 0, "shapley_value_28": 0.010418157577514648, "selection_28": 0, "shapley_value_29": 0.01345454216003418, "selection_29": 0, "shapley_value_30": 0.03462460041046142, "selection_30": 0, "shapley_value_31": 0.035223069190979006, "selection_31": 0, "shapley_value_32": 0.04181591987609863, "selection_32": 0, "shapley_value_33": 0.013894209861755371, "selection_33": 0, "shapley_value_34": 0.008523263931274415, "selection_34": 0, "shapley_value_35": 0.02810732364654541, "selection_35": 0, "shapley_value_36": -0.0009791976527163857, "selection_36": 0, "shapley_value_37": 0.028282618522644052, "selection_37": 0, "shapley_value_38": 0.029133610725402832, "selection_38": 0, "shapley_value_39": 0.013430604934692381, "selection_39": 0, "shapley_value_40": 0.022647702693939214, "selection_40": 0, "shapley_value_41": -9.856098576595909e-05, "selection_41": 0, "shapley_value_42": 0.22273196946179105, "selection_42": 0, "shapley_value_43": 0.03912617921829223, "selection_43": 0, "shapley_value_44": 0.22324047004634684, "selection_44": 0, "shapley_value_45": 0.19665019316332683, "selection_45": 0, "shapley_value_46": 0.06926760017871858, "selection_46": 0, "shapley_value_47": 0.0715652060508728, "selection_47": 0, "shapley_value_48": 0.17415481363024035, "selection_48": 0, "shapley_value_49": 0.03852302074432372, "selection_49": 0, "shapley_value_50": 0.03638576507568359, "selection_50": 0, "shapley_value_51": -0.0005098518572355572, "selection_51": 0, "shapley_value_52": -0.00012759158485814144, "selection_52": 0, "shapley_value_53": 0.03717946052551269, "selection_53": 0, "shapley_value_54": 0.17847221389412882, "selection_54": 0, "shapley_value_55": -0.0007424103586297287, "selection_55": 0, "shapley_value_56": 0.1857712362408638, "selection_56": 0, "shapley_value_57": 0.03687170028686522, "selection_57": 0, "shapley_value_58": 0.2204818877577782, "selection_58": 0, "shapley_value_59": 0.22363179647922518, "selection_59": 0, "shapley_value_60": 0.2341213394739689, "selection_60": 1, "shapley_value_61": 0.09326761692762377, "selection_61": 0, "shapley_value_62": 0.22610673270973505, "selection_62": 0, "shapley_value_63": 0.16894195633275166, "selection_63": 0, "shapley_value_64": 0.20067271280288695, "selection_64": 0, "shapley_value_65": 0.2334821528355848, "selection_65": 1, "shapley_value_66": 0.12530332366625468, "selection_66": 0, "shapley_value_67": 0.17356369078159334, "selection_67": 0, "shapley_value_68": 0.03709340095520019, "selection_68": 0, "shapley_value_69": 0.21270747787677327, "selection_69": 0, "shapley_value_70": 0.2461783630739559, "selection_70": 1, "shapley_value_71": 0.002338149547576904, "selection_71": 0, "shapley_value_72": 0.16803500980138777, "selection_72": 0, "shapley_value_73": 0.13721888914704322, "selection_73": 0, "shapley_value_74": 0.17467526614665987, "selection_74": 0, "shapley_value_75": 0.21420066377520558, "selection_75": 1, "shapley_value_76": -0.0029890160811574837, "selection_76": 0, "shapley_value_77": 0.18416558081539053, "selection_77": 0, "shapley_value_78": 0.21282438869659717, "selection_78": 0, "shapley_value_79": 0.15168321212969327, "selection_79": 0, "shapley_value_80": 0.25127652856806343, "selection_80": 1, "shapley_value_81": 0.1411389444768429, "selection_81": 0, "shapley_value_82": 0.19553366426910673, "selection_82": 0, "shapley_value_83": 0.14172559469938278, "selection_83": 0, "shapley_value_84": 0.22701402235321874, "selection_84": 1, "shapley_value_85": 0.2092985589687641, "selection_85": 1, "shapley_value_86": 0.19667522718297667, "selection_86": 0, "shapley_value_87": 0.18543034764853392, "selection_87": 0, "shapley_value_88": 0.22178178270161153, "selection_88": 0, "shapley_value_89": 0.1282253349141071, "selection_89": 0, "shapley_value_90": 0.14095877274870872, "selection_90": 0, "shapley_value_91": 0.19665437560815077, "selection_91": 0, "shapley_value_92": 0.2033659693423439, "selection_92": 0, "shapley_value_93": 0.19623540759086605, "selection_93": 0, "shapley_value_94": 0.21771866775476015, "selection_94": 1, "shapley_value_95": 0.24798079170992499, "selection_95": 1, "shapley_value_96": -0.00022721290588378906, "selection_96": 0, "shapley_value_97": 0.17455333905560627, "selection_97": 0, "shapley_value_98": 0.21640092425876195, "selection_98": 1, "shapley_value_99": 0.102677244246006, "selection_99": 0, "_timestamp": 1687950201.1191535, "_runtime": 323.4014184474945, "_step": 99, "_wandb": {"runtime": 321}}