{"accuracy": 0.9351999759674072, "val_loss": 0.23066149652004242, "test_loss": 0.21668708324432373, "shapley_value_0": -1.5958549231290817, "selection_0": 1, "shapley_value_1": -1.9481170922517776, "selection_1": 0, "shapley_value_2": -1.9009596490197715, "selection_2": 0, "shapley_value_3": -1.9512824639678001, "selection_3": 0, "shapley_value_4": -1.6949819335431762, "selection_4": 0, "shapley_value_5": -1.7985162357489266, "selection_5": 0, "shapley_value_6": -1.7989332100583442, "selection_6": 1, "shapley_value_7": -1.9771251997777388, "selection_7": 1, "shapley_value_8": -1.8305771019723676, "selection_8": 0, "shapley_value_9": -1.796851966243524, "selection_9": 0, "shapley_value_10": -1.9858489351140127, "selection_10": 0, "shapley_value_11": -1.8934827626515658, "selection_11": 0, "shapley_value_12": -1.8850851390096877, "selection_12": 0, "shapley_value_13": -1.8456165846437216, "selection_13": 0, "shapley_value_14": -1.975063529279497, "selection_14": 0, "shapley_value_15": -1.58551740894715, "selection_15": 0, "shapley_value_16": -1.7370635944384114, "selection_16": 0, "shapley_value_17": -1.888915576231785, "selection_17": 0, "shapley_value_18": -1.9231176078319545, "selection_18": 1, "shapley_value_19": -1.844062745985057, "selection_19": 0, "shapley_value_20": -1.8901829344254955, "selection_20": 0, "shapley_value_21": -1.6060269994266105, "selection_21": 0, "shapley_value_22": -1.7343057783750382, "selection_22": 0, "shapley_value_23": -1.9697571576883393, "selection_23": 0, "shapley_value_24": -1.764119915250275, "selection_24": 0, "shapley_value_25": -1.9869970039085108, "selection_25": 0, "shapley_value_26": -1.944631377404386, "selection_26": 0, "shapley_value_27": -1.6351346910902949, "selection_27": 0, "shapley_value_28": -1.6786740508043407, "selection_28": 0, "shapley_value_29": -1.909467972460247, "selection_29": 0, "shapley_value_30": -1.6359145268797874, "selection_30": 0, "shapley_value_31": -1.8222698458918822, "selection_31": 0, "shapley_value_32": -1.9652677547364006, "selection_32": 0, "shapley_value_33": -1.9246369776902377, "selection_33": 0, "shapley_value_34": -1.906097194978169, "selection_34": 0, "shapley_value_35": -1.838596964565416, "selection_35": 0, "shapley_value_36": -1.8427486000237643, "selection_36": 0, "shapley_value_37": -1.9508660733699799, "selection_37": 0, "shapley_value_38": -1.5937417966348153, "selection_38": 0, "shapley_value_39": -1.8806249934668635, "selection_39": 0, "_timestamp": 1688022349.8953376, "_runtime": 82.5966055393219, "_step": 99, "_wandb": {"runtime": 81}}