{"accuracy": 0.13819999992847443, "val_loss": 4.693374156951904, "test_loss": 4.7617692947387695, "_timestamp": 1688403736.0454361, "_runtime": 145.34346413612366, "_step": 99, "_wandb": {"runtime": 143}}