{"accuracy": 0.09719999879598618, "val_loss": 4.257370471954346, "test_loss": 4.286073684692383, "shapley_value_0": 2.1460136903656855, "selection_0": 0, "shapley_value_1": 1.749585857758155, "selection_1": 0, "shapley_value_2": 2.0271799056618303, "selection_2": 0, "shapley_value_3": 2.6268277749037123, "selection_3": 1, "shapley_value_4": 0.8002744515736899, "selection_4": 0, "shapley_value_5": 1.4890145716213044, "selection_5": 0, "shapley_value_6": -0.7903709530830382, "selection_6": 1, "shapley_value_7": 2.3060398896535235, "selection_7": 0, "shapley_value_8": 3.7870205553869405, "selection_8": 1, "shapley_value_9": -0.3687144517898564, "selection_9": 0, "shapley_value_10": 0.3269299417734144, "selection_10": 0, "shapley_value_11": 0, "selection_11": 0, "shapley_value_12": 0, "selection_12": 0, "shapley_value_13": 1.2827989260355632, "selection_13": 0, "shapley_value_14": 0.9134016434351603, "selection_14": 0, "shapley_value_15": 1.2143875559171045, "selection_15": 0, "shapley_value_16": 3.9835307616176023, "selection_16": 0, "shapley_value_17": 4.677741010983786, "selection_17": 1, "shapley_value_18": 2.6782347122828165, "selection_18": 0, "shapley_value_19": 0, "selection_19": 0, "shapley_value_20": 2.9248499987887704, "selection_20": 0, "shapley_value_21": 2.6116099324491295, "selection_21": 0, "shapley_value_22": 0, "selection_22": 0, "shapley_value_23": 0.08043026924133345, "selection_23": 0, "shapley_value_24": -1.083096543947855, "selection_24": 0, "shapley_value_25": -0.8545467058817557, "selection_25": 0, "shapley_value_26": -5.760444819927216, "selection_26": 0, "shapley_value_27": 2.2762154142061872, "selection_27": 0, "shapley_value_28": 2.4958041620751223, "selection_28": 0, "shapley_value_29": 2.1301348172128196, "selection_29": 0, "shapley_value_30": -0.26847322781880667, "selection_30": 0, "shapley_value_31": 3.862484087546666, "selection_31": 0, "shapley_value_32": 4.04111263548073, "selection_32": 0, "shapley_value_33": 3.2504351947343717, "selection_33": 1, "shapley_value_34": 1.8972598736484843, "selection_34": 0, "shapley_value_35": -1.754980742931366, "selection_35": 0, "shapley_value_36": 0, "selection_36": 0, "shapley_value_37": 0, "selection_37": 0, "shapley_value_38": 0, "selection_38": 0, "shapley_value_39": 0, "selection_39": 0, "shapley_value_40": 0.937708685795466, "selection_40": 0, "shapley_value_41": 2.1239673928780998, "selection_41": 0, "shapley_value_42": 2.394707322120667, "selection_42": 0, "shapley_value_43": 1.3017526070276895, "selection_43": 0, "shapley_value_44": -0.9792457024256382, "selection_44": 0, "shapley_value_45": 1.2321682771046945, "selection_45": 0, "shapley_value_46": 0, "selection_46": 0, "shapley_value_47": 2.655194200220562, "selection_47": 0, "shapley_value_48": 0.8766944143507218, "selection_48": 0, "shapley_value_49": 1.5224798679351808, "selection_49": 0, "_timestamp": 1688389230.0752034, "_runtime": 112.71688842773438, "_step": 99, "_wandb": {"runtime": 111}}