{"accuracy": 0.10239999741315842, "val_loss": 3.1650002002716064, "test_loss": 3.2018585205078125, "shapley_value_0": 0.6066058410538572, "selection_0": 0, "shapley_value_1": 2.612397090593974, "selection_1": 0, "shapley_value_2": 3.2452770184587547, "selection_2": 0, "shapley_value_3": 2.3229740079906245, "selection_3": 1, "shapley_value_4": -12.748525698979698, "selection_4": 0, "shapley_value_5": 2.837856461604435, "selection_5": 0, "shapley_value_6": -8.607765714327497, "selection_6": 0, "shapley_value_7": 0, "selection_7": 0, "shapley_value_8": 2.255020720836443, "selection_8": 0, "shapley_value_9": 2.032838258478377, "selection_9": 0, "shapley_value_10": -0.7793491085370374, "selection_10": 0, "shapley_value_11": 0, "selection_11": 0, "shapley_value_12": 0, "selection_12": 0, "shapley_value_13": -0.8150356610616036, "selection_13": 0, "shapley_value_14": 0.7170291046301527, "selection_14": 0, "shapley_value_15": -3.940953354040781, "selection_15": 0, "shapley_value_16": 1.757331142822902, "selection_16": 0, "shapley_value_17": 1.4726960897445678, "selection_17": 0, "shapley_value_18": 2.050798123958064, "selection_18": 0, "shapley_value_19": 0, "selection_19": 0, "shapley_value_20": 2.1355037227982567, "selection_20": 1, "shapley_value_21": 3.586867355036013, "selection_21": 1, "shapley_value_22": 0, "selection_22": 0, "shapley_value_23": -3.5593678156534825, "selection_23": 0, "shapley_value_24": -6.664424379666645, "selection_24": 0, "shapley_value_25": 0.22407654921213815, "selection_25": 0, "shapley_value_26": -7.22006094455719, "selection_26": 0, "shapley_value_27": 2.2998154560724893, "selection_27": 0, "shapley_value_28": 2.221736745876178, "selection_28": 0, "shapley_value_29": 0, "selection_29": 0, "shapley_value_30": 0, "selection_30": 0, "shapley_value_31": 2.4241337202213433, "selection_31": 0, "shapley_value_32": 2.2957071716135204, "selection_32": 0, "shapley_value_33": 0, "selection_33": 0, "shapley_value_34": 1.5445349978076086, "selection_34": 1, "shapley_value_35": 0.035299221674600645, "selection_35": 0, "shapley_value_36": 0, "selection_36": 0, "shapley_value_37": 2.7407616848746943, "selection_37": 0, "shapley_value_38": 1.3312898162338465, "selection_38": 0, "shapley_value_39": 2.497795759527771, "selection_39": 1, "shapley_value_40": 2.351473932464918, "selection_40": 0, "shapley_value_41": -4.382904907067619, "selection_41": 0, "shapley_value_42": 2.310928912723766, "selection_42": 0, "shapley_value_43": 0, "selection_43": 0, "shapley_value_44": 4.299990919729074, "selection_44": 0, "shapley_value_45": -0.4586197005377877, "selection_45": 0, "shapley_value_46": 4.008031052571756, "selection_46": 0, "shapley_value_47": 1.3792358736197157, "selection_47": 0, "shapley_value_48": -0.8799117737346235, "selection_48": 0, "shapley_value_49": 2.7814906199773137, "selection_49": 0, "_timestamp": 1688385990.3344457, "_runtime": 111.3438446521759, "_step": 99, "_wandb": {"runtime": 109}}