{"accuracy": 0.9373999834060669, "val_loss": 0.23437663912773132, "test_loss": 0.21987099945545197, "shapley_value_0": 0.22064020460302175, "selection_0": 0, "shapley_value_1": 0.21095327803492547, "selection_1": 0, "shapley_value_2": 0.16942366775539186, "selection_2": 0, "shapley_value_3": 0.18466246998972363, "selection_3": 0, "shapley_value_4": 0.21646968525648114, "selection_4": 0, "shapley_value_5": 0.21656001496315, "selection_5": 0, "shapley_value_6": 0.23084333671764892, "selection_6": 1, "shapley_value_7": 0.23537896760485386, "selection_7": 0, "shapley_value_8": 0.18508964270353315, "selection_8": 0, "shapley_value_9": 0.1626149815599821, "selection_9": 0, "shapley_value_10": 0.24227564429694953, "selection_10": 0, "shapley_value_11": 0.18173725759983064, "selection_11": 1, "shapley_value_12": 0.21676475533030246, "selection_12": 0, "shapley_value_13": 0.1833267445266247, "selection_13": 0, "shapley_value_14": 0.171122225522995, "selection_14": 0, "shapley_value_15": 0.19434685435891152, "selection_15": 0, "shapley_value_16": 0.12185722034424543, "selection_16": 0, "shapley_value_17": 0.20118382975459098, "selection_17": 0, "shapley_value_18": 0.22031354311108592, "selection_18": 0, "shapley_value_19": 0.22563336914235899, "selection_19": 1, "shapley_value_20": 0.24293941728093413, "selection_20": 0, "shapley_value_21": 0.16814308851957321, "selection_21": 0, "shapley_value_22": 0.23185954291712155, "selection_22": 0, "shapley_value_23": 0.1685201364093357, "selection_23": 0, "shapley_value_24": 0.21907414948940276, "selection_24": 0, "shapley_value_25": 0.2186193614900112, "selection_25": 0, "shapley_value_26": 0.20540046858787536, "selection_26": 0, "shapley_value_27": 0.24295345775105737, "selection_27": 0, "shapley_value_28": 0.217551109872081, "selection_28": 1, "shapley_value_29": 0.24652977702292533, "selection_29": 0, "shapley_value_30": 0.1920460751950741, "selection_30": 0, "shapley_value_31": 0.18940888080000878, "selection_31": 0, "shapley_value_32": 0.22240949194539675, "selection_32": 0, "shapley_value_33": 0.18928499892354012, "selection_33": 0, "shapley_value_34": 0.19642719742655754, "selection_34": 0, "shapley_value_35": 0.19430547565221784, "selection_35": 0, "shapley_value_36": 0.25035902102788293, "selection_36": 0, "shapley_value_37": 0.22726718986576255, "selection_37": 1, "shapley_value_38": 0.191794266534479, "selection_38": 0, "shapley_value_39": 0.1501171891887983, "selection_39": 1, "shapley_value_40": 0.18871326792553852, "selection_40": 0, "shapley_value_41": 0.16714247332678897, "selection_41": 0, "shapley_value_42": 0.18055125519633292, "selection_42": 1, "shapley_value_43": 0.1711211786336369, "selection_43": 0, "shapley_value_44": 0.20103611922264103, "selection_44": 0, "shapley_value_45": 0.18662062036991117, "selection_45": 0, "shapley_value_46": 0.19807889333367348, "selection_46": 0, "shapley_value_47": 0.20432892382144927, "selection_47": 0, "shapley_value_48": 0.20553725254535676, "selection_48": 0, "shapley_value_49": 0.23760879922996866, "selection_49": 0, "shapley_value_50": 0.21932744041085242, "selection_50": 0, "shapley_value_51": 0.2514759300513701, "selection_51": 0, "shapley_value_52": 0.16462069511413574, "selection_52": 0, "shapley_value_53": 0.19860952495273793, "selection_53": 0, "shapley_value_54": 0.2063405418694019, "selection_54": 0, "shapley_value_55": 0.2159583021402359, "selection_55": 0, "shapley_value_56": 0.1815992612640063, "selection_56": 0, "shapley_value_57": 0.25146349412699537, "selection_57": 1, "shapley_value_58": 0.15069969021437463, "selection_58": 0, "shapley_value_59": 0.21024602144956592, "selection_59": 0, "shapley_value_60": 0.18675943085551264, "selection_60": 0, "shapley_value_61": 0.24737820156595924, "selection_61": 0, "shapley_value_62": 0.2017915345728397, "selection_62": 0, "shapley_value_63": 0.21918899747729298, "selection_63": 0, "shapley_value_64": 0.21008369213342667, "selection_64": 0, "shapley_value_65": 0.19587692997486966, "selection_65": 1, "shapley_value_66": 0.16725218831621416, "selection_66": 0, "shapley_value_67": 0.20401393824815747, "selection_67": 0, "shapley_value_68": 0.14017753809690475, "selection_68": 0, "shapley_value_69": 0.23088459778915754, "selection_69": 0, "shapley_value_70": 0.22179061135649683, "selection_70": 0, "shapley_value_71": 0.1625604910808697, "selection_71": 0, "shapley_value_72": 0.18207401709424126, "selection_72": 0, "shapley_value_73": 0.24301105231046674, "selection_73": 0, "shapley_value_74": 0.17522998419072888, "selection_74": 0, "shapley_value_75": 0.20532400959730152, "selection_75": 0, "shapley_value_76": 0.20366058591008188, "selection_76": 0, "shapley_value_77": 0.17736971116728256, "selection_77": 0, "shapley_value_78": 0.2107277453839779, "selection_78": 0, "shapley_value_79": 0.17455329431427852, "selection_79": 0, "shapley_value_80": 0.1816766709420416, "selection_80": 0, "shapley_value_81": 0.2499862721291455, "selection_81": 0, "shapley_value_82": 0.18259588066074584, "selection_82": 0, "shapley_value_83": 0.1762149609790908, "selection_83": 0, "shapley_value_84": 0.1990804147422314, "selection_84": 0, "shapley_value_85": 0.2173299784362316, "selection_85": 0, "shapley_value_86": 0.23880045283924448, "selection_86": 0, "shapley_value_87": 0.2012232410311699, "selection_87": 0, "shapley_value_88": 0.24368301854892208, "selection_88": 0, "shapley_value_89": 0.20923444959521298, "selection_89": 0, "shapley_value_90": 0.220633457750082, "selection_90": 0, "shapley_value_91": 0.20295335617661475, "selection_91": 0, "shapley_value_92": 0.2505114230513573, "selection_92": 0, "shapley_value_93": 0.208434821486473, "selection_93": 0, "shapley_value_94": 0.23746514461257243, "selection_94": 0, "shapley_value_95": 0.22551620372317058, "selection_95": 0, "shapley_value_96": 0.15728168833499767, "selection_96": 0, "shapley_value_97": 0.17862817226620445, "selection_97": 0, "shapley_value_98": 0.1818816320896149, "selection_98": 1, "shapley_value_99": 0.1768065023753378, "selection_99": 0, "_timestamp": 1687956370.4548101, "_runtime": 322.9638202190399, "_step": 99, "_wandb": {"runtime": 320}}