{"accuracy": 0.1136000007390976, "val_loss": 13.046884536743164, "test_loss": 13.04541015625, "_timestamp": 1688028200.7124507, "_runtime": 143.8089427947998, "_step": 99, "_wandb": {"runtime": 142}}