{"accuracy": 0.0965999960899353, "val_loss": 4.64983606338501, "test_loss": 4.710737705230713, "shapley_value_0": -5.132048288981119, "selection_0": 0, "shapley_value_1": 2.5798779122034703, "selection_1": 0, "shapley_value_2": 0, "selection_2": 0, "shapley_value_3": 0.6724090950161802, "selection_3": 0, "shapley_value_4": 0.07479014992713973, "selection_4": 0, "shapley_value_5": 1.8635986596345901, "selection_5": 0, "shapley_value_6": -1.1131748358408613, "selection_6": 0, "shapley_value_7": 2.641441511385368, "selection_7": 0, "shapley_value_8": 0, "selection_8": 0, "shapley_value_9": -1.783952077229818, "selection_9": 0, "shapley_value_10": -1.0222879687945046, "selection_10": 0, "shapley_value_11": -0.3578646779060364, "selection_11": 0, "shapley_value_12": 0, "selection_12": 0, "shapley_value_13": -11.325534582138062, "selection_13": 0, "shapley_value_14": -8.628998875617983, "selection_14": 0, "shapley_value_15": -1.2865003148714695, "selection_15": 0, "shapley_value_16": 3.2238874416041177, "selection_16": 1, "shapley_value_17": -0.9131875435511274, "selection_17": 0, "shapley_value_18": 3.9444222785693723, "selection_18": 0, "shapley_value_19": -2.0758254263136124, "selection_19": 0, "shapley_value_20": 1.2845275203386939, "selection_20": 0, "shapley_value_21": 2.063382625579834, "selection_21": 0, "shapley_value_22": 2.3020650108655287, "selection_22": 1, "shapley_value_23": -2.491356968879699, "selection_23": 0, "shapley_value_24": -3.741916398207348, "selection_24": 0, "shapley_value_25": -2.542152017354965, "selection_25": 0, "shapley_value_26": -12.372216582298275, "selection_26": 0, "shapley_value_27": 2.4475259855389595, "selection_27": 0, "shapley_value_28": 2.241230636835098, "selection_28": 0, "shapley_value_29": -3.693408687909443, "selection_29": 0, "shapley_value_30": 1.731159989039103, "selection_30": 0, "shapley_value_31": 0, "selection_31": 0, "shapley_value_32": 3.7442603526693405, "selection_32": 0, "shapley_value_33": 2.373183349768321, "selection_33": 0, "shapley_value_34": -1.5379834307564633, "selection_34": 0, "shapley_value_35": -1.6463011701901746, "selection_35": 0, "shapley_value_36": -0.5800247987111408, "selection_36": 0, "shapley_value_37": 3.9670633226633067, "selection_37": 0, "shapley_value_38": 3.3312188074702314, "selection_38": 0, "shapley_value_39": 4.561467637095539, "selection_39": 1, "shapley_value_40": -1.6788318554560355, "selection_40": 0, "shapley_value_41": 2.8334189918306136, "selection_41": 0, "shapley_value_42": 7.068042642540401, "selection_42": 1, "shapley_value_43": 2.3522752240852083, "selection_43": 0, "shapley_value_44": 2.9963877101739245, "selection_44": 0, "shapley_value_45": 0.2471320629119873, "selection_45": 0, "shapley_value_46": -1.552812933921814, "selection_46": 0, "shapley_value_47": 1.4405043572187426, "selection_47": 1, "shapley_value_48": 1.0939717690149942, "selection_48": 0, "shapley_value_49": 0.9552704811096194, "selection_49": 0, "_timestamp": 1688394025.8907902, "_runtime": 117.77535724639893, "_step": 99, "_wandb": {"runtime": 115}}