{"accuracy": 0.9225999712944031, "val_loss": 0.27538466453552246, "test_loss": 0.25383126735687256, "_timestamp": 1687994550.6194353, "_runtime": 134.86109733581543, "_step": 99, "_wandb": {"runtime": 133}}