{"accuracy": 0.10239999741315842, "val_loss": 4.0049567222595215, "test_loss": 4.055052757263184, "shapley_value_0": 2.1641261559544187, "selection_0": 1, "shapley_value_1": -2.6497127413749695, "selection_1": 0, "shapley_value_2": 3.188409175059593, "selection_2": 0, "shapley_value_3": 2.6636467921106437, "selection_3": 0, "shapley_value_4": -1.6435771783192958, "selection_4": 0, "shapley_value_5": -7.010176757971443, "selection_5": 0, "shapley_value_6": -0.046202583445442404, "selection_6": 0, "shapley_value_7": -4.168766220410664, "selection_7": 0, "shapley_value_8": 4.453095614910126, "selection_8": 1, "shapley_value_9": 0, "selection_9": 0, "shapley_value_10": -1.0280250708262133, "selection_10": 1, "shapley_value_11": 1.5254411413556055, "selection_11": 0, "shapley_value_12": -2.0257687369982396, "selection_12": 0, "shapley_value_13": 1.7186977249203303, "selection_13": 0, "shapley_value_14": -0.19765663146972687, "selection_14": 0, "shapley_value_15": 0, "selection_15": 0, "shapley_value_16": 0, "selection_16": 0, "shapley_value_17": 2.7807717919349675, "selection_17": 0, "shapley_value_18": 1.8192598404306353, "selection_18": 0, "shapley_value_19": -4.314545273780823, "selection_19": 0, "shapley_value_20": 1.8018734812736517, "selection_20": 0, "shapley_value_21": 1.2417201523979502, "selection_21": 0, "shapley_value_22": 0, "selection_22": 0, "shapley_value_23": -0.5020850400129953, "selection_23": 0, "shapley_value_24": 0, "selection_24": 0, "shapley_value_25": -6.193492889404297, "selection_25": 0, "shapley_value_26": 0, "selection_26": 0, "shapley_value_27": -1.677104920148849, "selection_27": 0, "shapley_value_28": 2.9229727555876193, "selection_28": 0, "shapley_value_29": 0, "selection_29": 0, "shapley_value_30": 1.7224944246712548, "selection_30": 0, "shapley_value_31": 2.342470951378345, "selection_31": 0, "shapley_value_32": 2.3463288963886733, "selection_32": 1, "shapley_value_33": 0, "selection_33": 0, "shapley_value_34": 1.0063444674015058, "selection_34": 0, "shapley_value_35": -2.6136242349942513, "selection_35": 0, "shapley_value_36": 1.5236357667229392, "selection_36": 0, "shapley_value_37": 5.989835270577007, "selection_37": 1, "shapley_value_38": 1.121727466583252, "selection_38": 0, "shapley_value_39": 3.0548227918999538, "selection_39": 0, "shapley_value_40": 0.9343849519888554, "selection_40": 0, "shapley_value_41": 2.411932899838402, "selection_41": 0, "shapley_value_42": 2.3129285363590015, "selection_42": 0, "shapley_value_43": 0, "selection_43": 0, "shapley_value_44": 3.1422719359397897, "selection_44": 0, "shapley_value_45": -0.03515436251958123, "selection_45": 0, "shapley_value_46": 0, "selection_46": 0, "shapley_value_47": 2.8558612484780563, "selection_47": 0, "shapley_value_48": -0.15577701727549176, "selection_48": 0, "shapley_value_49": 0, "selection_49": 0, "_timestamp": 1688391063.5528133, "_runtime": 108.75814938545227, "_step": 99, "_wandb": {"runtime": 107}}