{"accuracy": 0.4997999966144562, "val_loss": 1.3713150024414062, "test_loss": 1.3879915475845337, "_timestamp": 1688033110.2172272, "_runtime": 93.28978729248047, "_step": 99, "_wandb": {"runtime": 91}}