{"accuracy": 0.9147999882698059, "val_loss": 0.3088328540325165, "test_loss": 0.27772411704063416, "shapley_value_0": -1.8097889016071953, "selection_0": 0, "shapley_value_1": -1.7542480416195365, "selection_1": 1, "shapley_value_2": -1.8144134121636548, "selection_2": 0, "shapley_value_3": -1.7886160592238105, "selection_3": 0, "shapley_value_4": -1.823714096099138, "selection_4": 0, "shapley_value_5": -1.8404296956680442, "selection_5": 1, "shapley_value_6": -1.792587592746272, "selection_6": 0, "shapley_value_7": -1.8296548786262672, "selection_7": 0, "shapley_value_8": -1.7781350648764407, "selection_8": 0, "shapley_value_9": -1.7855543121695518, "selection_9": 0, "shapley_value_10": -1.8182120864038112, "selection_10": 0, "shapley_value_11": -1.8124046636124453, "selection_11": 0, "shapley_value_12": -1.780098186362357, "selection_12": 0, "shapley_value_13": -1.807410263021787, "selection_13": 0, "shapley_value_14": -1.8249701403436205, "selection_14": 0, "shapley_value_15": -1.792058768371741, "selection_15": 0, "shapley_value_16": -1.769853190297172, "selection_16": 0, "shapley_value_17": -1.8200050135453545, "selection_17": 0, "shapley_value_18": -1.8471156408389409, "selection_18": 0, "shapley_value_19": -1.7961845559378464, "selection_19": 0, "shapley_value_20": -1.8509340643882752, "selection_20": 0, "shapley_value_21": -1.7759775157485689, "selection_21": 0, "shapley_value_22": -1.7889916190394652, "selection_22": 0, "shapley_value_23": -1.854212921526697, "selection_23": 0, "shapley_value_24": -1.7738425884491353, "selection_24": 0, "shapley_value_25": -1.8387844728098974, "selection_25": 0, "shapley_value_26": -1.8810523748397827, "selection_26": 0, "shapley_value_27": -1.844624346494675, "selection_27": 0, "shapley_value_28": -1.7801928014466257, "selection_28": 0, "shapley_value_29": -1.9319626655843518, "selection_29": 0, "shapley_value_30": -1.811598457671978, "selection_30": 0, "shapley_value_31": -1.8664894799391432, "selection_31": 0, "shapley_value_32": -1.6055240071435493, "selection_32": 1, "shapley_value_33": -1.7998925789638802, "selection_33": 0, "shapley_value_34": -1.877473942935467, "selection_34": 0, "shapley_value_35": -1.8952568802568652, "selection_35": 0, "shapley_value_36": -1.9396961033344269, "selection_36": 0, "shapley_value_37": -1.8133530105863298, "selection_37": 0, "shapley_value_38": -1.7962958647145166, "selection_38": 1, "shapley_value_39": -2.0425295780102415, "selection_39": 0, "_timestamp": 1687990502.3392859, "_runtime": 73.66793990135193, "_step": 99, "_wandb": {"runtime": 72}}