{"loss": 2.090200662612915, "accuracy": 0.23079998791217804, "average_active_clients": 10.0, "_timestamp": 1686918325.5286267, "_runtime": 155.4394896030426, "_step": 399, "_wandb": {"runtime": 154}}