{"accuracy": 0.13279999792575836, "val_loss": 3.5165998935699463, "test_loss": 3.5501797199249268, "_timestamp": 1688408844.8787572, "_runtime": 143.62158823013306, "_step": 99, "_wandb": {"runtime": 142}}