{"accuracy": 0.8341503143310547, "val_loss": 0.5220435261726379, "test_loss": 0.5202839374542236, "shapley_value_0": -1.4614450198908648, "selection_0": 0, "shapley_value_1": -1.1539570398819756, "selection_1": 0, "shapley_value_2": -1.3721286583514445, "selection_2": 0, "shapley_value_3": -1.4600672721862797, "selection_3": 1, "shapley_value_4": -1.127594303001057, "selection_4": 0, "shapley_value_5": -1.272884664081392, "selection_5": 0, "shapley_value_6": -1.1586991060863843, "selection_6": 0, "shapley_value_7": -1.401787756345211, "selection_7": 0, "shapley_value_8": -1.1382098368235993, "selection_8": 0, "shapley_value_9": -1.4637975171208382, "selection_9": 0, "shapley_value_10": -1.454984466234843, "selection_10": 0, "shapley_value_11": -1.3022527098655703, "selection_11": 0, "shapley_value_12": -1.0441397602359452, "selection_12": 0, "shapley_value_13": -1.305265847593546, "selection_13": 0, "shapley_value_14": -1.3134469747543334, "selection_14": 0, "shapley_value_15": -1.3756120701630907, "selection_15": 0, "shapley_value_16": -1.1398712848172041, "selection_16": 0, "shapley_value_17": -1.2080086225118392, "selection_17": 1, "shapley_value_18": -1.3464262302105243, "selection_18": 0, "shapley_value_19": -1.5066818632185455, "selection_19": 1, "shapley_value_20": -1.0768517569089548, "selection_20": 0, "shapley_value_21": -1.348714340191621, "selection_21": 0, "shapley_value_22": -1.2247273441818025, "selection_22": 0, "shapley_value_23": -1.0628270059823992, "selection_23": 0, "shapley_value_24": -1.5973517923128038, "selection_24": 0, "shapley_value_25": -1.3301719427108765, "selection_25": 0, "shapley_value_26": -1.4837648493272286, "selection_26": 0, "shapley_value_27": -1.08393348638828, "selection_27": 0, "shapley_value_28": -1.130102119843165, "selection_28": 0, "shapley_value_29": -1.4763333747784295, "selection_29": 0, "shapley_value_30": -1.4985265851020813, "selection_30": 0, "shapley_value_31": -1.4231119321452244, "selection_31": 0, "shapley_value_32": -0.9708863269715083, "selection_32": 0, "shapley_value_33": -1.3189017416702373, "selection_33": 0, "shapley_value_34": -1.3237282832463584, "selection_34": 0, "shapley_value_35": -1.314136056436433, "selection_35": 0, "shapley_value_36": -1.0422343136299224, "selection_36": 0, "shapley_value_37": -1.4460832494677918, "selection_37": 1, "shapley_value_38": -1.148817895518409, "selection_38": 0, "shapley_value_39": -1.1789680520693457, "selection_39": 0, "_timestamp": 1687985950.016333, "_runtime": 73.84644412994385, "_step": 99, "_wandb": {"runtime": 72}}