{"accuracy": 0.09719999879598618, "val_loss": 5.781030178070068, "test_loss": 5.804356575012207, "shapley_value_0": 0, "selection_0": 0, "shapley_value_1": 2.055712497387177, "selection_1": 0, "shapley_value_2": 1.0260415540801155, "selection_2": 0, "shapley_value_3": -3.198214679956436, "selection_3": 0, "shapley_value_4": -5.882550597190857, "selection_4": 0, "shapley_value_5": -2.825181384881338, "selection_5": 0, "shapley_value_6": 1.1794687906901045, "selection_6": 1, "shapley_value_7": 4.344265035788218, "selection_7": 1, "shapley_value_8": -1.2385933597882577, "selection_8": 0, "shapley_value_9": -1.0825479096836512, "selection_9": 0, "shapley_value_10": -6.267712394396465, "selection_10": 0, "shapley_value_11": -8.129728933175404, "selection_11": 0, "shapley_value_12": -11.993733723958336, "selection_12": 0, "shapley_value_13": 0.35746906201044704, "selection_13": 0, "shapley_value_14": -1.9009910623232527, "selection_14": 0, "shapley_value_15": 2.653334514016197, "selection_15": 1, "shapley_value_16": 3.6386855973137746, "selection_16": 0, "shapley_value_17": -3.0917446811993914, "selection_17": 0, "shapley_value_18": 2.481435499020985, "selection_18": 1, "shapley_value_19": -3.819074332714081, "selection_19": 0, "shapley_value_20": 1.05854243749664, "selection_20": 0, "shapley_value_21": 2.3101821119586625, "selection_21": 0, "shapley_value_22": 2.4432947995170715, "selection_22": 0, "shapley_value_23": -8.873644669850666, "selection_23": 0, "shapley_value_24": -1.6727507710456857, "selection_24": 0, "shapley_value_25": 0.3987538566191994, "selection_25": 0, "shapley_value_26": -4.419499357541401, "selection_26": 0, "shapley_value_27": 2.4763720402350797, "selection_27": 0, "shapley_value_28": 1.2468884099613533, "selection_28": 0, "shapley_value_29": -6.123531937599184, "selection_29": 0, "shapley_value_30": 2.428304218409354, "selection_30": 0, "shapley_value_31": -4.528814256191254, "selection_31": 0, "shapley_value_32": -1.8972750802834826, "selection_32": 0, "shapley_value_33": 0, "selection_33": 0, "shapley_value_34": 0, "selection_34": 0, "shapley_value_35": 0, "selection_35": 0, "shapley_value_36": 4.892477563418796, "selection_36": 1, "shapley_value_37": 0, "selection_37": 0, "shapley_value_38": 2.1341018097268205, "selection_38": 0, "shapley_value_39": 3.1615511139233905, "selection_39": 0, "shapley_value_40": -0.10156182944774561, "selection_40": 0, "shapley_value_41": -4.802108705043789, "selection_41": 0, "shapley_value_42": 1.4631722079383, "selection_42": 0, "shapley_value_43": 2.0831670812618586, "selection_43": 0, "shapley_value_44": 1.6977209647496545, "selection_44": 0, "shapley_value_45": -4.4914620717366525, "selection_45": 0, "shapley_value_46": 1.1175740824805371, "selection_46": 0, "shapley_value_47": 1.6690265048633925, "selection_47": 0, "shapley_value_48": -5.512081325054169, "selection_48": 0, "shapley_value_49": 1.7457844441135721, "selection_49": 0, "_timestamp": 1688389566.5560062, "_runtime": 103.68296122550964, "_step": 99, "_wandb": {"runtime": 102}}