{"loss": 0.2063501477241516, "accuracy": 0.9381999969482422, "average_active_clients": 2.0, "client_values_0": -0.1318819522857666, "client_values_1": -0.0260652843862772, "client_values_2": 0.07929165661334991, "client_values_3": 0.12260770797729492, "client_values_4": 0.041641633957624435, "client_values_5": 0.02518688142299652, "client_values_6": 0.04751434177160263, "client_values_7": 0.038948312401771545, "client_values_8": 0.014916855841875076, "client_values_9": 0.024943653494119644, "client_values_10": 0.02786966972053051, "client_values_11": 0.043237652629613876, "client_values_12": 0.052471697330474854, "client_values_13": 0.04998932406306267, "client_values_14": 0.021718323230743408, "client_values_15": 0.08768594264984131, "client_values_16": 0.039075590670108795, "client_values_17": 0.029671579599380493, "client_values_18": 0.0299400482326746, "client_values_19": 0.027519186958670616, "_timestamp": 1687180634.3697517, "_runtime": 161.05977368354797, "_step": 99, "_wandb": {"runtime": 159}}