{"accuracy": 0.9368000030517578, "val_loss": 0.2309924066066742, "test_loss": 0.21610932052135468, "shapley_value_0": -1.918112062745624, "selection_0": 0, "shapley_value_1": -1.6897105475266772, "selection_1": 0, "shapley_value_2": -1.9978574564059572, "selection_2": 0, "shapley_value_3": -1.8016982615897155, "selection_3": 0, "shapley_value_4": -1.7232050551545053, "selection_4": 0, "shapley_value_5": -1.6378180255492527, "selection_5": 0, "shapley_value_6": -1.9121585082676675, "selection_6": 0, "shapley_value_7": -2.0016239313063795, "selection_7": 0, "shapley_value_8": -1.9512315861604834, "selection_8": 0, "shapley_value_9": -1.9742609966132376, "selection_9": 0, "shapley_value_10": -1.768230901658535, "selection_10": 1, "shapley_value_11": -1.9375772752932143, "selection_11": 0, "shapley_value_12": -1.8082805437346299, "selection_12": 1, "shapley_value_13": -1.9890284815004897, "selection_13": 0, "shapley_value_14": -1.9612918903430305, "selection_14": 0, "shapley_value_15": -1.792312201112509, "selection_15": 0, "shapley_value_16": -1.6677487875734056, "selection_16": 0, "shapley_value_17": -1.7465490659787544, "selection_17": 0, "shapley_value_18": -1.7790051258272592, "selection_18": 0, "shapley_value_19": -1.9117434463567207, "selection_19": 0, "shapley_value_20": -1.7173243027466993, "selection_20": 0, "shapley_value_21": -1.7557373071710267, "selection_21": 0, "shapley_value_22": -1.656165037642826, "selection_22": 0, "shapley_value_23": -1.71855875672329, "selection_23": 1, "shapley_value_24": -1.910630026832223, "selection_24": 0, "shapley_value_25": -1.5912014042337737, "selection_25": 0, "shapley_value_26": -1.9359274158875144, "selection_26": 0, "shapley_value_27": -1.7518020452310639, "selection_27": 0, "shapley_value_28": -1.8132193756324275, "selection_28": 0, "shapley_value_29": -1.7469497230790911, "selection_29": 0, "shapley_value_30": -1.9594693860182395, "selection_30": 0, "shapley_value_31": -1.8759960654454355, "selection_31": 0, "shapley_value_32": -1.8702564347874036, "selection_32": 0, "shapley_value_33": -1.8714771568775177, "selection_33": 0, "shapley_value_34": -1.9960137489769194, "selection_34": 0, "shapley_value_35": -1.8268153778253455, "selection_35": 0, "shapley_value_36": -1.8077264531995312, "selection_36": 1, "shapley_value_37": -1.474084199829535, "selection_37": 0, "shapley_value_38": -1.751827331259847, "selection_38": 0, "shapley_value_39": -1.9706736143146242, "selection_39": 0, "_timestamp": 1688022542.7259114, "_runtime": 89.40283346176147, "_step": 99, "_wandb": {"runtime": 87}}