{"accuracy": 0.46239998936653137, "val_loss": 1.5208872556686401, "test_loss": 1.5605021715164185, "shapley_value_0": -0.7337448914845787, "selection_0": 0, "shapley_value_1": -0.4386183255248601, "selection_1": 0, "shapley_value_2": -1.0154253790775936, "selection_2": 0, "shapley_value_3": -0.7922176222006481, "selection_3": 0, "shapley_value_4": -0.95880389213562, "selection_4": 0, "shapley_value_5": -0.5541647407743667, "selection_5": 0, "shapley_value_6": -0.685405429204305, "selection_6": 0, "shapley_value_7": -0.9382337000634934, "selection_7": 0, "shapley_value_8": -0.6518929898738861, "selection_8": 0, "shapley_value_9": -0.7647644466824001, "selection_9": 0, "shapley_value_10": -0.9102842330932617, "selection_10": 1, "shapley_value_11": -0.7742044895123213, "selection_11": 0, "shapley_value_12": -0.472569485505422, "selection_12": 0, "shapley_value_13": -0.5221154044071834, "selection_13": 0, "shapley_value_14": -0.5948186715443928, "selection_14": 0, "shapley_value_15": -0.9727401018142698, "selection_15": 0, "shapley_value_16": -0.5794977347056072, "selection_16": 0, "shapley_value_17": -0.9547383834918342, "selection_17": 1, "shapley_value_18": -1.2117471165127225, "selection_18": 0, "shapley_value_19": -0.7468799683782787, "selection_19": 0, "shapley_value_20": -0.7763473136084418, "selection_20": 0, "shapley_value_21": -0.1072048842906953, "selection_21": 0, "shapley_value_22": -0.3787129947117395, "selection_22": 0, "shapley_value_23": -0.553761472304662, "selection_23": 0, "shapley_value_24": -0.6164211063157945, "selection_24": 1, "shapley_value_25": -0.6143349938922457, "selection_25": 0, "shapley_value_26": -1.239326826731364, "selection_26": 0, "shapley_value_27": -0.31922756490253273, "selection_27": 0, "shapley_value_28": -0.2524414327409532, "selection_28": 0, "shapley_value_29": -1.0106452057758968, "selection_29": 0, "shapley_value_30": -0.14884999484726874, "selection_30": 0, "shapley_value_31": -1.3120900524987114, "selection_31": 0, "shapley_value_32": -0.13049816489219662, "selection_32": 1, "shapley_value_33": -0.7471535444259644, "selection_33": 0, "shapley_value_34": -0.4289773980776469, "selection_34": 0, "shapley_value_35": -0.6024769310857735, "selection_35": 0, "shapley_value_36": -0.7248554693328009, "selection_36": 0, "shapley_value_37": -0.4408552860602353, "selection_37": 0, "shapley_value_38": -0.278291704754035, "selection_38": 0, "shapley_value_39": -0.7351036412375314, "selection_39": 0, "_timestamp": 1687961340.6397686, "_runtime": 94.61690163612366, "_step": 99, "_wandb": {"runtime": 92}}