{"accuracy": 0.49480000138282776, "val_loss": 1.4522254467010498, "test_loss": 1.4525221586227417, "_timestamp": 1687965364.126292, "_runtime": 73.54551005363464, "_step": 99, "_wandb": {"runtime": 72}}