{"accuracy": 0.1817999929189682, "val_loss": 2.9572529792785645, "test_loss": 2.9729580879211426, "_timestamp": 1688396907.5002162, "_runtime": 93.81653833389282, "_step": 99, "_wandb": {"runtime": 92}}