{"accuracy": 0.937999963760376, "val_loss": 0.22960060834884644, "test_loss": 0.2145511507987976, "shapley_value_0": -1.7744945281081732, "selection_0": 0, "shapley_value_1": -1.721045444905758, "selection_1": 0, "shapley_value_2": -1.7198527907883683, "selection_2": 1, "shapley_value_3": -1.7678898802170386, "selection_3": 0, "shapley_value_4": -1.866186535784177, "selection_4": 0, "shapley_value_5": -2.019708266481757, "selection_5": 0, "shapley_value_6": -1.7743455659259448, "selection_6": 0, "shapley_value_7": -1.9672016476591427, "selection_7": 0, "shapley_value_8": -1.9278164846556527, "selection_8": 0, "shapley_value_9": -1.9350545091761484, "selection_9": 0, "shapley_value_10": -1.956762251754602, "selection_10": 0, "shapley_value_11": -1.9283396384368334, "selection_11": 0, "shapley_value_12": -1.7380404472351076, "selection_12": 0, "shapley_value_13": -1.8058167470223978, "selection_13": 0, "shapley_value_14": -1.7690314836800098, "selection_14": 0, "shapley_value_15": -1.9912552679026565, "selection_15": 0, "shapley_value_16": -1.6389765026668708, "selection_16": 0, "shapley_value_17": -1.7803901251819398, "selection_17": 0, "shapley_value_18": -1.6930714689549944, "selection_18": 0, "shapley_value_19": -1.9826797302812338, "selection_19": 0, "shapley_value_20": -1.889333705935213, "selection_20": 0, "shapley_value_21": -1.8250938301736659, "selection_21": 0, "shapley_value_22": -1.7217312623292973, "selection_22": 0, "shapley_value_23": -1.8650987297296528, "selection_23": 0, "shapley_value_24": -1.8380351811647415, "selection_24": 0, "shapley_value_25": -1.8816079072378298, "selection_25": 0, "shapley_value_26": -1.9620704959940025, "selection_26": 0, "shapley_value_27": -1.9574098388353982, "selection_27": 0, "shapley_value_28": -1.6744090543852912, "selection_28": 0, "shapley_value_29": -1.962054842710495, "selection_29": 0, "shapley_value_30": -1.8929471743829325, "selection_30": 0, "shapley_value_31": -1.956006518875559, "selection_31": 0, "shapley_value_32": -1.8292303524720361, "selection_32": 1, "shapley_value_33": -1.8866505939513445, "selection_33": 0, "shapley_value_34": -1.6409824829962518, "selection_34": 0, "shapley_value_35": -1.7610050804085202, "selection_35": 0, "shapley_value_36": -1.747048427040378, "selection_36": 1, "shapley_value_37": -1.894237723765951, "selection_37": 0, "shapley_value_38": -1.5905085735850866, "selection_38": 0, "shapley_value_39": -1.7631092524086989, "selection_39": 1, "_timestamp": 1688022733.6045887, "_runtime": 90.00199770927429, "_step": 99, "_wandb": {"runtime": 88}}