{"accuracy": 0.8254143595695496, "val_loss": 0.5629798173904419, "test_loss": 0.563685953617096, "shapley_value_0": -1.1464148660500846, "selection_0": 0, "shapley_value_1": -1.1983964732199004, "selection_1": 0, "shapley_value_2": -1.3017220639047167, "selection_2": 1, "shapley_value_3": -1.2955525790651636, "selection_3": 0, "shapley_value_4": -1.238044786147582, "selection_4": 0, "shapley_value_5": -1.2147335355932065, "selection_5": 0, "shapley_value_6": -1.412242504683408, "selection_6": 0, "shapley_value_7": -1.454164721568425, "selection_7": 1, "shapley_value_8": -1.2672976652781165, "selection_8": 0, "shapley_value_9": -1.1861908551719453, "selection_9": 0, "shapley_value_10": -1.3220031592581005, "selection_10": 0, "shapley_value_11": -1.5744679768880208, "selection_11": 0, "shapley_value_12": -1.4963622235116507, "selection_12": 0, "shapley_value_13": -1.457725803057353, "selection_13": 0, "shapley_value_14": -1.0272539357344308, "selection_14": 0, "shapley_value_15": -1.2765663422289353, "selection_15": 0, "shapley_value_16": -1.3105667928854625, "selection_16": 0, "shapley_value_17": -1.1011369930373298, "selection_17": 0, "shapley_value_18": -1.3145913535898384, "selection_18": 1, "shapley_value_19": -1.2817207210593755, "selection_19": 0, "shapley_value_20": -1.0952030641061288, "selection_20": 0, "shapley_value_21": -1.2731505704648567, "selection_21": 0, "shapley_value_22": -1.1873273829619087, "selection_22": 0, "shapley_value_23": -1.35898916721344, "selection_23": 0, "shapley_value_24": -1.1303541232378054, "selection_24": 1, "shapley_value_25": -1.1862616401452284, "selection_25": 0, "shapley_value_26": -1.0855721049838596, "selection_26": 0, "shapley_value_27": -1.088170214132829, "selection_27": 0, "shapley_value_28": -1.025652108589808, "selection_28": 0, "shapley_value_29": -1.1346342578912394, "selection_29": 0, "shapley_value_30": -1.7083762089411423, "selection_30": 0, "shapley_value_31": -1.5772660101453464, "selection_31": 0, "shapley_value_32": -1.2225654813978404, "selection_32": 0, "shapley_value_33": -1.2627466062704724, "selection_33": 0, "shapley_value_34": -1.4348070368622288, "selection_34": 0, "shapley_value_35": -1.202651290666489, "selection_35": 0, "shapley_value_36": -1.2280205845832826, "selection_36": 0, "shapley_value_37": -1.180773647626241, "selection_37": 0, "shapley_value_38": -1.3774571451875903, "selection_38": 0, "shapley_value_39": -1.3900223528897317, "selection_39": 0, "_timestamp": 1687972218.7709746, "_runtime": 78.55186057090759, "_step": 99, "_wandb": {"runtime": 76}}