{"accuracy": 0.8094095587730408, "val_loss": 0.5551307797431946, "test_loss": 0.5537323951721191, "_timestamp": 1687988251.0283153, "_runtime": 89.12750935554504, "_step": 99, "_wandb": {"runtime": 87}}