{"accuracy": 0.19039998948574066, "val_loss": 2.4475624561309814, "test_loss": 2.496112585067749, "_timestamp": 1688402775.7618437, "_runtime": 96.28919076919556, "_step": 99, "_wandb": {"runtime": 94}}