{"accuracy": 0.809042751789093, "val_loss": 0.5560492873191833, "test_loss": 0.5546740889549255, "_timestamp": 1687988537.4367266, "_runtime": 85.48607468605042, "_step": 99, "_wandb": {"runtime": 83}}