{"accuracy": 0.13819999992847443, "val_loss": 4.609853744506836, "test_loss": 4.677515029907227, "_timestamp": 1688405237.680545, "_runtime": 144.64975714683533, "_step": 99, "_wandb": {"runtime": 143}}