{"loss": 0.3755362331867218, "accuracy": 0.8944000005722046, "average_active_clients": 2.0, "_timestamp": 1686832917.0857787, "_runtime": 23.138115644454956, "_step": 399, "_wandb": {"runtime": 19}}