{"accuracy": 0.13819999992847443, "val_loss": 4.608918190002441, "test_loss": 4.67657995223999, "_timestamp": 1688405686.7285476, "_runtime": 144.75459051132202, "_step": 99, "_wandb": {"runtime": 143}}