{"accuracy": 0.8400186896324158, "val_loss": 0.5322295427322388, "test_loss": 0.5363121628761292, "_timestamp": 1687972823.689388, "_runtime": 79.876060962677, "_step": 99, "_wandb": {"runtime": 78}}