{"accuracy": 0.09439999610185623, "val_loss": 2.376513719558716, "test_loss": 2.3900487422943115, "_timestamp": 1688027612.889969, "_runtime": 137.54588913917542, "_step": 99, "_wandb": {"runtime": 135}}