{"accuracy": 0.19039998948574066, "val_loss": 2.4476678371429443, "test_loss": 2.4962358474731445, "_timestamp": 1688402465.3601158, "_runtime": 91.3861186504364, "_step": 99, "_wandb": {"runtime": 89}}