{"accuracy": 0.10520000010728836, "val_loss": 3.951324701309204, "test_loss": 4.053022384643555, "_timestamp": 1687968529.254279, "_runtime": 135.9572398662567, "_step": 99, "_wandb": {"runtime": 134}}