{"accuracy": 0.0997999981045723, "val_loss": 6.878775596618652, "test_loss": 6.886983394622803, "shapley_value_0": 2.9579058190186815, "selection_0": 0, "shapley_value_1": -4.02393364906311, "selection_1": 0, "shapley_value_2": 0.3225571541559132, "selection_2": 0, "shapley_value_3": 3.8334471471825533, "selection_3": 0, "shapley_value_4": 0.6367152531941747, "selection_4": 0, "shapley_value_5": 1.4354620420414466, "selection_5": 0, "shapley_value_6": -2.767083724339802, "selection_6": 0, "shapley_value_7": 1.970894833405812, "selection_7": 0, "shapley_value_8": 5.35274020606923, "selection_8": 1, "shapley_value_9": -0.3380423883597051, "selection_9": 0, "shapley_value_10": -1.1974516948064167, "selection_10": 0, "shapley_value_11": 3.8645311196645094, "selection_11": 1, "shapley_value_12": -2.3241886297861747, "selection_12": 0, "shapley_value_13": 0, "selection_13": 0, "shapley_value_14": -1.1910450359185532, "selection_14": 0, "shapley_value_15": 2.2695510884126024, "selection_15": 0, "shapley_value_16": 1.473422765731811, "selection_16": 0, "shapley_value_17": 0.2387439917635034, "selection_17": 0, "shapley_value_18": -0.07278275489807129, "selection_18": 0, "shapley_value_19": -1.6992575724919632, "selection_19": 0, "shapley_value_20": 1.1200487057367958, "selection_20": 0, "shapley_value_21": -0.5770498646630169, "selection_21": 0, "shapley_value_22": 1.4891196063586645, "selection_22": 0, "shapley_value_23": 0, "selection_23": 0, "shapley_value_24": -7.265073815981548, "selection_24": 0, "shapley_value_25": -2.912139117717744, "selection_25": 0, "shapley_value_26": -3.175134678681692, "selection_26": 0, "shapley_value_27": -0.31611305475234985, "selection_27": 0, "shapley_value_28": -6.217223326365154, "selection_28": 0, "shapley_value_29": -0.35628199577331565, "selection_29": 0, "shapley_value_30": -0.5859687725702916, "selection_30": 0, "shapley_value_31": -0.05157186587651689, "selection_31": 0, "shapley_value_32": 3.467395968926259, "selection_32": 1, "shapley_value_33": 0, "selection_33": 0, "shapley_value_34": 0.022219907906320852, "selection_34": 0, "shapley_value_35": -1.7549801071484872, "selection_35": 0, "shapley_value_36": 0.7614723145961759, "selection_36": 0, "shapley_value_37": 0, "selection_37": 0, "shapley_value_38": 1.9846257326148806, "selection_38": 0, "shapley_value_39": 0, "selection_39": 0, "shapley_value_40": 0, "selection_40": 0, "shapley_value_41": 1.108311942645481, "selection_41": 0, "shapley_value_42": 4.999774081397941, "selection_42": 1, "shapley_value_43": 0.07590794563293546, "selection_43": 0, "shapley_value_44": 0.48714119858211946, "selection_44": 0, "shapley_value_45": -1.5252886348300514, "selection_45": 0, "shapley_value_46": 5.15427939164058, "selection_46": 0, "shapley_value_47": 0, "selection_47": 0, "shapley_value_48": 0.23654545798446203, "selection_48": 1, "shapley_value_49": 0, "selection_49": 0, "_timestamp": 1688386918.7039402, "_runtime": 114.38900017738342, "_step": 99, "_wandb": {"runtime": 112}}