{"loss": 0.40191587805747986, "accuracy": 0.8682000041007996, "average_active_clients": 2.0, "_timestamp": 1686735591.872981, "_runtime": 22.56542706489563, "_step": 399, "_wandb": {"runtime": 20}}