{"accuracy": 0.0997999981045723, "val_loss": 5.790337562561035, "test_loss": 5.803999900817871, "shapley_value_0": 1.1078239348199632, "selection_0": 0, "shapley_value_1": 5.736384967962901, "selection_1": 1, "shapley_value_2": 3.003350103469123, "selection_2": 0, "shapley_value_3": 3.7481410346289943, "selection_3": 0, "shapley_value_4": -0.6086217761039734, "selection_4": 0, "shapley_value_5": 2.553877007837096, "selection_5": 1, "shapley_value_6": -9.070618311564129, "selection_6": 0, "shapley_value_7": 0, "selection_7": 0, "shapley_value_8": 5.469461917877197, "selection_8": 1, "shapley_value_9": 0, "selection_9": 0, "shapley_value_10": -4.24071991443634, "selection_10": 0, "shapley_value_11": -0.8993414640426638, "selection_11": 0, "shapley_value_12": -5.3489567438761405, "selection_12": 0, "shapley_value_13": 1.787937189593459, "selection_13": 0, "shapley_value_14": -6.0099076827367135, "selection_14": 0, "shapley_value_15": 1.2126855452855438, "selection_15": 0, "shapley_value_16": 1.6340196993615892, "selection_16": 0, "shapley_value_17": 0, "selection_17": 0, "shapley_value_18": 3.2217167663195787, "selection_18": 0, "shapley_value_19": -6.1044821739196795, "selection_19": 0, "shapley_value_20": 0.48927603827582455, "selection_20": 0, "shapley_value_21": 2.1887868769241092, "selection_21": 0, "shapley_value_22": -1.497869849205017, "selection_22": 0, "shapley_value_23": 1.3687614301840456, "selection_23": 0, "shapley_value_24": -7.539614101250967, "selection_24": 0, "shapley_value_25": -1.7506037950515747, "selection_25": 0, "shapley_value_26": -6.775115132331848, "selection_26": 0, "shapley_value_27": -3.1676629781723022, "selection_27": 0, "shapley_value_28": -2.7079869906107588, "selection_28": 0, "shapley_value_29": 0, "selection_29": 0, "shapley_value_30": 2.1397608737150833, "selection_30": 0, "shapley_value_31": 1.9316578090190888, "selection_31": 1, "shapley_value_32": 5.980508089065553, "selection_32": 1, "shapley_value_33": 3.8634203593685954, "selection_33": 0, "shapley_value_34": -1.025927623112997, "selection_34": 0, "shapley_value_35": -2.879396677017212, "selection_35": 0, "shapley_value_36": 0.15162583192189638, "selection_36": 0, "shapley_value_37": 3.288168344895044, "selection_37": 0, "shapley_value_38": 1.5413820857093448, "selection_38": 0, "shapley_value_39": 2.722334428475453, "selection_39": 0, "shapley_value_40": -2.2158849239349365, "selection_40": 0, "shapley_value_41": -4.382904867331188, "selection_41": 0, "shapley_value_42": 3.9107177791496137, "selection_42": 0, "shapley_value_43": 2.050645835697651, "selection_43": 0, "shapley_value_44": 3.934204855450879, "selection_44": 0, "shapley_value_45": 0.3393014073371883, "selection_45": 0, "shapley_value_46": 3.5210504991667615, "selection_46": 0, "shapley_value_47": 1.8190699319044754, "selection_47": 0, "shapley_value_48": 0, "selection_48": 0, "shapley_value_49": 0, "selection_49": 0, "_timestamp": 1688387145.7358978, "_runtime": 110.65234088897705, "_step": 99, "_wandb": {"runtime": 109}}