{"loss": 0.25296860933303833, "accuracy": 0.9300000071525574, "average_active_clients": 12.0, "_timestamp": 1686748343.011934, "_runtime": 125.60421895980835, "_step": 399, "_wandb": {"runtime": 116}}