{"accuracy": 0.09939999878406525, "val_loss": 3.525705575942993, "test_loss": 3.583289384841919, "shapley_value_0": 2.6663780698069823, "selection_0": 0, "shapley_value_1": 0, "selection_1": 0, "shapley_value_2": -3.796204686164856, "selection_2": 0, "shapley_value_3": 0, "selection_3": 0, "shapley_value_4": 1.5406027734279633, "selection_4": 0, "shapley_value_5": 0, "selection_5": 0, "shapley_value_6": 0, "selection_6": 0, "shapley_value_7": 0, "selection_7": 0, "shapley_value_8": 3.4583924346499972, "selection_8": 0, "shapley_value_9": -0.3607531239589057, "selection_9": 0, "shapley_value_10": 1.1128780742486317, "selection_10": 0, "shapley_value_11": 1.8831318567196524, "selection_11": 1, "shapley_value_12": 0, "selection_12": 0, "shapley_value_13": -2.4086802403132115, "selection_13": 0, "shapley_value_14": 1.1741711232397292, "selection_14": 0, "shapley_value_15": 1.620695347969349, "selection_15": 0, "shapley_value_16": 3.524661064147949, "selection_16": 0, "shapley_value_17": 3.6335339281294092, "selection_17": 1, "shapley_value_18": 3.418683020604981, "selection_18": 1, "shapley_value_19": -12.771692593892418, "selection_19": 0, "shapley_value_20": 2.4451258500417064, "selection_20": 0, "shapley_value_21": 0, "selection_21": 0, "shapley_value_22": 3.6861984496228186, "selection_22": 0, "shapley_value_23": -4.215062737464903, "selection_23": 0, "shapley_value_24": -4.093815803527832, "selection_24": 0, "shapley_value_25": -4.300533990065254, "selection_25": 0, "shapley_value_26": 0, "selection_26": 0, "shapley_value_27": 2.2631052494049073, "selection_27": 0, "shapley_value_28": 3.791834717605545, "selection_28": 0, "shapley_value_29": 0, "selection_29": 0, "shapley_value_30": 2.8946262622872987, "selection_30": 0, "shapley_value_31": 3.5257129893786674, "selection_31": 0, "shapley_value_32": 2.3946276050474906, "selection_32": 0, "shapley_value_33": 3.0147224554309133, "selection_33": 0, "shapley_value_34": 1.2284636348485947, "selection_34": 0, "shapley_value_35": -1.7549814979235343, "selection_35": 0, "shapley_value_36": 0.8503843281004162, "selection_36": 1, "shapley_value_37": 0, "selection_37": 0, "shapley_value_38": 2.342705758412679, "selection_38": 0, "shapley_value_39": 2.964647417819059, "selection_39": 0, "shapley_value_40": -1.0818722248077393, "selection_40": 0, "shapley_value_41": 0.9886523882548026, "selection_41": 0, "shapley_value_42": 4.9120956692430715, "selection_42": 0, "shapley_value_43": 0, "selection_43": 0, "shapley_value_44": 0.2473121166229241, "selection_44": 0, "shapley_value_45": -0.10009441276391384, "selection_45": 0, "shapley_value_46": 2.707186048939114, "selection_46": 1, "shapley_value_47": 1.4116062985526199, "selection_47": 0, "shapley_value_48": 0.8329214887185522, "selection_48": 0, "shapley_value_49": 0, "selection_49": 0, "_timestamp": 1688391533.6609821, "_runtime": 115.92159104347229, "_step": 99, "_wandb": {"runtime": 114}}