{"accuracy": 0.18119999766349792, "val_loss": 2.544266939163208, "test_loss": 2.58872652053833, "_timestamp": 1688401452.5622628, "_runtime": 95.9722306728363, "_step": 99, "_wandb": {"runtime": 94}}