{"accuracy": 0.9228000044822693, "val_loss": 0.27514174580574036, "test_loss": 0.2536156177520752, "_timestamp": 1687992819.0705779, "_runtime": 73.73225378990173, "_step": 99, "_wandb": {"runtime": 72}}