{"accuracy": 0.09699999541044235, "val_loss": 12.661097526550293, "test_loss": 12.803136825561523, "shapley_value_0": -1.2501616179943091, "selection_0": 0, "shapley_value_1": -0.9878748357295983, "selection_1": 0, "shapley_value_2": 9.71177751723156, "selection_2": 1, "shapley_value_3": -0.2418949007987985, "selection_3": 0, "shapley_value_4": -2.2452461520830784, "selection_4": 0, "shapley_value_5": 9.352805132115325, "selection_5": 1, "shapley_value_6": -4.237096806367237, "selection_6": 0, "shapley_value_7": 9.07591183759548, "selection_7": 1, "shapley_value_8": -2.963227381308873, "selection_8": 0, "shapley_value_9": 0.4703490138053912, "selection_9": 0, "shapley_value_10": 0.24336225787798527, "selection_10": 0, "shapley_value_11": -3.5365522007147447, "selection_11": 0, "shapley_value_12": -5.8052689135074615, "selection_12": 0, "shapley_value_13": -3.5575442016124734, "selection_13": 0, "shapley_value_14": -4.3052591880162545, "selection_14": 0, "shapley_value_15": 0.4669336676597591, "selection_15": 0, "shapley_value_16": -0.3400943610403269, "selection_16": 0, "shapley_value_17": -2.2093201776345572, "selection_17": 0, "shapley_value_18": 0.2275337030490241, "selection_18": 0, "shapley_value_19": -2.1910866101582833, "selection_19": 0, "shapley_value_20": -0.47513891458511315, "selection_20": 0, "shapley_value_21": -0.22142104307810495, "selection_21": 0, "shapley_value_22": -0.35048192739486694, "selection_22": 0, "shapley_value_23": -0.035474816958108946, "selection_23": 0, "shapley_value_24": -3.1447321375211086, "selection_24": 0, "shapley_value_25": -1.6372873783111572, "selection_25": 0, "shapley_value_26": -0.5020947655042018, "selection_26": 0, "shapley_value_27": 0.5629672209421797, "selection_27": 0, "shapley_value_28": -1.9039318660895026, "selection_28": 0, "shapley_value_29": -3.142774542172751, "selection_29": 0, "shapley_value_30": -0.9754098554452255, "selection_30": 0, "shapley_value_31": 0.15144882599512677, "selection_31": 0, "shapley_value_32": 0.27416808075375104, "selection_32": 0, "shapley_value_33": 0.1866119901339225, "selection_33": 0, "shapley_value_34": -2.414147039254507, "selection_34": 0, "shapley_value_35": -5.5875067313512154, "selection_35": 0, "shapley_value_36": 3.403144590942947, "selection_36": 1, "shapley_value_37": 0.1783021887143459, "selection_37": 0, "shapley_value_38": -2.185447414716085, "selection_38": 0, "shapley_value_39": -0.4440828561782837, "selection_39": 0, "shapley_value_40": -0.5618945956230164, "selection_40": 0, "shapley_value_41": -1.7404676675796509, "selection_41": 0, "shapley_value_42": -0.10441702604293646, "selection_42": 0, "shapley_value_43": -0.24144323666890344, "selection_43": 0, "shapley_value_44": 8.534520116414917, "selection_44": 1, "shapley_value_45": -2.247863769531251, "selection_45": 0, "shapley_value_46": -4.889749517043432, "selection_46": 0, "shapley_value_47": -0.4351313312848408, "selection_47": 0, "shapley_value_48": -1.7939179738362636, "selection_48": 0, "shapley_value_49": -2.16379768649737, "selection_49": 0, "_timestamp": 1688378064.60051, "_runtime": 98.79347681999207, "_step": 99, "_wandb": {"runtime": 97}}