{"accuracy": 0.8265146613121033, "val_loss": 0.538336455821991, "test_loss": 0.5397536754608154, "shapley_value_0": -1.058970035541625, "selection_0": 0, "shapley_value_1": -1.2669817301962107, "selection_1": 0, "shapley_value_2": -1.475748273459348, "selection_2": 0, "shapley_value_3": -1.2205698159005904, "selection_3": 0, "shapley_value_4": -1.4072341918945312, "selection_4": 0, "shapley_value_5": -1.307794557677375, "selection_5": 0, "shapley_value_6": -1.1509004676783523, "selection_6": 0, "shapley_value_7": -1.2971069936951, "selection_7": 0, "shapley_value_8": -1.3370248277982075, "selection_8": 0, "shapley_value_9": -1.3867480754852295, "selection_9": 0, "shapley_value_10": -1.196674108505249, "selection_10": 0, "shapley_value_11": -1.3364523414409522, "selection_11": 0, "shapley_value_12": -1.2281104922294617, "selection_12": 0, "shapley_value_13": -1.4548155409949162, "selection_13": 0, "shapley_value_14": -1.302452117204666, "selection_14": 0, "shapley_value_15": -1.209896354964285, "selection_15": 1, "shapley_value_16": -1.3028725492648587, "selection_16": 0, "shapley_value_17": -1.0461882458792793, "selection_17": 0, "shapley_value_18": -1.284801291094886, "selection_18": 0, "shapley_value_19": -1.0142599235881458, "selection_19": 0, "shapley_value_20": -1.2218428512414299, "selection_20": 0, "shapley_value_21": -1.203282356262207, "selection_21": 0, "shapley_value_22": -1.3359178426089113, "selection_22": 1, "shapley_value_23": -1.119120350389769, "selection_23": 0, "shapley_value_24": -1.3673943337940035, "selection_24": 0, "shapley_value_25": -1.237829883893331, "selection_25": 0, "shapley_value_26": -1.4189306795597076, "selection_26": 0, "shapley_value_27": -1.3845023405857577, "selection_27": 0, "shapley_value_28": -1.327328192691008, "selection_28": 0, "shapley_value_29": -1.2425460886387598, "selection_29": 1, "shapley_value_30": -1.4016890649994211, "selection_30": 0, "shapley_value_31": -0.9827003442879878, "selection_31": 0, "shapley_value_32": -1.1233935540630704, "selection_32": 1, "shapley_value_33": -1.2520803544256425, "selection_33": 0, "shapley_value_34": -1.5830409725507102, "selection_34": 0, "shapley_value_35": -1.2292419158750112, "selection_35": 0, "shapley_value_36": -1.3276591814226573, "selection_36": 0, "shapley_value_37": -1.3115740489392054, "selection_37": 0, "shapley_value_38": -1.7061376621325814, "selection_38": 0, "shapley_value_39": -1.2892533396229604, "selection_39": 0, "_timestamp": 1687971796.5975049, "_runtime": 84.32759881019592, "_step": 99, "_wandb": {"runtime": 82}}