{"accuracy": 0.10019999742507935, "val_loss": 5.471049785614014, "test_loss": 5.485482215881348, "shapley_value_0": 0, "selection_0": 0, "shapley_value_1": 1.5621538907289505, "selection_1": 0, "shapley_value_2": 2.3854059924681987, "selection_2": 0, "shapley_value_3": 0, "selection_3": 0, "shapley_value_4": -3.1867127021153774, "selection_4": 0, "shapley_value_5": 1.8268376986185715, "selection_5": 0, "shapley_value_6": 1.1005855103333793, "selection_6": 0, "shapley_value_7": -8.54304273923238, "selection_7": 0, "shapley_value_8": 4.596669088710438, "selection_8": 1, "shapley_value_9": -2.4365874131520595, "selection_9": 0, "shapley_value_10": 0.5895323952039087, "selection_10": 0, "shapley_value_11": 1.6092199981212616, "selection_11": 0, "shapley_value_12": 0, "selection_12": 0, "shapley_value_13": 0, "selection_13": 0, "shapley_value_14": 0.19962582737207413, "selection_14": 0, "shapley_value_15": 1.9343665100279313, "selection_15": 0, "shapley_value_16": 0, "selection_16": 0, "shapley_value_17": -0.8216218550999947, "selection_17": 0, "shapley_value_18": 2.0237009912729262, "selection_18": 0, "shapley_value_19": -10.930628299713135, "selection_19": 0, "shapley_value_20": 0, "selection_20": 0, "shapley_value_21": 1.1042400889926485, "selection_21": 0, "shapley_value_22": 2.008254241375696, "selection_22": 0, "shapley_value_23": 0.03681439161300748, "selection_23": 0, "shapley_value_24": -3.7419151663780212, "selection_24": 0, "shapley_value_25": 0, "selection_25": 0, "shapley_value_26": -6.456315040588377, "selection_26": 0, "shapley_value_27": 1.8664229349656536, "selection_27": 0, "shapley_value_28": 1.539663860367404, "selection_28": 0, "shapley_value_29": -2.6248175700505563, "selection_29": 0, "shapley_value_30": -0.1620732098817832, "selection_30": 0, "shapley_value_31": -5.91032075881958, "selection_31": 0, "shapley_value_32": 0, "selection_32": 0, "shapley_value_33": 4.351412566894655, "selection_33": 0, "shapley_value_34": -2.0026651223500576, "selection_34": 0, "shapley_value_35": -1.2488665779431658, "selection_35": 0, "shapley_value_36": 3.4233952006325126, "selection_36": 1, "shapley_value_37": -1.8462269703547154, "selection_37": 0, "shapley_value_38": 0.7926296035448711, "selection_38": 0, "shapley_value_39": 2.1505986788998475, "selection_39": 0, "shapley_value_40": -2.8770724932352714, "selection_40": 0, "shapley_value_41": -1.2121301492055245, "selection_41": 0, "shapley_value_42": 4.2449348051138625, "selection_42": 1, "shapley_value_43": 2.0003402028598027, "selection_43": 0, "shapley_value_44": 0.7738077243169144, "selection_44": 0, "shapley_value_45": -1.9435677627722434, "selection_45": 0, "shapley_value_46": 4.3440450547973875, "selection_46": 1, "shapley_value_47": 0, "selection_47": 0, "shapley_value_48": -8.054873506228127, "selection_48": 0, "shapley_value_49": 1.7073075951951928, "selection_49": 1, "_timestamp": 1688390488.1694076, "_runtime": 112.18789052963257, "_step": 99, "_wandb": {"runtime": 110}}