{"accuracy": 0.9373999834060669, "val_loss": 0.23430980741977692, "test_loss": 0.2189229428768158, "shapley_value_0": 0.2047811489403248, "selection_0": 0, "shapley_value_1": 0.16401169696450238, "selection_1": 1, "shapley_value_2": 0.20798283979296683, "selection_2": 0, "shapley_value_3": 0.1794971215724945, "selection_3": 0, "shapley_value_4": 0.1976758953928948, "selection_4": 0, "shapley_value_5": 0.1883092736303806, "selection_5": 0, "shapley_value_6": 0.18719687953591344, "selection_6": 0, "shapley_value_7": 0.2054395457082673, "selection_7": 0, "shapley_value_8": 0.20920522680878642, "selection_8": 0, "shapley_value_9": 0.16282128898250428, "selection_9": 1, "shapley_value_10": 0.21645245959884235, "selection_10": 0, "shapley_value_11": 0.19082112162207304, "selection_11": 0, "shapley_value_12": 0.1876876758337021, "selection_12": 0, "shapley_value_13": 0.21844212806224825, "selection_13": 0, "shapley_value_14": 0.18844135960936542, "selection_14": 1, "shapley_value_15": 0.21277810591459279, "selection_15": 0, "shapley_value_16": 0.2159930672049522, "selection_16": 0, "shapley_value_17": 0.19009838902950285, "selection_17": 0, "shapley_value_18": 0.17325786992907527, "selection_18": 0, "shapley_value_19": 0.21831822967529294, "selection_19": 0, "shapley_value_20": 0.2120351454615593, "selection_20": 0, "shapley_value_21": 0.20920172861218456, "selection_21": 0, "shapley_value_22": 0.2016376967430115, "selection_22": 0, "shapley_value_23": 0.19162766286730765, "selection_23": 0, "shapley_value_24": 0.20343630948662755, "selection_24": 0, "shapley_value_25": 0.20781900066137315, "selection_25": 0, "shapley_value_26": 0.20027014254111997, "selection_26": 0, "shapley_value_27": 0.1836283528506756, "selection_27": 0, "shapley_value_28": 0.1844267770648003, "selection_28": 0, "shapley_value_29": 0.23392327961325643, "selection_29": 0, "shapley_value_30": 0.23201511427760124, "selection_30": 0, "shapley_value_31": 0.21746802031993867, "selection_31": 0, "shapley_value_32": 0.19785113590955733, "selection_32": 0, "shapley_value_33": 0.20967221131920813, "selection_33": 0, "shapley_value_34": 0.2026191224534261, "selection_34": 0, "shapley_value_35": 0.23897450822591781, "selection_35": 0, "shapley_value_36": 0.2479549639821052, "selection_36": 0, "shapley_value_37": 0.18673525327444077, "selection_37": 0, "shapley_value_38": 0.21276252940297122, "selection_38": 0, "shapley_value_39": 0.20966814160346986, "selection_39": 0, "shapley_value_40": 0.24000533646345143, "selection_40": 0, "shapley_value_41": 0.20980747815966608, "selection_41": 0, "shapley_value_42": 0.17666203159564423, "selection_42": 1, "shapley_value_43": 0.19924874952435492, "selection_43": 0, "shapley_value_44": 0.18619345742464066, "selection_44": 0, "shapley_value_45": 0.21773096236586573, "selection_45": 0, "shapley_value_46": 0.20468251711130145, "selection_46": 0, "shapley_value_47": 0.18331346708536148, "selection_47": 1, "shapley_value_48": 0.22894742792844774, "selection_48": 0, "shapley_value_49": 0.1965685566663742, "selection_49": 0, "shapley_value_50": 0.1396715054810047, "selection_50": 1, "shapley_value_51": 0.21243075916171078, "selection_51": 0, "shapley_value_52": 0.18712727838754656, "selection_52": 0, "shapley_value_53": 0.20479717436432843, "selection_53": 0, "shapley_value_54": 0.21408046033978465, "selection_54": 0, "shapley_value_55": 0.22746191120147707, "selection_55": 0, "shapley_value_56": 0.19092557868361476, "selection_56": 0, "shapley_value_57": 0.24455415484309198, "selection_57": 0, "shapley_value_58": 0.2175478016294931, "selection_58": 0, "shapley_value_59": 0.21111515697836877, "selection_59": 0, "shapley_value_60": 0.2085589416685857, "selection_60": 0, "shapley_value_61": 0.18889135959744452, "selection_61": 0, "shapley_value_62": 0.18747913485765455, "selection_62": 1, "shapley_value_63": 0.21069272464513783, "selection_63": 0, "shapley_value_64": 0.24138004478812217, "selection_64": 0, "shapley_value_65": 0.1940849280953407, "selection_65": 0, "shapley_value_66": 0.20272309018436227, "selection_66": 0, "shapley_value_67": 0.19802153491973878, "selection_67": 0, "shapley_value_68": 0.19819962233304972, "selection_68": 0, "shapley_value_69": 0.213455433934927, "selection_69": 0, "shapley_value_70": 0.1969603154361248, "selection_70": 0, "shapley_value_71": 0.24649124130606653, "selection_71": 0, "shapley_value_72": 0.23243255266547203, "selection_72": 0, "shapley_value_73": 0.18512253379821778, "selection_73": 0, "shapley_value_74": 0.166215436398983, "selection_74": 1, "shapley_value_75": 0.22468241512775422, "selection_75": 0, "shapley_value_76": 0.1803087059416269, "selection_76": 0, "shapley_value_77": 0.15634919235110284, "selection_77": 1, "shapley_value_78": 0.19802955009359305, "selection_78": 0, "shapley_value_79": 0.17481525608897208, "selection_79": 1, "shapley_value_80": 0.19886591598391534, "selection_80": 0, "shapley_value_81": 0.18319858741760256, "selection_81": 0, "shapley_value_82": 0.1892018257379532, "selection_82": 0, "shapley_value_83": 0.2204472393393516, "selection_83": 0, "shapley_value_84": 0.20103151956200596, "selection_84": 0, "shapley_value_85": 0.18690778049826623, "selection_85": 0, "shapley_value_86": 0.19827209007740015, "selection_86": 0, "shapley_value_87": 0.22892696478962898, "selection_87": 0, "shapley_value_88": 0.19179707074165347, "selection_88": 0, "shapley_value_89": 0.24476561835408212, "selection_89": 0, "shapley_value_90": 0.19576230692392907, "selection_90": 0, "shapley_value_91": 0.18563995832047966, "selection_91": 0, "shapley_value_92": 0.23125382041931153, "selection_92": 0, "shapley_value_93": 0.19434931752085682, "selection_93": 0, "shapley_value_94": 0.22886342036724092, "selection_94": 0, "shapley_value_95": 0.2092287757396698, "selection_95": 0, "shapley_value_96": 0.23242169901728627, "selection_96": 0, "shapley_value_97": 0.22539531084895134, "selection_97": 0, "shapley_value_98": 0.19633363339304927, "selection_98": 0, "shapley_value_99": 0.2600763252675534, "selection_99": 0, "_timestamp": 1687958331.791324, "_runtime": 327.31066393852234, "_step": 99, "_wandb": {"runtime": 325}}