{"accuracy": 0.3200426697731018, "val_loss": 1.8481943607330322, "test_loss": 1.8458755016326904, "shapley_value_0": 0.00705406904220581, "selection_0": 0, "shapley_value_1": 0.05503916740417481, "selection_1": 1, "shapley_value_2": 0.0326215124130249, "selection_2": 0, "shapley_value_3": 0.020905981063842772, "selection_3": 0, "shapley_value_4": 0.044608826637268076, "selection_4": 0, "shapley_value_5": 0.04085169076919556, "selection_5": 0, "shapley_value_6": 0.006834027767181397, "selection_6": 0, "shapley_value_7": 0.05194922208786012, "selection_7": 0, "shapley_value_8": 0.006897273063659668, "selection_8": 0, "shapley_value_9": 0.01437162160873413, "selection_9": 0, "shapley_value_10": 0.037011234760284416, "selection_10": 0, "shapley_value_11": 0.02995734453201294, "selection_11": 0, "shapley_value_12": 0.010851287841796875, "selection_12": 0, "shapley_value_13": 0.053420491218566894, "selection_13": 1, "shapley_value_14": -0.017913322699697393, "selection_14": 0, "shapley_value_15": 0.008679749965667723, "selection_15": 0, "shapley_value_16": 0.016372952461242672, "selection_16": 0, "shapley_value_17": -0.010996567575555099, "selection_17": 0, "shapley_value_18": -0.0006520337071912031, "selection_18": 0, "shapley_value_19": 0.04552328586578369, "selection_19": 0, "_timestamp": 1687791583.5006316, "_runtime": 41.344409465789795, "_step": 2}