{"accuracy": 0.5081999897956848, "val_loss": 1.3658266067504883, "test_loss": 1.3782429695129395, "shapley_value_0": -0.6976568120898622, "selection_0": 0, "shapley_value_1": -0.6611881322330898, "selection_1": 0, "shapley_value_2": -0.715625221079046, "selection_2": 1, "shapley_value_3": -0.6987605564522023, "selection_3": 0, "shapley_value_4": -0.7107599106701935, "selection_4": 1, "shapley_value_5": -0.7161359136754815, "selection_5": 1, "shapley_value_6": -0.6958701755061295, "selection_6": 0, "shapley_value_7": -0.7114813923835756, "selection_7": 0, "shapley_value_8": -0.7032000946276112, "selection_8": 0, "shapley_value_9": -0.6912041505177817, "selection_9": 0, "shapley_value_10": -0.7215186039606731, "selection_10": 0, "shapley_value_11": -0.7289230982462567, "selection_11": 0, "shapley_value_12": -0.7025000796173556, "selection_12": 0, "shapley_value_13": -0.7232201019922891, "selection_13": 0, "shapley_value_14": -0.7045710325241088, "selection_14": 0, "shapley_value_15": -0.6970911979675292, "selection_15": 0, "shapley_value_16": -0.7304985037556401, "selection_16": 0, "shapley_value_17": -0.7362476944923401, "selection_17": 0, "shapley_value_18": -0.7306871458336159, "selection_18": 0, "shapley_value_19": -0.7082533475124474, "selection_19": 0, "shapley_value_20": -0.7379636605580645, "selection_20": 0, "shapley_value_21": -0.7055803100268044, "selection_21": 0, "shapley_value_22": -0.7394925885730319, "selection_22": 0, "shapley_value_23": -0.7040149291356406, "selection_23": 0, "shapley_value_24": -0.7411295334498086, "selection_24": 0, "shapley_value_25": -0.7294896576139664, "selection_25": 0, "shapley_value_26": -0.7209279616673788, "selection_26": 0, "shapley_value_27": -0.7185665090878804, "selection_27": 0, "shapley_value_28": -0.7286117474238079, "selection_28": 0, "shapley_value_29": -0.7408338167049267, "selection_29": 0, "shapley_value_30": -0.7471013585726419, "selection_30": 0, "shapley_value_31": -0.7386431137720744, "selection_31": 1, "shapley_value_32": -0.7819473831741899, "selection_32": 0, "shapley_value_33": -0.7383540206485324, "selection_33": 0, "shapley_value_34": -0.737775109432362, "selection_34": 0, "shapley_value_35": -0.7610284090042116, "selection_35": 0, "shapley_value_36": -0.7571228256932011, "selection_36": 0, "shapley_value_37": -0.7427271427931608, "selection_37": 0, "shapley_value_38": -0.7425079703330993, "selection_38": 0, "shapley_value_39": -0.7491968781859787, "selection_39": 0, "_timestamp": 1688029619.9215868, "_runtime": 99.2142858505249, "_step": 99, "_wandb": {"runtime": 97}}