{"accuracy": 0.9371999502182007, "val_loss": 0.2298354059457779, "test_loss": 0.2159126251935959, "shapley_value_0": -1.6528659933491756, "selection_0": 0, "shapley_value_1": -1.9599823405345285, "selection_1": 0, "shapley_value_2": -1.8767475209854265, "selection_2": 0, "shapley_value_3": -1.9713160239514846, "selection_3": 0, "shapley_value_4": -1.7724231619101305, "selection_4": 0, "shapley_value_5": -1.7639160891373957, "selection_5": 0, "shapley_value_6": -1.83606391839492, "selection_6": 0, "shapley_value_7": -1.845414273440838, "selection_7": 0, "shapley_value_8": -1.8824913187159436, "selection_8": 0, "shapley_value_9": -1.7113420701388151, "selection_9": 0, "shapley_value_10": -1.9927836204016656, "selection_10": 0, "shapley_value_11": -1.8251115192969642, "selection_11": 0, "shapley_value_12": -1.9019122737826726, "selection_12": 0, "shapley_value_13": -1.9668938158414295, "selection_13": 0, "shapley_value_14": -1.9553992455756226, "selection_14": 0, "shapley_value_15": -1.5595764237500374, "selection_15": 0, "shapley_value_16": -1.7480628755357526, "selection_16": 0, "shapley_value_17": -1.81592275450627, "selection_17": 1, "shapley_value_18": -1.862587086028523, "selection_18": 0, "shapley_value_19": -1.821526254713535, "selection_19": 0, "shapley_value_20": -1.8884031389440812, "selection_20": 0, "shapley_value_21": -1.7438715969522793, "selection_21": 1, "shapley_value_22": -1.8099902661310299, "selection_22": 0, "shapley_value_23": -1.856566133953276, "selection_23": 0, "shapley_value_24": -1.6925212470469655, "selection_24": 0, "shapley_value_25": -1.9664810884457369, "selection_25": 0, "shapley_value_26": -1.9452264885107673, "selection_26": 0, "shapley_value_27": -1.6562201943662433, "selection_27": 0, "shapley_value_28": -1.6529012066431532, "selection_28": 0, "shapley_value_29": -1.987752801290265, "selection_29": 0, "shapley_value_30": -1.56031790971756, "selection_30": 0, "shapley_value_31": -1.868458173672358, "selection_31": 0, "shapley_value_32": -1.9408773094415666, "selection_32": 1, "shapley_value_33": -1.978773482971721, "selection_33": 0, "shapley_value_34": -1.963909494380156, "selection_34": 0, "shapley_value_35": -1.7534625194966795, "selection_35": 0, "shapley_value_36": -1.8238717534889772, "selection_36": 1, "shapley_value_37": -1.9962557568436576, "selection_37": 0, "shapley_value_38": -1.7278875625795789, "selection_38": 0, "shapley_value_39": -1.824635944305322, "selection_39": 0, "_timestamp": 1688022921.3863118, "_runtime": 87.30335187911987, "_step": 99, "_wandb": {"runtime": 85}}