{"loss": 0.31528985500335693, "accuracy": 0.9088000059127808, "average_active_clients": 2.6025000000000005, "_timestamp": 1686744454.9633775, "_runtime": 47.9510064125061, "_step": 399, "_wandb": {"runtime": 46}}