{"accuracy": 0.8606916069984436, "val_loss": 0.484887957572937, "test_loss": 0.48621252179145813, "shapley_value_0": -1.1867985486984254, "selection_0": 0, "shapley_value_1": -1.3878481514526138, "selection_1": 0, "shapley_value_2": -1.2037777702013652, "selection_2": 0, "shapley_value_3": -1.235020140806834, "selection_3": 0, "shapley_value_4": -1.450131342808406, "selection_4": 0, "shapley_value_5": -1.29166636296681, "selection_5": 0, "shapley_value_6": -1.2935048010614185, "selection_6": 0, "shapley_value_7": -1.4453778989387283, "selection_7": 0, "shapley_value_8": -1.2610354555977714, "selection_8": 0, "shapley_value_9": -1.300948303937912, "selection_9": 0, "shapley_value_10": -1.3000276625156402, "selection_10": 0, "shapley_value_11": -1.3868146972222761, "selection_11": 0, "shapley_value_12": -0.9789175607941367, "selection_12": 1, "shapley_value_13": -1.5209667824563524, "selection_13": 0, "shapley_value_14": -1.2458132439189487, "selection_14": 0, "shapley_value_15": -1.2404257903496423, "selection_15": 0, "shapley_value_16": -1.4013494402170181, "selection_16": 0, "shapley_value_17": -1.264114777247111, "selection_17": 0, "shapley_value_18": -1.2591533036459062, "selection_18": 0, "shapley_value_19": -1.5455355953287193, "selection_19": 0, "shapley_value_20": -1.0651164236995907, "selection_20": 0, "shapley_value_21": -1.401041106744246, "selection_21": 0, "shapley_value_22": -1.3161772675812244, "selection_22": 0, "shapley_value_23": -0.8194929510354994, "selection_23": 0, "shapley_value_24": -1.0332567019340317, "selection_24": 0, "shapley_value_25": -1.2833348789385384, "selection_25": 1, "shapley_value_26": -1.1041639149188998, "selection_26": 0, "shapley_value_27": -1.382557418310281, "selection_27": 1, "shapley_value_28": -1.1854647583431666, "selection_28": 0, "shapley_value_29": -1.360645278294881, "selection_29": 0, "shapley_value_30": -1.5770659501905793, "selection_30": 0, "shapley_value_31": -1.4056740144888562, "selection_31": 0, "shapley_value_32": -1.2586907061437764, "selection_32": 1, "shapley_value_33": -1.201991654932499, "selection_33": 0, "shapley_value_34": -1.3931063959995904, "selection_34": 0, "shapley_value_35": -1.3488949371708765, "selection_35": 0, "shapley_value_36": -1.0741639653841655, "selection_36": 0, "shapley_value_37": -1.5609169205029805, "selection_37": 0, "shapley_value_38": -1.4499347706635788, "selection_38": 0, "shapley_value_39": -1.4382408936818443, "selection_39": 0, "_timestamp": 1687986283.4281666, "_runtime": 77.02024555206299, "_step": 99, "_wandb": {"runtime": 75}}