{"accuracy": 0.858257532119751, "val_loss": 0.43718448281288147, "test_loss": 0.43476396799087524, "shapley_value_0": -1.4616847347330162, "selection_0": 0, "shapley_value_1": -1.4144669608636333, "selection_1": 1, "shapley_value_2": -1.2930140431438175, "selection_2": 0, "shapley_value_3": -1.363676028119193, "selection_3": 0, "shapley_value_4": -1.3974585533142092, "selection_4": 0, "shapley_value_5": -1.4184955885012944, "selection_5": 0, "shapley_value_6": -1.3863647697549877, "selection_6": 0, "shapley_value_7": -1.4108417467637493, "selection_7": 1, "shapley_value_8": -1.3236511705650222, "selection_8": 0, "shapley_value_9": -1.3546657140056293, "selection_9": 0, "shapley_value_10": -1.493269940217336, "selection_10": 0, "shapley_value_11": -1.5108192463715873, "selection_11": 0, "shapley_value_12": -1.3720357544494397, "selection_12": 0, "shapley_value_13": -1.428287321770633, "selection_13": 0, "shapley_value_14": -1.4279824614524839, "selection_14": 0, "shapley_value_15": -1.4816492221973563, "selection_15": 0, "shapley_value_16": -1.464191603163878, "selection_16": 0, "shapley_value_17": -1.3796095281839373, "selection_17": 0, "shapley_value_18": -1.5008330767353375, "selection_18": 0, "shapley_value_19": -1.388466579715411, "selection_19": 0, "shapley_value_20": -1.357960147990121, "selection_20": 0, "shapley_value_21": -1.4764945705731711, "selection_21": 0, "shapley_value_22": -1.4278886263017303, "selection_22": 0, "shapley_value_23": -1.2512585384150345, "selection_23": 0, "shapley_value_24": -1.4855434673803822, "selection_24": 0, "shapley_value_25": -1.5111850627831047, "selection_25": 0, "shapley_value_26": -1.5346273258328442, "selection_26": 0, "shapley_value_27": -1.311390700248571, "selection_27": 0, "shapley_value_28": -1.3399688321532628, "selection_28": 0, "shapley_value_29": -1.5472492227951689, "selection_29": 1, "shapley_value_30": -1.49312104533116, "selection_30": 0, "shapley_value_31": -1.4966018758714195, "selection_31": 0, "shapley_value_32": -1.263283241028879, "selection_32": 1, "shapley_value_33": -1.520894445478916, "selection_33": 0, "shapley_value_34": -1.3857656459013619, "selection_34": 0, "shapley_value_35": -1.5894519757656824, "selection_35": 0, "shapley_value_36": -1.4081159951510254, "selection_36": 0, "shapley_value_37": -1.4583787024021149, "selection_37": 0, "shapley_value_38": -1.4393009190206176, "selection_38": 0, "shapley_value_39": -1.4025515615940092, "selection_39": 0, "_timestamp": 1687984698.6125364, "_runtime": 79.80060744285583, "_step": 99, "_wandb": {"runtime": 78}}