{"accuracy": 0.09779999405145645, "val_loss": 3.848966121673584, "test_loss": 3.8620543479919434, "shapley_value_0": 1.6848752873915216, "selection_0": 0, "shapley_value_1": 0, "selection_1": 0, "shapley_value_2": -0.7063355445861816, "selection_2": 0, "shapley_value_3": 1.7333744692079953, "selection_3": 0, "shapley_value_4": 0, "selection_4": 0, "shapley_value_5": 1.7642289184861706, "selection_5": 0, "shapley_value_6": -3.274355888366701, "selection_6": 0, "shapley_value_7": 3.48867533604304, "selection_7": 0, "shapley_value_8": 1.9807721270455256, "selection_8": 0, "shapley_value_9": -2.090719898541769, "selection_9": 0, "shapley_value_10": -2.313873926798504, "selection_10": 0, "shapley_value_11": -4.290942013263703, "selection_11": 0, "shapley_value_12": 0.5147635425840108, "selection_12": 0, "shapley_value_13": -4.36944180727005, "selection_13": 0, "shapley_value_14": -4.370348016421001, "selection_14": 0, "shapley_value_15": 1.2829295496145883, "selection_15": 0, "shapley_value_16": 2.2699872286696183, "selection_16": 0, "shapley_value_17": 10.314626952012379, "selection_17": 0, "shapley_value_18": 0.0219067566924623, "selection_18": 0, "shapley_value_19": -4.93306862314542, "selection_19": 0, "shapley_value_20": 1.962854618445421, "selection_20": 0, "shapley_value_21": 2.387714878276542, "selection_21": 0, "shapley_value_22": 4.815805784485362, "selection_22": 1, "shapley_value_23": -1.2959025502204895, "selection_23": 0, "shapley_value_24": -3.8969781796137504, "selection_24": 0, "shapley_value_25": -1.0387784938017526, "selection_25": 0, "shapley_value_26": -11.950062592824299, "selection_26": 0, "shapley_value_27": -0.5938543677330017, "selection_27": 0, "shapley_value_28": 3.91209675740992, "selection_28": 1, "shapley_value_29": -1.106811374425888, "selection_29": 0, "shapley_value_30": 1.6263554927074544, "selection_30": 0, "shapley_value_31": 0, "selection_31": 0, "shapley_value_32": 0, "selection_32": 0, "shapley_value_33": 1.5687268617607302, "selection_33": 0, "shapley_value_34": 0, "selection_34": 0, "shapley_value_35": -0.49265585343043017, "selection_35": 0, "shapley_value_36": 0.8727901975313825, "selection_36": 0, "shapley_value_37": 2.7515380581219997, "selection_37": 0, "shapley_value_38": 1.4948042631149292, "selection_38": 0, "shapley_value_39": 1.550887833038966, "selection_39": 0, "shapley_value_40": -0.8873718579610186, "selection_40": 0, "shapley_value_41": 2.1679106445023506, "selection_41": 0, "shapley_value_42": -1.1261238853136692, "selection_42": 0, "shapley_value_43": 2.1378270174775804, "selection_43": 0, "shapley_value_44": 2.949006381134191, "selection_44": 1, "shapley_value_45": -4.687392393747965, "selection_45": 0, "shapley_value_46": 1.432738929986954, "selection_46": 1, "shapley_value_47": 0.37269573161999414, "selection_47": 1, "shapley_value_48": -1.0779265284538269, "selection_48": 0, "shapley_value_49": 2.322898192065103, "selection_49": 0, "_timestamp": 1688393318.1368384, "_runtime": 108.86809754371643, "_step": 99, "_wandb": {"runtime": 107}}