{"accuracy": 0.45979997515678406, "val_loss": 1.4955576658248901, "test_loss": 1.5105215311050415, "_timestamp": 1687966876.2017822, "_runtime": 132.33869814872742, "_step": 99, "_wandb": {"runtime": 130}}