{"accuracy": 0.09719999879598618, "val_loss": 13.719112396240234, "test_loss": 13.863694190979004, "shapley_value_0": -1.2309464315573375, "selection_0": 0, "shapley_value_1": 10.521379601664654, "selection_1": 1, "shapley_value_2": 0.35792853434880634, "selection_2": 0, "shapley_value_3": -0.42304728428522687, "selection_3": 0, "shapley_value_4": -2.0797770619392395, "selection_4": 0, "shapley_value_5": -3.216529627641041, "selection_5": 0, "shapley_value_6": -4.0865936279296875, "selection_6": 0, "shapley_value_7": -0.4501617898543677, "selection_7": 0, "shapley_value_8": -6.759791016578676, "selection_8": 0, "shapley_value_9": 0.2751641074816362, "selection_9": 0, "shapley_value_10": -2.9950267076492287, "selection_10": 0, "shapley_value_11": -0.5941761434078217, "selection_11": 0, "shapley_value_12": -3.6766291558742523, "selection_12": 0, "shapley_value_13": 0.2808634042739868, "selection_13": 0, "shapley_value_14": -5.029942890008289, "selection_14": 0, "shapley_value_15": 0.07957156499226947, "selection_15": 0, "shapley_value_16": 9.907795726149168, "selection_16": 1, "shapley_value_17": -3.1191713114579525, "selection_17": 0, "shapley_value_18": 10.17431803102847, "selection_18": 1, "shapley_value_19": 0.8118230998516092, "selection_19": 0, "shapley_value_20": -0.23850869139035424, "selection_20": 0, "shapley_value_21": -0.06590841213862042, "selection_21": 0, "shapley_value_22": 0.8524625500043235, "selection_22": 0, "shapley_value_23": 0.38140840331713344, "selection_23": 0, "shapley_value_24": -3.8971422910690308, "selection_24": 0, "shapley_value_25": -1.5570238431294756, "selection_25": 0, "shapley_value_26": -0.08529496192932173, "selection_26": 0, "shapley_value_27": 5.678614070212919, "selection_27": 1, "shapley_value_28": -1.6360416213671356, "selection_28": 0, "shapley_value_29": -6.880956530570983, "selection_29": 0, "shapley_value_30": 0.820923924446106, "selection_30": 0, "shapley_value_31": 0.22891008853912354, "selection_31": 0, "shapley_value_32": -4.028818474875556, "selection_32": 0, "shapley_value_33": 0.1415638526280718, "selection_33": 0, "shapley_value_34": -5.424902647733688, "selection_34": 0, "shapley_value_35": -1.0541629989941912, "selection_35": 0, "shapley_value_36": 2.2150178256855213, "selection_36": 0, "shapley_value_37": 0.23713672161102295, "selection_37": 0, "shapley_value_38": -7.1984012226263685, "selection_38": 0, "shapley_value_39": 10.626497318992364, "selection_39": 1, "shapley_value_40": -0.4941219290097556, "selection_40": 0, "shapley_value_41": -1.6294913689295463, "selection_41": 0, "shapley_value_42": -0.10335884491602698, "selection_42": 0, "shapley_value_43": -0.26452165842056363, "selection_43": 0, "shapley_value_44": 1.468459590717598, "selection_44": 0, "shapley_value_45": -2.448833366235097, "selection_45": 0, "shapley_value_46": -5.173963338136673, "selection_46": 0, "shapley_value_47": -2.621620664993921, "selection_47": 0, "shapley_value_48": -2.004117449124654, "selection_48": 0, "shapley_value_49": -2.110784918069841, "selection_49": 0, "_timestamp": 1688382309.4729207, "_runtime": 110.04978775978088, "_step": 99, "_wandb": {"runtime": 108}}