{"accuracy": 0.09699999541044235, "val_loss": 12.66117000579834, "test_loss": 12.803190231323242, "shapley_value_0": -1.2501096626122792, "selection_0": 0, "shapley_value_1": -0.988016486167907, "selection_1": 0, "shapley_value_2": 9.711779931219677, "selection_2": 1, "shapley_value_3": -0.24189619223276893, "selection_3": 0, "shapley_value_4": -2.245246450106304, "selection_4": 0, "shapley_value_5": 9.352763326962789, "selection_5": 1, "shapley_value_6": -4.237093905607859, "selection_6": 0, "shapley_value_7": 9.075891319027656, "selection_7": 1, "shapley_value_8": -2.96356255809466, "selection_8": 0, "shapley_value_9": 0.471017410357792, "selection_9": 0, "shapley_value_10": 0.2444801330566404, "selection_10": 0, "shapley_value_11": -3.5374295810858416, "selection_11": 0, "shapley_value_12": -5.8056725164254495, "selection_12": 0, "shapley_value_13": -3.558046032985051, "selection_13": 0, "shapley_value_14": -4.305258472760517, "selection_14": 0, "shapley_value_15": 0.46718203028043126, "selection_15": 0, "shapley_value_16": -0.34063261085086394, "selection_16": 0, "shapley_value_17": -2.20935672521591, "selection_17": 0, "shapley_value_18": 0.22697014609972666, "selection_18": 0, "shapley_value_19": -2.1911490360895787, "selection_19": 0, "shapley_value_20": -0.4755298217137657, "selection_20": 0, "shapley_value_21": -0.22183289130528738, "selection_21": 0, "shapley_value_22": -0.3507773379484802, "selection_22": 0, "shapley_value_23": -0.035118659337362246, "selection_23": 0, "shapley_value_24": -3.144250412782034, "selection_24": 0, "shapley_value_25": -1.637162685394287, "selection_25": 0, "shapley_value_26": -0.5021503766377755, "selection_26": 0, "shapley_value_27": 0.5627097487449642, "selection_27": 0, "shapley_value_28": -1.9039443035920458, "selection_28": 0, "shapley_value_29": -3.1426884730656957, "selection_29": 0, "shapley_value_30": -0.9751743773619324, "selection_30": 0, "shapley_value_31": 0.15085997184117517, "selection_31": 0, "shapley_value_32": 0.2732643749978803, "selection_32": 0, "shapley_value_33": 0.18779865900675574, "selection_33": 0, "shapley_value_34": -2.413156569004058, "selection_34": 0, "shapley_value_35": -5.5872861345609035, "selection_35": 0, "shapley_value_36": 3.4035029122123017, "selection_36": 1, "shapley_value_37": 0.17818790674209595, "selection_37": 0, "shapley_value_38": -2.185527364412944, "selection_38": 0, "shapley_value_39": -0.44438535968462656, "selection_39": 0, "shapley_value_40": -0.5618947943051662, "selection_40": 0, "shapley_value_41": -1.7402111689249686, "selection_41": 0, "shapley_value_42": -0.10505668322245398, "selection_42": 0, "shapley_value_43": -0.24070821205774795, "selection_43": 0, "shapley_value_44": 8.534551623385493, "selection_44": 1, "shapley_value_45": -2.247532109419504, "selection_45": 0, "shapley_value_46": -4.8913516600926705, "selection_46": 0, "shapley_value_47": -0.43471995989481504, "selection_47": 0, "shapley_value_48": -1.7935988306999207, "selection_48": 0, "shapley_value_49": -2.16355562210083, "selection_49": 0, "_timestamp": 1688379130.4652538, "_runtime": 103.72498393058777, "_step": 99, "_wandb": {"runtime": 102}}