{"accuracy": 0.9347999691963196, "val_loss": 0.22714704275131226, "test_loss": 0.21574702858924866, "_timestamp": 1688024969.1024709, "_runtime": 92.6116418838501, "_step": 99, "_wandb": {"runtime": 90}}