{"accuracy": 0.4691999852657318, "val_loss": 1.464303970336914, "test_loss": 1.4819145202636719, "_timestamp": 1687872644.7802203, "_runtime": 257.81783533096313, "_step": 99, "_wandb": {"runtime": 256}}