{"accuracy": 0.09719999879598618, "val_loss": 11.873096466064453, "test_loss": 11.9967041015625, "shapley_value_0": -1.683109194040299, "selection_0": 0, "shapley_value_1": 11.128291000922525, "selection_1": 1, "shapley_value_2": 0.3028740088144932, "selection_2": 0, "shapley_value_3": -0.2751281261444092, "selection_3": 0, "shapley_value_4": -2.2101165254910793, "selection_4": 0, "shapley_value_5": -1.2139355381329857, "selection_5": 0, "shapley_value_6": -4.456839283307394, "selection_6": 0, "shapley_value_7": -2.7668383071819957, "selection_7": 0, "shapley_value_8": 0.840176622072855, "selection_8": 0, "shapley_value_9": -0.7657260596752167, "selection_9": 0, "shapley_value_10": -0.5577336351076769, "selection_10": 0, "shapley_value_11": 0.007761051257450635, "selection_11": 0, "shapley_value_12": -8.133796920379003, "selection_12": 0, "shapley_value_13": 0.9404137035210929, "selection_13": 0, "shapley_value_14": -4.64166162411372, "selection_14": 0, "shapley_value_15": 0.027673959732055664, "selection_15": 0, "shapley_value_16": 10.00343907415197, "selection_16": 1, "shapley_value_17": -4.320176780223847, "selection_17": 0, "shapley_value_18": 10.4482734694463, "selection_18": 1, "shapley_value_19": -2.364863832791645, "selection_19": 0, "shapley_value_20": -0.704830638567606, "selection_20": 0, "shapley_value_21": -0.376167555650075, "selection_21": 0, "shapley_value_22": -2.887958159049352, "selection_22": 0, "shapley_value_23": 0.16400847832361887, "selection_23": 0, "shapley_value_24": -3.040431896845501, "selection_24": 0, "shapley_value_25": -0.9646433194478354, "selection_25": 0, "shapley_value_26": -0.2227916916211452, "selection_26": 0, "shapley_value_27": 0.7384110887845359, "selection_27": 0, "shapley_value_28": -2.204353690147399, "selection_28": 0, "shapley_value_29": 1.016390810410182, "selection_29": 0, "shapley_value_30": -0.26449290911356527, "selection_30": 0, "shapley_value_31": 0.19160662094751935, "selection_31": 0, "shapley_value_32": -0.15517449378967285, "selection_32": 0, "shapley_value_33": -0.021101395289103486, "selection_33": 0, "shapley_value_34": 0.8234536051750183, "selection_34": 0, "shapley_value_35": -5.9830621282259635, "selection_35": 0, "shapley_value_36": 1.1203330814838415, "selection_36": 1, "shapley_value_37": 0.35223281383514404, "selection_37": 0, "shapley_value_38": -8.564398805300398, "selection_38": 0, "shapley_value_39": 11.12887148753456, "selection_39": 1, "shapley_value_40": -0.448066969712575, "selection_40": 0, "shapley_value_41": -2.076521197954815, "selection_41": 0, "shapley_value_42": -0.04383919636408429, "selection_42": 0, "shapley_value_43": -0.19489961862564176, "selection_43": 0, "shapley_value_44": 1.0826564828554788, "selection_44": 0, "shapley_value_45": -2.9721096754074097, "selection_45": 0, "shapley_value_46": -1.1856007178624477, "selection_46": 0, "shapley_value_47": -0.03335255384445346, "selection_47": 0, "shapley_value_48": -1.3951124350229884, "selection_48": 0, "shapley_value_49": -1.3557301163673414, "selection_49": 0, "_timestamp": 1688378476.3842852, "_runtime": 97.9395112991333, "_step": 99, "_wandb": {"runtime": 96}}