{"accuracy": 0.9343999624252319, "val_loss": 0.25331631302833557, "test_loss": 0.23643791675567627, "shapley_value_0": 0.003613767623901367, "selection_0": 0, "shapley_value_1": 0.0025002193450927735, "selection_1": 0, "shapley_value_2": 0.002468600273132324, "selection_2": 0, "shapley_value_3": 0.0014227008819580078, "selection_3": 0, "shapley_value_4": 0.0019984722137451182, "selection_4": 0, "shapley_value_5": 0.0012221097946166996, "selection_5": 0, "shapley_value_6": 0.06355153679847718, "selection_6": 0, "shapley_value_7": 0.002727060317993163, "selection_7": 0, "shapley_value_8": 0.04806496560573578, "selection_8": 0, "shapley_value_9": 0.0008259010314941406, "selection_9": 0, "shapley_value_10": 0.005271844863891602, "selection_10": 0, "shapley_value_11": 0.007895064353942872, "selection_11": 0, "shapley_value_12": 0.00785344123840332, "selection_12": 0, "shapley_value_13": 0.009575362205505368, "selection_13": 0, "shapley_value_14": 0.009798679351806639, "selection_14": 0, "shapley_value_15": 0.0040365314483642575, "selection_15": 0, "shapley_value_16": 0.08107668936252595, "selection_16": 0, "shapley_value_17": -0.0006036131005538138, "selection_17": 0, "shapley_value_18": 0.009226260185241702, "selection_18": 0, "shapley_value_19": 0.08037206292152405, "selection_19": 0, "shapley_value_20": 0.0163557243347168, "selection_20": 0, "shapley_value_21": 0.016465358734130863, "selection_21": 0, "shapley_value_22": 0.011594271659851073, "selection_22": 0, "shapley_value_23": 0.011053748130798341, "selection_23": 0, "shapley_value_24": 0.02436918258666992, "selection_24": 0, "shapley_value_25": 0.012950787544250488, "selection_25": 0, "shapley_value_26": 0.020368595123291016, "selection_26": 0, "shapley_value_27": -0.00019345785442151522, "selection_27": 0, "shapley_value_28": 0.0077696037292480456, "selection_28": 0, "shapley_value_29": 0.07045238494873045, "selection_29": 0, "shapley_value_30": 0.025022296905517577, "selection_30": 0, "shapley_value_31": 0.02547821044921875, "selection_31": 0, "shapley_value_32": 0.027634310722351074, "selection_32": 0, "shapley_value_33": 0.03733065128326416, "selection_33": 0, "shapley_value_34": 0.01792449474334717, "selection_34": 0, "shapley_value_35": 0.03277426719665527, "selection_35": 0, "shapley_value_36": 0.022455453872680664, "selection_36": 0, "shapley_value_37": 0.145403154194355, "selection_37": 0, "shapley_value_38": 0.1332253608107567, "selection_38": 0, "shapley_value_39": 0.02288469791412354, "selection_39": 0, "shapley_value_40": 0.2131012899344577, "selection_40": 0, "shapley_value_41": 0.038446550369262714, "selection_41": 0, "shapley_value_42": 0.23887001205058325, "selection_42": 1, "shapley_value_43": 0.03139599323272704, "selection_43": 0, "shapley_value_44": -0.0013565013283177425, "selection_44": 0, "shapley_value_45": 0.2139222466519901, "selection_45": 0, "shapley_value_46": 0.029868178367614736, "selection_46": 0, "shapley_value_47": 0.23350950603030232, "selection_47": 1, "shapley_value_48": 0.03332494020462037, "selection_48": 0, "shapley_value_49": 0.023062129020690915, "selection_49": 0, "shapley_value_50": 0.19785751703907462, "selection_50": 0, "shapley_value_51": 0.03533430814743041, "selection_51": 0, "shapley_value_52": -5.364418029785156e-06, "selection_52": 0, "shapley_value_53": 0.18606335378610173, "selection_53": 0, "shapley_value_54": 0.20065534991025924, "selection_54": 0, "shapley_value_55": 0.20848076809536326, "selection_55": 0, "shapley_value_56": 0.09209367676785117, "selection_56": 0, "shapley_value_57": 0.2096847689610261, "selection_57": 0, "shapley_value_58": 0.03550588369369507, "selection_58": 0, "shapley_value_59": 0.03622349739074707, "selection_59": 0, "shapley_value_60": -0.0009033993670814915, "selection_60": 0, "shapley_value_61": 0.24682816985881686, "selection_61": 1, "shapley_value_62": 0.16892276721341265, "selection_62": 0, "shapley_value_63": 0.213503077502052, "selection_63": 1, "shapley_value_64": 0.057883080840110776, "selection_64": 0, "shapley_value_65": 0.050406326620202314, "selection_65": 0, "shapley_value_66": 0.033963057994842526, "selection_66": 0, "shapley_value_67": 0.230007039681077, "selection_67": 1, "shapley_value_68": 0.19851948046684267, "selection_68": 0, "shapley_value_69": 0.14489715799689296, "selection_69": 0, "shapley_value_70": 0.23446914063559632, "selection_70": 1, "shapley_value_71": 0.16681968480348588, "selection_71": 0, "shapley_value_72": 0.16286777166943806, "selection_72": 0, "shapley_value_73": 0.21906203361683416, "selection_73": 0, "shapley_value_74": 0.22704986511714878, "selection_74": 0, "shapley_value_75": 0.18805128862460452, "selection_75": 0, "shapley_value_76": 0.1618552004297574, "selection_76": 0, "shapley_value_77": 0.1939512909574118, "selection_77": 0, "shapley_value_78": 0.21999212150510986, "selection_78": 0, "shapley_value_79": 0.22046667928165856, "selection_79": 0, "shapley_value_80": 0.09941535204648971, "selection_80": 0, "shapley_value_81": 0.2209514522552489, "selection_81": 0, "shapley_value_82": 0.20682702796025715, "selection_82": 0, "shapley_value_83": 0.16623305529356003, "selection_83": 0, "shapley_value_84": 0.2354860517957522, "selection_84": 1, "shapley_value_85": 0.22561265383775414, "selection_85": 1, "shapley_value_86": 0.19491585102346207, "selection_86": 1, "shapley_value_87": 0.18980879967029282, "selection_87": 0, "shapley_value_88": 0.12797471642494204, "selection_88": 0, "shapley_value_89": 0.16395374794801076, "selection_89": 0, "shapley_value_90": 0.18575356912612914, "selection_90": 0, "shapley_value_91": 0.1877761749643132, "selection_91": 0, "shapley_value_92": 0.22021733105339497, "selection_92": 0, "shapley_value_93": 0.07367264385024708, "selection_93": 0, "shapley_value_94": 0.22889129107648679, "selection_94": 1, "shapley_value_95": -0.0001736785236157869, "selection_95": 0, "shapley_value_96": 0.1471418571472168, "selection_96": 0, "shapley_value_97": 0.1863619710497879, "selection_97": 0, "shapley_value_98": 0.1931507098674774, "selection_98": 0, "shapley_value_99": 0.15787796878814697, "selection_99": 0, "_timestamp": 1687951160.4757144, "_runtime": 313.7084975242615, "_step": 99, "_wandb": {"runtime": 312}}