{"accuracy": 0.10019999742507935, "val_loss": 3.550856351852417, "test_loss": 3.573286294937134, "shapley_value_0": 1.8048928364729273, "selection_0": 0, "shapley_value_1": 3.0181944692576375, "selection_1": 0, "shapley_value_2": 1.6650508358365015, "selection_2": 0, "shapley_value_3": 2.132856712573104, "selection_3": 0, "shapley_value_4": 0.7442643046379092, "selection_4": 0, "shapley_value_5": 2.081120918958615, "selection_5": 0, "shapley_value_6": -2.331923524538677, "selection_6": 0, "shapley_value_7": 7.325598478317262, "selection_7": 1, "shapley_value_8": -0.40722163518269827, "selection_8": 0, "shapley_value_9": 0, "selection_9": 0, "shapley_value_10": 0.26896241505940816, "selection_10": 0, "shapley_value_11": 2.099452710813946, "selection_11": 0, "shapley_value_12": -2.906760295232136, "selection_12": 0, "shapley_value_13": 0, "selection_13": 0, "shapley_value_14": 1.5750908189349708, "selection_14": 0, "shapley_value_15": 1.4066451083530083, "selection_15": 0, "shapley_value_16": 0, "selection_16": 0, "shapley_value_17": 1.4462112164964864, "selection_17": 1, "shapley_value_18": 3.402468647485897, "selection_18": 0, "shapley_value_19": -10.727337439854939, "selection_19": 0, "shapley_value_20": 1.553656738334232, "selection_20": 0, "shapley_value_21": 1.9412345799307027, "selection_21": 0, "shapley_value_22": 1.6752658138672505, "selection_22": 0, "shapley_value_23": -6.8536612987518275, "selection_23": 0, "shapley_value_24": -7.958401600519817, "selection_24": 0, "shapley_value_25": -0.4263394027948382, "selection_25": 0, "shapley_value_26": -6.729071617126467, "selection_26": 0, "shapley_value_27": 2.235834758590769, "selection_27": 1, "shapley_value_28": 0, "selection_28": 0, "shapley_value_29": -10.914566020170845, "selection_29": 0, "shapley_value_30": 0.8731821080048876, "selection_30": 0, "shapley_value_31": 2.908308094574345, "selection_31": 0, "shapley_value_32": 1.7450096816347358, "selection_32": 1, "shapley_value_33": 3.367707191369473, "selection_33": 0, "shapley_value_34": 0, "selection_34": 0, "shapley_value_35": 0.6579051713148751, "selection_35": 0, "shapley_value_36": 0, "selection_36": 0, "shapley_value_37": 0, "selection_37": 0, "shapley_value_38": 0, "selection_38": 0, "shapley_value_39": 2.9778639869120154, "selection_39": 0, "shapley_value_40": -1.739718198776247, "selection_40": 0, "shapley_value_41": 0, "selection_41": 0, "shapley_value_42": 4.936418764518969, "selection_42": 1, "shapley_value_43": 0.1750104824701939, "selection_43": 0, "shapley_value_44": 2.495101684729259, "selection_44": 0, "shapley_value_45": -0.013561394479539857, "selection_45": 0, "shapley_value_46": 2.30515096253819, "selection_46": 0, "shapley_value_47": 2.2904467193976705, "selection_47": 0, "shapley_value_48": -5.7316958904266375, "selection_48": 0, "shapley_value_49": 0, "selection_49": 0, "_timestamp": 1688387959.431474, "_runtime": 107.29927897453308, "_step": 99, "_wandb": {"runtime": 105}}