{"loss": 0.8563417196273804, "accuracy": 0.7139999866485596, "average_active_clients": 2.0, "_timestamp": 1686664889.4508655, "_runtime": 9.753778457641602, "_step": 399, "_wandb": {"runtime": 8}}