{"accuracy": 0.09699999541044235, "val_loss": 12.725530624389648, "test_loss": 12.879758834838867, "shapley_value_0": -1.9371335109074912, "selection_0": 0, "shapley_value_1": -0.883632938067118, "selection_1": 0, "shapley_value_2": 10.165715228338714, "selection_2": 1, "shapley_value_3": -0.4050414760907497, "selection_3": 0, "shapley_value_4": -1.9129435221354179, "selection_4": 0, "shapley_value_5": 9.683846443891529, "selection_5": 1, "shapley_value_6": -5.305476367473602, "selection_6": 0, "shapley_value_7": 9.38202600346671, "selection_7": 1, "shapley_value_8": -2.4090158641338353, "selection_8": 0, "shapley_value_9": -0.9742541114489249, "selection_9": 0, "shapley_value_10": -3.7412046392758667, "selection_10": 0, "shapley_value_11": -0.5357991059621181, "selection_11": 0, "shapley_value_12": -7.228873521089555, "selection_12": 0, "shapley_value_13": -5.638422777255375, "selection_13": 0, "shapley_value_14": -4.8012255628903695, "selection_14": 0, "shapley_value_15": 0.19271477063496878, "selection_15": 0, "shapley_value_16": 0.1895344614982612, "selection_16": 0, "shapley_value_17": -1.1594420472780866, "selection_17": 0, "shapley_value_18": -0.4150845259428029, "selection_18": 0, "shapley_value_19": -3.1775958935419713, "selection_19": 0, "shapley_value_20": -0.5839254955450688, "selection_20": 0, "shapley_value_21": 0.0630573034286499, "selection_21": 0, "shapley_value_22": -2.6279080510139474, "selection_22": 0, "shapley_value_23": -0.5943515300750724, "selection_23": 0, "shapley_value_24": -3.2277392745018005, "selection_24": 0, "shapley_value_25": -2.302930514017741, "selection_25": 0, "shapley_value_26": 0.07244451840718558, "selection_26": 0, "shapley_value_27": -2.1303334931532536, "selection_27": 0, "shapley_value_28": -0.24371434251467416, "selection_28": 0, "shapley_value_29": -2.812295923630395, "selection_29": 0, "shapley_value_30": -1.0226186116536458, "selection_30": 0, "shapley_value_31": -0.03714994589487741, "selection_31": 0, "shapley_value_32": 0.05504776040712933, "selection_32": 0, "shapley_value_33": 0.0762128233909607, "selection_33": 0, "shapley_value_34": -2.9573419094085693, "selection_34": 0, "shapley_value_35": -4.986523310343426, "selection_35": 0, "shapley_value_36": 3.224687094216817, "selection_36": 1, "shapley_value_37": -0.044318556785583496, "selection_37": 0, "shapley_value_38": -3.4057391285896292, "selection_38": 0, "shapley_value_39": -1.0274420082569127, "selection_39": 0, "shapley_value_40": -0.5133966008822117, "selection_40": 0, "shapley_value_41": -2.1326337655385323, "selection_41": 0, "shapley_value_42": -1.3689539631207772, "selection_42": 0, "shapley_value_43": -0.09643995761871338, "selection_43": 0, "shapley_value_44": 8.721283130877922, "selection_44": 1, "shapley_value_45": -1.8246667981147784, "selection_45": 0, "shapley_value_46": -2.276864896217983, "selection_46": 0, "shapley_value_47": -0.2281877597173052, "selection_47": 0, "shapley_value_48": -2.1737816333770743, "selection_48": 0, "shapley_value_49": -0.9515508810679112, "selection_49": 0, "_timestamp": 1688380973.2960362, "_runtime": 100.58534812927246, "_step": 99, "_wandb": {"runtime": 99}}