{"accuracy": 0.8441532850265503, "val_loss": 0.4694044291973114, "test_loss": 0.47248852252960205, "shapley_value_0": -1.3980368226766586, "selection_0": 0, "shapley_value_1": -1.3725287300167663, "selection_1": 0, "shapley_value_2": -1.3675890349679527, "selection_2": 0, "shapley_value_3": -1.3477357694735888, "selection_3": 0, "shapley_value_4": -1.4152401252226394, "selection_4": 1, "shapley_value_5": -1.4229022932775088, "selection_5": 1, "shapley_value_6": -1.3753732596382948, "selection_6": 0, "shapley_value_7": -1.3692964125763287, "selection_7": 0, "shapley_value_8": -1.3781875146157812, "selection_8": 0, "shapley_value_9": -1.3927140073342759, "selection_9": 0, "shapley_value_10": -1.424015885591507, "selection_10": 0, "shapley_value_11": -1.4296819110711418, "selection_11": 0, "shapley_value_12": -1.3862586012392333, "selection_12": 0, "shapley_value_13": -1.422168856859207, "selection_13": 0, "shapley_value_14": -1.4073634644349418, "selection_14": 0, "shapley_value_15": -1.4197917352120082, "selection_15": 0, "shapley_value_16": -1.4365376542011894, "selection_16": 0, "shapley_value_17": -1.3910510241985319, "selection_17": 0, "shapley_value_18": -1.4732887259236085, "selection_18": 0, "shapley_value_19": -1.390080171101021, "selection_19": 0, "shapley_value_20": -1.3934533874193833, "selection_20": 0, "shapley_value_21": -1.4453282433527486, "selection_21": 0, "shapley_value_22": -1.4315008366549458, "selection_22": 0, "shapley_value_23": -1.381324958620649, "selection_23": 0, "shapley_value_24": -1.4556364693023542, "selection_24": 0, "shapley_value_25": -1.4618900087144642, "selection_25": 0, "shapley_value_26": -1.4688138939716198, "selection_26": 0, "shapley_value_27": -1.3241332884018235, "selection_27": 0, "shapley_value_28": -1.3978845288356148, "selection_28": 0, "shapley_value_29": -1.4734522214642278, "selection_29": 0, "shapley_value_30": -1.542444584270318, "selection_30": 0, "shapley_value_31": -1.4472254680262675, "selection_31": 0, "shapley_value_32": -1.3851611867095484, "selection_32": 0, "shapley_value_33": -1.5030906138320765, "selection_33": 0, "shapley_value_34": -1.45485858519872, "selection_34": 1, "shapley_value_35": -1.5280270464718342, "selection_35": 0, "shapley_value_36": -1.552115348478158, "selection_36": 1, "shapley_value_37": -1.4944770556909066, "selection_37": 0, "shapley_value_38": -1.4906545355916025, "selection_38": 0, "shapley_value_39": -1.3995838354031243, "selection_39": 0, "_timestamp": 1687970826.0766912, "_runtime": 79.4903461933136, "_step": 99, "_wandb": {"runtime": 77}}