{"accuracy": 0.9271999597549438, "val_loss": 0.26930567622184753, "test_loss": 0.24787665903568268, "_timestamp": 1687993524.6882854, "_runtime": 75.05951428413391, "_step": 99, "_wandb": {"runtime": 73}}