{"accuracy": 0.837684690952301, "val_loss": 0.537100076675415, "test_loss": 0.5412365794181824, "_timestamp": 1687975079.0864851, "_runtime": 96.28929924964905, "_step": 99, "_wandb": {"runtime": 94}}