{"accuracy": 0.8344170451164246, "val_loss": 0.5065063238143921, "test_loss": 0.5024316310882568, "_timestamp": 1687986519.651625, "_runtime": 69.78644585609436, "_step": 99, "_wandb": {"runtime": 68}}