{"accuracy": 0.8094095587730408, "val_loss": 0.5551307797431946, "test_loss": 0.5537323951721191, "_timestamp": 1687988346.1764698, "_runtime": 87.5432698726654, "_step": 99, "_wandb": {"runtime": 85}}