{"accuracy": 0.9319999814033508, "val_loss": 0.21225357055664062, "test_loss": 0.23565134406089783, "_timestamp": 1687869770.6467893, "_runtime": 246.01445722579956, "_step": 99, "_wandb": {"runtime": 244}}