{"accuracy": 0.1289999932050705, "val_loss": 2.991199493408203, "test_loss": 3.0242421627044678, "_timestamp": 1688398036.339453, "_runtime": 99.9932279586792, "_step": 99, "_wandb": {"runtime": 98}}