{"accuracy": 0.0965999960899353, "val_loss": 4.375920295715332, "test_loss": 4.458179473876953, "shapley_value_0": 0, "selection_0": 0, "shapley_value_1": 6.27602344652017, "selection_1": 1, "shapley_value_2": 4.007331828276316, "selection_2": 1, "shapley_value_3": 1.8567019239777616, "selection_3": 0, "shapley_value_4": -13.27860470612844, "selection_4": 0, "shapley_value_5": 0.30245071933383066, "selection_5": 0, "shapley_value_6": -2.8595180511474627, "selection_6": 0, "shapley_value_7": -1.7082881927490234, "selection_7": 0, "shapley_value_8": 0, "selection_8": 0, "shapley_value_9": -0.47751937309900877, "selection_9": 0, "shapley_value_10": -0.8329433922966321, "selection_10": 0, "shapley_value_11": 0, "selection_11": 0, "shapley_value_12": 0, "selection_12": 0, "shapley_value_13": -3.3305026690165196, "selection_13": 0, "shapley_value_14": -8.549272378285723, "selection_14": 0, "shapley_value_15": 0, "selection_15": 0, "shapley_value_16": 0, "selection_16": 0, "shapley_value_17": 1.9519693493843078, "selection_17": 0, "shapley_value_18": 3.6388133013689954, "selection_18": 0, "shapley_value_19": 0, "selection_19": 0, "shapley_value_20": 1.204486633340518, "selection_20": 0, "shapley_value_21": -0.8749775091807024, "selection_21": 0, "shapley_value_22": 3.3917988981261398, "selection_22": 1, "shapley_value_23": -9.974790056546528, "selection_23": 0, "shapley_value_24": -5.740614374478657, "selection_24": 0, "shapley_value_25": 0.8754875957965851, "selection_25": 0, "shapley_value_26": 0, "selection_26": 0, "shapley_value_27": 3.064224867395652, "selection_27": 0, "shapley_value_28": 2.9330411302415955, "selection_28": 0, "shapley_value_29": 1.2378046645058534, "selection_29": 0, "shapley_value_30": 0, "selection_30": 0, "shapley_value_31": 3.372292943489857, "selection_31": 1, "shapley_value_32": 2.90782959593667, "selection_32": 0, "shapley_value_33": 0, "selection_33": 0, "shapley_value_34": 1.0882509478500908, "selection_34": 0, "shapley_value_35": -1.7549813191095964, "selection_35": 0, "shapley_value_36": 0, "selection_36": 0, "shapley_value_37": 3.4017704149087264, "selection_37": 0, "shapley_value_38": 2.278393145118441, "selection_38": 0, "shapley_value_39": 3.3609818352593317, "selection_39": 1, "shapley_value_40": 0, "selection_40": 0, "shapley_value_41": 1.9834105253219605, "selection_41": 0, "shapley_value_42": 0, "selection_42": 0, "shapley_value_43": 1.7077291385800228, "selection_43": 0, "shapley_value_44": 2.633387920061748, "selection_44": 0, "shapley_value_45": -4.110762993494669, "selection_45": 0, "shapley_value_46": 1.8997643291950226, "selection_46": 0, "shapley_value_47": 0, "selection_47": 0, "shapley_value_48": -0.5218471810221668, "selection_48": 0, "shapley_value_49": 0, "selection_49": 0, "_timestamp": 1688388078.3756132, "_runtime": 114.30561232566833, "_step": 99, "_wandb": {"runtime": 112}}