{"accuracy": 0.9345999956130981, "val_loss": 0.2293725162744522, "test_loss": 0.21558316051959991, "shapley_value_0": -1.6293258173834708, "selection_0": 0, "shapley_value_1": -1.8942650778171346, "selection_1": 0, "shapley_value_2": -1.9667066903341381, "selection_2": 0, "shapley_value_3": -1.8934931432207425, "selection_3": 0, "shapley_value_4": -1.9193406066014649, "selection_4": 0, "shapley_value_5": -1.9123366135689945, "selection_5": 0, "shapley_value_6": -1.7574879825115204, "selection_6": 1, "shapley_value_7": -1.9877270609140396, "selection_7": 0, "shapley_value_8": -1.8015706588824592, "selection_8": 1, "shapley_value_9": -1.708164419564936, "selection_9": 0, "shapley_value_10": -1.854225497444471, "selection_10": 0, "shapley_value_11": -1.855873939665881, "selection_11": 0, "shapley_value_12": -1.902889933299135, "selection_12": 0, "shapley_value_13": -1.7884613803841851, "selection_13": 0, "shapley_value_14": -1.917367496424251, "selection_14": 0, "shapley_value_15": -1.5905601041184532, "selection_15": 0, "shapley_value_16": -1.723955168492264, "selection_16": 0, "shapley_value_17": -1.9950611449423292, "selection_17": 0, "shapley_value_18": -2.0163927152752876, "selection_18": 0, "shapley_value_19": -1.7706311518947284, "selection_19": 0, "shapley_value_20": -2.0006223320961, "selection_20": 0, "shapley_value_21": -1.7498069976766906, "selection_21": 0, "shapley_value_22": -1.97014730317252, "selection_22": 0, "shapley_value_23": -1.8492201108623436, "selection_23": 0, "shapley_value_24": -1.8003245297641985, "selection_24": 1, "shapley_value_25": -1.8580630708623818, "selection_25": 0, "shapley_value_26": -1.961418465489433, "selection_26": 0, "shapley_value_27": -1.7073223998858815, "selection_27": 1, "shapley_value_28": -1.6827712286677625, "selection_28": 0, "shapley_value_29": -1.8652410964171093, "selection_29": 0, "shapley_value_30": -1.5767663608897815, "selection_30": 0, "shapley_value_31": -1.6989063819249473, "selection_31": 0, "shapley_value_32": -1.8143322095274925, "selection_32": 0, "shapley_value_33": -1.930060594280561, "selection_33": 0, "shapley_value_34": -1.8318124022334814, "selection_34": 0, "shapley_value_35": -1.6982458355751902, "selection_35": 0, "shapley_value_36": -1.8514291428857377, "selection_36": 0, "shapley_value_37": -1.879893116032084, "selection_37": 0, "shapley_value_38": -1.8553887314739683, "selection_38": 0, "shapley_value_39": -1.8294692173600198, "selection_39": 0, "_timestamp": 1688023479.7788656, "_runtime": 86.4089686870575, "_step": 99, "_wandb": {"runtime": 84}}