{"accuracy": 0.4745999872684479, "val_loss": 1.4520715475082397, "test_loss": 1.4714221954345703, "shapley_value_0": -0.5784632205963136, "selection_0": 0, "shapley_value_1": -0.35439042250315345, "selection_1": 0, "shapley_value_2": -0.7505272110303243, "selection_2": 1, "shapley_value_3": -0.7023535569508873, "selection_3": 0, "shapley_value_4": -0.6322293599446613, "selection_4": 0, "shapley_value_5": -0.7467770059903464, "selection_5": 1, "shapley_value_6": -0.5915930708249411, "selection_6": 0, "shapley_value_7": -0.7730909100285284, "selection_7": 0, "shapley_value_8": -0.7003378431002296, "selection_8": 0, "shapley_value_9": -0.6554133693377177, "selection_9": 0, "shapley_value_10": -0.8041483119682028, "selection_10": 0, "shapley_value_11": -0.6639333526293439, "selection_11": 0, "shapley_value_12": -0.6555325309435529, "selection_12": 0, "shapley_value_13": -0.3727256240266741, "selection_13": 1, "shapley_value_14": -0.5843159317970276, "selection_14": 0, "shapley_value_15": -0.82759596241845, "selection_15": 0, "shapley_value_16": -0.5338651855786641, "selection_16": 0, "shapley_value_17": -0.7508851731265032, "selection_17": 0, "shapley_value_18": -0.9501654527805472, "selection_18": 0, "shapley_value_19": -0.5922856926918028, "selection_19": 0, "shapley_value_20": -0.5240055759747825, "selection_20": 0, "shapley_value_21": -0.1657244834032927, "selection_21": 0, "shapley_value_22": -0.5480205933252968, "selection_22": 0, "shapley_value_23": -0.5502963622411091, "selection_23": 0, "shapley_value_24": -0.5465010126431785, "selection_24": 0, "shapley_value_25": -0.6368388017018638, "selection_25": 0, "shapley_value_26": -1.030894473746971, "selection_26": 0, "shapley_value_27": -0.41387983560562136, "selection_27": 0, "shapley_value_28": -0.2662276174082902, "selection_28": 0, "shapley_value_29": -0.7654197216033932, "selection_29": 1, "shapley_value_30": -0.40129330158233634, "selection_30": 0, "shapley_value_31": -1.0677452926282534, "selection_31": 0, "shapley_value_32": 0.08771966232193822, "selection_32": 0, "shapley_value_33": -0.6598292191823325, "selection_33": 0, "shapley_value_34": -0.5397744536399844, "selection_34": 0, "shapley_value_35": -0.5834249536196392, "selection_35": 0, "shapley_value_36": -0.6101078232129412, "selection_36": 0, "shapley_value_37": -0.49114054441452026, "selection_37": 0, "shapley_value_38": -0.30596122235962825, "selection_38": 0, "shapley_value_39": -0.7552861611048381, "selection_39": 0, "_timestamp": 1687960856.6613555, "_runtime": 95.62274241447449, "_step": 99, "_wandb": {"runtime": 94}}