{"accuracy": 0.18140000104904175, "val_loss": 2.5443358421325684, "test_loss": 2.5887856483459473, "_timestamp": 1688401148.834594, "_runtime": 97.68356704711914, "_step": 99, "_wandb": {"runtime": 96}}