{"accuracy": 0.9259999990463257, "val_loss": 0.2796522080898285, "test_loss": 0.2615467309951782, "shapley_value_0": 0.002054576873779297, "selection_0": 0, "shapley_value_1": 0.0015349674224853515, "selection_1": 0, "shapley_value_2": 0.0016845178604125977, "selection_2": 0, "shapley_value_3": 0.001198215484619141, "selection_3": 0, "shapley_value_4": 0.030175895094871525, "selection_4": 0, "shapley_value_5": 0.0011035633087158206, "selection_5": 0, "shapley_value_6": 0.0019045352935791013, "selection_6": 0, "shapley_value_7": 0.0017220640182495116, "selection_7": 0, "shapley_value_8": 0.0007217359542846677, "selection_8": 0, "shapley_value_9": 0.0006652116775512695, "selection_9": 0, "shapley_value_10": 0.0043988037109375, "selection_10": 0, "shapley_value_11": 0.0030986833572387695, "selection_11": 0, "shapley_value_12": 0.003719205856323243, "selection_12": 0, "shapley_value_13": 0.004683432579040527, "selection_13": 0, "shapley_value_14": 0.0018286991119384768, "selection_14": 0, "shapley_value_15": 0.07488326191902157, "selection_15": 0, "shapley_value_16": 0.006299605369567871, "selection_16": 0, "shapley_value_17": 0.0024568939208984364, "selection_17": 0, "shapley_value_18": 0.0038648033142089843, "selection_18": 0, "shapley_value_19": 0.002793364524841308, "selection_19": 0, "shapley_value_20": 0.12519644876321154, "selection_20": 0, "shapley_value_21": 0.008044795989990233, "selection_21": 0, "shapley_value_22": 0.008717908859252926, "selection_22": 0, "shapley_value_23": 0.007908296585083009, "selection_23": 0, "shapley_value_24": 0.0017880153656005858, "selection_24": 0, "shapley_value_25": 0.009255447387695313, "selection_25": 0, "shapley_value_26": 0.005935769081115722, "selection_26": 0, "shapley_value_27": 0.005931119918823242, "selection_27": 0, "shapley_value_28": 0.008856334686279298, "selection_28": 0, "shapley_value_29": 0.007097129821777345, "selection_29": 0, "shapley_value_30": 0.016295638084411625, "selection_30": 0, "shapley_value_31": 0.005983591079711913, "selection_31": 0, "shapley_value_32": 0.01913501739501953, "selection_32": 0, "shapley_value_33": 0.01063681125640869, "selection_33": 0, "shapley_value_34": 0.007524971961975098, "selection_34": 0, "shapley_value_35": 0.008159785270690915, "selection_35": 0, "shapley_value_36": 0.01422488212585449, "selection_36": 0, "shapley_value_37": 0.02245155811309814, "selection_37": 0, "shapley_value_38": 0.018931832313537594, "selection_38": 0, "shapley_value_39": -0.0002736166903847142, "selection_39": 0, "shapley_value_40": 0.09429256439208984, "selection_40": 0, "shapley_value_41": 0.036747484207153326, "selection_41": 0, "shapley_value_42": 0.03688285350799561, "selection_42": 0, "shapley_value_43": 0.023785600662231444, "selection_43": 0, "shapley_value_44": 0.022762084007263185, "selection_44": 0, "shapley_value_45": 0.010171551704406739, "selection_45": 0, "shapley_value_46": 0.027438111305236827, "selection_46": 0, "shapley_value_47": 0.03411241054534912, "selection_47": 0, "shapley_value_48": 0.033110327720642097, "selection_48": 0, "shapley_value_49": 0.024015045166015624, "selection_49": 0, "shapley_value_50": 0.07559149503707886, "selection_50": 0, "shapley_value_51": 0.039318468570709225, "selection_51": 0, "shapley_value_52": 0.029049429893493652, "selection_52": 0, "shapley_value_53": 0.04650078058242796, "selection_53": 0, "shapley_value_54": 0.09267780780792237, "selection_54": 0, "shapley_value_55": 0.08729217529296875, "selection_55": 0, "shapley_value_56": 0.22319098052742725, "selection_56": 1, "shapley_value_57": 0.0239994478225708, "selection_57": 0, "shapley_value_58": 0.039243073463439936, "selection_58": 0, "shapley_value_59": 0.05459686994552612, "selection_59": 0, "shapley_value_60": 0.04621289014816285, "selection_60": 0, "shapley_value_61": -0.00020790727514969674, "selection_61": 0, "shapley_value_62": 0.04760324001312256, "selection_62": 0, "shapley_value_63": 0.05954600095748901, "selection_63": 0, "shapley_value_64": 0.10605193376541137, "selection_64": 0, "shapley_value_65": 0.04938110828399658, "selection_65": 0, "shapley_value_66": 0.10788599967956543, "selection_66": 0, "shapley_value_67": 0.07103809595108032, "selection_67": 0, "shapley_value_68": 0.08646299839019775, "selection_68": 0, "shapley_value_69": 0.06156967639923096, "selection_69": 0, "shapley_value_70": 0.07115647315979005, "selection_70": 0, "shapley_value_71": 0.0857953119277954, "selection_71": 0, "shapley_value_72": 0.21182552292611867, "selection_72": 1, "shapley_value_73": 0.22388656302955418, "selection_73": 1, "shapley_value_74": 0.06952495813369755, "selection_74": 0, "shapley_value_75": 0.11431399524211885, "selection_75": 0, "shapley_value_76": 0.12388074874877926, "selection_76": 0, "shapley_value_77": 0.12734328031539918, "selection_77": 0, "shapley_value_78": 0.034554495811462416, "selection_78": 0, "shapley_value_79": -0.001157898651926141, "selection_79": 0, "shapley_value_80": 0.06650684833526613, "selection_80": 0, "shapley_value_81": 0.12296265518979023, "selection_81": 0, "shapley_value_82": 0.20778491811065683, "selection_82": 1, "shapley_value_83": 0.2096719400295983, "selection_83": 1, "shapley_value_84": 0.11223928928375244, "selection_84": 0, "shapley_value_85": 0.1232434058189392, "selection_85": 0, "shapley_value_86": 0.23942231973674563, "selection_86": 1, "shapley_value_87": 0.09021321058273316, "selection_87": 0, "shapley_value_88": 0.08793158292770385, "selection_88": 0, "shapley_value_89": 0.04469907283782959, "selection_89": 0, "shapley_value_90": 0.21093278928597772, "selection_90": 1, "shapley_value_91": 0.2177705138656828, "selection_91": 1, "shapley_value_92": 0.07960774421691894, "selection_92": 0, "shapley_value_93": 0.11020592459461144, "selection_93": 0, "shapley_value_94": 0.07941361904144287, "selection_94": 0, "shapley_value_95": 0.20785934334505363, "selection_95": 1, "shapley_value_96": 0.10669042110443115, "selection_96": 0, "shapley_value_97": 0.07953073382377623, "selection_97": 0, "shapley_value_98": 0.07182101914757176, "selection_98": 0, "shapley_value_99": 0.22457674465328462, "selection_99": 1, "_timestamp": 1687904082.1376967, "_runtime": 313.15217876434326, "_step": 99, "_wandb": {"runtime": 311}}