{"accuracy": 0.9357999563217163, "val_loss": 0.2294260710477829, "test_loss": 0.21497443318367004, "shapley_value_0": -1.7621305896477262, "selection_0": 0, "shapley_value_1": -1.764599534598264, "selection_1": 0, "shapley_value_2": -1.7740949392318726, "selection_2": 0, "shapley_value_3": -1.7632123525395536, "selection_3": 0, "shapley_value_4": -1.775931404395537, "selection_4": 0, "shapley_value_5": -1.7793947178306, "selection_5": 0, "shapley_value_6": -1.7829160572904528, "selection_6": 0, "shapley_value_7": -1.7722051098491207, "selection_7": 0, "shapley_value_8": -1.794508994980292, "selection_8": 0, "shapley_value_9": -1.7674935654257284, "selection_9": 0, "shapley_value_10": -1.7945132422627823, "selection_10": 0, "shapley_value_11": -1.7870713345932239, "selection_11": 0, "shapley_value_12": -1.8068750938682845, "selection_12": 0, "shapley_value_13": -1.7881269976496696, "selection_13": 0, "shapley_value_14": -1.7956975468180396, "selection_14": 0, "shapley_value_15": -1.8038033305695564, "selection_15": 0, "shapley_value_16": -1.7849160089637293, "selection_16": 0, "shapley_value_17": -1.7930760110418, "selection_17": 0, "shapley_value_18": -1.8019495561718941, "selection_18": 0, "shapley_value_19": -1.785758693109859, "selection_19": 0, "shapley_value_20": -1.8232465604941055, "selection_20": 0, "shapley_value_21": -1.8161344160636266, "selection_21": 0, "shapley_value_22": -1.8120787938435874, "selection_22": 0, "shapley_value_23": -1.8206971844037376, "selection_23": 0, "shapley_value_24": -1.840272769331932, "selection_24": 0, "shapley_value_25": -1.8478536571065587, "selection_25": 1, "shapley_value_26": -1.8446132699648536, "selection_26": 0, "shapley_value_27": -1.8491554180781047, "selection_27": 1, "shapley_value_28": -1.8499309751722548, "selection_28": 0, "shapley_value_29": -1.8531960375882963, "selection_29": 0, "shapley_value_30": -1.858782204212966, "selection_30": 0, "shapley_value_31": -1.8483807974391513, "selection_31": 0, "shapley_value_32": -1.8718525047103567, "selection_32": 0, "shapley_value_33": -1.889880296256807, "selection_33": 1, "shapley_value_34": -1.8725880943238735, "selection_34": 0, "shapley_value_35": -1.8909739531852578, "selection_35": 1, "shapley_value_36": -1.8979084628323715, "selection_36": 0, "shapley_value_37": -1.8938479572534563, "selection_37": 0, "shapley_value_38": -1.8999927118420599, "selection_38": 0, "shapley_value_39": -1.9089872383823, "selection_39": 0, "_timestamp": 1688021530.239728, "_runtime": 90.02262997627258, "_step": 99, "_wandb": {"runtime": 88}}