{"accuracy": 0.8221467137336731, "val_loss": 0.5189034938812256, "test_loss": 0.5189208388328552, "_timestamp": 1687972997.2177758, "_runtime": 79.740553855896, "_step": 99, "_wandb": {"runtime": 78}}