{"accuracy": 0.3747166395187378, "val_loss": 3.0826222896575928, "test_loss": 3.082688808441162, "shapley_value_0": 0.14125999927520755, "selection_0": 0, "shapley_value_1": -0.059107416554501184, "selection_1": 0, "shapley_value_2": 0.007927889823913577, "selection_2": 0, "shapley_value_3": 0.07837041854858398, "selection_3": 0, "shapley_value_4": -0.05525375667371248, "selection_4": 0, "shapley_value_5": 0.02125236511230469, "selection_5": 0, "shapley_value_6": -0.12249045622976203, "selection_6": 1, "shapley_value_7": -0.0035046186202611677, "selection_7": 0, "shapley_value_8": -0.08423900604248047, "selection_8": 0, "shapley_value_9": 0.043995862007141104, "selection_9": 0, "shapley_value_10": -0.0625233901174445, "selection_10": 0, "shapley_value_11": -0.003188481697669396, "selection_11": 0, "shapley_value_12": -0.01398166857267681, "selection_12": 0, "shapley_value_13": 0.06284862518310547, "selection_13": 0, "shapley_value_14": -0.18318907838118703, "selection_14": 1, "shapley_value_15": -0.002672073003408071, "selection_15": 0, "shapley_value_16": -0.027194663097983914, "selection_16": 0, "shapley_value_17": -0.0516678534056011, "selection_17": 0, "shapley_value_18": -0.08678458866320159, "selection_18": 0, "shapley_value_19": -0.08561033951608758, "selection_19": 0, "_timestamp": 1687794381.299205, "_runtime": 838.5230240821838, "_step": 99, "_wandb": {"runtime": 837}}