{"accuracy": 0.0997999981045723, "val_loss": 4.3477559089660645, "test_loss": 4.3966474533081055, "shapley_value_0": 2.0432210018237433, "selection_0": 0, "shapley_value_1": 2.5522423954237072, "selection_1": 1, "shapley_value_2": 2.951006301811763, "selection_2": 0, "shapley_value_3": 1.4445034839488837, "selection_3": 0, "shapley_value_4": 0, "selection_4": 0, "shapley_value_5": -6.251822670300802, "selection_5": 0, "shapley_value_6": 0.2655923962593085, "selection_6": 0, "shapley_value_7": 3.098683820686479, "selection_7": 1, "shapley_value_8": -4.994831800460815, "selection_8": 0, "shapley_value_9": 0, "selection_9": 0, "shapley_value_10": -4.069555560747784, "selection_10": 0, "shapley_value_11": 2.191000332434972, "selection_11": 0, "shapley_value_12": 1.1085647185643512, "selection_12": 1, "shapley_value_13": 0, "selection_13": 0, "shapley_value_14": 0, "selection_14": 0, "shapley_value_15": 0.04345301787058631, "selection_15": 0, "shapley_value_16": 2.9243622948141654, "selection_16": 0, "shapley_value_17": 2.479406320800383, "selection_17": 0, "shapley_value_18": 2.241494247407624, "selection_18": 0, "shapley_value_19": -7.455610831578573, "selection_19": 0, "shapley_value_20": 1.7331653262178102, "selection_20": 0, "shapley_value_21": 2.9393023331960046, "selection_21": 0, "shapley_value_22": 3.934465937856315, "selection_22": 0, "shapley_value_23": -1.0761327743530273, "selection_23": 0, "shapley_value_24": -3.8972375194231663, "selection_24": 0, "shapley_value_25": -6.313833991686504, "selection_25": 0, "shapley_value_26": -11.271246552467346, "selection_26": 0, "shapley_value_27": 3.0568743040484763, "selection_27": 0, "shapley_value_28": 2.305207427058901, "selection_28": 0, "shapley_value_29": -4.663631081581119, "selection_29": 0, "shapley_value_30": 2.5116799871126823, "selection_30": 0, "shapley_value_31": 0, "selection_31": 0, "shapley_value_32": -4.814862449963886, "selection_32": 0, "shapley_value_33": -4.795027852058411, "selection_33": 0, "shapley_value_34": 1.4640544201388506, "selection_34": 0, "shapley_value_35": 1.5117611090342202, "selection_35": 0, "shapley_value_36": 4.489930546945999, "selection_36": 1, "shapley_value_37": 2.182818602292966, "selection_37": 0, "shapley_value_38": 1.8254180279645054, "selection_38": 0, "shapley_value_39": 0, "selection_39": 0, "shapley_value_40": 0, "selection_40": 0, "shapley_value_41": 1.8249002695083618, "selection_41": 0, "shapley_value_42": 0, "selection_42": 0, "shapley_value_43": 3.0413768214709833, "selection_43": 0, "shapley_value_44": -1.2555356423060111, "selection_44": 0, "shapley_value_45": -4.496321956316631, "selection_45": 0, "shapley_value_46": 5.968965232372284, "selection_46": 1, "shapley_value_47": -0.057563702265422734, "selection_47": 0, "shapley_value_48": 0.7007757198242918, "selection_48": 0, "shapley_value_49": 2.234130951620284, "selection_49": 0, "_timestamp": 1688387498.6602614, "_runtime": 112.46825647354126, "_step": 99, "_wandb": {"runtime": 110}}