{"accuracy": 0.4599999785423279, "val_loss": 1.4942076206207275, "test_loss": 1.509189248085022, "_timestamp": 1687966738.756827, "_runtime": 128.92102313041687, "_step": 99, "_wandb": {"runtime": 127}}