{"loss": 0.2049877941608429, "accuracy": 0.9404000043869019, "average_active_clients": 2.0, "_timestamp": 1687180467.8101737, "_runtime": 130.21010875701904, "_step": 99, "_wandb": {"runtime": 129}}