{"loss": 0.605023205280304, "accuracy": 0.8263999819755554, "average_active_clients": 2.0, "_timestamp": 1687168895.0746896, "_runtime": 45.47671866416931, "_step": 99, "_wandb": {"runtime": 44}}