{"accuracy": 0.09719999879598618, "val_loss": 6.212220668792725, "test_loss": 6.243736267089844, "shapley_value_0": 1.3926669702385412, "selection_0": 0, "shapley_value_1": 2.0671869570558723, "selection_1": 0, "shapley_value_2": 0.6480743505738005, "selection_2": 0, "shapley_value_3": 0.9512393653392792, "selection_3": 0, "shapley_value_4": -2.1219086130460107, "selection_4": 0, "shapley_value_5": 2.523258571113859, "selection_5": 0, "shapley_value_6": 0.9443962549169856, "selection_6": 0, "shapley_value_7": 2.219586392243704, "selection_7": 0, "shapley_value_8": 1.3942224545912312, "selection_8": 0, "shapley_value_9": -1.6234455274211037, "selection_9": 0, "shapley_value_10": -0.006007966541108483, "selection_10": 1, "shapley_value_11": -0.7186949584219184, "selection_11": 0, "shapley_value_12": -1.9625000953674316, "selection_12": 0, "shapley_value_13": -1.9720753663116033, "selection_13": 1, "shapley_value_14": -1.7048175215721137, "selection_14": 0, "shapley_value_15": -0.2900251580609214, "selection_15": 0, "shapley_value_16": 4.729455635547638, "selection_16": 1, "shapley_value_17": 0.592213352521261, "selection_17": 0, "shapley_value_18": 5.316381616335289, "selection_18": 1, "shapley_value_19": -4.756720165411631, "selection_19": 0, "shapley_value_20": 0.05867781241734842, "selection_20": 0, "shapley_value_21": 0.6045934624142113, "selection_21": 0, "shapley_value_22": 0.39621027972963063, "selection_22": 0, "shapley_value_23": -3.2469268560409548, "selection_23": 0, "shapley_value_24": -5.033750090334151, "selection_24": 0, "shapley_value_25": -3.701057374477387, "selection_25": 0, "shapley_value_26": -4.066132121615939, "selection_26": 0, "shapley_value_27": 2.057778188676545, "selection_27": 0, "shapley_value_28": -0.20714232467469776, "selection_28": 0, "shapley_value_29": -2.4084399044513694, "selection_29": 0, "shapley_value_30": 1.8502787901804998, "selection_30": 0, "shapley_value_31": 0.6829865723848344, "selection_31": 0, "shapley_value_32": 1.7361880685343878, "selection_32": 0, "shapley_value_33": 0.8739107251167294, "selection_33": 0, "shapley_value_34": -1.2445217205418482, "selection_34": 0, "shapley_value_35": -1.8644654790560409, "selection_35": 0, "shapley_value_36": 4.640296197806796, "selection_36": 0, "shapley_value_37": -0.7894939556717873, "selection_37": 0, "shapley_value_38": -0.5013426882880074, "selection_38": 0, "shapley_value_39": 5.47876227836983, "selection_39": 1, "shapley_value_40": -3.26381965080897, "selection_40": 0, "shapley_value_41": -1.153441455629137, "selection_41": 0, "shapley_value_42": 1.5750313925020627, "selection_42": 0, "shapley_value_43": 0.7852002117368914, "selection_43": 0, "shapley_value_44": 3.968964054100754, "selection_44": 0, "shapley_value_45": -3.3910746673742933, "selection_45": 0, "shapley_value_46": 1.5752356926600142, "selection_46": 0, "shapley_value_47": 1.2161778299896804, "selection_47": 0, "shapley_value_48": -1.0596647626823854, "selection_48": 0, "shapley_value_49": 1.6985217392444611, "selection_49": 0, "_timestamp": 1688383191.579645, "_runtime": 101.56690001487732, "_step": 99, "_wandb": {"runtime": 100}}