{"accuracy": 0.837684690952301, "val_loss": 0.537100076675415, "test_loss": 0.5412365794181824, "_timestamp": 1687975278.7055855, "_runtime": 92.59226942062378, "_step": 99, "_wandb": {"runtime": 91}}