{"accuracy": 0.9353999495506287, "val_loss": 0.2345629334449768, "test_loss": 0.2177833765745163, "shapley_value_0": -1.771369606256485, "selection_0": 0, "shapley_value_1": -1.7964844052113738, "selection_1": 0, "shapley_value_2": -1.8426547689097266, "selection_2": 0, "shapley_value_3": -1.9002445830653114, "selection_3": 0, "shapley_value_4": -1.8631198352728136, "selection_4": 0, "shapley_value_5": -1.8319339889746447, "selection_5": 0, "shapley_value_6": -1.96153954466184, "selection_6": 0, "shapley_value_7": -1.9425275226434073, "selection_7": 0, "shapley_value_8": -1.7984629300507633, "selection_8": 0, "shapley_value_9": -1.7681439022223155, "selection_9": 0, "shapley_value_10": -1.8564693902929628, "selection_10": 1, "shapley_value_11": -1.9486981061873614, "selection_11": 0, "shapley_value_12": -1.6563399777267918, "selection_12": 0, "shapley_value_13": -1.961160082902227, "selection_13": 0, "shapley_value_14": -1.9091325131831343, "selection_14": 0, "shapley_value_15": -1.8243200758265126, "selection_15": 0, "shapley_value_16": -1.657387132445971, "selection_16": 0, "shapley_value_17": -1.6147199153315785, "selection_17": 0, "shapley_value_18": -1.926071763038635, "selection_18": 0, "shapley_value_19": -1.8655082227455246, "selection_19": 0, "shapley_value_20": -1.7083140234980314, "selection_20": 0, "shapley_value_21": -1.6391891042391464, "selection_21": 0, "shapley_value_22": -2.0143282755657475, "selection_22": 0, "shapley_value_23": -1.8576050968397233, "selection_23": 0, "shapley_value_24": -1.8566065312196045, "selection_24": 0, "shapley_value_25": -1.8221193138096066, "selection_25": 0, "shapley_value_26": -1.982979643676016, "selection_26": 0, "shapley_value_27": -1.9427393409940932, "selection_27": 1, "shapley_value_28": -1.9062845425473318, "selection_28": 0, "shapley_value_29": -1.7829112314308686, "selection_29": 1, "shapley_value_30": -1.9013493999286935, "selection_30": 0, "shapley_value_31": -1.676468895541297, "selection_31": 0, "shapley_value_32": -1.7619610962768397, "selection_32": 0, "shapley_value_33": -1.6862786104281742, "selection_33": 0, "shapley_value_34": -1.9659110382199292, "selection_34": 0, "shapley_value_35": -1.9823969329396884, "selection_35": 0, "shapley_value_36": -1.8310074938668144, "selection_36": 0, "shapley_value_37": -1.6398745596408841, "selection_37": 1, "shapley_value_38": -1.7660610303282738, "selection_38": 0, "shapley_value_39": -1.737175044559297, "selection_39": 0, "_timestamp": 1688023387.2770865, "_runtime": 84.75698757171631, "_step": 99, "_wandb": {"runtime": 83}}