{"accuracy": 0.8442866802215576, "val_loss": 0.511037290096283, "test_loss": 0.5114486217498779, "_timestamp": 1687974123.673179, "_runtime": 75.00641989707947, "_step": 99, "_wandb": {"runtime": 73}}