{"accuracy": 0.5033999681472778, "val_loss": 1.3596388101577759, "test_loss": 1.3800461292266846, "shapley_value_0": -0.640789979034, "selection_0": 0, "shapley_value_1": -0.7206979701013274, "selection_1": 0, "shapley_value_2": -0.702603594462077, "selection_2": 1, "shapley_value_3": -0.7366700111291349, "selection_3": 0, "shapley_value_4": -0.7893532003675189, "selection_4": 0, "shapley_value_5": -0.778758134160723, "selection_5": 0, "shapley_value_6": -0.7721069653828939, "selection_6": 0, "shapley_value_7": -0.8100120657020144, "selection_7": 0, "shapley_value_8": -0.642958370844523, "selection_8": 0, "shapley_value_9": -0.6903358035617404, "selection_9": 1, "shapley_value_10": -0.6192962567011515, "selection_10": 0, "shapley_value_11": -0.7882952659558027, "selection_11": 0, "shapley_value_12": -0.7094128628571829, "selection_12": 0, "shapley_value_13": -0.707782720074509, "selection_13": 0, "shapley_value_14": -0.7846000591913859, "selection_14": 0, "shapley_value_15": -0.7446558292095478, "selection_15": 1, "shapley_value_16": -0.7382578179240228, "selection_16": 0, "shapley_value_17": -0.8662638713916142, "selection_17": 0, "shapley_value_18": -0.80077929298083, "selection_18": 0, "shapley_value_19": -0.769099897808499, "selection_19": 0, "shapley_value_20": -0.7665980815887452, "selection_20": 0, "shapley_value_21": -0.6687042474746703, "selection_21": 0, "shapley_value_22": -0.7843857755263646, "selection_22": 0, "shapley_value_23": -0.6812779285289623, "selection_23": 0, "shapley_value_24": -0.7053796572562974, "selection_24": 0, "shapley_value_25": -0.7378992925990712, "selection_25": 1, "shapley_value_26": -0.7867103252145978, "selection_26": 0, "shapley_value_27": -0.671183893174836, "selection_27": 0, "shapley_value_28": -0.6487679560979206, "selection_28": 0, "shapley_value_29": -0.6838262160619103, "selection_29": 0, "shapley_value_30": -0.7630394299825031, "selection_30": 0, "shapley_value_31": -0.6594973405202231, "selection_31": 0, "shapley_value_32": -0.8611722434008562, "selection_32": 0, "shapley_value_33": -0.6498634906915518, "selection_33": 0, "shapley_value_34": -0.6745622489187447, "selection_34": 0, "shapley_value_35": -0.7721957912047703, "selection_35": 0, "shapley_value_36": -0.8155643181367352, "selection_36": 0, "shapley_value_37": -0.6301550732718575, "selection_37": 0, "shapley_value_38": -0.6840164043285228, "selection_38": 0, "shapley_value_39": -0.753651322740497, "selection_39": 0, "_timestamp": 1688030685.2131212, "_runtime": 101.26250910758972, "_step": 99, "_wandb": {"runtime": 99}}