{"accuracy": 0.09719999879598618, "val_loss": 12.954001426696777, "test_loss": 13.097617149353027, "shapley_value_0": -0.18520979086558054, "selection_0": 0, "shapley_value_1": 10.225068937374068, "selection_1": 1, "shapley_value_2": 0.26280746857325177, "selection_2": 0, "shapley_value_3": -0.12914105256398578, "selection_3": 0, "shapley_value_4": -2.384825090567272, "selection_4": 0, "shapley_value_5": 1.7044811993837352, "selection_5": 0, "shapley_value_6": -4.000015060106913, "selection_6": 0, "shapley_value_7": -0.8805113871892285, "selection_7": 0, "shapley_value_8": 0.8185311158498116, "selection_8": 0, "shapley_value_9": 0.854640702406563, "selection_9": 0, "shapley_value_10": -2.3079335292180394, "selection_10": 0, "shapley_value_11": -4.56834019554986, "selection_11": 0, "shapley_value_12": -6.8196126123269405, "selection_12": 0, "shapley_value_13": -5.847295979658762, "selection_13": 0, "shapley_value_14": -2.234584232171378, "selection_14": 0, "shapley_value_15": 0.22604823112487793, "selection_15": 0, "shapley_value_16": 9.589069854454149, "selection_16": 1, "shapley_value_17": -0.2851919134457921, "selection_17": 0, "shapley_value_18": 9.84122537628988, "selection_18": 1, "shapley_value_19": -2.813398440678915, "selection_19": 0, "shapley_value_20": -2.5982034934891582, "selection_20": 0, "shapley_value_21": 0.01647941271464015, "selection_21": 0, "shapley_value_22": -1.9761440455913553, "selection_22": 0, "shapley_value_23": -0.8546131650606781, "selection_23": 0, "shapley_value_24": -3.0345227122306824, "selection_24": 0, "shapley_value_25": -1.7501828471819572, "selection_25": 0, "shapley_value_26": 0.10261899232864424, "selection_26": 0, "shapley_value_27": 5.203980953085655, "selection_27": 1, "shapley_value_28": -1.2485157549381254, "selection_28": 0, "shapley_value_29": -6.769835402568182, "selection_29": 0, "shapley_value_30": 0.24986951549847913, "selection_30": 0, "shapley_value_31": 0.08743331829706946, "selection_31": 0, "shapley_value_32": -0.369937698046368, "selection_32": 0, "shapley_value_33": 0.1389193137486764, "selection_33": 0, "shapley_value_34": 0.6938802798589085, "selection_34": 0, "shapley_value_35": -5.362493197123211, "selection_35": 0, "shapley_value_36": 2.45867887934049, "selection_36": 0, "shapley_value_37": 0.15888760487238685, "selection_37": 0, "shapley_value_38": -3.8958522544966794, "selection_38": 0, "shapley_value_39": 10.257906666596725, "selection_39": 1, "shapley_value_40": -0.6084183255831399, "selection_40": 0, "shapley_value_41": -1.7715783317883815, "selection_41": 0, "shapley_value_42": 0.022493064403533936, "selection_42": 0, "shapley_value_43": -0.24637057383855065, "selection_43": 0, "shapley_value_44": 2.1808976978063592, "selection_44": 0, "shapley_value_45": -2.4155690471331273, "selection_45": 0, "shapley_value_46": -7.700881868600844, "selection_46": 0, "shapley_value_47": -0.7104289333025602, "selection_47": 0, "shapley_value_48": -1.37324603398641, "selection_48": 0, "shapley_value_49": -2.1007704933484406, "selection_49": 0, "_timestamp": 1688381967.8528707, "_runtime": 116.28950476646423, "_step": 99, "_wandb": {"runtime": 114}}