{"accuracy": 0.9174000024795532, "val_loss": 0.2993675470352173, "test_loss": 0.28272032737731934, "_timestamp": 1688026883.140126, "_runtime": 145.57807993888855, "_step": 99, "_wandb": {"runtime": 144}}