{"accuracy": 0.9381999969482422, "val_loss": 0.23364311456680298, "test_loss": 0.21303796768188477, "shapley_value_0": 0.14868410819106634, "selection_0": 0, "shapley_value_1": 0.19835030311346055, "selection_1": 0, "shapley_value_2": 0.15302713602781293, "selection_2": 0, "shapley_value_3": 0.2153928668633032, "selection_3": 1, "shapley_value_4": 0.23386868953704837, "selection_4": 0, "shapley_value_5": 0.17637582268979812, "selection_5": 0, "shapley_value_6": 0.19376303273439408, "selection_6": 0, "shapley_value_7": 0.171784364912245, "selection_7": 0, "shapley_value_8": 0.219395637485114, "selection_8": 1, "shapley_value_9": 0.1605791340899049, "selection_9": 0, "shapley_value_10": 0.15741336478127377, "selection_10": 0, "shapley_value_11": 0.17869969301753574, "selection_11": 0, "shapley_value_12": 0.19890306931734086, "selection_12": 0, "shapley_value_13": 0.21297176447781652, "selection_13": 1, "shapley_value_14": 0.2034767709672451, "selection_14": 0, "shapley_value_15": 0.2304665070772171, "selection_15": 1, "shapley_value_16": 0.16884890678856107, "selection_16": 0, "shapley_value_17": 0.20592579343914985, "selection_17": 0, "shapley_value_18": 0.15618220799499086, "selection_18": 0, "shapley_value_19": 0.1622780660788218, "selection_19": 0, "shapley_value_20": 0.20771251571178437, "selection_20": 0, "shapley_value_21": 0.18429962375760078, "selection_21": 1, "shapley_value_22": 0.147214358581437, "selection_22": 0, "shapley_value_23": 0.26884983825186887, "selection_23": 0, "shapley_value_24": 0.17579892860518564, "selection_24": 0, "shapley_value_25": 0.17200013915697732, "selection_25": 0, "shapley_value_26": 0.2137037495955041, "selection_26": 0, "shapley_value_27": 0.2086626774072647, "selection_27": 0, "shapley_value_28": 0.1997630968093872, "selection_28": 0, "shapley_value_29": 0.18201511809229848, "selection_29": 1, "shapley_value_30": 0.18179613122344015, "selection_30": 0, "shapley_value_31": 0.17401071866353354, "selection_31": 0, "shapley_value_32": 0.234728667194193, "selection_32": 0, "shapley_value_33": 0.2090467298030853, "selection_33": 0, "shapley_value_34": 0.22556582263924857, "selection_34": 0, "shapley_value_35": 0.19523854619264602, "selection_35": 0, "shapley_value_36": 0.15710660414563288, "selection_36": 0, "shapley_value_37": 0.14896081238985062, "selection_37": 0, "shapley_value_38": 0.20472596278786653, "selection_38": 0, "shapley_value_39": 0.17594357446463482, "selection_39": 1, "shapley_value_40": 0.19499736142158505, "selection_40": 0, "shapley_value_41": 0.23002373083071276, "selection_41": 0, "shapley_value_42": 0.20240682485699657, "selection_42": 0, "shapley_value_43": 0.20715218532085417, "selection_43": 0, "shapley_value_44": 0.17715656545427114, "selection_44": 0, "shapley_value_45": 0.2338439823280681, "selection_45": 0, "shapley_value_46": 0.19586332625150682, "selection_46": 0, "shapley_value_47": 0.17774435275130798, "selection_47": 0, "shapley_value_48": 0.21726259998299857, "selection_48": 0, "shapley_value_49": 0.16528659784480143, "selection_49": 0, "shapley_value_50": 0.21253442111925072, "selection_50": 0, "shapley_value_51": 0.2259954404289072, "selection_51": 0, "shapley_value_52": 0.17262202478117414, "selection_52": 0, "shapley_value_53": 0.19786242315173147, "selection_53": 0, "shapley_value_54": 0.19038446170091633, "selection_54": 0, "shapley_value_55": 0.1965792027413845, "selection_55": 0, "shapley_value_56": 0.17097556309567555, "selection_56": 0, "shapley_value_57": 0.2147011488974094, "selection_57": 0, "shapley_value_58": 0.22729494392871857, "selection_58": 1, "shapley_value_59": 0.18578250783681874, "selection_59": 0, "shapley_value_60": 0.21348658350110056, "selection_60": 0, "shapley_value_61": 0.17753958072927264, "selection_61": 0, "shapley_value_62": 0.21138912382721903, "selection_62": 0, "shapley_value_63": 0.23863829106092457, "selection_63": 0, "shapley_value_64": 0.17006909392381978, "selection_64": 1, "shapley_value_65": 0.2143411935567856, "selection_65": 0, "shapley_value_66": 0.19912856248021124, "selection_66": 0, "shapley_value_67": 0.20843228294661173, "selection_67": 0, "shapley_value_68": 0.21057797077298163, "selection_68": 0, "shapley_value_69": 0.16464594516489242, "selection_69": 0, "shapley_value_70": 0.16840307301596594, "selection_70": 0, "shapley_value_71": 0.17194559239678908, "selection_71": 0, "shapley_value_72": 0.21668760223822162, "selection_72": 0, "shapley_value_73": 0.19928936982154846, "selection_73": 0, "shapley_value_74": 0.28583290524207633, "selection_74": 1, "shapley_value_75": 0.23866792521693492, "selection_75": 0, "shapley_value_76": 0.2415950669754635, "selection_76": 0, "shapley_value_77": 0.18051396933197977, "selection_77": 0, "shapley_value_78": 0.17144461906618544, "selection_78": 0, "shapley_value_79": 0.20142698967456818, "selection_79": 0, "shapley_value_80": 0.17762937974929807, "selection_80": 0, "shapley_value_81": 0.1828394978893431, "selection_81": 0, "shapley_value_82": 0.23168036688457835, "selection_82": 0, "shapley_value_83": 0.19446850649668618, "selection_83": 0, "shapley_value_84": 0.21512855210900309, "selection_84": 0, "shapley_value_85": 0.17100735210710105, "selection_85": 0, "shapley_value_86": 0.2217921910502694, "selection_86": 0, "shapley_value_87": 0.2136619608781554, "selection_87": 0, "shapley_value_88": 0.2413692749630321, "selection_88": 0, "shapley_value_89": 0.21891732438044115, "selection_89": 0, "shapley_value_90": 0.19062469033034218, "selection_90": 0, "shapley_value_91": 0.17490462260113823, "selection_91": 0, "shapley_value_92": 0.23507898704572153, "selection_92": 0, "shapley_value_93": 0.154948040942351, "selection_93": 0, "shapley_value_94": 0.17553009930253033, "selection_94": 0, "shapley_value_95": 0.2282753176851706, "selection_95": 0, "shapley_value_96": 0.21761348439888525, "selection_96": 0, "shapley_value_97": 0.18598620653152467, "selection_97": 0, "shapley_value_98": 0.20158962023258206, "selection_98": 0, "shapley_value_99": 0.18975627040863038, "selection_99": 0, "_timestamp": 1687916282.3036437, "_runtime": 309.0833077430725, "_step": 99, "_wandb": {"runtime": 307}}