{"accuracy": 0.9365999698638916, "val_loss": 0.23072272539138794, "test_loss": 0.21281635761260986, "_timestamp": 1688024320.8131788, "_runtime": 85.55692672729492, "_step": 99, "_wandb": {"runtime": 83}}