{"accuracy": 0.9332000017166138, "val_loss": 0.25196462869644165, "test_loss": 0.23767335712909698, "_timestamp": 1687994062.2952375, "_runtime": 78.6486234664917, "_step": 99, "_wandb": {"runtime": 77}}