{"accuracy": 0.5015999674797058, "val_loss": 1.3740047216415405, "test_loss": 1.384581446647644, "_timestamp": 1688035028.9533951, "_runtime": 149.69717502593994, "_step": 99, "_wandb": {"runtime": 148}}