{"accuracy": 0.44179999828338623, "val_loss": 1.534939169883728, "test_loss": 1.5476990938186646, "_timestamp": 1687967278.9374034, "_runtime": 130.5743465423584, "_step": 99, "_wandb": {"runtime": 129}}