{"accuracy": 0.9371999502182007, "val_loss": 0.2349472939968109, "test_loss": 0.2208033949136734, "shapley_value_0": 0.2216248166263104, "selection_0": 0, "shapley_value_1": 0.1812535419762135, "selection_1": 0, "shapley_value_2": 0.2334225643277168, "selection_2": 0, "shapley_value_3": 0.20382577684521674, "selection_3": 0, "shapley_value_4": 0.1772759928399829, "selection_4": 0, "shapley_value_5": 0.20418650224804877, "selection_5": 0, "shapley_value_6": 0.16961215918471942, "selection_6": 1, "shapley_value_7": 0.212268171697855, "selection_7": 0, "shapley_value_8": 0.18266439548134805, "selection_8": 0, "shapley_value_9": 0.19459374376347188, "selection_9": 0, "shapley_value_10": 0.18170329666137694, "selection_10": 0, "shapley_value_11": 0.21994193503260612, "selection_11": 0, "shapley_value_12": 0.1877996895909309, "selection_12": 0, "shapley_value_13": 0.20428167662024502, "selection_13": 0, "shapley_value_14": 0.2549221171438694, "selection_14": 0, "shapley_value_15": 0.21200678014755248, "selection_15": 0, "shapley_value_16": 0.19823404720425605, "selection_16": 0, "shapley_value_17": 0.22655137002468106, "selection_17": 0, "shapley_value_18": 0.22575504139065744, "selection_18": 0, "shapley_value_19": 0.22964241242408753, "selection_19": 0, "shapley_value_20": 0.23215939411520958, "selection_20": 0, "shapley_value_21": 0.18195583301782609, "selection_21": 0, "shapley_value_22": 0.17758264407515525, "selection_22": 0, "shapley_value_23": 0.1892614448070526, "selection_23": 0, "shapley_value_24": 0.2550942736566067, "selection_24": 0, "shapley_value_25": 0.18021866984900675, "selection_25": 0, "shapley_value_26": 0.23176464125514026, "selection_26": 0, "shapley_value_27": 0.22088093790411953, "selection_27": 0, "shapley_value_28": 0.2066644300379251, "selection_28": 0, "shapley_value_29": 0.14630598977835554, "selection_29": 1, "shapley_value_30": 0.20771321207284926, "selection_30": 0, "shapley_value_31": 0.15157760262489323, "selection_31": 1, "shapley_value_32": 0.1805617249310017, "selection_32": 0, "shapley_value_33": 0.2315261918494576, "selection_33": 0, "shapley_value_34": 0.22518329449703817, "selection_34": 0, "shapley_value_35": 0.1663605580031872, "selection_35": 1, "shapley_value_36": 0.17294508406363038, "selection_36": 0, "shapley_value_37": 0.2052171591818333, "selection_37": 0, "shapley_value_38": 0.2036949929594994, "selection_38": 0, "shapley_value_39": 0.24646416175679153, "selection_39": 0, "shapley_value_40": 0.2080609485507011, "selection_40": 0, "shapley_value_41": 0.199419745065664, "selection_41": 0, "shapley_value_42": 0.19135643389977908, "selection_42": 0, "shapley_value_43": 0.2001209293305874, "selection_43": 0, "shapley_value_44": 0.2171059635281563, "selection_44": 0, "shapley_value_45": 0.23870878201723097, "selection_45": 0, "shapley_value_46": 0.19681132966279985, "selection_46": 0, "shapley_value_47": 0.1896447588503361, "selection_47": 0, "shapley_value_48": 0.23669705304503444, "selection_48": 0, "shapley_value_49": 0.20474923145771032, "selection_49": 0, "shapley_value_50": 0.2172406383454799, "selection_50": 0, "shapley_value_51": 0.15509093022346498, "selection_51": 1, "shapley_value_52": 0.22330044195055962, "selection_52": 0, "shapley_value_53": 0.17993312412500384, "selection_53": 0, "shapley_value_54": 0.21986962729692458, "selection_54": 0, "shapley_value_55": 0.1979698381957255, "selection_55": 0, "shapley_value_56": 0.21383802261948587, "selection_56": 0, "shapley_value_57": 0.28776250380277635, "selection_57": 0, "shapley_value_58": 0.1856511094178024, "selection_58": 1, "shapley_value_59": 0.21486903524398807, "selection_59": 0, "shapley_value_60": 0.20900795531272887, "selection_60": 0, "shapley_value_61": 0.24456063145399093, "selection_61": 0, "shapley_value_62": 0.1881782884001732, "selection_62": 0, "shapley_value_63": 0.1869103800356388, "selection_63": 0, "shapley_value_64": 0.22924244445562358, "selection_64": 0, "shapley_value_65": 0.1951444458145844, "selection_65": 0, "shapley_value_66": 0.15016047082762968, "selection_66": 1, "shapley_value_67": 0.25702392223477366, "selection_67": 0, "shapley_value_68": 0.21362063384056093, "selection_68": 0, "shapley_value_69": 0.20468344777822495, "selection_69": 0, "shapley_value_70": 0.21807155153155328, "selection_70": 0, "shapley_value_71": 0.21969926869869233, "selection_71": 0, "shapley_value_72": 0.19682033789157866, "selection_72": 0, "shapley_value_73": 0.22065351217985155, "selection_73": 0, "shapley_value_74": 0.21587657871842386, "selection_74": 0, "shapley_value_75": 0.21274965769052506, "selection_75": 0, "shapley_value_76": 0.20905202382802962, "selection_76": 0, "shapley_value_77": 0.18038519054651256, "selection_77": 0, "shapley_value_78": 0.22672132521867755, "selection_78": 0, "shapley_value_79": 0.18485424137115475, "selection_79": 0, "shapley_value_80": 0.2281628267765045, "selection_80": 0, "shapley_value_81": 0.25335340869426726, "selection_81": 0, "shapley_value_82": 0.2305257170498371, "selection_82": 0, "shapley_value_83": 0.1835806690752506, "selection_83": 1, "shapley_value_84": 0.18231445345282554, "selection_84": 1, "shapley_value_85": 0.1858758310377598, "selection_85": 0, "shapley_value_86": 0.1905041182041168, "selection_86": 1, "shapley_value_87": 0.18894077427293127, "selection_87": 0, "shapley_value_88": 0.23335007455945017, "selection_88": 0, "shapley_value_89": 0.2070623652040958, "selection_89": 0, "shapley_value_90": 0.19943655577301977, "selection_90": 0, "shapley_value_91": 0.2099726150035858, "selection_91": 0, "shapley_value_92": 0.1862766264975071, "selection_92": 0, "shapley_value_93": 0.21042992052435877, "selection_93": 0, "shapley_value_94": 0.20213052126765252, "selection_94": 0, "shapley_value_95": 0.24058646929264077, "selection_95": 0, "shapley_value_96": 0.22038283431529998, "selection_96": 0, "shapley_value_97": 0.22343588379025459, "selection_97": 0, "shapley_value_98": 0.21954363244771957, "selection_98": 0, "shapley_value_99": 0.17441801029443743, "selection_99": 0, "_timestamp": 1687958652.7909942, "_runtime": 314.7070732116699, "_step": 99, "_wandb": {"runtime": 313}}