{"loss": 0.24067936837673187, "accuracy": 0.9297999739646912, "average_active_clients": 10.0, "_timestamp": 1687251064.4333136, "_runtime": 339.3820905685425, "_step": 99, "_wandb": {"runtime": 335}}