{"accuracy": 0.930400013923645, "val_loss": 0.21173837780952454, "test_loss": 0.23675766587257385, "_timestamp": 1687870037.7806349, "_runtime": 260.0058469772339, "_step": 99, "_wandb": {"runtime": 258}}