{"accuracy": 0.19039998948574066, "val_loss": 2.4475479125976562, "test_loss": 2.496105432510376, "_timestamp": 1688402167.413318, "_runtime": 99.94517087936401, "_step": 99, "_wandb": {"runtime": 98}}