{"accuracy": 0.9318000078201294, "val_loss": 0.20988024771213531, "test_loss": 0.24068203568458557, "shapley_value_0": -1.7897386022589423, "selection_0": 0, "shapley_value_1": -1.7791417751348377, "selection_1": 0, "shapley_value_2": -1.781253433137229, "selection_2": 0, "shapley_value_3": -1.7810211059722034, "selection_3": 0, "shapley_value_4": -1.7990938009637774, "selection_4": 0, "shapley_value_5": -1.8019332402583323, "selection_5": 0, "shapley_value_6": -1.791573491511923, "selection_6": 0, "shapley_value_7": -1.7966530810702928, "selection_7": 0, "shapley_value_8": -1.8014747717163784, "selection_8": 0, "shapley_value_9": -1.7974138032231066, "selection_9": 0, "shapley_value_10": -1.8100378757173365, "selection_10": 0, "shapley_value_11": -1.8148461268706755, "selection_11": 0, "shapley_value_12": -1.831583458365816, "selection_12": 0, "shapley_value_13": -1.8212166139573767, "selection_13": 0, "shapley_value_14": -1.8271913663907484, "selection_14": 0, "shapley_value_15": -1.8246912364706844, "selection_15": 0, "shapley_value_16": -1.814568125388839, "selection_16": 0, "shapley_value_17": -1.8181818763415016, "selection_17": 0, "shapley_value_18": -1.8103830849130946, "selection_18": 0, "shapley_value_19": -1.8061860343723588, "selection_19": 0, "shapley_value_20": -1.8438747902711234, "selection_20": 0, "shapley_value_21": -1.837229774395625, "selection_21": 0, "shapley_value_22": -1.8445459465185798, "selection_22": 0, "shapley_value_23": -1.8333691606918971, "selection_23": 0, "shapley_value_24": -1.867746131618818, "selection_24": 1, "shapley_value_25": -1.8671671852469445, "selection_25": 1, "shapley_value_26": -1.8670446659127873, "selection_26": 1, "shapley_value_27": -1.867737556497256, "selection_27": 1, "shapley_value_28": -1.8745277518475494, "selection_28": 0, "shapley_value_29": -1.8830024991874343, "selection_29": 0, "shapley_value_30": -1.8824793459088711, "selection_30": 0, "shapley_value_31": -1.8745151311159134, "selection_31": 0, "shapley_value_32": -1.9057210915618477, "selection_32": 0, "shapley_value_33": -1.8946927965929108, "selection_33": 0, "shapley_value_34": -1.892527486508091, "selection_34": 0, "shapley_value_35": -1.8869848518321912, "selection_35": 0, "shapley_value_36": -1.9227173421531918, "selection_36": 0, "shapley_value_37": -1.927047695343693, "selection_37": 0, "shapley_value_38": -1.9181042394290369, "selection_38": 0, "shapley_value_39": -1.928851214547952, "selection_39": 0, "_timestamp": 1688021174.2338474, "_runtime": 182.6890163421631, "_step": 99, "_wandb": {"runtime": 176}}