{"accuracy": 0.10439999401569366, "val_loss": 2.320574998855591, "test_loss": 2.3150103092193604, "_timestamp": 1688410815.739629, "_runtime": 144.9886131286621, "_step": 99, "_wandb": {"runtime": 143}}