{"accuracy": 0.09779999405145645, "val_loss": 4.00176477432251, "test_loss": 4.043381214141846, "shapley_value_0": 0, "selection_0": 0, "shapley_value_1": 0, "selection_1": 0, "shapley_value_2": 3.1767004021891836, "selection_2": 0, "shapley_value_3": 0, "selection_3": 0, "shapley_value_4": -0.520279546578724, "selection_4": 0, "shapley_value_5": 3.2361691163645854, "selection_5": 0, "shapley_value_6": -9.845341046651203, "selection_6": 0, "shapley_value_7": 3.5802087766536768, "selection_7": 0, "shapley_value_8": 2.3487246199087664, "selection_8": 0, "shapley_value_9": -1.0017580588658657, "selection_9": 0, "shapley_value_10": 0, "selection_10": 0, "shapley_value_11": 0.9714744885762536, "selection_11": 0, "shapley_value_12": 0.7913535038630162, "selection_12": 0, "shapley_value_13": -2.3532336950302124, "selection_13": 0, "shapley_value_14": 0.0307500710090004, "selection_14": 0, "shapley_value_15": 1.0328830016983879, "selection_15": 0, "shapley_value_16": -0.21706304947535138, "selection_16": 0, "shapley_value_17": 3.4910023026996186, "selection_17": 0, "shapley_value_18": 2.720973299741747, "selection_18": 1, "shapley_value_19": -6.841619928677877, "selection_19": 0, "shapley_value_20": 1.1428108082877264, "selection_20": 1, "shapley_value_21": 0, "selection_21": 0, "shapley_value_22": 0, "selection_22": 0, "shapley_value_23": -3.5138181050618478, "selection_23": 0, "shapley_value_24": 0, "selection_24": 0, "shapley_value_25": -2.683408061663311, "selection_25": 0, "shapley_value_26": -6.776836574077608, "selection_26": 0, "shapley_value_27": -0.40088962018489793, "selection_27": 0, "shapley_value_28": 1.3266072670618692, "selection_28": 0, "shapley_value_29": 0.3390226297908357, "selection_29": 0, "shapley_value_30": 1.3398704330126447, "selection_30": 0, "shapley_value_31": 0, "selection_31": 0, "shapley_value_32": 1.6495594829320908, "selection_32": 0, "shapley_value_33": 1.1449139631456802, "selection_33": 1, "shapley_value_34": 0, "selection_34": 0, "shapley_value_35": -0.820807894070944, "selection_35": 0, "shapley_value_36": 0.282663742701212, "selection_36": 0, "shapley_value_37": 1.3688064366579054, "selection_37": 0, "shapley_value_38": 0, "selection_38": 0, "shapley_value_39": 2.881740839016147, "selection_39": 0, "shapley_value_40": 5.224096576372782, "selection_40": 0, "shapley_value_41": -4.382904589176178, "selection_41": 0, "shapley_value_42": 2.226959716051053, "selection_42": 0, "shapley_value_43": 2.7967500214104186, "selection_43": 1, "shapley_value_44": 4.5906643266981435, "selection_44": 1, "shapley_value_45": -0.7059425711631775, "selection_45": 0, "shapley_value_46": 1.7778640985488892, "selection_46": 0, "shapley_value_47": 0.6868237853050227, "selection_47": 0, "shapley_value_48": 0, "selection_48": 0, "shapley_value_49": -7.1941092809041365, "selection_49": 0, "_timestamp": 1688391772.0660555, "_runtime": 111.4413194656372, "_step": 99, "_wandb": {"runtime": 109}}