{"accuracy": 0.9373999834060669, "val_loss": 0.23484285175800323, "test_loss": 0.21320058405399323, "shapley_value_0": 0.19236600238084794, "selection_0": 0, "shapley_value_1": 0.17663920998573307, "selection_1": 0, "shapley_value_2": 0.20298345774412155, "selection_2": 0, "shapley_value_3": 0.24185390335321424, "selection_3": 0, "shapley_value_4": 0.13237806880317238, "selection_4": 1, "shapley_value_5": 0.24652871459722517, "selection_5": 0, "shapley_value_6": 0.2138156350553036, "selection_6": 0, "shapley_value_7": 0.19732854688167573, "selection_7": 0, "shapley_value_8": 0.18802339739391677, "selection_8": 0, "shapley_value_9": 0.22662025651335718, "selection_9": 0, "shapley_value_10": 0.23475945594906808, "selection_10": 0, "shapley_value_11": 0.20861772868037223, "selection_11": 0, "shapley_value_12": 0.18779379802942278, "selection_12": 0, "shapley_value_13": 0.20482465252280235, "selection_13": 0, "shapley_value_14": 0.2139310276210308, "selection_14": 0, "shapley_value_15": 0.22401414152979848, "selection_15": 0, "shapley_value_16": 0.19773601749539377, "selection_16": 1, "shapley_value_17": 0.21273972237110134, "selection_17": 0, "shapley_value_18": 0.15584985283017158, "selection_18": 1, "shapley_value_19": 0.1442569673437821, "selection_19": 1, "shapley_value_20": 0.19421919035911556, "selection_20": 0, "shapley_value_21": 0.21575679555535315, "selection_21": 0, "shapley_value_22": 0.17325597590208058, "selection_22": 1, "shapley_value_23": 0.18244816482067108, "selection_23": 0, "shapley_value_24": 0.1993891487419606, "selection_24": 0, "shapley_value_25": 0.20714744865894316, "selection_25": 0, "shapley_value_26": 0.169170345795782, "selection_26": 1, "shapley_value_27": 0.19465086862444878, "selection_27": 0, "shapley_value_28": 0.1957273155450821, "selection_28": 0, "shapley_value_29": 0.23821851107478142, "selection_29": 0, "shapley_value_30": 0.20526469779014586, "selection_30": 0, "shapley_value_31": 0.22404260215163233, "selection_31": 0, "shapley_value_32": 0.2510047089457512, "selection_32": 0, "shapley_value_33": 0.1989933461546898, "selection_33": 0, "shapley_value_34": 0.1921753124296665, "selection_34": 0, "shapley_value_35": 0.18418516629934312, "selection_35": 0, "shapley_value_36": 0.2097889028191567, "selection_36": 0, "shapley_value_37": 0.201960520029068, "selection_37": 0, "shapley_value_38": 0.23440811404585835, "selection_38": 0, "shapley_value_39": 0.2304265673380149, "selection_39": 0, "shapley_value_40": 0.2173901858925819, "selection_40": 0, "shapley_value_41": 0.20523684412240986, "selection_41": 0, "shapley_value_42": 0.16517390519380568, "selection_42": 1, "shapley_value_43": 0.2226054718792439, "selection_43": 0, "shapley_value_44": 0.21504605424404147, "selection_44": 0, "shapley_value_45": 0.17701399725675585, "selection_45": 0, "shapley_value_46": 0.18476129093766216, "selection_46": 0, "shapley_value_47": 0.19504885452985765, "selection_47": 0, "shapley_value_48": 0.17050945988297464, "selection_48": 1, "shapley_value_49": 0.21035144585371013, "selection_49": 0, "shapley_value_50": 0.18345465314388273, "selection_50": 0, "shapley_value_51": 0.19511827054619788, "selection_51": 0, "shapley_value_52": 0.18204660269618037, "selection_52": 0, "shapley_value_53": 0.17387838986516, "selection_53": 1, "shapley_value_54": 0.21537866154313087, "selection_54": 0, "shapley_value_55": 0.20364565408229832, "selection_55": 0, "shapley_value_56": 0.22308025279641153, "selection_56": 0, "shapley_value_57": 0.20226591786742212, "selection_57": 0, "shapley_value_58": 0.2200815794467926, "selection_58": 0, "shapley_value_59": 0.2290603718757629, "selection_59": 0, "shapley_value_60": 0.20226369860768317, "selection_60": 0, "shapley_value_61": 0.19926546972833178, "selection_61": 0, "shapley_value_62": 0.18320614591240883, "selection_62": 0, "shapley_value_63": 0.24400965033706862, "selection_63": 0, "shapley_value_64": 0.18929919800162318, "selection_64": 0, "shapley_value_65": 0.20723960292339322, "selection_65": 0, "shapley_value_66": 0.21365140071511268, "selection_66": 0, "shapley_value_67": 0.20138355854153636, "selection_67": 0, "shapley_value_68": 0.20571971890330315, "selection_68": 0, "shapley_value_69": 0.1925847637951374, "selection_69": 0, "shapley_value_70": 0.2119117403626442, "selection_70": 0, "shapley_value_71": 0.2505763485133648, "selection_71": 0, "shapley_value_72": 0.2131799630224705, "selection_72": 0, "shapley_value_73": 0.18224653822183612, "selection_73": 0, "shapley_value_74": 0.19429215654730797, "selection_74": 0, "shapley_value_75": 0.19675333210825924, "selection_75": 0, "shapley_value_76": 0.19845862767100333, "selection_76": 0, "shapley_value_77": 0.1894089963138103, "selection_77": 0, "shapley_value_78": 0.24899882608652116, "selection_78": 0, "shapley_value_79": 0.21246189838177276, "selection_79": 0, "shapley_value_80": 0.2096262595057487, "selection_80": 0, "shapley_value_81": 0.20504983484745026, "selection_81": 0, "shapley_value_82": 0.25257799130678177, "selection_82": 0, "shapley_value_83": 0.18240105137228962, "selection_83": 0, "shapley_value_84": 0.2058820734322071, "selection_84": 0, "shapley_value_85": 0.18340724995732308, "selection_85": 0, "shapley_value_86": 0.20783358022570614, "selection_86": 0, "shapley_value_87": 0.23071246796846387, "selection_87": 0, "shapley_value_88": 0.22356466847658166, "selection_88": 0, "shapley_value_89": 0.18570377227663998, "selection_89": 0, "shapley_value_90": 0.1723493391871452, "selection_90": 0, "shapley_value_91": 0.21824546584486965, "selection_91": 0, "shapley_value_92": 0.20124999183416364, "selection_92": 0, "shapley_value_93": 0.2306397383213043, "selection_93": 0, "shapley_value_94": 0.139048503190279, "selection_94": 1, "shapley_value_95": 0.2259951743483543, "selection_95": 0, "shapley_value_96": 0.18288409972190858, "selection_96": 0, "shapley_value_97": 0.19119132816791534, "selection_97": 0, "shapley_value_98": 0.1866322506258362, "selection_98": 0, "shapley_value_99": 0.21343056145310402, "selection_99": 0, "_timestamp": 1687920105.8477, "_runtime": 307.055212020874, "_step": 99, "_wandb": {"runtime": 305}}