{"accuracy": 0.9369999766349792, "val_loss": 0.2370196282863617, "test_loss": 0.21425263583660126, "shapley_value_0": 0.21789930444955824, "selection_0": 0, "shapley_value_1": 0.20886436673998832, "selection_1": 0, "shapley_value_2": 0.2399344907104969, "selection_2": 0, "shapley_value_3": 0.22316580864787103, "selection_3": 0, "shapley_value_4": 0.21258064457774167, "selection_4": 0, "shapley_value_5": 0.20490248900651933, "selection_5": 0, "shapley_value_6": 0.19903904399275782, "selection_6": 0, "shapley_value_7": 0.1951865595281124, "selection_7": 0, "shapley_value_8": 0.2079107678234577, "selection_8": 0, "shapley_value_9": 0.14113827639818188, "selection_9": 1, "shapley_value_10": 0.23808903533220294, "selection_10": 0, "shapley_value_11": 0.14026783593704825, "selection_11": 1, "shapley_value_12": 0.15667283248901367, "selection_12": 0, "shapley_value_13": 0.1762212718129158, "selection_13": 0, "shapley_value_14": 0.2062160677611828, "selection_14": 0, "shapley_value_15": 0.15444668407189216, "selection_15": 1, "shapley_value_16": 0.23276872980594634, "selection_16": 0, "shapley_value_17": 0.20577562972903252, "selection_17": 0, "shapley_value_18": 0.19492286202311515, "selection_18": 0, "shapley_value_19": 0.2162331684231758, "selection_19": 0, "shapley_value_20": 0.23637568426132205, "selection_20": 0, "shapley_value_21": 0.1835207438468933, "selection_21": 0, "shapley_value_22": 0.24538296353816982, "selection_22": 0, "shapley_value_23": 0.2072605543136597, "selection_23": 0, "shapley_value_24": 0.1709755325913429, "selection_24": 1, "shapley_value_25": 0.19264048796892166, "selection_25": 0, "shapley_value_26": 0.17068936127424242, "selection_26": 0, "shapley_value_27": 0.20329606762528418, "selection_27": 0, "shapley_value_28": 0.23699857041239736, "selection_28": 0, "shapley_value_29": 0.1829272287786007, "selection_29": 0, "shapley_value_30": 0.20308928069472318, "selection_30": 0, "shapley_value_31": 0.18514633801579472, "selection_31": 0, "shapley_value_32": 0.23211657923460005, "selection_32": 0, "shapley_value_33": 0.21789236572384835, "selection_33": 0, "shapley_value_34": 0.19857712066173555, "selection_34": 0, "shapley_value_35": 0.2517507708668709, "selection_35": 0, "shapley_value_36": 0.16278424698114394, "selection_36": 0, "shapley_value_37": 0.2142973431646824, "selection_37": 0, "shapley_value_38": 0.1971733952572471, "selection_38": 0, "shapley_value_39": 0.24085530793666843, "selection_39": 0, "shapley_value_40": 0.1985816971063614, "selection_40": 0, "shapley_value_41": 0.16549517396092414, "selection_41": 1, "shapley_value_42": 0.20948830699920654, "selection_42": 0, "shapley_value_43": 0.23875605612993245, "selection_43": 0, "shapley_value_44": 0.20847821572422984, "selection_44": 0, "shapley_value_45": 0.278490016669035, "selection_45": 0, "shapley_value_46": 0.2164237618744373, "selection_46": 0, "shapley_value_47": 0.21361432704329492, "selection_47": 0, "shapley_value_48": 0.2148174039125442, "selection_48": 0, "shapley_value_49": 0.20213604190945622, "selection_49": 0, "shapley_value_50": 0.180035914093256, "selection_50": 0, "shapley_value_51": 0.15741684484481808, "selection_51": 1, "shapley_value_52": 0.10534453669190406, "selection_52": 1, "shapley_value_53": 0.17455712550878527, "selection_53": 0, "shapley_value_54": 0.20062031754851342, "selection_54": 0, "shapley_value_55": 0.18385449799895287, "selection_55": 0, "shapley_value_56": 0.2153105332223993, "selection_56": 0, "shapley_value_57": 0.16953973793983457, "selection_57": 0, "shapley_value_58": 0.18581816834211348, "selection_58": 0, "shapley_value_59": 0.19975180053710942, "selection_59": 0, "shapley_value_60": 0.20989477109909055, "selection_60": 0, "shapley_value_61": 0.19543758380413054, "selection_61": 0, "shapley_value_62": 0.22915525972843173, "selection_62": 0, "shapley_value_63": 0.14428688102588058, "selection_63": 1, "shapley_value_64": 0.17834444841742514, "selection_64": 0, "shapley_value_65": 0.16428841650485992, "selection_65": 0, "shapley_value_66": 0.2336241815388203, "selection_66": 0, "shapley_value_67": 0.1771388838887215, "selection_67": 0, "shapley_value_68": 0.20703562140464782, "selection_68": 0, "shapley_value_69": 0.22519876208901407, "selection_69": 0, "shapley_value_70": 0.20148549008369443, "selection_70": 0, "shapley_value_71": 0.2087627050578594, "selection_71": 0, "shapley_value_72": 0.20121094098687173, "selection_72": 0, "shapley_value_73": 0.17714219614392834, "selection_73": 0, "shapley_value_74": 0.19000250339508057, "selection_74": 0, "shapley_value_75": 0.2094586710035801, "selection_75": 0, "shapley_value_76": 0.2153929653779457, "selection_76": 0, "shapley_value_77": 0.20436513888835903, "selection_77": 0, "shapley_value_78": 0.23794820532202726, "selection_78": 0, "shapley_value_79": 0.24715167073042768, "selection_79": 0, "shapley_value_80": 0.19226754871010782, "selection_80": 0, "shapley_value_81": 0.1803157581984997, "selection_81": 0, "shapley_value_82": 0.2088338109254837, "selection_82": 0, "shapley_value_83": 0.19632296168804167, "selection_83": 0, "shapley_value_84": 0.1993428417742252, "selection_84": 0, "shapley_value_85": 0.20185767826437956, "selection_85": 0, "shapley_value_86": 0.21731504091620443, "selection_86": 0, "shapley_value_87": 0.20351596495509144, "selection_87": 0, "shapley_value_88": 0.21432121020555495, "selection_88": 0, "shapley_value_89": 0.1957803068757057, "selection_89": 0, "shapley_value_90": 0.21585146617889403, "selection_90": 0, "shapley_value_91": 0.2502528401315212, "selection_91": 0, "shapley_value_92": 0.20336188116669654, "selection_92": 0, "shapley_value_93": 0.18201445601802124, "selection_93": 1, "shapley_value_94": 0.2610314085483551, "selection_94": 0, "shapley_value_95": 0.2055134390592575, "selection_95": 0, "shapley_value_96": 0.2462775875926017, "selection_96": 0, "shapley_value_97": 0.16104308626055722, "selection_97": 1, "shapley_value_98": 0.1843486501574516, "selection_98": 0, "shapley_value_99": 0.2164669264256954, "selection_99": 0, "_timestamp": 1687926942.2867699, "_runtime": 315.58817982673645, "_step": 99, "_wandb": {"runtime": 314}}