{"accuracy": 0.1021999940276146, "val_loss": 3.7164149284362793, "test_loss": 3.725022554397583, "_timestamp": 1688036837.9513934, "_runtime": 141.59917044639587, "_step": 99, "_wandb": {"runtime": 140}}