{"accuracy": 0.7395885586738586, "val_loss": 1.3415502309799194, "test_loss": 1.3413289785385132, "_timestamp": 1687989286.3721442, "_runtime": 85.40547728538513, "_step": 99, "_wandb": {"runtime": 83}}