{"accuracy": 0.9383999705314636, "val_loss": 0.23557761311531067, "test_loss": 0.21500229835510254, "shapley_value_0": 0.17788771468400955, "selection_0": 0, "shapley_value_1": 0.18312964978814128, "selection_1": 0, "shapley_value_2": 0.21794794133305548, "selection_2": 0, "shapley_value_3": 0.1943617170751095, "selection_3": 0, "shapley_value_4": 0.20645916154980665, "selection_4": 0, "shapley_value_5": 0.19283824282884596, "selection_5": 0, "shapley_value_6": 0.2003127445876598, "selection_6": 0, "shapley_value_7": 0.197934935182333, "selection_7": 0, "shapley_value_8": 0.1848361051333578, "selection_8": 0, "shapley_value_9": 0.22137186264991757, "selection_9": 0, "shapley_value_10": 0.1651771703064442, "selection_10": 0, "shapley_value_11": 0.1629391297007862, "selection_11": 1, "shapley_value_12": 0.20939593428373335, "selection_12": 0, "shapley_value_13": 0.19201829484105107, "selection_13": 0, "shapley_value_14": 0.16408363079711008, "selection_14": 0, "shapley_value_15": 0.1656026925821053, "selection_15": 0, "shapley_value_16": 0.1763448682239181, "selection_16": 0, "shapley_value_17": 0.24386018803715706, "selection_17": 0, "shapley_value_18": 0.21371276637911793, "selection_18": 0, "shapley_value_19": 0.20372628834059364, "selection_19": 0, "shapley_value_20": 0.23776084241271014, "selection_20": 0, "shapley_value_21": 0.15183445310592653, "selection_21": 1, "shapley_value_22": 0.14807335120596382, "selection_22": 1, "shapley_value_23": 0.21534809988737108, "selection_23": 0, "shapley_value_24": 0.2371192923486233, "selection_24": 0, "shapley_value_25": 0.21069643050432205, "selection_25": 0, "shapley_value_26": 0.14087437623739246, "selection_26": 1, "shapley_value_27": 0.18314448016725088, "selection_27": 0, "shapley_value_28": 0.22642326408310942, "selection_28": 0, "shapley_value_29": 0.19178634998202326, "selection_29": 0, "shapley_value_30": 0.20537957102060317, "selection_30": 0, "shapley_value_31": 0.27422384709119796, "selection_31": 0, "shapley_value_32": 0.1898367391228676, "selection_32": 0, "shapley_value_33": 0.21934762689471246, "selection_33": 0, "shapley_value_34": 0.1995792260468006, "selection_34": 0, "shapley_value_35": 0.18786377921700478, "selection_35": 0, "shapley_value_36": 0.19164563265442847, "selection_36": 0, "shapley_value_37": 0.22204902857542036, "selection_37": 0, "shapley_value_38": 0.20411989390850063, "selection_38": 0, "shapley_value_39": 0.19004183760285376, "selection_39": 0, "shapley_value_40": 0.20222840508818624, "selection_40": 0, "shapley_value_41": 0.1929652851819992, "selection_41": 0, "shapley_value_42": 0.16866578111052513, "selection_42": 0, "shapley_value_43": 0.24374024558067325, "selection_43": 0, "shapley_value_44": 0.20653207108378413, "selection_44": 0, "shapley_value_45": 0.16899599120020867, "selection_45": 0, "shapley_value_46": 0.19860003374281684, "selection_46": 0, "shapley_value_47": 0.20822372430562974, "selection_47": 0, "shapley_value_48": 0.22116484740376477, "selection_48": 0, "shapley_value_49": 0.18607365792989733, "selection_49": 0, "shapley_value_50": 0.18860894334316253, "selection_50": 0, "shapley_value_51": 0.15278062242269516, "selection_51": 1, "shapley_value_52": 0.17134587275981905, "selection_52": 1, "shapley_value_53": 0.19277176562735912, "selection_53": 0, "shapley_value_54": 0.17352634578943255, "selection_54": 0, "shapley_value_55": 0.2258870272040367, "selection_55": 0, "shapley_value_56": 0.19604783340504298, "selection_56": 0, "shapley_value_57": 0.2160322950482369, "selection_57": 0, "shapley_value_58": 0.23144071814417838, "selection_58": 0, "shapley_value_59": 0.20503009912371634, "selection_59": 0, "shapley_value_60": 0.21780370894074438, "selection_60": 0, "shapley_value_61": 0.18976020315289496, "selection_61": 0, "shapley_value_62": 0.17681196722388265, "selection_62": 0, "shapley_value_63": 0.21699304100871086, "selection_63": 0, "shapley_value_64": 0.22202110785089038, "selection_64": 0, "shapley_value_65": 0.1635455284714699, "selection_65": 1, "shapley_value_66": 0.23700571426749226, "selection_66": 0, "shapley_value_67": 0.17312510934472086, "selection_67": 1, "shapley_value_68": 0.21735831269621847, "selection_68": 0, "shapley_value_69": 0.2144672195017338, "selection_69": 0, "shapley_value_70": 0.17401967399214438, "selection_70": 1, "shapley_value_71": 0.195355283588171, "selection_71": 0, "shapley_value_72": 0.22366530558466907, "selection_72": 0, "shapley_value_73": 0.19624902060627933, "selection_73": 0, "shapley_value_74": 0.1815772574543953, "selection_74": 0, "shapley_value_75": 0.2090267866253853, "selection_75": 0, "shapley_value_76": 0.19909288185834886, "selection_76": 0, "shapley_value_77": 0.1848013163224647, "selection_77": 0, "shapley_value_78": 0.18779873010516165, "selection_78": 0, "shapley_value_79": 0.1562030575275421, "selection_79": 0, "shapley_value_80": 0.17004649141430855, "selection_80": 0, "shapley_value_81": 0.1761333567798138, "selection_81": 0, "shapley_value_82": 0.23168931880593296, "selection_82": 0, "shapley_value_83": 0.15451752631601537, "selection_83": 1, "shapley_value_84": 0.2149009899497032, "selection_84": 0, "shapley_value_85": 0.220525573015213, "selection_85": 0, "shapley_value_86": 0.17076766219735146, "selection_86": 0, "shapley_value_87": 0.2191398183405399, "selection_87": 0, "shapley_value_88": 0.2061087692975998, "selection_88": 0, "shapley_value_89": 0.21317989364266393, "selection_89": 0, "shapley_value_90": 0.23122250825166696, "selection_90": 0, "shapley_value_91": 0.23012967008352284, "selection_91": 0, "shapley_value_92": 0.22017309987545014, "selection_92": 0, "shapley_value_93": 0.18486617958545687, "selection_93": 0, "shapley_value_94": 0.24468196558952332, "selection_94": 0, "shapley_value_95": 0.17295003560185432, "selection_95": 0, "shapley_value_96": 0.22880555263161656, "selection_96": 0, "shapley_value_97": 0.17791080522537234, "selection_97": 0, "shapley_value_98": 0.22527585259079935, "selection_98": 0, "shapley_value_99": 0.2175215280354023, "selection_99": 0, "_timestamp": 1687924336.7654293, "_runtime": 326.85965514183044, "_step": 99, "_wandb": {"runtime": 325}}