{"accuracy": 0.939799964427948, "val_loss": 0.23374240100383759, "test_loss": 0.21895934641361237, "shapley_value_0": 0.2271395246684551, "selection_0": 0, "shapley_value_1": 0.1891643227636814, "selection_1": 0, "shapley_value_2": 0.2064337872564793, "selection_2": 0, "shapley_value_3": 0.2223848086297512, "selection_3": 0, "shapley_value_4": 0.23039073771238328, "selection_4": 0, "shapley_value_5": 0.17507054668664934, "selection_5": 1, "shapley_value_6": 0.22026771530508996, "selection_6": 0, "shapley_value_7": 0.21585659930109974, "selection_7": 0, "shapley_value_8": 0.1661357114315033, "selection_8": 1, "shapley_value_9": 0.17096002924285433, "selection_9": 0, "shapley_value_10": 0.2637635758519173, "selection_10": 0, "shapley_value_11": 0.2042594048678875, "selection_11": 0, "shapley_value_12": 0.2046854456663132, "selection_12": 0, "shapley_value_13": 0.17866510567069055, "selection_13": 0, "shapley_value_14": 0.2161220178306103, "selection_14": 0, "shapley_value_15": 0.1470127743780613, "selection_15": 1, "shapley_value_16": 0.2811804812550545, "selection_16": 0, "shapley_value_17": 0.2073008281290531, "selection_17": 0, "shapley_value_18": 0.21541342323861623, "selection_18": 0, "shapley_value_19": 0.24441701897978785, "selection_19": 0, "shapley_value_20": 0.1947927131982226, "selection_20": 0, "shapley_value_21": 0.22375568404793741, "selection_21": 0, "shapley_value_22": 0.2161214099824429, "selection_22": 0, "shapley_value_23": 0.19590566590428354, "selection_23": 0, "shapley_value_24": 0.22526838195323942, "selection_24": 0, "shapley_value_25": 0.18219036823511123, "selection_25": 0, "shapley_value_26": 0.1706986705252999, "selection_26": 0, "shapley_value_27": 0.18427403309941287, "selection_27": 0, "shapley_value_28": 0.19353333213925358, "selection_28": 0, "shapley_value_29": 0.2501851282715798, "selection_29": 0, "shapley_value_30": 0.21580225181579588, "selection_30": 0, "shapley_value_31": 0.19569300827383995, "selection_31": 0, "shapley_value_32": 0.19543060573935506, "selection_32": 0, "shapley_value_33": 0.21574704807996753, "selection_33": 0, "shapley_value_34": 0.22306527414917948, "selection_34": 0, "shapley_value_35": 0.18146028921008112, "selection_35": 0, "shapley_value_36": 0.22673659872695015, "selection_36": 0, "shapley_value_37": 0.1526986617798155, "selection_37": 1, "shapley_value_38": 0.1734139946103096, "selection_38": 0, "shapley_value_39": 0.249049813657999, "selection_39": 0, "shapley_value_40": 0.20470988836884496, "selection_40": 0, "shapley_value_41": 0.22425852770240687, "selection_41": 0, "shapley_value_42": 0.1849003762602806, "selection_42": 0, "shapley_value_43": 0.16371036893129348, "selection_43": 1, "shapley_value_44": 0.22361341676115987, "selection_44": 0, "shapley_value_45": 0.19188793128728868, "selection_45": 0, "shapley_value_46": 0.20359981507062913, "selection_46": 0, "shapley_value_47": 0.20477170073986053, "selection_47": 0, "shapley_value_48": 0.1984825392663479, "selection_48": 0, "shapley_value_49": 0.18833687394857407, "selection_49": 0, "shapley_value_50": 0.2504377526342868, "selection_50": 0, "shapley_value_51": 0.21277013632811995, "selection_51": 0, "shapley_value_52": 0.23538334085596238, "selection_52": 0, "shapley_value_53": 0.1326208695565399, "selection_53": 1, "shapley_value_54": 0.19940425983071325, "selection_54": 0, "shapley_value_55": 0.17613528511555568, "selection_55": 0, "shapley_value_56": 0.2098515909612179, "selection_56": 0, "shapley_value_57": 0.2115071088075638, "selection_57": 0, "shapley_value_58": 0.16984647274017334, "selection_58": 0, "shapley_value_59": 0.21980604031682013, "selection_59": 0, "shapley_value_60": 0.1893695101737976, "selection_60": 0, "shapley_value_61": 0.18868735599517825, "selection_61": 0, "shapley_value_62": 0.22796068081259727, "selection_62": 0, "shapley_value_63": 0.21765391150116922, "selection_63": 0, "shapley_value_64": 0.19986019134521488, "selection_64": 0, "shapley_value_65": 0.22320022946596146, "selection_65": 0, "shapley_value_66": 0.18270536939721357, "selection_66": 1, "shapley_value_67": 0.19256629648804666, "selection_67": 0, "shapley_value_68": 0.2235421078503132, "selection_68": 0, "shapley_value_69": 0.23807964208722115, "selection_69": 0, "shapley_value_70": 0.19703551003336908, "selection_70": 0, "shapley_value_71": 0.19566809065875257, "selection_71": 0, "shapley_value_72": 0.24270626643300056, "selection_72": 0, "shapley_value_73": 0.24211814913153645, "selection_73": 0, "shapley_value_74": 0.23949498009681705, "selection_74": 0, "shapley_value_75": 0.22034117966890335, "selection_75": 0, "shapley_value_76": 0.16636184162842602, "selection_76": 0, "shapley_value_77": 0.17328772083238553, "selection_77": 0, "shapley_value_78": 0.24420612150430682, "selection_78": 0, "shapley_value_79": 0.21952134004235271, "selection_79": 0, "shapley_value_80": 0.19929090216755865, "selection_80": 0, "shapley_value_81": 0.20591471070051193, "selection_81": 0, "shapley_value_82": 0.23207059809565544, "selection_82": 0, "shapley_value_83": 0.2625947050750256, "selection_83": 0, "shapley_value_84": 0.22904225462675099, "selection_84": 0, "shapley_value_85": 0.18641259101033208, "selection_85": 0, "shapley_value_86": 0.1601115176379681, "selection_86": 1, "shapley_value_87": 0.2248672505319118, "selection_87": 0, "shapley_value_88": 0.19965888875722887, "selection_88": 0, "shapley_value_89": 0.2083795531094074, "selection_89": 0, "shapley_value_90": 0.19566862604022026, "selection_90": 0, "shapley_value_91": 0.15880735869156687, "selection_91": 1, "shapley_value_92": 0.18176647207140922, "selection_92": 0, "shapley_value_93": 0.2029602822959423, "selection_93": 0, "shapley_value_94": 0.19992734417319297, "selection_94": 0, "shapley_value_95": 0.21609947830438608, "selection_95": 0, "shapley_value_96": 0.17109886518120768, "selection_96": 1, "shapley_value_97": 0.22536686294016084, "selection_97": 0, "shapley_value_98": 0.20936960354447365, "selection_98": 0, "shapley_value_99": 0.21081989154219624, "selection_99": 0, "_timestamp": 1687956694.6149702, "_runtime": 318.27563309669495, "_step": 99, "_wandb": {"runtime": 316}}