{"loss": 0.23554594814777374, "accuracy": 0.9332000017166138, "average_active_clients": 10.0, "ucb_0": 0.033388931304216385, "nk_0": 35, "sv_0": -0.0028845130000263453, "ucb_1": 0.0334334522485733, "nk_1": 33, "sv_1": -0.003923023119568825, "ucb_2": 0.03368110954761505, "nk_2": 32, "sv_2": -0.004254568833857775, "ucb_3": 0.03333033248782158, "nk_3": 35, "sv_3": -0.0029431134462356567, "ucb_4": 0.03373851999640465, "nk_4": 36, "sv_4": -0.00202757865190506, "ucb_5": 0.03365126624703407, "nk_5": 30, "sv_5": -0.005528532899916172, "ucb_6": 0.03315584734082222, "nk_6": 33, "sv_6": -0.004200626630336046, "ucb_7": 0.033447861671447754, "nk_7": 35, "sv_7": -0.002825584728270769, "ucb_8": 0.03344013914465904, "nk_8": 35, "sv_8": -0.0028333053924143314, "ucb_9": 0.03331935778260231, "nk_9": 35, "sv_9": -0.002954088617116213, "ucb_10": 0.033640939742326736, "nk_10": 65, "sv_10": 0.007023508660495281, "ucb_11": 0.03368900716304779, "nk_11": 64, "sv_11": 0.006864430382847786, "ucb_12": 0.03368315473198891, "nk_12": 62, "sv_12": 0.006429358385503292, "ucb_13": 0.03363293036818504, "nk_13": 74, "sv_13": 0.008686580695211887, "ucb_14": 0.03359837457537651, "nk_14": 64, "sv_14": 0.006773799657821655, "ucb_15": 0.033542290329933167, "nk_15": 58, "sv_15": 0.005364373791962862, "ucb_16": 0.03361804783344269, "nk_16": 64, "sv_16": 0.00679347338154912, "ucb_17": 0.03350413590669632, "nk_17": 72, "sv_17": 0.008213684894144535, "ucb_18": 0.03358744829893112, "nk_18": 68, "sv_18": 0.007563789375126362, "ucb_19": 0.03351910039782524, "nk_19": 70, "sv_19": 0.007869902066886425, "_timestamp": 1687260919.020353, "_runtime": 526.3774080276489, "_step": 99, "_wandb": {"runtime": 525}}