{"loss": 0.3793264925479889, "accuracy": 0.890999972820282, "average_active_clients": 2.0, "_timestamp": 1687265010.171, "_runtime": 76.34291100502014, "_step": 99, "_wandb": {"runtime": 73}}