{"accuracy": 0.10019999742507935, "val_loss": 2.317164659500122, "test_loss": 2.316528797149658, "_timestamp": 1688410664.6787488, "_runtime": 145.9656479358673, "_step": 99, "_wandb": {"runtime": 144}}