{"accuracy": 0.09719999879598618, "val_loss": 12.188069343566895, "test_loss": 12.279648780822754, "shapley_value_0": -1.2309287885824836, "selection_0": 0, "shapley_value_1": 11.226219242964032, "selection_1": 1, "shapley_value_2": 0.3579284151395168, "selection_2": 0, "shapley_value_3": -0.42304680744806866, "selection_3": 0, "shapley_value_4": -2.079777181148529, "selection_4": 0, "shapley_value_5": -1.0444343156284752, "selection_5": 0, "shapley_value_6": -4.0865930318832415, "selection_6": 0, "shapley_value_7": 0.8865252236525216, "selection_7": 0, "shapley_value_8": 0.9984822670618687, "selection_8": 0, "shapley_value_9": 0.27516510089238366, "selection_9": 0, "shapley_value_10": -3.122070958216983, "selection_10": 0, "shapley_value_11": -0.5942331651846562, "selection_11": 0, "shapley_value_12": -4.051999380191167, "selection_12": 0, "shapley_value_13": 0.28076788783073425, "selection_13": 0, "shapley_value_14": -5.029944578806559, "selection_14": 0, "shapley_value_15": 0.07956826686859131, "selection_15": 0, "shapley_value_16": 10.080417124871856, "selection_16": 1, "shapley_value_17": -3.524249186118445, "selection_17": 0, "shapley_value_18": 10.532348116901181, "selection_18": 1, "shapley_value_19": 0.8122131526470189, "selection_19": 0, "shapley_value_20": -0.2386225163936624, "selection_20": 0, "shapley_value_21": -0.06614845991134644, "selection_21": 0, "shapley_value_22": -2.4091073969999934, "selection_22": 0, "shapley_value_23": 0.38223211963971426, "selection_23": 0, "shapley_value_24": -3.897001663843792, "selection_24": 0, "shapley_value_25": -1.5570740699768066, "selection_25": 0, "shapley_value_26": -0.0853766798973088, "selection_26": 0, "shapley_value_27": 0.6151982347170515, "selection_27": 0, "shapley_value_28": -1.99763752023379, "selection_28": 0, "shapley_value_29": -6.8868576784928655, "selection_29": 0, "shapley_value_30": -0.7156948546568558, "selection_30": 0, "shapley_value_31": 0.22870612144470215, "selection_31": 0, "shapley_value_32": -1.6113246977329254, "selection_32": 0, "shapley_value_33": 0.14177701870600323, "selection_33": 0, "shapley_value_34": 0.6635920405387896, "selection_34": 0, "shapley_value_35": -1.0542246898015337, "selection_35": 0, "shapley_value_36": 1.1078133852016634, "selection_36": 1, "shapley_value_37": 0.2369927763938895, "selection_37": 0, "shapley_value_38": -9.025300492842993, "selection_38": 0, "shapley_value_39": 11.318437693130912, "selection_39": 1, "shapley_value_40": -0.49401869376500507, "selection_40": 0, "shapley_value_41": -1.6295745968818665, "selection_41": 0, "shapley_value_42": -0.10336001714070697, "selection_42": 0, "shapley_value_43": -0.2646122376124058, "selection_43": 0, "shapley_value_44": 1.0042011817296341, "selection_44": 0, "shapley_value_45": -2.4486888845761623, "selection_45": 0, "shapley_value_46": -6.293721298376719, "selection_46": 0, "shapley_value_47": -0.16917126377423597, "selection_47": 0, "shapley_value_48": -2.004468083381653, "selection_48": 0, "shapley_value_49": -2.187154193719228, "selection_49": 0, "_timestamp": 1688380111.8676195, "_runtime": 105.42453956604004, "_step": 99, "_wandb": {"runtime": 103}}