{"accuracy": 0.5998466610908508, "val_loss": 1.3287581205368042, "test_loss": 1.3361194133758545, "shapley_value_0": 0.06780895709991455, "selection_0": 0, "shapley_value_1": -0.0006228371670371608, "selection_1": 0, "shapley_value_2": -8.903379025666614e-05, "selection_2": 0, "shapley_value_3": -0.006236132822538677, "selection_3": 0, "shapley_value_4": 0.04698331356048584, "selection_4": 0, "shapley_value_5": 0.08145576000213625, "selection_5": 0, "shapley_value_6": 0.09764958143234255, "selection_6": 1, "shapley_value_7": 0.03389446020126343, "selection_7": 0, "shapley_value_8": 0.06422597408294678, "selection_8": 0, "shapley_value_9": -0.003938486701563785, "selection_9": 0, "shapley_value_10": 0.07000679016113281, "selection_10": 0, "shapley_value_11": 0.10321452856063842, "selection_11": 1, "shapley_value_12": 0.017886250019073485, "selection_12": 0, "shapley_value_13": 0.03409276247024534, "selection_13": 0, "shapley_value_14": 0.044820868968963624, "selection_14": 0, "shapley_value_15": -0.0042676800175717, "selection_15": 0, "shapley_value_16": 0.03960442543029787, "selection_16": 0, "shapley_value_17": 0.06485745191574098, "selection_17": 0, "shapley_value_18": 0.04021110773086549, "selection_18": 0, "shapley_value_19": 0.05643948793411255, "selection_19": 0, "_timestamp": 1687790516.4502227, "_runtime": 149.5313446521759, "_step": 6}