{"accuracy": 0.833416759967804, "val_loss": 0.511900007724762, "test_loss": 0.5140039920806885, "shapley_value_0": -1.4276601009898717, "selection_0": 0, "shapley_value_1": -1.1769720748359083, "selection_1": 0, "shapley_value_2": -1.4998413463433586, "selection_2": 0, "shapley_value_3": -1.1857102155685424, "selection_3": 0, "shapley_value_4": -1.1447502772013345, "selection_4": 0, "shapley_value_5": -1.5066148142019906, "selection_5": 0, "shapley_value_6": -1.287590151031812, "selection_6": 0, "shapley_value_7": -1.33684977778682, "selection_7": 0, "shapley_value_8": -1.4904995891782973, "selection_8": 0, "shapley_value_9": -1.1181363339225452, "selection_9": 0, "shapley_value_10": -1.393961321223866, "selection_10": 1, "shapley_value_11": -1.3740224614739418, "selection_11": 0, "shapley_value_12": -1.3176233569780986, "selection_12": 0, "shapley_value_13": -1.5237168426866887, "selection_13": 0, "shapley_value_14": -1.320350038282799, "selection_14": 0, "shapley_value_15": -1.3804763224389818, "selection_15": 0, "shapley_value_16": -1.2066492001215618, "selection_16": 1, "shapley_value_17": -1.2425017158190408, "selection_17": 0, "shapley_value_18": -1.3758406020976883, "selection_18": 0, "shapley_value_19": -1.4566886822382612, "selection_19": 1, "shapley_value_20": -1.2109824127621118, "selection_20": 1, "shapley_value_21": -1.2987438379189908, "selection_21": 0, "shapley_value_22": -1.2786340589324634, "selection_22": 0, "shapley_value_23": -1.2469069614554895, "selection_23": 0, "shapley_value_24": -1.448004941145579, "selection_24": 0, "shapley_value_25": -1.384944919745127, "selection_25": 0, "shapley_value_26": -1.3446091810862222, "selection_26": 0, "shapley_value_27": -1.1337679276863735, "selection_27": 0, "shapley_value_28": -1.375981465975443, "selection_28": 0, "shapley_value_29": -1.4497765655870793, "selection_29": 0, "shapley_value_30": -1.5781079332033796, "selection_30": 0, "shapley_value_31": -1.2458710256550047, "selection_31": 0, "shapley_value_32": -1.3907749273560264, "selection_32": 0, "shapley_value_33": -1.3281103637483385, "selection_33": 0, "shapley_value_34": -1.470426068419502, "selection_34": 0, "shapley_value_35": -1.5302347793723599, "selection_35": 0, "shapley_value_36": -1.2304765704350593, "selection_36": 0, "shapley_value_37": -1.3603159132457916, "selection_37": 0, "shapley_value_38": -1.6158403197924298, "selection_38": 0, "shapley_value_39": -1.468679463863373, "selection_39": 0, "_timestamp": 1687972133.3760288, "_runtime": 78.71965670585632, "_step": 99, "_wandb": {"runtime": 76}}