{"accuracy": 0.09779999405145645, "val_loss": 5.443663120269775, "test_loss": 5.516711235046387, "shapley_value_0": 1.2204493060708044, "selection_0": 0, "shapley_value_1": 3.021748400869823, "selection_1": 0, "shapley_value_2": 0, "selection_2": 0, "shapley_value_3": -1.8185624082883207, "selection_3": 0, "shapley_value_4": 0, "selection_4": 0, "shapley_value_5": 3.7695755221140694, "selection_5": 1, "shapley_value_6": -2.855181336402893, "selection_6": 0, "shapley_value_7": 4.148682692471674, "selection_7": 1, "shapley_value_8": 1.4534116254912484, "selection_8": 0, "shapley_value_9": 0.2343830863634757, "selection_9": 0, "shapley_value_10": 0, "selection_10": 0, "shapley_value_11": -6.887773394584656, "selection_11": 0, "shapley_value_12": -6.492674986521404, "selection_12": 0, "shapley_value_13": 1.0668062518040338, "selection_13": 0, "shapley_value_14": -0.5793485012319354, "selection_14": 0, "shapley_value_15": 1.3794552683830261, "selection_15": 0, "shapley_value_16": 0, "selection_16": 0, "shapley_value_17": 1.6721795466211118, "selection_17": 0, "shapley_value_18": 2.7263495199608077, "selection_18": 0, "shapley_value_19": -2.455040653546651, "selection_19": 0, "shapley_value_20": 1.995923925668765, "selection_20": 0, "shapley_value_21": 3.8361739663283028, "selection_21": 1, "shapley_value_22": 2.1345368093914456, "selection_22": 0, "shapley_value_23": 0, "selection_23": 0, "shapley_value_24": -2.0378129879633597, "selection_24": 0, "shapley_value_25": -2.2346969048182146, "selection_25": 0, "shapley_value_26": -3.111307382583618, "selection_26": 0, "shapley_value_27": -3.64682439963023, "selection_27": 0, "shapley_value_28": -5.159817377726235, "selection_28": 0, "shapley_value_29": -9.031620701154075, "selection_29": 0, "shapley_value_30": 1.3868549636432104, "selection_30": 0, "shapley_value_31": 1.2882083654403695, "selection_31": 0, "shapley_value_32": 2.4144911964734397, "selection_32": 0, "shapley_value_33": -2.006294647852579, "selection_33": 0, "shapley_value_34": -1.9185795783996564, "selection_34": 0, "shapley_value_35": -1.9773358901341744, "selection_35": 0, "shapley_value_36": 2.957450101110669, "selection_36": 0, "shapley_value_37": -2.1063932180404663, "selection_37": 0, "shapley_value_38": 1.8037956853707626, "selection_38": 0, "shapley_value_39": -7.55395632982254, "selection_39": 0, "shapley_value_40": -5.192536314328512, "selection_40": 0, "shapley_value_41": 3.8789124488830566, "selection_41": 0, "shapley_value_42": 0, "selection_42": 0, "shapley_value_43": 3.9270405016648464, "selection_43": 1, "shapley_value_44": 4.573172721170609, "selection_44": 0, "shapley_value_45": 0, "selection_45": 0, "shapley_value_46": 1.9383406066427038, "selection_46": 0, "shapley_value_47": 1.406522724363539, "selection_47": 1, "shapley_value_48": -5.512082318464916, "selection_48": 0, "shapley_value_49": -0.6958792606989537, "selection_49": 0, "_timestamp": 1688386108.5786316, "_runtime": 111.22228169441223, "_step": 99, "_wandb": {"runtime": 105}}