{"loss": 0.2455611526966095, "accuracy": 0.9294000267982483, "average_active_clients": 2.0, "_timestamp": 1687180864.6796827, "_runtime": 195.8595747947693, "_step": 99, "_wandb": {"runtime": 195}}