{"accuracy": 0.9297999739646912, "val_loss": 0.26034584641456604, "test_loss": 0.2400352954864502, "_timestamp": 1687993702.8766243, "_runtime": 83.95819425582886, "_step": 99, "_wandb": {"runtime": 82}}