{"accuracy": 0.4949999749660492, "val_loss": 1.3873244524002075, "test_loss": 1.4029316902160645, "_timestamp": 1688033519.581597, "_runtime": 96.22452998161316, "_step": 99, "_wandb": {"runtime": 94}}