{"loss": 0.414962500333786, "accuracy": 0.8739999532699585, "average_active_clients": 2.0, "_timestamp": 1686735379.5644703, "_runtime": 22.41955018043518, "_step": 399, "_wandb": {"runtime": 19}}