{"accuracy": 0.09259999543428421, "val_loss": 2.3039934635162354, "test_loss": 2.303945779800415, "_timestamp": 1688035779.0581605, "_runtime": 143.82861757278442, "_step": 99, "_wandb": {"runtime": 142}}