{"accuracy": 0.09699999541044235, "val_loss": 11.890775680541992, "test_loss": 12.034982681274414, "shapley_value_0": 1.7281393430851129, "selection_0": 0, "shapley_value_1": -1.198643879095713, "selection_1": 0, "shapley_value_2": 6.104652833814421, "selection_2": 1, "shapley_value_3": 2.046732515096665, "selection_3": 0, "shapley_value_4": -0.8463196635246281, "selection_4": 0, "shapley_value_5": 6.199045826139905, "selection_5": 1, "shapley_value_6": -2.058239758014679, "selection_6": 0, "shapley_value_7": 6.188275930718478, "selection_7": 1, "shapley_value_8": 1.447912774704121, "selection_8": 0, "shapley_value_9": -0.7984070420265198, "selection_9": 0, "shapley_value_10": 0.7963268302735828, "selection_10": 0, "shapley_value_11": -3.0821777383486437, "selection_11": 0, "shapley_value_12": -1.9301966428756714, "selection_12": 0, "shapley_value_13": -1.6275929450988778, "selection_13": 0, "shapley_value_14": -5.635137571228875, "selection_14": 0, "shapley_value_15": 0.12905637754334368, "selection_15": 0, "shapley_value_16": 1.9798093120257056, "selection_16": 0, "shapley_value_17": 2.0542977750301357, "selection_17": 0, "shapley_value_18": 1.3730685181087914, "selection_18": 0, "shapley_value_19": -3.8177619725465775, "selection_19": 0, "shapley_value_20": 0.3634157038870311, "selection_20": 0, "shapley_value_21": 4.524936370849609, "selection_21": 0, "shapley_value_22": 2.0378525833288825, "selection_22": 0, "shapley_value_23": -2.7986907859643306, "selection_23": 0, "shapley_value_24": -5.913550456364949, "selection_24": 0, "shapley_value_25": -3.8432421551810365, "selection_25": 0, "shapley_value_26": -3.114054287473361, "selection_26": 0, "shapley_value_27": -2.5061497042576466, "selection_27": 0, "shapley_value_28": 1.1899178822835286, "selection_28": 0, "shapley_value_29": -3.527061363061269, "selection_29": 0, "shapley_value_30": 2.3117530454288833, "selection_30": 0, "shapley_value_31": 1.2571133750456354, "selection_31": 0, "shapley_value_32": 0.1852757268481787, "selection_32": 0, "shapley_value_33": 2.9371372476602207, "selection_33": 0, "shapley_value_34": 0.22967172520501292, "selection_34": 0, "shapley_value_35": -5.37946089108785, "selection_35": 0, "shapley_value_36": 4.435096938576963, "selection_36": 0, "shapley_value_37": 0.5950338244438172, "selection_37": 0, "shapley_value_38": -0.45822654830084913, "selection_38": 0, "shapley_value_39": 1.8108073163915561, "selection_39": 0, "shapley_value_40": -2.1324776758750277, "selection_40": 0, "shapley_value_41": -2.6281526486078906, "selection_41": 0, "shapley_value_42": 2.56912296017011, "selection_42": 0, "shapley_value_43": 5.966867764081273, "selection_43": 1, "shapley_value_44": 5.971870778917193, "selection_44": 1, "shapley_value_45": -2.950886756181717, "selection_45": 0, "shapley_value_46": 0.68767794718345, "selection_46": 0, "shapley_value_47": 0.5139219817661108, "selection_47": 0, "shapley_value_48": -3.907215634981792, "selection_48": 0, "shapley_value_49": 1.5894629796346031, "selection_49": 0, "_timestamp": 1688383648.5149589, "_runtime": 103.61776185035706, "_step": 99, "_wandb": {"runtime": 102}}