{"accuracy": 0.9353999495506287, "val_loss": 0.2310151606798172, "test_loss": 0.21596479415893555, "shapley_value_0": -1.7615744801181734, "selection_0": 0, "shapley_value_1": -1.7656187491886544, "selection_1": 0, "shapley_value_2": -1.7840966309110324, "selection_2": 1, "shapley_value_3": -1.7639094279571013, "selection_3": 0, "shapley_value_4": -1.7863440572312386, "selection_4": 0, "shapley_value_5": -1.7812039215456352, "selection_5": 0, "shapley_value_6": -1.7826927877736813, "selection_6": 0, "shapley_value_7": -1.7725200187979324, "selection_7": 0, "shapley_value_8": -1.7940570545015915, "selection_8": 0, "shapley_value_9": -1.800022153691812, "selection_9": 0, "shapley_value_10": -1.7927168901219515, "selection_10": 0, "shapley_value_11": -1.762204098430547, "selection_11": 0, "shapley_value_12": -1.8084767989136956, "selection_12": 0, "shapley_value_13": -1.7806447825648568, "selection_13": 0, "shapley_value_14": -1.7675318027084523, "selection_14": 0, "shapley_value_15": -1.8017430206139884, "selection_15": 0, "shapley_value_16": -1.7829121924710998, "selection_16": 0, "shapley_value_17": -1.7940008540948233, "selection_17": 0, "shapley_value_18": -1.8032188629110653, "selection_18": 0, "shapley_value_19": -1.7921728849411007, "selection_19": 0, "shapley_value_20": -1.8221320857604346, "selection_20": 0, "shapley_value_21": -1.8156955828269319, "selection_21": 0, "shapley_value_22": -1.8133847032984096, "selection_22": 0, "shapley_value_23": -1.819820316632589, "selection_23": 0, "shapley_value_24": -1.839501541852951, "selection_24": 0, "shapley_value_25": -1.847566313048204, "selection_25": 0, "shapley_value_26": -1.84550385226806, "selection_26": 0, "shapley_value_27": -1.8497622261444728, "selection_27": 1, "shapley_value_28": -1.8502789321872923, "selection_28": 0, "shapley_value_29": -1.854761102133327, "selection_29": 0, "shapley_value_30": -1.85952332008768, "selection_30": 0, "shapley_value_31": -1.845317287025628, "selection_31": 0, "shapley_value_32": -1.8706220953414834, "selection_32": 0, "shapley_value_33": -1.8904584453061775, "selection_33": 1, "shapley_value_34": -1.8726506624370813, "selection_34": 0, "shapley_value_35": -1.8892659826411142, "selection_35": 1, "shapley_value_36": -1.8993147145956755, "selection_36": 0, "shapley_value_37": -1.8947498941173153, "selection_37": 0, "shapley_value_38": -1.8984825729082027, "selection_38": 0, "shapley_value_39": -1.9089287264893453, "selection_39": 0, "_timestamp": 1688021702.6492786, "_runtime": 80.5497236251831, "_step": 99, "_wandb": {"runtime": 79}}