{"accuracy": 0.7684305906295776, "val_loss": 1.3898228406906128, "test_loss": 1.39101243019104, "_timestamp": 1687975848.5032837, "_runtime": 93.11854362487793, "_step": 99, "_wandb": {"runtime": 91}}