{"accuracy": 0.0965999960899353, "val_loss": 4.021177768707275, "test_loss": 4.055750370025635, "shapley_value_0": 2.889664625510191, "selection_0": 0, "shapley_value_1": 3.586526608340954, "selection_1": 0, "shapley_value_2": 1.1360130190849302, "selection_2": 0, "shapley_value_3": 2.11131023749327, "selection_3": 0, "shapley_value_4": -3.419066866238912, "selection_4": 0, "shapley_value_5": 2.559507374962171, "selection_5": 0, "shapley_value_6": -1.3544569015502934, "selection_6": 0, "shapley_value_7": 2.2970926066239676, "selection_7": 0, "shapley_value_8": 3.3559776544570923, "selection_8": 0, "shapley_value_9": -7.760317524274191, "selection_9": 0, "shapley_value_10": -4.916984359423319, "selection_10": 0, "shapley_value_11": 4.404541889826457, "selection_11": 0, "shapley_value_12": -2.4969344139099117, "selection_12": 0, "shapley_value_13": 0.3025779525438943, "selection_13": 0, "shapley_value_14": -2.0323357582092285, "selection_14": 0, "shapley_value_15": 1.1557468076546988, "selection_15": 0, "shapley_value_16": 0, "selection_16": 0, "shapley_value_17": 2.0445280662841268, "selection_17": 0, "shapley_value_18": 2.52409343105374, "selection_18": 0, "shapley_value_19": -5.8991262118021695, "selection_19": 0, "shapley_value_20": 1.6566792289416, "selection_20": 0, "shapley_value_21": 0, "selection_21": 0, "shapley_value_22": 0, "selection_22": 0, "shapley_value_23": -10.39336673418681, "selection_23": 0, "shapley_value_24": -5.658885816733044, "selection_24": 0, "shapley_value_25": -4.62744230031967, "selection_25": 0, "shapley_value_26": -6.225588639577229, "selection_26": 0, "shapley_value_27": 2.600067242195732, "selection_27": 0, "shapley_value_28": 2.6652111212412515, "selection_28": 1, "shapley_value_29": 0, "selection_29": 0, "shapley_value_30": 2.689969362815221, "selection_30": 0, "shapley_value_31": 1.8967747328773374, "selection_31": 0, "shapley_value_32": 2.1341345829841414, "selection_32": 0, "shapley_value_33": 5.9960381984710684, "selection_33": 1, "shapley_value_34": 0.7029747764269514, "selection_34": 0, "shapley_value_35": 0.29156434535980313, "selection_35": 0, "shapley_value_36": 4.881464556981159, "selection_36": 1, "shapley_value_37": 1.8346078719621826, "selection_37": 0, "shapley_value_38": 0, "selection_38": 0, "shapley_value_39": 2.7265030114739037, "selection_39": 1, "shapley_value_40": -0.6070212324460336, "selection_40": 0, "shapley_value_41": 0, "selection_41": 0, "shapley_value_42": 4.405668457349142, "selection_42": 1, "shapley_value_43": 4.059297015269598, "selection_43": 0, "shapley_value_44": 0.6239790295561154, "selection_44": 0, "shapley_value_45": 1.2443343136045664, "selection_45": 0, "shapley_value_46": 2.197506909397826, "selection_46": 0, "shapley_value_47": 0, "selection_47": 0, "shapley_value_48": 1.51792573928833, "selection_48": 0, "shapley_value_49": 2.0277384174497506, "selection_49": 0, "_timestamp": 1688393543.150211, "_runtime": 105.61132311820984, "_step": 99, "_wandb": {"runtime": 104}}