{"accuracy": 0.0997999981045723, "val_loss": 4.961530685424805, "test_loss": 5.014952659606934, "shapley_value_0": 2.3146189817211087, "selection_0": 0, "shapley_value_1": 3.24649738603168, "selection_1": 1, "shapley_value_2": 2.576305758385431, "selection_2": 0, "shapley_value_3": 0, "selection_3": 0, "shapley_value_4": 1.7788847684860216, "selection_4": 0, "shapley_value_5": 0, "selection_5": 0, "shapley_value_6": -3.967850724856058, "selection_6": 0, "shapley_value_7": 0, "selection_7": 0, "shapley_value_8": 0, "selection_8": 0, "shapley_value_9": 0, "selection_9": 0, "shapley_value_10": 0.7111093832386869, "selection_10": 0, "shapley_value_11": 1.5414999382836478, "selection_11": 0, "shapley_value_12": 1.3484476407368966, "selection_12": 1, "shapley_value_13": 0.7533917956882048, "selection_13": 0, "shapley_value_14": 1.8455401228533848, "selection_14": 0, "shapley_value_15": 2.378989116260499, "selection_15": 1, "shapley_value_16": 3.0185889433591795, "selection_16": 0, "shapley_value_17": 2.504651248455047, "selection_17": 0, "shapley_value_18": 3.328531330382383, "selection_18": 0, "shapley_value_19": 0, "selection_19": 0, "shapley_value_20": 0, "selection_20": 0, "shapley_value_21": 3.9730984678393932, "selection_21": 0, "shapley_value_22": 0, "selection_22": 0, "shapley_value_23": -7.784759998321533, "selection_23": 0, "shapley_value_24": -3.7418942252794913, "selection_24": 0, "shapley_value_25": -3.759057680765789, "selection_25": 0, "shapley_value_26": 0, "selection_26": 0, "shapley_value_27": -0.03346383571624756, "selection_27": 0, "shapley_value_28": 2.1431751648584996, "selection_28": 0, "shapley_value_29": -2.2950590650240583, "selection_29": 0, "shapley_value_30": 0, "selection_30": 0, "shapley_value_31": 2.104597065846125, "selection_31": 0, "shapley_value_32": 2.258621920148531, "selection_32": 0, "shapley_value_33": 0, "selection_33": 0, "shapley_value_34": -2.420924822489419, "selection_34": 0, "shapley_value_35": 1.5113995671272271, "selection_35": 0, "shapley_value_36": 2.357825762695736, "selection_36": 0, "shapley_value_37": 0, "selection_37": 0, "shapley_value_38": 2.546744201427851, "selection_38": 1, "shapley_value_39": 3.1781382176183874, "selection_39": 0, "shapley_value_40": -1.3923642237981166, "selection_40": 0, "shapley_value_41": 0, "selection_41": 0, "shapley_value_42": 2.633302885189393, "selection_42": 0, "shapley_value_43": 2.1030997962191487, "selection_43": 0, "shapley_value_44": -7.792846441268921, "selection_44": 0, "shapley_value_45": -0.9318192866113453, "selection_45": 0, "shapley_value_46": 2.708746141857571, "selection_46": 0, "shapley_value_47": 1.3947777710855007, "selection_47": 0, "shapley_value_48": 0, "selection_48": 0, "shapley_value_49": 2.302605944267218, "selection_49": 1, "_timestamp": 1688387028.7674856, "_runtime": 104.01403570175171, "_step": 99, "_wandb": {"runtime": 102}}