{"accuracy": 0.9228000044822693, "val_loss": 0.2841397821903229, "test_loss": 0.26552149653434753, "shapley_value_0": 0.0032528734207153322, "selection_0": 0, "shapley_value_1": 0.0034926939010620117, "selection_1": 0, "shapley_value_2": 0.0024440526962280274, "selection_2": 0, "shapley_value_3": 0.003178868293762207, "selection_3": 0, "shapley_value_4": 0.002494087219238281, "selection_4": 0, "shapley_value_5": 0.1420236510038376, "selection_5": 0, "shapley_value_6": 0.00466524600982666, "selection_6": 0, "shapley_value_7": -0.0003333970120078639, "selection_7": 0, "shapley_value_8": -0.00027789567646227385, "selection_8": 0, "shapley_value_9": 0.002308220863342285, "selection_9": 0, "shapley_value_10": 0.007992987632751462, "selection_10": 0, "shapley_value_11": 0.007902593612670898, "selection_11": 0, "shapley_value_12": 0.007794084548950195, "selection_12": 0, "shapley_value_13": 0.009478001594543458, "selection_13": 0, "shapley_value_14": 0.007133746147155761, "selection_14": 0, "shapley_value_15": 0.007852754592895509, "selection_15": 0, "shapley_value_16": 0.008634347915649414, "selection_16": 0, "shapley_value_17": 0.005775890350341797, "selection_17": 0, "shapley_value_18": 0.0050512123107910156, "selection_18": 0, "shapley_value_19": 0.003872947692871095, "selection_19": 0, "shapley_value_20": 0.01882204532623291, "selection_20": 0, "shapley_value_21": 0.005639839172363281, "selection_21": 0, "shapley_value_22": 0.016920242309570305, "selection_22": 0, "shapley_value_23": 0.016298260688781742, "selection_23": 0, "shapley_value_24": 0.02156399726867676, "selection_24": 0, "shapley_value_25": 0.015549764633178711, "selection_25": 0, "shapley_value_26": 0.009859743118286133, "selection_26": 0, "shapley_value_27": -0.0002666900032445004, "selection_27": 0, "shapley_value_28": 0.013101258277893067, "selection_28": 0, "shapley_value_29": 0.027046289443969727, "selection_29": 0, "shapley_value_30": 0.010485544204711914, "selection_30": 0, "shapley_value_31": 0.0061636209487915036, "selection_31": 0, "shapley_value_32": 0.02304984569549561, "selection_32": 0, "shapley_value_33": 0.016343288672597784, "selection_33": 0, "shapley_value_34": 0.02705071926116943, "selection_34": 0, "shapley_value_35": 0.013792061805725097, "selection_35": 0, "shapley_value_36": -0.0009497717807167455, "selection_36": 0, "shapley_value_37": 0.03261275768280028, "selection_37": 0, "shapley_value_38": 0.01961487293243409, "selection_38": 0, "shapley_value_39": 0.018022704124450683, "selection_39": 0, "shapley_value_40": 0.04620854139328003, "selection_40": 0, "shapley_value_41": 0.03090766191482544, "selection_41": 0, "shapley_value_42": 0.031794183254241944, "selection_42": 0, "shapley_value_43": 0.0902533358335495, "selection_43": 0, "shapley_value_44": 0.029542231559753426, "selection_44": 0, "shapley_value_45": 0.0620253300666809, "selection_45": 0, "shapley_value_46": 0.07607880115509032, "selection_46": 0, "shapley_value_47": 0.07471392273902894, "selection_47": 0, "shapley_value_48": 0.040739712715148924, "selection_48": 0, "shapley_value_49": 0.038374447822570795, "selection_49": 0, "shapley_value_50": 0.04841654539108276, "selection_50": 0, "shapley_value_51": 0.10690321683883668, "selection_51": 0, "shapley_value_52": 0.09554808139801026, "selection_52": 0, "shapley_value_53": 0.03697969198226929, "selection_53": 0, "shapley_value_54": 0.04879327058792114, "selection_54": 0, "shapley_value_55": 0.08236847400665283, "selection_55": 0, "shapley_value_56": 0.07240413427352901, "selection_56": 0, "shapley_value_57": 0.08526865959167478, "selection_57": 0, "shapley_value_58": 0.035365474224090566, "selection_58": 0, "shapley_value_59": 0.03622464418411255, "selection_59": 0, "shapley_value_60": 0.10201867103576655, "selection_60": 0, "shapley_value_61": 0.08514606475830078, "selection_61": 0, "shapley_value_62": 0.13695209980010994, "selection_62": 0, "shapley_value_63": 0.14062967002391816, "selection_63": 0, "shapley_value_64": 0.05231872320175169, "selection_64": 0, "shapley_value_65": 0.13540415287017823, "selection_65": 0, "shapley_value_66": 0.1392709222010204, "selection_66": 0, "shapley_value_67": 0.13877315759658815, "selection_67": 0, "shapley_value_68": 0.1058253812789917, "selection_68": 0, "shapley_value_69": 0.12846709996461872, "selection_69": 0, "shapley_value_70": 0.0900852131843567, "selection_70": 0, "shapley_value_71": 0.1376892375946045, "selection_71": 0, "shapley_value_72": 0.21071864253279024, "selection_72": 1, "shapley_value_73": 0.08862309694290162, "selection_73": 0, "shapley_value_74": 0.09150072574615478, "selection_74": 0, "shapley_value_75": 0.2128181424049231, "selection_75": 1, "shapley_value_76": 0.2192519171931752, "selection_76": 1, "shapley_value_77": 0.09109106540679932, "selection_77": 0, "shapley_value_78": 0.11344604969024656, "selection_78": 0, "shapley_value_79": -0.0012755958657515677, "selection_79": 0, "shapley_value_80": 0.1331698179244995, "selection_80": 0, "shapley_value_81": 0.13204416871070865, "selection_81": 0, "shapley_value_82": 0.05387574553489685, "selection_82": 0, "shapley_value_83": 0.13238333761692045, "selection_83": 0, "shapley_value_84": 0.10595195412635801, "selection_84": 0, "shapley_value_85": 0.22356370463967315, "selection_85": 1, "shapley_value_86": 0.2122700030406316, "selection_86": 1, "shapley_value_87": 0.1089644318819046, "selection_87": 0, "shapley_value_88": 0.2148640999164474, "selection_88": 1, "shapley_value_89": 0.13622768187522885, "selection_89": 0, "shapley_value_90": 0.223195596701569, "selection_90": 1, "shapley_value_91": 0.20870953231910513, "selection_91": 1, "shapley_value_92": 0.21889212652694345, "selection_92": 1, "shapley_value_93": 0.08802488207817077, "selection_93": 0, "shapley_value_94": 0.11782670378684994, "selection_94": 0, "shapley_value_95": 0.2063679358361409, "selection_95": 1, "shapley_value_96": 0.12061354279518127, "selection_96": 0, "shapley_value_97": 0.12625003585689948, "selection_97": 0, "shapley_value_98": 0.08717100977897645, "selection_98": 0, "shapley_value_99": 0.11700868248939512, "selection_99": 0, "_timestamp": 1687945079.6649158, "_runtime": 312.42239689826965, "_step": 99, "_wandb": {"runtime": 310}}