{"loss": 1.954541802406311, "accuracy": 0.2906000018119812, "average_active_clients": 10.0, "_timestamp": 1687342912.855364, "_runtime": 161.2607831954956, "_step": 99, "_wandb": {"runtime": 159}}