{"accuracy": 0.8232470154762268, "val_loss": 0.6394571661949158, "test_loss": 0.6389358043670654, "_timestamp": 1687989008.4643302, "_runtime": 87.08898615837097, "_step": 99, "_wandb": {"runtime": 85}}