{"accuracy": 0.14219999313354492, "val_loss": 4.276612281799316, "test_loss": 4.337707996368408, "_timestamp": 1688406435.760952, "_runtime": 145.32411909103394, "_step": 99, "_wandb": {"runtime": 143}}