{"accuracy": 0.49939998984336853, "val_loss": 1.3697673082351685, "test_loss": 1.393735408782959, "_timestamp": 1688032489.8944678, "_runtime": 89.35735082626343, "_step": 99, "_wandb": {"runtime": 87}}