{"accuracy": 0.9393999576568604, "val_loss": 0.2333863079547882, "test_loss": 0.21964821219444275, "shapley_value_0": 0.18670976746082307, "selection_0": 1, "shapley_value_1": 0.1702968824572033, "selection_1": 0, "shapley_value_2": 0.22451239981434556, "selection_2": 1, "shapley_value_3": 0.16736664025232809, "selection_3": 0, "shapley_value_4": 0.1714253466990259, "selection_4": 0, "shapley_value_5": 0.16770738869905474, "selection_5": 0, "shapley_value_6": 0.22952982954003598, "selection_6": 0, "shapley_value_7": 0.22021347019076348, "selection_7": 0, "shapley_value_8": 0.21477597090601921, "selection_8": 0, "shapley_value_9": 0.16867435614093704, "selection_9": 0, "shapley_value_10": 0.2467681735212153, "selection_10": 0, "shapley_value_11": 0.2084233696460724, "selection_11": 0, "shapley_value_12": 0.20874762824177742, "selection_12": 0, "shapley_value_13": 0.21443257185816766, "selection_13": 0, "shapley_value_14": 0.1956396045386791, "selection_14": 0, "shapley_value_15": 0.17073450525601702, "selection_15": 0, "shapley_value_16": 0.28136266837517404, "selection_16": 0, "shapley_value_17": 0.17351375917593637, "selection_17": 0, "shapley_value_18": 0.17967012617148848, "selection_18": 0, "shapley_value_19": 0.23748936325311662, "selection_19": 0, "shapley_value_20": 0.2228273414681403, "selection_20": 0, "shapley_value_21": 0.22337553977966307, "selection_21": 0, "shapley_value_22": 0.21584355860948565, "selection_22": 0, "shapley_value_23": 0.1824309254686038, "selection_23": 0, "shapley_value_24": 0.13056594613939523, "selection_24": 0, "shapley_value_25": 0.2204932790696621, "selection_25": 0, "shapley_value_26": 0.2401250884649856, "selection_26": 0, "shapley_value_27": 0.1826957702636719, "selection_27": 0, "shapley_value_28": 0.22139171248674394, "selection_28": 0, "shapley_value_29": 0.24246666575020007, "selection_29": 0, "shapley_value_30": 0.21227833992242812, "selection_30": 0, "shapley_value_31": 0.25121093248779125, "selection_31": 0, "shapley_value_32": 0.19892881733179094, "selection_32": 0, "shapley_value_33": 0.2740765522420406, "selection_33": 0, "shapley_value_34": 0.21213732135295865, "selection_34": 0, "shapley_value_35": 0.19718746536970141, "selection_35": 0, "shapley_value_36": 0.21365836769028715, "selection_36": 0, "shapley_value_37": 0.17317518148157335, "selection_37": 0, "shapley_value_38": 0.2226112888076089, "selection_38": 0, "shapley_value_39": 0.24545643316073854, "selection_39": 0, "shapley_value_40": 0.20829671356081958, "selection_40": 0, "shapley_value_41": 0.22389406603061415, "selection_41": 0, "shapley_value_42": 0.17807289948066077, "selection_42": 0, "shapley_value_43": 0.23289734165776863, "selection_43": 0, "shapley_value_44": 0.2195192801952362, "selection_44": 0, "shapley_value_45": 0.1682209778494305, "selection_45": 0, "shapley_value_46": 0.18456350368261337, "selection_46": 1, "shapley_value_47": 0.20450390473008154, "selection_47": 0, "shapley_value_48": 0.19851594984531407, "selection_48": 0, "shapley_value_49": 0.2167345542609692, "selection_49": 0, "shapley_value_50": 0.24672941673885693, "selection_50": 0, "shapley_value_51": 0.2187751753345916, "selection_51": 0, "shapley_value_52": 0.1390318671496291, "selection_52": 0, "shapley_value_53": 0.18015539873587458, "selection_53": 1, "shapley_value_54": 0.17792996442980236, "selection_54": 1, "shapley_value_55": 0.17307886160779418, "selection_55": 0, "shapley_value_56": 0.22291564890742302, "selection_56": 0, "shapley_value_57": 0.20455482950806614, "selection_57": 0, "shapley_value_58": 0.2013885444402695, "selection_58": 0, "shapley_value_59": 0.22218135202472863, "selection_59": 0, "shapley_value_60": 0.16984225309557383, "selection_60": 0, "shapley_value_61": 0.2089388360977173, "selection_61": 0, "shapley_value_62": 0.21634388658404355, "selection_62": 0, "shapley_value_63": 0.20987133714556694, "selection_63": 0, "shapley_value_64": 0.15937301297982534, "selection_64": 0, "shapley_value_65": 0.18031149676668712, "selection_65": 0, "shapley_value_66": 0.16082947107609252, "selection_66": 0, "shapley_value_67": 0.18482111546397212, "selection_67": 1, "shapley_value_68": 0.2158692465722561, "selection_68": 0, "shapley_value_69": 0.24651625075836503, "selection_69": 0, "shapley_value_70": 0.2065650224089622, "selection_70": 0, "shapley_value_71": 0.22466710047288377, "selection_71": 0, "shapley_value_72": 0.21917916718125344, "selection_72": 0, "shapley_value_73": 0.2418933137709444, "selection_73": 0, "shapley_value_74": 0.1962573472857475, "selection_74": 1, "shapley_value_75": 0.21115504014492034, "selection_75": 0, "shapley_value_76": 0.19481510175215572, "selection_76": 1, "shapley_value_77": 0.19777048854137722, "selection_77": 0, "shapley_value_78": 0.2037249085228694, "selection_78": 0, "shapley_value_79": 0.1773366095308672, "selection_79": 0, "shapley_value_80": 0.17612109892898134, "selection_80": 0, "shapley_value_81": 0.18415732181734512, "selection_81": 0, "shapley_value_82": 0.24714913040399553, "selection_82": 0, "shapley_value_83": 0.2227231938838959, "selection_83": 0, "shapley_value_84": 0.21384327933192254, "selection_84": 0, "shapley_value_85": 0.2600366312513749, "selection_85": 0, "shapley_value_86": 0.22349575123190876, "selection_86": 0, "shapley_value_87": 0.20473817536234856, "selection_87": 0, "shapley_value_88": 0.18503408706850474, "selection_88": 0, "shapley_value_89": 0.24011962145566945, "selection_89": 0, "shapley_value_90": 0.21497073435783384, "selection_90": 0, "shapley_value_91": 0.2195664632681169, "selection_91": 0, "shapley_value_92": 0.21389016953110698, "selection_92": 0, "shapley_value_93": 0.23259637041525408, "selection_93": 0, "shapley_value_94": 0.1558674253688918, "selection_94": 0, "shapley_value_95": 0.22124877804517745, "selection_95": 0, "shapley_value_96": 0.23247940919616006, "selection_96": 0, "shapley_value_97": 0.2303491270542145, "selection_97": 1, "shapley_value_98": 0.23462345621802594, "selection_98": 1, "shapley_value_99": 0.1709158080485132, "selection_99": 0, "_timestamp": 1687953456.2061, "_runtime": 324.0849380493164, "_step": 99, "_wandb": {"runtime": 322}}