{"accuracy": 0.501800000667572, "val_loss": 1.3775525093078613, "test_loss": 1.3949233293533325, "_timestamp": 1688034106.1218724, "_runtime": 88.23256945610046, "_step": 99, "_wandb": {"runtime": 86}}