{"accuracy": 0.0965999960899353, "val_loss": 4.634305477142334, "test_loss": 4.670650959014893, "shapley_value_0": -0.33779040972391794, "selection_0": 0, "shapley_value_1": 4.304670077998463, "selection_1": 1, "shapley_value_2": 0.5318731864293422, "selection_2": 0, "shapley_value_3": 2.4976055002680027, "selection_3": 1, "shapley_value_4": -3.2326982617378235, "selection_4": 0, "shapley_value_5": 0, "selection_5": 0, "shapley_value_6": -0.31013804674148515, "selection_6": 0, "shapley_value_7": -1.764676570892333, "selection_7": 0, "shapley_value_8": 3.0123607437739994, "selection_8": 0, "shapley_value_9": -1.272307475407918, "selection_9": 0, "shapley_value_10": 1.1025422281689121, "selection_10": 0, "shapley_value_11": -8.19734275341034, "selection_11": 0, "shapley_value_12": 0.45977207907923945, "selection_12": 0, "shapley_value_13": 2.1777947081459894, "selection_13": 0, "shapley_value_14": 0, "selection_14": 0, "shapley_value_15": 0.7974862555662796, "selection_15": 0, "shapley_value_16": 5.522500611486889, "selection_16": 1, "shapley_value_17": 1.5852475365002947, "selection_17": 0, "shapley_value_18": -2.990739146868389, "selection_18": 0, "shapley_value_19": -6.288696527481079, "selection_19": 0, "shapley_value_20": 1.571149831016858, "selection_20": 0, "shapley_value_21": 0, "selection_21": 0, "shapley_value_22": 1.6089597278171113, "selection_22": 0, "shapley_value_23": 0, "selection_23": 0, "shapley_value_24": -9.354207952817282, "selection_24": 0, "shapley_value_25": -1.1109699010849, "selection_25": 0, "shapley_value_26": 0, "selection_26": 0, "shapley_value_27": 2.2635987757467753, "selection_27": 0, "shapley_value_28": 1.7563004771868382, "selection_28": 1, "shapley_value_29": -0.4644719958305359, "selection_29": 0, "shapley_value_30": 0.9392060163693554, "selection_30": 0, "shapley_value_31": 0.6592884163061772, "selection_31": 0, "shapley_value_32": 1.9388516599481755, "selection_32": 0, "shapley_value_33": 2.638738151488265, "selection_33": 0, "shapley_value_34": 1.1828511571272824, "selection_34": 0, "shapley_value_35": -7.711320877075197, "selection_35": 0, "shapley_value_36": 5.141874583519024, "selection_36": 1, "shapley_value_37": -3.134317934513094, "selection_37": 0, "shapley_value_38": -0.9127246936162319, "selection_38": 0, "shapley_value_39": 2.3851138477524128, "selection_39": 0, "shapley_value_40": -4.629269778728487, "selection_40": 0, "shapley_value_41": 0, "selection_41": 0, "shapley_value_42": 0.367762128512064, "selection_42": 0, "shapley_value_43": 0.4447487473487861, "selection_43": 0, "shapley_value_44": 0.8346431652704887, "selection_44": 0, "shapley_value_45": -0.6917778352896384, "selection_45": 0, "shapley_value_46": 1.9313911439643965, "selection_46": 0, "shapley_value_47": 1.833930716998336, "selection_47": 0, "shapley_value_48": 0.8283515572547917, "selection_48": 0, "shapley_value_49": 1.4680448571840923, "selection_49": 0, "_timestamp": 1688390023.253415, "_runtime": 103.84717416763306, "_step": 99, "_wandb": {"runtime": 102}}