{"accuracy": 0.9359999895095825, "val_loss": 0.24028289318084717, "test_loss": 0.22595852613449097, "_timestamp": 1687869395.7470415, "_runtime": 144.77217936515808, "_step": 99, "_wandb": {"runtime": 143}}