{"accuracy": 0.9307999610900879, "val_loss": 0.2517184317111969, "test_loss": 0.23912522196769714, "shapley_value_0": 0.0023180913925170896, "selection_0": 0, "shapley_value_1": 0.004012417793273927, "selection_1": 0, "shapley_value_2": 0.0017057418823242187, "selection_2": 0, "shapley_value_3": 0.0033158254623413086, "selection_3": 0, "shapley_value_4": 0.0016248607635498053, "selection_4": 0, "shapley_value_5": 0.004011139869689941, "selection_5": 0, "shapley_value_6": 0.004474925994873046, "selection_6": 0, "shapley_value_7": -0.0006361509624280428, "selection_7": 0, "shapley_value_8": 0.002487444877624512, "selection_8": 0, "shapley_value_9": 0.003237042427062988, "selection_9": 0, "shapley_value_10": -8.0058449193051e-06, "selection_10": 0, "shapley_value_11": -0.00021378617537649055, "selection_11": 0, "shapley_value_12": 0.09890156924724579, "selection_12": 0, "shapley_value_13": 0.008164353370666505, "selection_13": 0, "shapley_value_14": 0.01403348445892334, "selection_14": 0, "shapley_value_15": 0.01055314540863037, "selection_15": 0, "shapley_value_16": 0.014012007713317872, "selection_16": 0, "shapley_value_17": 0.008293843269348143, "selection_17": 0, "shapley_value_18": 0.0026209354400634766, "selection_18": 0, "shapley_value_19": 0.005079808235168457, "selection_19": 0, "shapley_value_20": 0.018769707679748532, "selection_20": 0, "shapley_value_21": 0.01926139354705811, "selection_21": 0, "shapley_value_22": 0.01152364730834961, "selection_22": 0, "shapley_value_23": 0.021737747192382813, "selection_23": 0, "shapley_value_24": 0.01077672004699707, "selection_24": 0, "shapley_value_25": 0.018261299133300785, "selection_25": 0, "shapley_value_26": -0.000768598757292095, "selection_26": 0, "shapley_value_27": 0.012794380187988279, "selection_27": 0, "shapley_value_28": 0.01054624080657959, "selection_28": 0, "shapley_value_29": 0.018863782882690427, "selection_29": 0, "shapley_value_30": 0.24424079749828734, "selection_30": 1, "shapley_value_31": 0.025677828788757323, "selection_31": 0, "shapley_value_32": 0.004418807029724119, "selection_32": 0, "shapley_value_33": 0.009027271270751952, "selection_33": 0, "shapley_value_34": 0.21400577979547933, "selection_34": 0, "shapley_value_35": 0.23321711352893287, "selection_35": 1, "shapley_value_36": 0.03176278591156005, "selection_36": 0, "shapley_value_37": 0.22099631488893595, "selection_37": 0, "shapley_value_38": 0.024261813163757317, "selection_38": 0, "shapley_value_39": 0.022752833366394033, "selection_39": 0, "shapley_value_40": 0.007667186260223391, "selection_40": 0, "shapley_value_41": 0.030641553401947023, "selection_41": 0, "shapley_value_42": 0.14623957470059396, "selection_42": 0, "shapley_value_43": 0.008170735836029052, "selection_43": 0, "shapley_value_44": 0.03715555667877196, "selection_44": 0, "shapley_value_45": 0.03102247476577759, "selection_45": 0, "shapley_value_46": 0.023848034739494324, "selection_46": 0, "shapley_value_47": 0.03198671817779541, "selection_47": 0, "shapley_value_48": 0.03320945978164673, "selection_48": 0, "shapley_value_49": 0.2163536298274994, "selection_49": 1, "shapley_value_50": 0.2220761900146803, "selection_50": 0, "shapley_value_51": 0.08505689233541489, "selection_51": 0, "shapley_value_52": 0.13997098767757415, "selection_52": 0, "shapley_value_53": 0.07114902406930924, "selection_53": 0, "shapley_value_54": 0.036935071945190426, "selection_54": 0, "shapley_value_55": 0.23318834116061526, "selection_55": 1, "shapley_value_56": 0.22239550333339397, "selection_56": 0, "shapley_value_57": 0.21414571728308998, "selection_57": 0, "shapley_value_58": -0.000580605707670513, "selection_58": 0, "shapley_value_59": 0.22080810189320083, "selection_59": 0, "shapley_value_60": 0.05954053822316623, "selection_60": 0, "shapley_value_61": 0.18847391919656234, "selection_61": 0, "shapley_value_62": 0.13491463497281075, "selection_62": 0, "shapley_value_63": 0.12528400818506877, "selection_63": 0, "shapley_value_64": 0.17949956864118574, "selection_64": 1, "shapley_value_65": 0.22392315613426728, "selection_65": 1, "shapley_value_66": 0.21978299891076433, "selection_66": 0, "shapley_value_67": 0.14450066673755643, "selection_67": 0, "shapley_value_68": 0.17263658739626403, "selection_68": 0, "shapley_value_69": 0.2165532114986247, "selection_69": 0, "shapley_value_70": 0.1774887873977423, "selection_70": 0, "shapley_value_71": 0.08026613504167589, "selection_71": 0, "shapley_value_72": 0.022817654609680174, "selection_72": 0, "shapley_value_73": 0.20795114006996154, "selection_73": 0, "shapley_value_74": 0.19276072025299068, "selection_74": 0, "shapley_value_75": 0.20226801894640808, "selection_75": 0, "shapley_value_76": -0.0017838415346647565, "selection_76": 0, "shapley_value_77": 0.08283779054880146, "selection_77": 0, "shapley_value_78": 0.15385878217220308, "selection_78": 0, "shapley_value_79": 0.24460583492120105, "selection_79": 1, "shapley_value_80": 0.21267791035629457, "selection_80": 1, "shapley_value_81": 0.21641223734075374, "selection_81": 0, "shapley_value_82": 0.20078823651138103, "selection_82": 0, "shapley_value_83": 0.15539348612229026, "selection_83": 0, "shapley_value_84": 0.17693557746708394, "selection_84": 0, "shapley_value_85": 0.17592714004218574, "selection_85": 0, "shapley_value_86": 0.1372728601694107, "selection_86": 0, "shapley_value_87": -0.000995635986328125, "selection_87": 0, "shapley_value_88": 0.15320817947387694, "selection_88": 0, "shapley_value_89": 0.16675894720213752, "selection_89": 0, "shapley_value_90": 0.08988131314516068, "selection_90": 0, "shapley_value_91": 0.21480362240757261, "selection_91": 1, "shapley_value_92": 0.19163789592552596, "selection_92": 0, "shapley_value_93": 0.2440865037366749, "selection_93": 1, "shapley_value_94": 0.18980099664284633, "selection_94": 0, "shapley_value_95": 0.057833474592158686, "selection_95": 0, "shapley_value_96": 0.20326298160986472, "selection_96": 0, "shapley_value_97": 0.19329221922904252, "selection_97": 0, "shapley_value_98": 0.17169476790087562, "selection_98": 0, "shapley_value_99": 0.16700182877480985, "selection_99": 0, "_timestamp": 1687951805.5637393, "_runtime": 315.8960762023926, "_step": 99, "_wandb": {"runtime": 314}}