{"accuracy": 0.09719999879598618, "val_loss": 13.56088924407959, "test_loss": 13.713154792785645, "shapley_value_0": -1.2586600581804908, "selection_0": 0, "shapley_value_1": 10.642595927926557, "selection_1": 1, "shapley_value_2": 0.30287402868270785, "selection_2": 0, "shapley_value_3": -0.27512681484222323, "selection_3": 0, "shapley_value_4": -2.2101170023282375, "selection_4": 0, "shapley_value_5": 1.365193878610929, "selection_5": 0, "shapley_value_6": -4.456837892532349, "selection_6": 0, "shapley_value_7": -2.1450273146231966, "selection_7": 0, "shapley_value_8": -7.224292318026225, "selection_8": 0, "shapley_value_9": -0.7656935950120292, "selection_9": 0, "shapley_value_10": 0.6632167398929596, "selection_10": 0, "shapley_value_11": 0.0077939430872602244, "selection_11": 0, "shapley_value_12": -7.668545991182327, "selection_12": 0, "shapley_value_13": 0.9405124882856999, "selection_13": 0, "shapley_value_14": -4.641662200291954, "selection_14": 0, "shapley_value_15": 0.027745882670084043, "selection_15": 0, "shapley_value_16": 9.880370471138189, "selection_16": 1, "shapley_value_17": -2.6620185077190395, "selection_17": 0, "shapley_value_18": 10.15281275439352, "selection_18": 1, "shapley_value_19": -2.36518132686615, "selection_19": 0, "shapley_value_20": -0.24867247343063284, "selection_20": 0, "shapley_value_21": -0.37588884433110525, "selection_21": 0, "shapley_value_22": -3.491218954324723, "selection_22": 0, "shapley_value_23": 0.16303529342015555, "selection_23": 0, "shapley_value_24": -3.0404086907704677, "selection_24": 0, "shapley_value_25": -0.9647778868675232, "selection_25": 0, "shapley_value_26": -0.22260508934656853, "selection_26": 0, "shapley_value_27": 5.685300619018323, "selection_27": 1, "shapley_value_28": -1.8925848801930745, "selection_28": 0, "shapley_value_29": 1.0162902772426623, "selection_29": 0, "shapley_value_30": -1.0197884341080974, "selection_30": 0, "shapley_value_31": 0.19195932149887085, "selection_31": 0, "shapley_value_32": -0.1966635386149087, "selection_32": 0, "shapley_value_33": -0.021139701207478545, "selection_33": 0, "shapley_value_34": -4.355427304903662, "selection_34": 0, "shapley_value_35": -5.9829188982645665, "selection_35": 0, "shapley_value_36": 2.3273516203842903, "selection_36": 0, "shapley_value_37": 0.3522447148958854, "selection_37": 0, "shapley_value_38": -8.06208902597427, "selection_38": 0, "shapley_value_39": 10.637366612752274, "selection_39": 1, "shapley_value_40": -0.4480319817860918, "selection_40": 0, "shapley_value_41": -2.0764801502227783, "selection_41": 0, "shapley_value_42": -0.043775200843811035, "selection_42": 0, "shapley_value_43": -0.19504930575688562, "selection_43": 0, "shapley_value_44": 2.123523086309433, "selection_44": 0, "shapley_value_45": -2.9722205996513367, "selection_45": 0, "shapley_value_46": -0.5410721235805088, "selection_46": 0, "shapley_value_47": -0.3837693830331166, "selection_47": 0, "shapley_value_48": -1.3951644500096654, "selection_48": 0, "shapley_value_49": -1.1800269285837797, "selection_49": 0, "_timestamp": 1688382854.2243297, "_runtime": 116.58545780181885, "_step": 99, "_wandb": {"runtime": 115}}