{"accuracy": 0.9347999691963196, "val_loss": 0.22714704275131226, "test_loss": 0.21574702858924866, "_timestamp": 1688024776.3151894, "_runtime": 83.20540833473206, "_step": 99, "_wandb": {"runtime": 81}}