{"accuracy": 0.3604748249053955, "val_loss": 2.263850450515747, "test_loss": 2.2615127563476562, "_timestamp": 1687989769.480633, "_runtime": 92.8745710849762, "_step": 99, "_wandb": {"runtime": 91}}