{"accuracy": 0.4765999913215637, "val_loss": 1.4707252979278564, "test_loss": 1.4820958375930786, "shapley_value_0": -0.6657359274950895, "selection_0": 0, "shapley_value_1": -0.22731830676396686, "selection_1": 0, "shapley_value_2": -0.8848877482944064, "selection_2": 0, "shapley_value_3": -0.8689097066720329, "selection_3": 0, "shapley_value_4": -0.9217854589223862, "selection_4": 0, "shapley_value_5": -0.5587942043940226, "selection_5": 0, "shapley_value_6": -0.6552382349967955, "selection_6": 0, "shapley_value_7": -1.085595726966858, "selection_7": 0, "shapley_value_8": -0.940273732850046, "selection_8": 0, "shapley_value_9": -0.6412845651308692, "selection_9": 0, "shapley_value_10": -1.0771470401022167, "selection_10": 0, "shapley_value_11": -0.6808293263117472, "selection_11": 0, "shapley_value_12": -0.5671619072295071, "selection_12": 1, "shapley_value_13": -0.3943985076177687, "selection_13": 0, "shapley_value_14": -0.7488809994288852, "selection_14": 0, "shapley_value_15": -0.9648122588793441, "selection_15": 0, "shapley_value_16": -0.5190224700503882, "selection_16": 0, "shapley_value_17": -1.109432096282641, "selection_17": 0, "shapley_value_18": -1.0435267885526023, "selection_18": 1, "shapley_value_19": -0.5660742074251176, "selection_19": 0, "shapley_value_20": -0.5994987752702501, "selection_20": 0, "shapley_value_21": -0.32484897971153304, "selection_21": 0, "shapley_value_22": -0.415737145476871, "selection_22": 0, "shapley_value_23": -0.6664239962895713, "selection_23": 0, "shapley_value_24": -0.4799844821294148, "selection_24": 1, "shapley_value_25": -0.9084214188835836, "selection_25": 0, "shapley_value_26": -1.297995467980703, "selection_26": 0, "shapley_value_27": -0.33246684736675675, "selection_27": 0, "shapley_value_28": -0.20190812860216437, "selection_28": 1, "shapley_value_29": -1.0342994451522824, "selection_29": 0, "shapley_value_30": -0.2935817078048106, "selection_30": 0, "shapley_value_31": -1.2502358300345282, "selection_31": 0, "shapley_value_32": 0.008773281954336637, "selection_32": 0, "shapley_value_33": -0.7180835116993296, "selection_33": 0, "shapley_value_34": -0.42060829533470995, "selection_34": 0, "shapley_value_35": -0.583384871482849, "selection_35": 0, "shapley_value_36": -0.6070581409666269, "selection_36": 0, "shapley_value_37": -0.31274292866388936, "selection_37": 0, "shapley_value_38": -0.3513157789905865, "selection_38": 0, "shapley_value_39": -1.0341476519902546, "selection_39": 0, "_timestamp": 1687962008.6960938, "_runtime": 87.56329274177551, "_step": 99, "_wandb": {"runtime": 85}}