{"accuracy": 0.9325999617576599, "val_loss": 0.2514858543872833, "test_loss": 0.23500914871692657, "shapley_value_0": -1.8963185846805577, "selection_0": 0, "shapley_value_1": -1.5222243825594581, "selection_1": 0, "shapley_value_2": -2.038329972823461, "selection_2": 0, "shapley_value_3": -1.9237197637557983, "selection_3": 0, "shapley_value_4": -1.9997059018523606, "selection_4": 0, "shapley_value_5": -2.0195487070651277, "selection_5": 0, "shapley_value_6": -1.8997379360776956, "selection_6": 0, "shapley_value_7": -1.8967184166113538, "selection_7": 0, "shapley_value_8": -1.8675968796014786, "selection_8": 0, "shapley_value_9": -1.8864469194050992, "selection_9": 0, "shapley_value_10": -1.790125706460741, "selection_10": 0, "shapley_value_11": -1.7025640770083383, "selection_11": 0, "shapley_value_12": -1.7001178544579127, "selection_12": 0, "shapley_value_13": -1.8352503006656964, "selection_13": 0, "shapley_value_14": -1.899888442953427, "selection_14": 0, "shapley_value_15": -1.8158737484252816, "selection_15": 0, "shapley_value_16": -1.6088776581344149, "selection_16": 0, "shapley_value_17": -1.672410488128662, "selection_17": 0, "shapley_value_18": -2.051123252759377, "selection_18": 1, "shapley_value_19": -1.5651746348098472, "selection_19": 0, "shapley_value_20": -1.8067978980640573, "selection_20": 0, "shapley_value_21": -1.451340099175771, "selection_21": 0, "shapley_value_22": -1.8100307572771, "selection_22": 0, "shapley_value_23": -2.033983995517095, "selection_23": 0, "shapley_value_24": -1.8306783487399416, "selection_24": 0, "shapley_value_25": -1.987100498129924, "selection_25": 0, "shapley_value_26": -2.1381920807891417, "selection_26": 0, "shapley_value_27": -1.9416031241416936, "selection_27": 0, "shapley_value_28": -1.501047669312893, "selection_28": 0, "shapley_value_29": -1.8586681471930613, "selection_29": 1, "shapley_value_30": -1.7189419482435497, "selection_30": 0, "shapley_value_31": -1.8631053141185216, "selection_31": 0, "shapley_value_32": -1.3966475381300998, "selection_32": 1, "shapley_value_33": -1.641145647675903, "selection_33": 0, "shapley_value_34": -1.854677732174213, "selection_34": 1, "shapley_value_35": -1.8001365271352585, "selection_35": 0, "shapley_value_36": -1.9906703685269207, "selection_36": 0, "shapley_value_37": -1.7761945459577777, "selection_37": 0, "shapley_value_38": -1.787804601770459, "selection_38": 0, "shapley_value_39": -2.0890582462151843, "selection_39": 0, "_timestamp": 1687991624.7872171, "_runtime": 83.20777320861816, "_step": 99, "_wandb": {"runtime": 81}}