{"accuracy": 0.13819999992847443, "val_loss": 4.703469753265381, "test_loss": 4.771938323974609, "_timestamp": 1688397011.77763, "_runtime": 96.0992841720581, "_step": 99, "_wandb": {"runtime": 94}}