{"accuracy": 0.9332000017166138, "val_loss": 0.25181347131729126, "test_loss": 0.2350868582725525, "shapley_value_0": 0.0013175106048583984, "selection_0": 0, "shapley_value_1": 0.0035247516632080085, "selection_1": 0, "shapley_value_2": 0.0010966968536376951, "selection_2": 0, "shapley_value_3": 0.004454202651977539, "selection_3": 0, "shapley_value_4": 0.0029014444351196295, "selection_4": 0, "shapley_value_5": 0.002632155418395996, "selection_5": 0, "shapley_value_6": 0.004602632522583008, "selection_6": 0, "shapley_value_7": 0.003187870979309082, "selection_7": 0, "shapley_value_8": 0.002948398590087892, "selection_8": 0, "shapley_value_9": 0.004238281249999999, "selection_9": 0, "shapley_value_10": 0.009168910980224607, "selection_10": 0, "shapley_value_11": 0.011889948844909667, "selection_11": 0, "shapley_value_12": 0.0051346635818481446, "selection_12": 0, "shapley_value_13": 0.0810187268257141, "selection_13": 0, "shapley_value_14": 0.0821150815486908, "selection_14": 0, "shapley_value_15": 0.012011981010437012, "selection_15": 0, "shapley_value_16": 0.005821866989135742, "selection_16": 0, "shapley_value_17": 0.012225303649902344, "selection_17": 0, "shapley_value_18": 0.010381584167480468, "selection_18": 0, "shapley_value_19": 0.0077250146865844695, "selection_19": 0, "shapley_value_20": 0.008068385124206543, "selection_20": 0, "shapley_value_21": 0.013791804313659665, "selection_21": 0, "shapley_value_22": 0.01695085048675536, "selection_22": 0, "shapley_value_23": 0.005630488395690918, "selection_23": 0, "shapley_value_24": 0.13775238528847694, "selection_24": 1, "shapley_value_25": 0.015583443641662593, "selection_25": 0, "shapley_value_26": 0.07225990056991577, "selection_26": 0, "shapley_value_27": 0.01015627384185791, "selection_27": 0, "shapley_value_28": 0.012986998558044433, "selection_28": 0, "shapley_value_29": 0.01610543727874756, "selection_29": 0, "shapley_value_30": 0.034322299957275385, "selection_30": 0, "shapley_value_31": 0.010918402671813964, "selection_31": 0, "shapley_value_32": 0.02324464321136475, "selection_32": 0, "shapley_value_33": 0.028120594024658198, "selection_33": 0, "shapley_value_34": 0.022776236534118654, "selection_34": 0, "shapley_value_35": 0.023367552757263182, "selection_35": 0, "shapley_value_36": 0.027056651115417486, "selection_36": 0, "shapley_value_37": 0.07253915250301361, "selection_37": 0, "shapley_value_38": 0.029050602912902828, "selection_38": 0, "shapley_value_39": 0.0367979907989502, "selection_39": 0, "shapley_value_40": 0.1650238742431005, "selection_40": 0, "shapley_value_41": 0.030873453617095953, "selection_41": 0, "shapley_value_42": 0.008543422222137453, "selection_42": 0, "shapley_value_43": 0.08442183971405029, "selection_43": 0, "shapley_value_44": 0.03712902307510376, "selection_44": 0, "shapley_value_45": 0.08926499366760254, "selection_45": 0, "shapley_value_46": 0.03001035690307617, "selection_46": 0, "shapley_value_47": 0.12341896792775703, "selection_47": 0, "shapley_value_48": 0.1816307110136205, "selection_48": 0, "shapley_value_49": 0.03836888551712036, "selection_49": 0, "shapley_value_50": 0.1140920422474543, "selection_50": 0, "shapley_value_51": 0.1825126890540123, "selection_51": 0, "shapley_value_52": 0.0948832204937935, "selection_52": 0, "shapley_value_53": 0.012812809944152834, "selection_53": 0, "shapley_value_54": 0.21528992502036112, "selection_54": 0, "shapley_value_55": 0.17386751063168052, "selection_55": 0, "shapley_value_56": 0.1565614244937897, "selection_56": 0, "shapley_value_57": 0.013063390254974366, "selection_57": 0, "shapley_value_58": -0.0003392759122346577, "selection_58": 0, "shapley_value_59": 0.17982797288894653, "selection_59": 0, "shapley_value_60": 0.20216228779993559, "selection_60": 0, "shapley_value_61": 0.1669978487491608, "selection_61": 0, "shapley_value_62": 0.2357062152753005, "selection_62": 1, "shapley_value_63": 0.14112154856324194, "selection_63": 0, "shapley_value_64": 0.20700293449064092, "selection_64": 0, "shapley_value_65": 0.014808242948431714, "selection_65": 0, "shapley_value_66": 0.20511076859335786, "selection_66": 0, "shapley_value_67": 0.22938452637925436, "selection_67": 1, "shapley_value_68": 0.22194413990685427, "selection_68": 1, "shapley_value_69": 0.09902744154135386, "selection_69": 0, "shapley_value_70": 0.24661434686651412, "selection_70": 1, "shapley_value_71": 0.14001399495771952, "selection_71": 0, "shapley_value_72": 0.24078923111160602, "selection_72": 1, "shapley_value_73": 0.18892053642443246, "selection_73": 0, "shapley_value_74": 0.21979024988683785, "selection_74": 0, "shapley_value_75": 0.2131274078786373, "selection_75": 1, "shapley_value_76": 0.0819831183552742, "selection_76": 0, "shapley_value_77": 0.18788918673992158, "selection_77": 0, "shapley_value_78": 0.15638264914353686, "selection_78": 0, "shapley_value_79": 0.2192147509008646, "selection_79": 1, "shapley_value_80": 0.1467965635061264, "selection_80": 0, "shapley_value_81": 0.21947869966427483, "selection_81": 0, "shapley_value_82": 0.07902235478162764, "selection_82": 0, "shapley_value_83": 0.21847160178422925, "selection_83": 0, "shapley_value_84": 0.2556645247818511, "selection_84": 1, "shapley_value_85": 0.09081029325723647, "selection_85": 0, "shapley_value_86": 0.22343548405814817, "selection_86": 1, "shapley_value_87": 0.220149473693906, "selection_87": 0, "shapley_value_88": 0.20787766441054964, "selection_88": 0, "shapley_value_89": 0.21502996731580462, "selection_89": 0, "shapley_value_90": 0.18498563766479492, "selection_90": 0, "shapley_value_91": 0.1525982462627846, "selection_91": 0, "shapley_value_92": 0.17315186732345159, "selection_92": 0, "shapley_value_93": 0.12544589956601462, "selection_93": 0, "shapley_value_94": 0.19220000817225527, "selection_94": 0, "shapley_value_95": 0.18419142278757963, "selection_95": 0, "shapley_value_96": 0.21203231807549797, "selection_96": 0, "shapley_value_97": 0.09434310913085939, "selection_97": 0, "shapley_value_98": 0.0003930282592773437, "selection_98": 0, "shapley_value_99": 0.18076421993970873, "selection_99": 0, "_timestamp": 1687953125.3289871, "_runtime": 321.5041332244873, "_step": 99, "_wandb": {"runtime": 319}}