{"accuracy": 0.12119999527931213, "val_loss": 3.075532913208008, "test_loss": 3.1119940280914307, "shapley_value_0": 1.2807710528373721, "selection_0": 0, "shapley_value_1": 1.5424303233623502, "selection_1": 0, "shapley_value_2": 2.291661874453227, "selection_2": 0, "shapley_value_3": 2.145157462358475, "selection_3": 0, "shapley_value_4": 0.10073573589324969, "selection_4": 0, "shapley_value_5": 4.322259671760329, "selection_5": 0, "shapley_value_6": -0.4175636549790703, "selection_6": 1, "shapley_value_7": 4.262525628913533, "selection_7": 0, "shapley_value_8": 1.0843562285105388, "selection_8": 0, "shapley_value_9": -0.08236285845438625, "selection_9": 0, "shapley_value_10": -0.016236637036005575, "selection_10": 0, "shapley_value_11": 0.563667223850886, "selection_11": 0, "shapley_value_12": -0.6085011760393777, "selection_12": 0, "shapley_value_13": -0.30206908583641034, "selection_13": 1, "shapley_value_14": 0.2710230330626173, "selection_14": 0, "shapley_value_15": 1.3748568654060365, "selection_15": 0, "shapley_value_16": 3.033409863710403, "selection_16": 0, "shapley_value_17": 1.0869714538256328, "selection_17": 0, "shapley_value_18": 1.1813638587792712, "selection_18": 0, "shapley_value_19": -0.07373797098795584, "selection_19": 0, "shapley_value_20": 1.5817553659280141, "selection_20": 0, "shapley_value_21": 2.3579492231210075, "selection_21": 0, "shapley_value_22": 0.8962389608224235, "selection_22": 0, "shapley_value_23": -0.2770156780878702, "selection_23": 1, "shapley_value_24": -2.541039967978443, "selection_24": 0, "shapley_value_25": -0.5960928930176631, "selection_25": 0, "shapley_value_26": -1.2008842803813795, "selection_26": 0, "shapley_value_27": 0.6969986716906232, "selection_27": 0, "shapley_value_28": 3.236007983034307, "selection_28": 1, "shapley_value_29": -0.21865132451057484, "selection_29": 0, "shapley_value_30": 1.9553374111652375, "selection_30": 0, "shapley_value_31": 2.0617500146230063, "selection_31": 0, "shapley_value_32": 1.4441758056481682, "selection_32": 0, "shapley_value_33": 2.155925027529399, "selection_33": 0, "shapley_value_34": 1.0914168636004127, "selection_34": 0, "shapley_value_35": 0.3578369140625002, "selection_35": 0, "shapley_value_36": 4.8104430491274055, "selection_36": 0, "shapley_value_37": 2.9684182206789655, "selection_37": 0, "shapley_value_38": 1.1074161370595292, "selection_38": 0, "shapley_value_39": 0.7686242282390595, "selection_39": 0, "shapley_value_40": 0.12049312591552748, "selection_40": 0, "shapley_value_41": 0.5901906530062354, "selection_41": 0, "shapley_value_42": 1.2683835446834568, "selection_42": 0, "shapley_value_43": 0.7019923349221546, "selection_43": 0, "shapley_value_44": 4.65577700282588, "selection_44": 0, "shapley_value_45": -2.9850351368939445, "selection_45": 0, "shapley_value_46": 0.666575837135315, "selection_46": 0, "shapley_value_47": 0.9995378633340202, "selection_47": 0, "shapley_value_48": -0.00650067130724592, "selection_48": 1, "shapley_value_49": 1.1608978490034743, "selection_49": 0, "_timestamp": 1688384359.5391905, "_runtime": 113.65745544433594, "_step": 99, "_wandb": {"runtime": 112}}