{"accuracy": 0.10239999741315842, "val_loss": 3.5659828186035156, "test_loss": 3.5786116123199463, "_timestamp": 1688400534.244377, "_runtime": 95.44385886192322, "_step": 99, "_wandb": {"runtime": 93}}