{"accuracy": 0.824213981628418, "val_loss": 0.5228756666183472, "test_loss": 0.5194975733757019, "shapley_value_0": -1.2690531492233277, "selection_0": 0, "shapley_value_1": -1.4878476535280547, "selection_1": 0, "shapley_value_2": -1.3853598510225613, "selection_2": 1, "shapley_value_3": -1.0382212930255466, "selection_3": 0, "shapley_value_4": -1.4070775965849558, "selection_4": 0, "shapley_value_5": -1.1499883714649415, "selection_5": 0, "shapley_value_6": -1.1609998102541326, "selection_6": 0, "shapley_value_7": -1.4252697825431824, "selection_7": 0, "shapley_value_8": -1.3725488821665446, "selection_8": 0, "shapley_value_9": -1.2798363904158272, "selection_9": 0, "shapley_value_10": -1.407517085472743, "selection_10": 0, "shapley_value_11": -1.340724418560664, "selection_11": 0, "shapley_value_12": -1.0734478875442788, "selection_12": 0, "shapley_value_13": -1.1988980129913045, "selection_13": 0, "shapley_value_14": -1.227992879019843, "selection_14": 0, "shapley_value_15": -1.5599958057756778, "selection_15": 0, "shapley_value_16": -1.3705024090078144, "selection_16": 0, "shapley_value_17": -1.3757283141215644, "selection_17": 0, "shapley_value_18": -1.4181891372709563, "selection_18": 1, "shapley_value_19": -1.4538643995920821, "selection_19": 0, "shapley_value_20": -1.2983391086260478, "selection_20": 0, "shapley_value_21": -1.6581445191845747, "selection_21": 0, "shapley_value_22": -1.3443483423303677, "selection_22": 0, "shapley_value_23": -1.0893849046142012, "selection_23": 0, "shapley_value_24": -1.573837982283698, "selection_24": 1, "shapley_value_25": -1.5273192743460338, "selection_25": 0, "shapley_value_26": -1.4385686318079631, "selection_26": 0, "shapley_value_27": -1.2443647690308401, "selection_27": 0, "shapley_value_28": -1.0067241953478918, "selection_28": 0, "shapley_value_29": -1.3777633011341095, "selection_29": 0, "shapley_value_30": -1.710048401355743, "selection_30": 0, "shapley_value_31": -1.528458890815576, "selection_31": 0, "shapley_value_32": -0.8793454295710516, "selection_32": 1, "shapley_value_33": -1.2502824068069462, "selection_33": 0, "shapley_value_34": -1.376825918753942, "selection_34": 0, "shapley_value_35": -1.5925628294547398, "selection_35": 0, "shapley_value_36": -0.9457646095961856, "selection_36": 0, "shapley_value_37": -1.4211846242348354, "selection_37": 0, "shapley_value_38": -1.1529354410512107, "selection_38": 0, "shapley_value_39": -1.2423693786064782, "selection_39": 0, "_timestamp": 1687985383.4310637, "_runtime": 82.12929773330688, "_step": 99, "_wandb": {"runtime": 80}}