{"accuracy": 0.10239999741315842, "val_loss": 4.7923264503479, "test_loss": 4.823286533355713, "shapley_value_0": 0, "selection_0": 0, "shapley_value_1": 2.5340320487817136, "selection_1": 0, "shapley_value_2": 1.803085122505824, "selection_2": 0, "shapley_value_3": 5.29607730696344, "selection_3": 1, "shapley_value_4": -0.00996599594751979, "selection_4": 0, "shapley_value_5": 0.5981910069783524, "selection_5": 0, "shapley_value_6": -3.6808482805887857, "selection_6": 0, "shapley_value_7": -5.272638638814289, "selection_7": 0, "shapley_value_8": 5.478649074381047, "selection_8": 1, "shapley_value_9": 0, "selection_9": 0, "shapley_value_10": -0.6723008155822751, "selection_10": 0, "shapley_value_11": -1.335426410039266, "selection_11": 0, "shapley_value_12": -1.9485036134719849, "selection_12": 0, "shapley_value_13": -3.847413380940756, "selection_13": 0, "shapley_value_14": 2.4186835289001474, "selection_14": 0, "shapley_value_15": 0.39875125273680045, "selection_15": 0, "shapley_value_16": 1.5605272352695465, "selection_16": 0, "shapley_value_17": 0, "selection_17": 0, "shapley_value_18": 0.9178591370582585, "selection_18": 0, "shapley_value_19": -8.355488459269207, "selection_19": 0, "shapley_value_20": 1.4474098357287315, "selection_20": 0, "shapley_value_21": -0.7498164574305228, "selection_21": 0, "shapley_value_22": 0, "selection_22": 0, "shapley_value_23": -2.33788808186849, "selection_23": 0, "shapley_value_24": 0, "selection_24": 0, "shapley_value_25": -5.726000308990477, "selection_25": 0, "shapley_value_26": -5.784098227818809, "selection_26": 0, "shapley_value_27": 3.9065253734588623, "selection_27": 0, "shapley_value_28": -3.406133492787678, "selection_28": 0, "shapley_value_29": 0, "selection_29": 0, "shapley_value_30": 1.736652910709382, "selection_30": 0, "shapley_value_31": 2.268032670021057, "selection_31": 0, "shapley_value_32": 1.2237528761227927, "selection_32": 0, "shapley_value_33": 5.4619729306016644, "selection_33": 1, "shapley_value_34": 0, "selection_34": 0, "shapley_value_35": 0, "selection_35": 0, "shapley_value_36": 2.044788726667563, "selection_36": 1, "shapley_value_37": 2.0873092280493837, "selection_37": 0, "shapley_value_38": 0, "selection_38": 0, "shapley_value_39": -0.5405892307559652, "selection_39": 0, "shapley_value_40": -4.297666847705839, "selection_40": 0, "shapley_value_41": -0.9001088738441473, "selection_41": 0, "shapley_value_42": 5.3305786175112555, "selection_42": 0, "shapley_value_43": -2.202072640260061, "selection_43": 0, "shapley_value_44": 2.663913895518094, "selection_44": 0, "shapley_value_45": 0, "selection_45": 0, "shapley_value_46": 5.255870899787314, "selection_46": 1, "shapley_value_47": 0, "selection_47": 0, "shapley_value_48": 0, "selection_48": 0, "shapley_value_49": 1.4645622670650482, "selection_49": 0, "_timestamp": 1688395301.0913296, "_runtime": 110.98727059364319, "_step": 99, "_wandb": {"runtime": 109}}