{"accuracy": 0.7852380275726318, "val_loss": 0.5202117562294006, "test_loss": 0.5203492045402527, "shapley_value_0": 0.06695369233376361, "selection_0": 0, "shapley_value_1": -0.09554352559982769, "selection_1": 0, "shapley_value_2": 0.19884783849253312, "selection_2": 0, "shapley_value_3": 0.21465407416152957, "selection_3": 0, "shapley_value_4": 0.3019049144365396, "selection_4": 1, "shapley_value_5": 0.3051276510685372, "selection_5": 0, "shapley_value_6": 0.3206198904788635, "selection_6": 0, "shapley_value_7": 0.33783612627150894, "selection_7": 0, "shapley_value_8": 0.37773292136451214, "selection_8": 0, "shapley_value_9": 0.3619373412353543, "selection_9": 0, "shapley_value_10": 0.355521936273256, "selection_10": 0, "shapley_value_11": 0.43697595032036096, "selection_11": 0, "shapley_value_12": 0.6171185236600157, "selection_12": 0, "shapley_value_13": 0.4909409863237127, "selection_13": 1, "shapley_value_14": 0.41244610137511895, "selection_14": 0, "shapley_value_15": 0.4039298210827069, "selection_15": 0, "shapley_value_16": 0.4732552203856144, "selection_16": 0, "shapley_value_17": 0.49830923886158246, "selection_17": 0, "shapley_value_18": 0.5741643581419028, "selection_18": 0, "shapley_value_19": 0.5211073302424839, "selection_19": 0, "_timestamp": 1687858572.8991878, "_runtime": 78.69005274772644, "_step": 99, "_wandb": {"runtime": 77}}