{"accuracy": 0.8191124200820923, "val_loss": 0.5344510674476624, "test_loss": 0.5349833369255066, "_timestamp": 1687970072.4148152, "_runtime": 76.66620421409607, "_step": 99, "_wandb": {"runtime": 75}}