{"accuracy": 0.10019999742507935, "val_loss": 5.697112560272217, "test_loss": 5.753593921661377, "shapley_value_0": -0.35738344987233495, "selection_0": 0, "shapley_value_1": 0, "selection_1": 0, "shapley_value_2": 3.1670497308174768, "selection_2": 0, "shapley_value_3": 3.104410907317848, "selection_3": 1, "shapley_value_4": -0.0729120307498512, "selection_4": 0, "shapley_value_5": 3.6776243106524147, "selection_5": 0, "shapley_value_6": -6.922048409779865, "selection_6": 0, "shapley_value_7": 3.197691609462102, "selection_7": 0, "shapley_value_8": 3.4647651562074424, "selection_8": 1, "shapley_value_9": -4.462886055310568, "selection_9": 0, "shapley_value_10": -0.9053072333335876, "selection_10": 0, "shapley_value_11": -0.35786916812261005, "selection_11": 0, "shapley_value_12": 0, "selection_12": 0, "shapley_value_13": 5.228183190027873, "selection_13": 0, "shapley_value_14": 1.483263266583284, "selection_14": 0, "shapley_value_15": 0, "selection_15": 0, "shapley_value_16": 0.8918472263548128, "selection_16": 0, "shapley_value_17": 2.464768855958371, "selection_17": 1, "shapley_value_18": 0.05451818307240863, "selection_18": 0, "shapley_value_19": 0, "selection_19": 0, "shapley_value_20": 1.9954740771076138, "selection_20": 0, "shapley_value_21": 3.672374285948583, "selection_21": 0, "shapley_value_22": 1.7713133229149716, "selection_22": 0, "shapley_value_23": -0.581411719322201, "selection_23": 0, "shapley_value_24": -7.188191572825114, "selection_24": 0, "shapley_value_25": 0, "selection_25": 0, "shapley_value_26": -7.135185917218529, "selection_26": 0, "shapley_value_27": -2.1540395518143973, "selection_27": 0, "shapley_value_28": -3.531669020652771, "selection_28": 0, "shapley_value_29": -2.0522371729214983, "selection_29": 0, "shapley_value_30": 0, "selection_30": 0, "shapley_value_31": 0, "selection_31": 0, "shapley_value_32": 2.396628509333105, "selection_32": 0, "shapley_value_33": 0, "selection_33": 0, "shapley_value_34": -0.07741844654083252, "selection_34": 0, "shapley_value_35": 0.7494791825612388, "selection_35": 0, "shapley_value_36": 4.304098711521536, "selection_36": 0, "shapley_value_37": -0.5820789734522509, "selection_37": 0, "shapley_value_38": -1.0594596862792969, "selection_38": 0, "shapley_value_39": 2.549793501694998, "selection_39": 0, "shapley_value_40": 1.4215787688891097, "selection_40": 0, "shapley_value_41": 1.1903473536173508, "selection_41": 0, "shapley_value_42": 2.9265460020966, "selection_42": 0, "shapley_value_43": 3.365502142166908, "selection_43": 0, "shapley_value_44": 0, "selection_44": 0, "shapley_value_45": 0.502921473979949, "selection_45": 0, "shapley_value_46": 6.280997299485736, "selection_46": 1, "shapley_value_47": 0, "selection_47": 0, "shapley_value_48": 0, "selection_48": 0, "shapley_value_49": 2.5513673435758673, "selection_49": 1, "_timestamp": 1688389343.5614932, "_runtime": 106.73089027404785, "_step": 99, "_wandb": {"runtime": 105}}