{"accuracy": 0.921999990940094, "val_loss": 0.3027779757976532, "test_loss": 0.2813712954521179, "shapley_value_0": 0.0010323303937911986, "selection_0": 0, "shapley_value_1": 0.001749749183654785, "selection_1": 0, "shapley_value_2": -8.39107914974815e-05, "selection_2": 0, "shapley_value_3": 0.0018357038497924805, "selection_3": 0, "shapley_value_4": 0.0008130979537963865, "selection_4": 0, "shapley_value_5": 0.000578923225402832, "selection_5": 0, "shapley_value_6": 0.0015485048294067382, "selection_6": 0, "shapley_value_7": 0.00036085128784179687, "selection_7": 0, "shapley_value_8": 0.0008972835540771483, "selection_8": 0, "shapley_value_9": 0.00046846389770507826, "selection_9": 0, "shapley_value_10": 0.005886311531066895, "selection_10": 0, "shapley_value_11": 0.0024521255493164073, "selection_11": 0, "shapley_value_12": 0.005874347686767578, "selection_12": 0, "shapley_value_13": 0.05935934662818908, "selection_13": 0, "shapley_value_14": 0.003260645866394043, "selection_14": 0, "shapley_value_15": 0.0029735565185546875, "selection_15": 0, "shapley_value_16": 0.0013500499725341798, "selection_16": 0, "shapley_value_17": 0.004603552818298337, "selection_17": 0, "shapley_value_18": 0.006055407524108887, "selection_18": 0, "shapley_value_19": 0.0035324001312255857, "selection_19": 0, "shapley_value_20": -2.9206275939941406e-06, "selection_20": 0, "shapley_value_21": 0.008113636970520019, "selection_21": 0, "shapley_value_22": 0.014788699150085452, "selection_22": 0, "shapley_value_23": 0.006292643547058107, "selection_23": 0, "shapley_value_24": 0.004805459976196289, "selection_24": 0, "shapley_value_25": 0.003194723129272461, "selection_25": 0, "shapley_value_26": -0.00014967667429070724, "selection_26": 0, "shapley_value_27": 0.0744393104314804, "selection_27": 0, "shapley_value_28": 0.010404143333435058, "selection_28": 0, "shapley_value_29": 0.00870981216430664, "selection_29": 0, "shapley_value_30": 0.010812029838562016, "selection_30": 0, "shapley_value_31": 0.011823954582214356, "selection_31": 0, "shapley_value_32": 0.013620514869689938, "selection_32": 0, "shapley_value_33": 0.018755755424499514, "selection_33": 0, "shapley_value_34": 0.018093576431274416, "selection_34": 0, "shapley_value_35": 0.05645533382892609, "selection_35": 0, "shapley_value_36": 0.022529654502868653, "selection_36": 0, "shapley_value_37": 0.011463117599487305, "selection_37": 0, "shapley_value_38": 0.018994383811950687, "selection_38": 0, "shapley_value_39": 0.02722456932067871, "selection_39": 0, "shapley_value_40": 0.03284751892089845, "selection_40": 0, "shapley_value_41": 0.04139898777008057, "selection_41": 0, "shapley_value_42": 0.027809925079345703, "selection_42": 0, "shapley_value_43": 0.03322403907775879, "selection_43": 0, "shapley_value_44": 0.017994461059570314, "selection_44": 0, "shapley_value_45": 0.034103021621704095, "selection_45": 0, "shapley_value_46": 0.041210112571716306, "selection_46": 0, "shapley_value_47": 0.04352059841156006, "selection_47": 0, "shapley_value_48": 0.023632936477661123, "selection_48": 0, "shapley_value_49": 0.02872060775756836, "selection_49": 0, "shapley_value_50": 0.05272366046905517, "selection_50": 0, "shapley_value_51": 0.11052569210529328, "selection_51": 0, "shapley_value_52": 0.11209202826023101, "selection_52": 0, "shapley_value_53": 0.007882437705993652, "selection_53": 0, "shapley_value_54": 0.046384725570678714, "selection_54": 0, "shapley_value_55": 0.039024684429168705, "selection_55": 0, "shapley_value_56": -7.382192109760486e-05, "selection_56": 0, "shapley_value_57": 0.03180586814880371, "selection_57": 0, "shapley_value_58": 0.05421693563461303, "selection_58": 0, "shapley_value_59": 0.06256398200988772, "selection_59": 0, "shapley_value_60": 0.08187340259552002, "selection_60": 0, "shapley_value_61": 0.04736736536026001, "selection_61": 0, "shapley_value_62": 0.09537381649017332, "selection_62": 0, "shapley_value_63": 0.19518449696216325, "selection_63": 1, "shapley_value_64": 0.08254755973815918, "selection_64": 0, "shapley_value_65": 0.0850254034996033, "selection_65": 0, "shapley_value_66": 0.09609219074249266, "selection_66": 0, "shapley_value_67": 0.08394590616226198, "selection_67": 0, "shapley_value_68": 0.08611610651016235, "selection_68": 0, "shapley_value_69": 0.03757734537124634, "selection_69": 0, "shapley_value_70": 0.08826148271560669, "selection_70": 0, "shapley_value_71": 0.10253938674926757, "selection_71": 0, "shapley_value_72": 0.21780976152420037, "selection_72": 1, "shapley_value_73": 0.10169838428497315, "selection_73": 0, "shapley_value_74": 0.06976109981536864, "selection_74": 0, "shapley_value_75": 0.10204037904739381, "selection_75": 0, "shapley_value_76": 0.08256441712379456, "selection_76": 0, "shapley_value_77": 0.11768613815307619, "selection_77": 0, "shapley_value_78": 0.10311051607131956, "selection_78": 0, "shapley_value_79": 0.10148216485977174, "selection_79": 0, "shapley_value_80": 0.08853842258453369, "selection_80": 0, "shapley_value_81": 0.2175624049041006, "selection_81": 1, "shapley_value_82": 0.10755874872207642, "selection_82": 0, "shapley_value_83": 0.20175040024693253, "selection_83": 1, "shapley_value_84": 0.09082374572753907, "selection_84": 0, "shapley_value_85": 0.11745002150535583, "selection_85": 0, "shapley_value_86": 0.1131471872329712, "selection_86": 0, "shapley_value_87": 0.11409077835083006, "selection_87": 0, "shapley_value_88": 0.21509713309340997, "selection_88": 1, "shapley_value_89": 0.11145499229431145, "selection_89": 0, "shapley_value_90": 0.05264056324958803, "selection_90": 0, "shapley_value_91": 0.22271126536222594, "selection_91": 1, "shapley_value_92": 0.20743772107166247, "selection_92": 1, "shapley_value_93": -0.0017833396008140163, "selection_93": 0, "shapley_value_94": 0.20767668669091324, "selection_94": 1, "shapley_value_95": 0.20583071586158547, "selection_95": 1, "shapley_value_96": 0.11259551703929901, "selection_96": 0, "shapley_value_97": 0.07889994621276857, "selection_97": 0, "shapley_value_98": 0.22705415468537402, "selection_98": 1, "shapley_value_99": 0.0774909269809723, "selection_99": 0, "_timestamp": 1687902158.2846599, "_runtime": 313.2480878829956, "_step": 99, "_wandb": {"runtime": 311}}