{"accuracy": 0.9368000030517578, "val_loss": 0.2308901846408844, "test_loss": 0.21763965487480164, "_timestamp": 1688023776.098428, "_runtime": 90.07200598716736, "_step": 99, "_wandb": {"runtime": 88}}