{"accuracy": 0.9296000003814697, "val_loss": 0.2633124589920044, "test_loss": 0.24541276693344116, "shapley_value_0": -1.9548954097997573, "selection_0": 1, "shapley_value_1": -1.587790216008822, "selection_1": 0, "shapley_value_2": -1.8419837206602097, "selection_2": 0, "shapley_value_3": -1.9291248184939223, "selection_3": 0, "shapley_value_4": -1.9211336933076382, "selection_4": 0, "shapley_value_5": -1.82681675752004, "selection_5": 0, "shapley_value_6": -2.0213826431168447, "selection_6": 0, "shapley_value_7": -1.9883431539391025, "selection_7": 0, "shapley_value_8": -1.839066221316655, "selection_8": 0, "shapley_value_9": -1.714100352591938, "selection_9": 1, "shapley_value_10": -1.8069722001199366, "selection_10": 0, "shapley_value_11": -1.998969586509647, "selection_11": 0, "shapley_value_12": -1.8998475851434649, "selection_12": 0, "shapley_value_13": -1.9409852710862951, "selection_13": 0, "shapley_value_14": -1.8609738184346092, "selection_14": 0, "shapley_value_15": -1.7752360370424054, "selection_15": 0, "shapley_value_16": -1.7312659186621508, "selection_16": 0, "shapley_value_17": -1.8863822991649308, "selection_17": 0, "shapley_value_18": -1.847094191445245, "selection_18": 0, "shapley_value_19": -1.8873386184374494, "selection_19": 0, "shapley_value_20": -1.6225693086783093, "selection_20": 0, "shapley_value_21": -1.71621379951636, "selection_21": 0, "shapley_value_22": -1.742872254206584, "selection_22": 0, "shapley_value_23": -1.6712141946340218, "selection_23": 0, "shapley_value_24": -1.5744398655714813, "selection_24": 0, "shapley_value_25": -1.9518860412968526, "selection_25": 0, "shapley_value_26": -2.046700206067827, "selection_26": 0, "shapley_value_27": -1.7276458845784262, "selection_27": 0, "shapley_value_28": -1.6707829535007477, "selection_28": 0, "shapley_value_29": -2.0074667036533356, "selection_29": 0, "shapley_value_30": -1.5125548794414057, "selection_30": 0, "shapley_value_31": -1.9649191846450165, "selection_31": 0, "shapley_value_32": -1.434058835109075, "selection_32": 0, "shapley_value_33": -1.3616993760778793, "selection_33": 0, "shapley_value_34": -1.8181984788841667, "selection_34": 1, "shapley_value_35": -1.8770753314097721, "selection_35": 0, "shapley_value_36": -1.9169230913674389, "selection_36": 0, "shapley_value_37": -1.7731695820887883, "selection_37": 0, "shapley_value_38": -1.6496815830469131, "selection_38": 0, "shapley_value_39": -1.9876364916563034, "selection_39": 1, "_timestamp": 1687992488.2087638, "_runtime": 78.33394289016724, "_step": 99, "_wandb": {"runtime": 76}}