{"loss": 0.2729862630367279, "accuracy": 0.9215999841690063, "average_active_clients": 6.0, "_timestamp": 1686744347.8228977, "_runtime": 48.72810959815979, "_step": 399, "_wandb": {"runtime": 46}}