{"accuracy": 0.19039998948574066, "val_loss": 2.4473941326141357, "test_loss": 2.4959309101104736, "_timestamp": 1688402979.3316224, "_runtime": 99.68251347541809, "_step": 99, "_wandb": {"runtime": 98}}