{"accuracy": 0.35019999742507935, "val_loss": 2.2113592624664307, "test_loss": 2.221266269683838, "shapley_value_0": -0.48114026917351627, "selection_0": 0, "shapley_value_1": -0.3848805335305984, "selection_1": 1, "shapley_value_2": -1.231074372927348, "selection_2": 0, "shapley_value_3": -0.8176373839378357, "selection_3": 0, "shapley_value_4": -0.5517072015338472, "selection_4": 0, "shapley_value_5": -0.6952712535858154, "selection_5": 0, "shapley_value_6": -0.7861827711264295, "selection_6": 0, "shapley_value_7": -0.9399859640333389, "selection_7": 0, "shapley_value_8": -0.8171574009789362, "selection_8": 0, "shapley_value_9": -0.7964338362216951, "selection_9": 0, "shapley_value_10": -0.7482562263806662, "selection_10": 0, "shapley_value_11": -0.8163526852925623, "selection_11": 0, "shapley_value_12": -0.49657775958379113, "selection_12": 0, "shapley_value_13": -0.5231095243383336, "selection_13": 0, "shapley_value_14": -0.5066754288143578, "selection_14": 0, "shapley_value_15": -0.882619142532348, "selection_15": 0, "shapley_value_16": -0.5998748540878295, "selection_16": 0, "shapley_value_17": -1.1494085391362512, "selection_17": 0, "shapley_value_18": -0.6552957495053611, "selection_18": 0, "shapley_value_19": -0.5145117971632218, "selection_19": 0, "shapley_value_20": -0.5158126155535379, "selection_20": 0, "shapley_value_21": -0.27201478736205675, "selection_21": 1, "shapley_value_22": -0.4278982281684872, "selection_22": 0, "shapley_value_23": -0.5000661810239156, "selection_23": 0, "shapley_value_24": -0.48711429536342626, "selection_24": 0, "shapley_value_25": -0.6815824906031283, "selection_25": 0, "shapley_value_26": -0.6639907360076909, "selection_26": 0, "shapley_value_27": -0.4930652181307476, "selection_27": 0, "shapley_value_28": -0.3126246408982713, "selection_28": 1, "shapley_value_29": -0.6465974648793544, "selection_29": 0, "shapley_value_30": -0.4279602848250291, "selection_30": 0, "shapley_value_31": -0.739774783452352, "selection_31": 0, "shapley_value_32": 0.26597563425699877, "selection_32": 1, "shapley_value_33": -0.5239812453587848, "selection_33": 0, "shapley_value_34": -0.713785350322724, "selection_34": 0, "shapley_value_35": -0.5677938063939416, "selection_35": 0, "shapley_value_36": -0.8117077218161688, "selection_36": 0, "shapley_value_37": -0.5283273590935597, "selection_37": 0, "shapley_value_38": -0.48439381236121776, "selection_38": 0, "shapley_value_39": -1.1218708952267962, "selection_39": 0, "_timestamp": 1687960286.5695643, "_runtime": 88.82130336761475, "_step": 99, "_wandb": {"runtime": 87}}