{"loss": 2.3132131099700928, "accuracy": 0.03319999948143959, "average_active_clients": 2.0, "_timestamp": 1686664231.2400248, "_runtime": 1.6468048095703125, "_step": 0, "_wandb": {"runtime": 43}}