{"accuracy": 0.09719999879598618, "val_loss": 11.872956275939941, "test_loss": 11.996561050415039, "shapley_value_0": -1.6830220421155293, "selection_0": 0, "shapley_value_1": 11.128153229753174, "selection_1": 1, "shapley_value_2": 0.3028740088144932, "selection_2": 0, "shapley_value_3": -0.2751258412996922, "selection_3": 0, "shapley_value_4": -2.210117419560751, "selection_4": 0, "shapley_value_5": -1.2138202190399174, "selection_5": 0, "shapley_value_6": -4.456838806470238, "selection_6": 0, "shapley_value_7": -2.7666681309541072, "selection_7": 0, "shapley_value_8": 0.8401763041814156, "selection_8": 0, "shapley_value_9": -0.7654949724674234, "selection_9": 0, "shapley_value_10": -0.5559138556321459, "selection_10": 0, "shapley_value_11": 0.0076646308104200145, "selection_11": 0, "shapley_value_12": -8.133456508318583, "selection_12": 0, "shapley_value_13": 0.9404221971829734, "selection_13": 0, "shapley_value_14": -4.6416619817415885, "selection_14": 0, "shapley_value_15": 0.027729431788126035, "selection_15": 0, "shapley_value_16": 10.003301858009028, "selection_16": 1, "shapley_value_17": -4.319616238276164, "selection_17": 0, "shapley_value_18": 10.448135628235923, "selection_18": 1, "shapley_value_19": -2.3651109536488857, "selection_19": 0, "shapley_value_20": -0.7045761545499168, "selection_20": 0, "shapley_value_21": -0.3756887912750244, "selection_21": 0, "shapley_value_22": -2.887395868698755, "selection_22": 0, "shapley_value_23": 0.16258486111958792, "selection_23": 0, "shapley_value_24": -3.0404230157534293, "selection_24": 0, "shapley_value_25": -0.9646803140640259, "selection_25": 0, "shapley_value_26": -0.22225975990295455, "selection_26": 0, "shapley_value_27": 0.7382257779439287, "selection_27": 0, "shapley_value_28": -2.2041077117125196, "selection_28": 0, "shapley_value_29": 1.0163062810897832, "selection_29": 0, "shapley_value_30": -0.2643451293309538, "selection_30": 0, "shapley_value_31": 0.19209919373194317, "selection_31": 0, "shapley_value_32": -0.15412623683611626, "selection_32": 0, "shapley_value_33": -0.02175631125767996, "selection_33": 0, "shapley_value_34": 0.8225850065549221, "selection_34": 0, "shapley_value_35": -5.98291305700938, "selection_35": 0, "shapley_value_36": 1.1204856219391035, "selection_36": 1, "shapley_value_37": 0.35236469904581824, "selection_37": 0, "shapley_value_38": -8.563259224096932, "selection_38": 0, "shapley_value_39": 11.128728624415283, "selection_39": 1, "shapley_value_40": -0.44825228055318256, "selection_40": 0, "shapley_value_41": -2.076368649800618, "selection_41": 0, "shapley_value_42": -0.04333080848058124, "selection_42": 0, "shapley_value_43": -0.19512993097305298, "selection_43": 0, "shapley_value_44": 1.0827320583661397, "selection_44": 0, "shapley_value_45": -2.972036302089691, "selection_45": 0, "shapley_value_46": -1.1854168971379597, "selection_46": 0, "shapley_value_47": -0.03306586543719092, "selection_47": 0, "shapley_value_48": -1.395011941591899, "selection_48": 0, "shapley_value_49": -1.3554056386152908, "selection_49": 0, "_timestamp": 1688379561.8518195, "_runtime": 110.08606743812561, "_step": 99, "_wandb": {"runtime": 108}}