{"accuracy": 0.8215131759643555, "val_loss": 0.5367948412895203, "test_loss": 0.5413419008255005, "_timestamp": 1687974375.1427832, "_runtime": 77.71110725402832, "_step": 99, "_wandb": {"runtime": 76}}