{"accuracy": 0.09779999405145645, "val_loss": 6.053621292114258, "test_loss": 6.068481922149658, "shapley_value_0": -1.7311792095502212, "selection_0": 0, "shapley_value_1": 5.531287339912063, "selection_1": 0, "shapley_value_2": 1.1965923142014891, "selection_2": 1, "shapley_value_3": 2.6277227161659127, "selection_3": 0, "shapley_value_4": -3.8655889133612322, "selection_4": 0, "shapley_value_5": -3.1182769636313123, "selection_5": 0, "shapley_value_6": 0.47724802295366864, "selection_6": 0, "shapley_value_7": -1.76467623313268, "selection_7": 0, "shapley_value_8": 4.128150400188233, "selection_8": 0, "shapley_value_9": 0.1757983300420971, "selection_9": 0, "shapley_value_10": -1.1857058604558297, "selection_10": 0, "shapley_value_11": 1.7558240453402199, "selection_11": 0, "shapley_value_12": -4.299884895483652, "selection_12": 0, "shapley_value_13": 0.20620464285214624, "selection_13": 0, "shapley_value_14": -8.553848654031755, "selection_14": 0, "shapley_value_15": 2.5718680918216705, "selection_15": 0, "shapley_value_16": 5.82311706336928, "selection_16": 1, "shapley_value_17": 2.380195717016856, "selection_17": 0, "shapley_value_18": 4.277512927850087, "selection_18": 0, "shapley_value_19": -4.094872050815158, "selection_19": 0, "shapley_value_20": -1.1891294876734406, "selection_20": 0, "shapley_value_21": 0.6274983623088942, "selection_21": 0, "shapley_value_22": -0.3731670975685111, "selection_22": 0, "shapley_value_23": -6.1081393294864235, "selection_23": 0, "shapley_value_24": 0, "selection_24": 0, "shapley_value_25": 0, "selection_25": 0, "shapley_value_26": -6.40377789735794, "selection_26": 0, "shapley_value_27": 3.463749898804559, "selection_27": 0, "shapley_value_28": 1.612930417060852, "selection_28": 0, "shapley_value_29": -2.3630010763804115, "selection_29": 1, "shapley_value_30": 3.0949611465136218, "selection_30": 0, "shapley_value_31": -1.7016980250676474, "selection_31": 0, "shapley_value_32": 4.626422484715779, "selection_32": 0, "shapley_value_33": 5.5207912557654915, "selection_33": 0, "shapley_value_34": -2.4525624314943943, "selection_34": 0, "shapley_value_35": -3.824367443720499, "selection_35": 0, "shapley_value_36": 1.0050079506986282, "selection_36": 0, "shapley_value_37": 2.990263616045316, "selection_37": 0, "shapley_value_38": 1.8803629027472608, "selection_38": 0, "shapley_value_39": 4.6811163611963496, "selection_39": 1, "shapley_value_40": -1.5567242039574516, "selection_40": 0, "shapley_value_41": -0.44925253258811004, "selection_41": 0, "shapley_value_42": 3.9178457051515587, "selection_42": 0, "shapley_value_43": 0.7825870050324326, "selection_43": 0, "shapley_value_44": 4.020274107789135, "selection_44": 1, "shapley_value_45": -3.302182137966156, "selection_45": 0, "shapley_value_46": 2.6322809599694748, "selection_46": 0, "shapley_value_47": -3.7567965984344487, "selection_47": 0, "shapley_value_48": 0, "selection_48": 0, "shapley_value_49": 0.26857821146647076, "selection_49": 0, "_timestamp": 1688395883.0291843, "_runtime": 112.65737342834473, "_step": 99, "_wandb": {"runtime": 111}}