{"accuracy": 0.10260000079870224, "val_loss": 3.564814567565918, "test_loss": 3.5774378776550293, "_timestamp": 1688400236.8221202, "_runtime": 98.67862010002136, "_step": 99, "_wandb": {"runtime": 97}}