{"accuracy": 0.09699999541044235, "val_loss": 4.865274429321289, "test_loss": 4.9265875816345215, "shapley_value_0": 2.031480873242403, "selection_0": 0, "shapley_value_1": 0, "selection_1": 0, "shapley_value_2": 0.9943660378456114, "selection_2": 0, "shapley_value_3": 3.666910401483377, "selection_3": 0, "shapley_value_4": -8.463403125603993, "selection_4": 0, "shapley_value_5": -0.5316871007283535, "selection_5": 0, "shapley_value_6": -1.575104236602784, "selection_6": 0, "shapley_value_7": 3.916791876157125, "selection_7": 0, "shapley_value_8": 3.923851611500696, "selection_8": 1, "shapley_value_9": -4.734275976816811, "selection_9": 0, "shapley_value_10": -5.925909678141277, "selection_10": 0, "shapley_value_11": 2.7334166997008853, "selection_11": 0, "shapley_value_12": 1.379897276560464, "selection_12": 0, "shapley_value_13": 2.0140229860941563, "selection_13": 0, "shapley_value_14": -2.0970933238665275, "selection_14": 0, "shapley_value_15": -0.15427313248316477, "selection_15": 0, "shapley_value_16": 0, "selection_16": 0, "shapley_value_17": 0, "selection_17": 0, "shapley_value_18": 1.339520716004901, "selection_18": 0, "shapley_value_19": -4.6046101450920105, "selection_19": 0, "shapley_value_20": 1.317897606779028, "selection_20": 0, "shapley_value_21": 2.848373250527817, "selection_21": 0, "shapley_value_22": 1.88370422522227, "selection_22": 0, "shapley_value_23": -3.215002179145813, "selection_23": 0, "shapley_value_24": -6.820028424262999, "selection_24": 0, "shapley_value_25": 0, "selection_25": 0, "shapley_value_26": -10.89527495702108, "selection_26": 0, "shapley_value_27": 0.9871825416882828, "selection_27": 0, "shapley_value_28": 1.9592348687789016, "selection_28": 0, "shapley_value_29": 1.6078487237294525, "selection_29": 0, "shapley_value_30": 1.0759578545888262, "selection_30": 0, "shapley_value_31": 1.9028518067465887, "selection_31": 0, "shapley_value_32": 0, "selection_32": 0, "shapley_value_33": 3.6312201840755276, "selection_33": 1, "shapley_value_34": -0.3789790868759155, "selection_34": 0, "shapley_value_35": 0, "selection_35": 0, "shapley_value_36": 4.662623392652583, "selection_36": 1, "shapley_value_37": -4.577991922696432, "selection_37": 0, "shapley_value_38": -0.27530229091644287, "selection_38": 0, "shapley_value_39": 0, "selection_39": 0, "shapley_value_40": 0, "selection_40": 0, "shapley_value_41": 3.130204425917731, "selection_41": 0, "shapley_value_42": 0, "selection_42": 0, "shapley_value_43": 2.5175944412908247, "selection_43": 1, "shapley_value_44": 3.6289956404807713, "selection_44": 1, "shapley_value_45": -5.430351614952087, "selection_45": 0, "shapley_value_46": 3.1535379493993423, "selection_46": 0, "shapley_value_47": 0.5774265196588305, "selection_47": 0, "shapley_value_48": -3.3622785409291573, "selection_48": 0, "shapley_value_49": 1.983922027993477, "selection_49": 0, "_timestamp": 1688392363.1469955, "_runtime": 105.97160053253174, "_step": 99, "_wandb": {"runtime": 104}}