{"accuracy": 0.12879998981952667, "val_loss": 2.9918458461761475, "test_loss": 3.0249099731445312, "_timestamp": 1688398349.993663, "_runtime": 98.11676001548767, "_step": 99, "_wandb": {"runtime": 96}}