{"accuracy": 0.1151999980211258, "val_loss": 3.1357078552246094, "test_loss": 3.1666507720947266, "_timestamp": 1688409603.7254856, "_runtime": 143.77187967300415, "_step": 99, "_wandb": {"runtime": 142}}