{"loss": 0.34487205743789673, "accuracy": 0.9035999774932861, "average_active_clients": 10.0, "_timestamp": 1686667472.7058141, "_runtime": 34.93309712409973, "_step": 399, "_wandb": {"runtime": 33}}