{"accuracy": 0.09439999610185623, "val_loss": 2.376513719558716, "test_loss": 2.3900487422943115, "_timestamp": 1688027758.331652, "_runtime": 137.71478295326233, "_step": 99, "_wandb": {"runtime": 136}}