{"accuracy": 0.09719999879598618, "val_loss": 3.5670371055603027, "test_loss": 3.6197526454925537, "_timestamp": 1688397825.9442194, "_runtime": 95.65050029754639, "_step": 99, "_wandb": {"runtime": 94}}