{"accuracy": 0.09719999879598618, "val_loss": 7.363747596740723, "test_loss": 7.4289751052856445, "shapley_value_0": 3.980429118587858, "selection_0": 1, "shapley_value_1": 2.7850811930112953, "selection_1": 1, "shapley_value_2": -0.2997897764046984, "selection_2": 0, "shapley_value_3": -0.7753534416357675, "selection_3": 0, "shapley_value_4": -1.5582248866558075, "selection_4": 0, "shapley_value_5": 1.6226769718858927, "selection_5": 0, "shapley_value_6": -2.6623361825942995, "selection_6": 0, "shapley_value_7": 2.8765218257904053, "selection_7": 0, "shapley_value_8": 8.763246178627014, "selection_8": 0, "shapley_value_9": 0.6526125091494941, "selection_9": 0, "shapley_value_10": -3.051855822404226, "selection_10": 0, "shapley_value_11": 1.3872334758440654, "selection_11": 0, "shapley_value_12": -1.6939841707547494, "selection_12": 0, "shapley_value_13": -3.6051681240399667, "selection_13": 0, "shapley_value_14": 0.6304417053858438, "selection_14": 0, "shapley_value_15": 3.073453726867835, "selection_15": 0, "shapley_value_16": 4.864898809880921, "selection_16": 1, "shapley_value_17": 2.0892265420111396, "selection_17": 0, "shapley_value_18": 3.785271777047051, "selection_18": 0, "shapley_value_19": -5.479657769203187, "selection_19": 0, "shapley_value_20": 1.7339988085958697, "selection_20": 0, "shapley_value_21": 2.551802749435107, "selection_21": 0, "shapley_value_22": 2.8014120459556566, "selection_22": 0, "shapley_value_23": -3.2360334396362296, "selection_23": 0, "shapley_value_24": -11.564016282558441, "selection_24": 0, "shapley_value_25": -0.46759581565857067, "selection_25": 0, "shapley_value_26": -4.711620503001742, "selection_26": 0, "shapley_value_27": 2.0948463628689447, "selection_27": 0, "shapley_value_28": -1.9992025693257656, "selection_28": 0, "shapley_value_29": -8.034715374310812, "selection_29": 0, "shapley_value_30": 2.2158198555310573, "selection_30": 0, "shapley_value_31": -0.16807985305786133, "selection_31": 0, "shapley_value_32": 4.642275616053551, "selection_32": 1, "shapley_value_33": 1.124625118005843, "selection_33": 0, "shapley_value_34": 0.9537855296423942, "selection_34": 0, "shapley_value_35": -4.017992228269577, "selection_35": 0, "shapley_value_36": 1.8204537630081177, "selection_36": 0, "shapley_value_37": -2.981435709529452, "selection_37": 0, "shapley_value_38": 4.402782330910366, "selection_38": 0, "shapley_value_39": 2.580208818117778, "selection_39": 1, "shapley_value_40": 0, "selection_40": 0, "shapley_value_41": 5.168780585130056, "selection_41": 0, "shapley_value_42": 0.2100793669621157, "selection_42": 0, "shapley_value_43": 6.090012406309446, "selection_43": 0, "shapley_value_44": 0.5992438925637148, "selection_44": 0, "shapley_value_45": -3.498683386378817, "selection_45": 0, "shapley_value_46": 2.2237019737561554, "selection_46": 0, "shapley_value_47": -0.07569552319390382, "selection_47": 0, "shapley_value_48": -4.947160224119824, "selection_48": 0, "shapley_value_49": -0.4483277400334664, "selection_49": 0, "_timestamp": 1688395997.7640784, "_runtime": 108.9919593334198, "_step": 99, "_wandb": {"runtime": 107}}