{"loss": 0.6654812693595886, "accuracy": 0.8267999887466431, "average_active_clients": 2.0, "_timestamp": 1686664287.6745021, "_runtime": 8.26237416267395, "_step": 399, "_wandb": {"runtime": 6}}