{"accuracy": 0.10260000079870224, "val_loss": 3.564598798751831, "test_loss": 3.57722544670105, "_timestamp": 1688400332.7292585, "_runtime": 90.60210847854614, "_step": 99, "_wandb": {"runtime": 89}}