{"accuracy": 0.501800000667572, "val_loss": 1.3739796876907349, "test_loss": 1.3846020698547363, "_timestamp": 1688034874.0134225, "_runtime": 148.68496942520142, "_step": 99, "_wandb": {"runtime": 147}}